Z,E,f0,alpha
40.0,0.0,2.4,0.2587053006398329
40.0,0.0,2.425,0.252137793963036
40.0,0.0,2.45,0.24557312093278275
40.0,0.0,2.475,0.23900160273714952
40.0,0.0,2.5,0.23241329374414443
40.0,0.0,2.525,0.22579852128512473
40.0,0.0,2.55,0.21914674242229248
40.0,0.0,2.575,0.2124431029637425
40.0,0.0,2.6,0.20567592576048904
40.0,0.0,2.625,0.19883268262219755
40.0,0.0,2.65,0.19189907222634917
40.0,0.0,2.675,0.18485950673211127
40.0,0.0,2.7,0.17769699521140173
40.0,0.0,2.725,0.17039298253897256
40.0,0.0,2.75,0.16292707615495874
40.0,0.0,2.775,0.1552767116846128
40.0,0.0,2.8,0.1474167937553214
40.0,0.0,2.825,0.13931925552916627
40.0,0.0,2.85,0.13095252494972093
40.0,0.0,2.875,0.12228087570560635
40.0,0.0,2.9,0.11326363242181103
40.0,0.0,2.925,0.10385419013026605
40.0,0.0,2.95,0.0939987954281402
40.0,0.0,2.975,0.08363501945212738
40.0,0.0,3.0,0.07268982891473587
40.0,0.0,3.025,0.06107712805161335
40.0,0.0,3.05,0.04869459702534826
40.0,0.0,3.075,0.03541958442244047
40.0,0.0,3.1,0.02110371261291241
40.0,0.0,3.125,0.0055657087106940045
40.0,0.0,3.15,-0.01141824502590332
40.0,0.0,3.175,-0.030127680552233263
40.0,0.0,3.2,-0.05091608651548221
40.0,0.0,3.225,-0.07423658188849529
40.0,0.0,3.25,-0.10067865200075986
40.0,0.0,3.275,-0.13102160245765643
40.0,0.0,3.3,-0.1663135748583267
40.0,0.0,3.325,-0.20798977091804208
40.0,0.0,3.35,-0.25804972121515724
40.0,0.0,3.375,-0.3193165756391228
40.0,0.0,3.4,-0.3957766277082581
40.0,0.0,3.425,-0.4928234653714132
40.0,0.0,3.45,-0.6163150092252656
40.0,0.0,3.475,-0.7646664501824806
40.0,0.0,3.5,-0.8849545377695749
40.0,0.0,3.525,-0.6949853914448307
40.0,0.0,3.55,0.2886390214107949
40.0,0.0,3.575,1.1439035470067445
40.0,0.0,3.6,1.2331855144447939
40.0,0.0,3.625,1.0896594982627044
40.0,0.0,3.65,0.9386420033789346
40.0,0.0,3.675,0.8163099509020704
40.0,0.0,3.7,0.7207216653139651
40.0,0.0,3.725,0.6453661309681681
40.0,0.0,3.75,0.5847985422491051
40.0,0.0,3.775,0.535093050340812
40.0,0.0,3.8,0.49349256012298837
40.0,5.0,2.4,0.22888071012157504
40.0,5.0,2.425,0.2219294381743436
40.0,5.0,2.45,0.2149463153240045
40.0,5.0,2.475,0.207919353277045
40.0,5.0,2.5,0.2008359424933468
40.0,5.0,2.525,0.19368320676610756
40.0,5.0,2.55,0.1864475479746988
40.0,5.0,2.575,0.1791114374743436
40.0,5.0,2.6,0.17165843691623722
40.0,5.0,2.625,0.16407106840978164
40.0,5.0,2.65,0.1563297175190839
40.0,5.0,2.675,0.14841276195263284
40.0,5.0,2.7,0.14029631559149094
40.0,5.0,2.725,0.13195389882125902
40.0,5.0,2.75,0.12335600512704421
40.0,5.0,2.775,0.11446954464243102
40.0,5.0,2.8,0.1052572049359129
40.0,5.0,2.825,0.09567666697350304
40.0,5.0,2.85,0.08567964057041633
40.0,5.0,2.875,0.07521067080081588
40.0,5.0,2.9,0.06420564929067721
40.0,5.0,2.925,0.05258994172620173
40.0,5.0,2.95,0.04027601167366612
40.0,5.0,2.975,0.027160376849957434
40.0,5.0,3.0,0.013119671313066962
40.0,5.0,3.025,-0.0019945035192948228
40.0,5.0,3.05,-0.01836238885127845
40.0,5.0,3.075,-0.03620518678517706
40.0,5.0,3.1,-0.05579743248367009
40.0,5.0,3.125,-0.07748402342358836
40.0,5.0,3.15,-0.10170402158200686
40.0,5.0,3.175,-0.12902446919223243
40.0,5.0,3.2,-0.16018925138334167
40.0,5.0,3.225,-0.1961908995824105
40.0,5.0,3.25,-0.23837770927167853
40.0,5.0,3.275,-0.2886150716862616
40.0,5.0,3.3,-0.3495271377444388
40.0,5.0,3.325,-0.42484175692324705
40.0,5.0,3.35,-0.5197900905118202
40.0,5.0,3.375,-0.6410869788109466
40.0,5.0,3.4,-0.7937915486964572
40.0,5.0,3.425,-0.960765482546067
40.0,5.0,3.45,-0.9976904345236144
40.0,5.0,3.475,-0.36998304236655266
40.0,5.0,3.5,0.8957055655720895
40.0,5.0,3.525,1.3567190878913047
40.0,5.0,3.55,1.2609283462567555
40.0,5.0,3.575,1.0823940175238247
40.0,5.0,3.6,0.9286405615524127
40.0,5.0,3.625,0.8081939888659342
40.0,5.0,3.65,0.7141612583096212
40.0,5.0,3.675,0.6394719155898786
40.0,5.0,3.7,0.5788660541999096
40.0,5.0,3.725,0.528650550469708
40.0,5.0,3.75,0.4862385010825276
40.0,5.0,3.775,0.4497920919099836
40.0,5.0,3.8,0.4179804963670062
40.0,10.0,2.4,0.19745455770497145
40.0,10.0,2.425,0.18992854955807753
40.0,10.0,2.45,0.182322194233291
40.0,10.0,2.475,0.17461970622267703
40.0,10.0,2.5,0.166804169395565
40.0,10.0,2.525,0.15885775624699391
40.0,10.0,2.55,0.15076174580771098
40.0,10.0,2.575,0.14249306214402319
40.0,10.0,2.6,0.13402796852382426
40.0,10.0,2.625,0.12534108265439153
40.0,10.0,2.65,0.11640393294689956
40.0,10.0,2.675,0.10718475816635897
40.0,10.0,2.7,0.09764801261351201
40.0,10.0,2.725,0.08775373194778491
40.0,10.0,2.75,0.07745674877535795
40.0,10.0,2.775,0.0667056786886539
40.0,10.0,2.8,0.05544169568757678
40.0,10.0,2.825,0.04359698567871166
40.0,10.0,2.85,0.031092929075149756
40.0,10.0,2.875,0.017837538265408813
40.0,10.0,2.9,0.003722345595404
40.0,10.0,2.925,-0.011381523867152691
40.0,10.0,2.95,-0.02762867345706675
40.0,10.0,2.975,-0.04520637458407751
40.0,10.0,3.0,-0.0643438494774084
40.0,10.0,3.025,-0.08532484016281296
40.0,10.0,3.05,-0.10850486293181767
40.0,10.0,3.075,-0.1343352508583078
40.0,10.0,3.1,-0.16339719390023463
40.0,10.0,3.125,-0.19645075075021626
40.0,10.0,3.15,-0.2345066356875563
40.0,10.0,3.175,-0.2789330789173953
40.0,10.0,3.2,-0.3316168818704464
40.0,10.0,3.225,-0.3952065770535228
40.0,10.0,3.25,-0.47346945319340195
40.0,10.0,3.275,-0.5717536194745506
40.0,10.0,3.3,-0.6972633165142903
40.0,10.0,3.325,-0.8573290338922747
40.0,10.0,3.35,-1.0458148900126452
40.0,10.0,3.375,-1.1677923259454512
40.0,10.0,3.4,-0.7667916495756927
40.0,10.0,3.425,0.5995113520996711
40.0,10.0,3.45,1.4207876298361846
40.0,10.0,3.475,1.4107638853516995
40.0,10.0,3.5,1.2189362799779273
40.0,10.0,3.525,1.0401410744275457
40.0,10.0,3.55,0.8985455842636415
40.0,10.0,3.575,0.7883173023582698
40.0,10.0,3.6,0.7012944078000222
40.0,10.0,3.625,0.6311359876130811
40.0,10.0,3.65,0.5733524520703296
40.0,10.0,3.675,0.524801160142556
40.0,10.0,3.7,0.4832570439589443
40.0,10.0,3.725,0.4471173000663243
40.0,10.0,3.75,0.4151984521814039
40.0,10.0,3.775,0.38661065322128507
40.0,10.0,3.8,0.36067222563698054
40.0,15.0,2.4,0.16337046085616838
40.0,15.0,2.425,0.15499960944181973
40.0,15.0,2.45,0.14647764079652534
40.0,15.0,2.475,0.13778265270425147
40.0,15.0,2.5,0.12889117025227892
40.0,15.0,2.525,0.11977705628289319
40.0,15.0,2.55,0.11041321120998372
40.0,15.0,2.575,0.10076713508658652
40.0,15.0,2.6,0.09080367810973591
40.0,15.0,2.625,0.08048468919783393
40.0,15.0,2.65,0.06976711727135401
40.0,15.0,2.675,0.05860232714608256
40.0,15.0,2.7,0.0469350957570975
40.0,15.0,2.725,0.03470230416741618
40.0,15.0,2.75,0.021831293967795047
40.0,15.0,2.775,0.00823773020916154
40.0,15.0,2.8,-0.006177108971848869
40.0,15.0,2.825,-0.021529823507847694
40.0,15.0,2.85,-0.03795942669593933
40.0,15.0,2.875,-0.055633286127196625
40.0,15.0,2.9,-0.07475497950977278
40.0,15.0,2.925,-0.09557479305269119
40.0,15.0,2.95,-0.11840391979425402
40.0,15.0,2.975,-0.14363392208769227
40.0,15.0,3.0,-0.1717638148693094
40.0,15.0,3.025,-0.20343838504572745
40.0,15.0,3.05,-0.239503389375601
40.0,15.0,3.075,-0.28108656738001236
40.0,15.0,3.1,-0.32971875062655226
40.0,15.0,3.125,-0.3875177818720923
40.0,15.0,3.15,-0.4574699217705928
40.0,15.0,3.175,-0.5438538200247309
40.0,15.0,3.2,-0.6528255567121383
40.0,15.0,3.225,-0.7929302969124269
40.0,15.0,3.25,-0.9738305024259668
40.0,15.0,3.275,-1.1933633149036942
40.0,15.0,3.3,-1.3602008112874109
40.0,15.0,3.325,-0.9825394542173885
40.0,15.0,3.35,0.5507125458775095
40.0,15.0,3.375,1.5497092781552064
40.0,15.0,3.4,1.559453541379708
40.0,15.0,3.425,1.347005598088212
40.0,15.0,3.45,1.147097158404686
40.0,15.0,3.475,0.9889355374693821
40.0,15.0,3.5,0.8660601304531917
40.0,15.0,3.525,0.7692285325559084
40.0,15.0,3.55,0.6912715693171912
40.0,15.0,3.575,0.6271274191562363
40.0,15.0,3.6,0.5732621722928316
40.0,15.0,3.625,0.5271790062625324
40.0,15.0,3.65,0.4870796546972223
40.0,15.0,3.675,0.4516412271992029
40.0,15.0,3.7,0.41986947695418236
40.0,15.0,3.725,0.3910011592673665
40.0,15.0,3.75,0.36443791307765044
40.0,15.0,3.775,0.3397006595464894
40.0,15.0,3.8,0.3163975136430498
40.0,20.0,2.4,0.12520866739713354
40.0,20.0,2.425,0.11560039294058604
40.0,20.0,2.45,0.10573653967765075
40.0,20.0,2.475,0.09558593359753842
40.0,20.0,2.5,0.08511442033853615
40.0,20.0,2.525,0.07428465163885127
40.0,20.0,2.55,0.06305622321017396
40.0,20.0,2.575,0.05138183054245094
40.0,20.0,2.6,0.039208677605126585
40.0,20.0,2.625,0.02647779291443975
40.0,20.0,2.65,0.013121270104309798
40.0,20.0,2.675,-0.0009397561838776515
40.0,20.0,2.7,-0.015797780482518876
40.0,20.0,2.725,-0.031562462773408836
40.0,20.0,2.75,-0.04836516009083372
40.0,20.0,2.775,-0.06636479546253399
40.0,20.0,2.8,-0.08575547817463662
40.0,20.0,2.825,-0.10677645703232923
40.0,20.0,2.85,-0.12972527728527586
40.0,20.0,2.875,-0.1549754368194041
40.0,20.0,2.9,-0.18300050911990004
40.0,20.0,2.925,-0.21440774268465917
40.0,20.0,2.95,-0.24998557220278061
40.0,20.0,2.975,-0.2907728534344901
40.0,20.0,3.0,-0.3381685215817326
40.0,20.0,3.025,-0.39408157680212214
40.0,20.0,3.05,-0.46117980788380847
40.0,20.0,3.075,-0.5432781982876717
40.0,20.0,3.1,-0.6459436750072348
40.0,20.0,3.125,-0.7773856082076545
40.0,20.0,3.15,-0.9493944536151323
40.0,20.0,3.175,-1.176006279503665
40.0,20.0,3.2,-1.4546908945371189
40.0,20.0,3.225,-1.6403304524144207
40.0,20.0,3.25,-0.9520207986147954
40.0,20.0,3.275,1.034222880477647
40.0,20.0,3.3,1.8440634076289955
40.0,20.0,3.325,1.7114947038434425
40.0,20.0,3.35,1.4513578715974995
40.0,20.0,3.375,1.2320164192335388
40.0,20.0,3.4,1.0630095524876122
40.0,20.0,3.425,0.9326073435045733
40.0,20.0,3.45,0.8299104071485127
40.0,20.0,3.475,0.747104306513844
40.0,20.0,3.5,0.6788162881368829
40.0,20.0,3.525,0.6213335129199355
40.0,20.0,3.55,0.5720421223650506
40.0,20.0,3.575,0.5290604356925684
40.0,20.0,3.6,0.4910025478127758
40.0,20.0,3.625,0.4568245164202413
40.0,20.0,3.65,0.4257224581003205
40.0,20.0,3.675,0.3970635776608747
40.0,20.0,3.7,0.37033840836642573
40.0,20.0,3.725,0.3451269328144964
40.0,20.0,3.75,0.32107392198013535
40.0,20.0,3.775,0.29787047621105156
40.0,20.0,3.8,0.27523981310679363
40.0,25.0,2.4,0.08102445809742467
40.0,25.0,2.425,0.06962313837482434
40.0,25.0,2.45,0.05781852914502219
40.0,25.0,2.475,0.04556671645138153
40.0,25.0,2.5,0.0328184878439061
40.0,25.0,2.525,0.019517849573474747
40.0,25.0,2.55,0.00560076153434946
40.0,25.0,2.575,-0.009008363569562708
40.0,25.0,2.6,-0.024400365497243823
40.0,25.0,2.625,-0.0406842301594564
40.0,25.0,2.65,-0.05799267565827204
40.0,25.0,2.675,-0.07648851793864812
40.0,25.0,2.7,-0.0963723642996848
40.0,25.0,2.725,-0.11789237384240685
40.0,25.0,2.75,-0.14135637132935996
40.0,25.0,2.775,-0.16714957267488356
40.0,25.0,2.8,-0.19575818779897156
40.0,25.0,2.825,-0.22779651441918725
40.0,25.0,2.85,-0.2640553675943992
40.0,25.0,2.875,-0.30556835229734586
40.0,25.0,2.9,-0.3537107607921117
40.0,25.0,2.925,-0.4103514878013245
40.0,25.0,2.95,-0.47809115764061183
40.0,25.0,2.975,-0.560644209780048
40.0,25.0,3.0,-0.6634642038834881
40.0,25.0,3.025,-0.794771431594239
40.0,25.0,3.05,-0.9671571582122078
40.0,25.0,3.075,-1.1993934952606424
40.0,25.0,3.1,-1.5133412133995447
40.0,25.0,3.125,-1.8858897817201488
40.0,25.0,3.15,-1.8977359251409487
40.0,25.0,3.175,-0.012972867977455506
40.0,25.0,3.2,2.004808816656079
40.0,25.0,3.225,2.109912467690882
40.0,25.0,3.25,1.78404477374184
40.0,25.0,3.275,1.489914592072205
40.0,25.0,3.3,1.2670638915244745
40.0,25.0,3.325,1.0993214662010735
40.0,25.0,3.35,0.9701659793147581
40.0,25.0,3.375,0.8680184943445147
40.0,25.0,3.4,0.785163249904834
40.0,25.0,3.425,0.7164190244514115
40.0,25.0,3.45,0.6582275179665987
40.0,25.0,3.475,0.608081282227603
40.0,25.0,3.5,0.5641676483044313
40.0,25.0,3.525,0.5251437770937104
40.0,25.0,3.55,0.48999160752024495
40.0,25.0,3.575,0.4579236858931466
40.0,25.0,3.6,0.4283284643779607
40.0,25.0,3.625,0.4007528486043558
40.0,25.0,3.65,0.37480733179826586
40.0,25.0,3.675,0.35000683093814855
40.0,25.0,3.7,0.3260040867991281
40.0,25.0,3.725,0.3025574367833236
40.0,25.0,3.75,0.2794202449388209
40.0,25.0,3.775,0.25633847665927006
40.0,25.0,3.8,0.23305118586395165
40.0,30.0,2.4,0.028358129444612547
40.0,30.0,2.425,0.014448981161918716
40.0,30.0,2.45,-6.963711436004145e-05
40.0,30.0,2.475,-0.01527322537351383
40.0,30.0,2.5,-0.031254840565870856
40.0,30.0,2.525,-0.0481308539503968
40.0,30.0,2.55,-0.06604460185250852
40.0,30.0,2.575,-0.08517023049152435
40.0,30.0,2.6,-0.10572801444597885
40.0,30.0,2.625,-0.12798928562778103
40.0,30.0,2.65,-0.15228773589119032
40.0,30.0,2.675,-0.1790329013597374
40.0,30.0,2.7,-0.20873426967740802
40.0,30.0,2.725,-0.24203321584735762
40.0,30.0,2.75,-0.27974870415309344
40.0,30.0,2.775,-0.32294527793862887
40.0,30.0,2.8,-0.3730354699022146
40.0,30.0,2.825,-0.4319370437168517
40.0,30.0,2.85,-0.5023208630192741
40.0,30.0,2.875,-0.5880133522552944
40.0,30.0,2.9,-0.6946706587682366
40.0,30.0,2.925,-0.8309401850737745
40.0,30.0,2.95,-1.0104846152966334
40.0,30.0,2.975,-1.2553105753024996
40.0,30.0,3.0,-1.5991019268746345
40.0,30.0,3.025,-2.0702641753182953
40.0,30.0,3.05,-2.4623539733523203
40.0,30.0,3.075,-1.0166316017742416
40.0,30.0,3.1,2.1718428882489236
40.0,30.0,3.125,2.5388719647486355
40.0,30.0,3.15,2.1099048517196253
40.0,30.0,3.175,1.7285471575530096
40.0,30.0,3.2,1.45025284865674
40.0,30.0,3.225,1.2467774979252084
40.0,30.0,3.25,1.093473274486583
40.0,30.0,3.275,0.9742416411014517
40.0,30.0,3.3,0.8788261861204945
40.0,30.0,3.325,0.8005548772082601
40.0,30.0,3.35,0.734954535460852
40.0,30.0,3.375,0.6789373827592561
40.0,30.0,3.4,0.6303291057344259
40.0,30.0,3.425,0.5875992576620831
40.0,30.0,3.45,0.5495929353080016
40.0,30.0,3.475,0.5152270452624461
40.0,30.0,3.5,0.48368150667598503
40.0,30.0,3.525,0.4544327189449514
40.0,30.0,3.55,0.427054677547033
40.0,30.0,3.575,0.4011705005742156
40.0,30.0,3.6,0.376447109535928
40.0,30.0,3.625,0.3525867971198935
40.0,30.0,3.65,0.32931682444845906
40.0,30.0,3.675,0.3063791597610225
40.0,30.0,3.7,0.2835206397758187
40.0,30.0,3.725,0.2604831447913486
40.0,30.0,3.75,0.2369931509215769
40.0,30.0,3.775,0.2127499106665314
40.0,30.0,3.8,0.18741141898657834
40.0,35.0,2.4,-0.03564143122814862
40.0,35.0,2.425,-0.053139500057236895
40.0,35.0,2.45,-0.07170236360744901
40.0,35.0,2.475,-0.09152830991377525
40.0,35.0,2.5,-0.1128614533544987
40.0,35.0,2.525,-0.13600088910697844
40.0,35.0,2.55,-0.16130339841177657
40.0,35.0,2.575,-0.18919962789266223
40.0,35.0,2.6,-0.22023104868235518
40.0,35.0,2.625,-0.255071276267143
40.0,35.0,2.65,-0.2945766699343913
40.0,35.0,2.675,-0.339860348380794
40.0,35.0,2.7,-0.39240164812999906
40.0,35.0,2.725,-0.45421494788812167
40.0,35.0,2.75,-0.5281165694856909
40.0,35.0,2.775,-0.6181627562288508
40.0,35.0,2.8,-0.7303963340634663
40.0,35.0,2.825,-0.8741716596449711
40.0,35.0,2.85,-1.064595046517344
40.0,35.0,2.875,-1.3270816647518973
40.0,35.0,2.9,-1.7049969833801804
40.0,35.0,2.925,-2.260759608484636
40.0,35.0,2.95,-2.918355956163962
40.0,35.0,2.975,-1.8139005245608575
40.0,35.0,3.0,2.541602354619778
40.0,35.0,3.025,2.9842226444636135
40.0,35.0,3.05,2.39436250114326
40.0,35.0,3.075,1.9228276033906233
40.0,35.0,3.1,1.5952715913152182
40.0,35.0,3.125,1.3623969804087053
40.0,35.0,3.15,1.1900756522335576
40.0,35.0,3.175,1.0577492156211583
40.0,35.0,3.2,0.9528838197832802
40.0,35.0,3.225,0.8675655326997471
40.0,35.0,3.25,0.7966382620840181
40.0,35.0,3.275,0.7366556407824506
40.0,35.0,3.3,0.6851000751414908
40.0,35.0,3.325,0.6399368266870711
40.0,35.0,3.35,0.5997395679711733
40.0,35.0,3.375,0.5635533460920407
40.0,35.0,3.4,0.5306429713132896
40.0,35.0,3.425,0.5004075831703227
40.0,35.0,3.45,0.4723511490193347
40.0,35.0,3.475,0.44605997067001385
40.0,35.0,3.5,0.42118321523398694
40.0,35.0,3.525,0.3974168091245421
40.0,35.0,3.55,0.37449027833181475
40.0,35.0,3.575,0.3521557762852191
40.0,35.0,3.6,0.330178531407438
40.0,35.0,3.625,0.3083280112328908
40.0,35.0,3.65,0.2863691375201964
40.0,35.0,3.675,0.26405286250004373
40.0,35.0,3.7,0.2411053110933987
40.0,35.0,3.725,0.21721448427862478
40.0,35.0,3.75,0.19201317069997031
40.0,35.0,3.775,0.16505618450936219
40.0,35.0,3.8,0.13578929617824415
40.0,40.0,2.4,-0.11672976527372877
40.0,40.0,2.425,-0.1407116442469953
40.0,40.0,2.45,-0.1669744261592212
40.0,40.0,2.475,-0.19597751920360387
40.0,40.0,2.5,-0.22828379223172046
40.0,40.0,2.525,-0.26459729745812466
40.0,40.0,2.55,-0.3058087238321565
40.0,40.0,2.575,-0.3530745665623459
40.0,40.0,2.6,-0.4079511451017114
40.0,40.0,2.625,-0.47255977256264636
40.0,40.0,2.65,-0.5498772060422398
40.0,40.0,2.675,-0.6442142755463953
40.0,40.0,2.7,-0.7620402432437848
40.0,40.0,2.725,-0.913478606714873
40.0,40.0,2.75,-1.1151616211902267
40.0,40.0,2.775,-1.3959403220679805
40.0,40.0,2.8,-1.8083190188097986
40.0,40.0,2.825,-2.4445880959400412
40.0,40.0,2.85,-3.3400825849609532
40.0,40.0,2.875,-2.519790443158001
40.0,40.0,2.9,3.1429011745942876
40.0,40.0,2.925,3.4049228205383137
40.0,40.0,2.95,2.6224583637273176
40.0,40.0,2.975,2.069774136338658
40.0,40.0,3.0,1.7028192474260941
40.0,40.0,3.025,1.4477710915929205
40.0,40.0,3.05,1.2615577186514957
40.0,40.0,3.075,1.1198559031843485
40.0,40.0,3.1,1.0083595371564453
40.0,40.0,3.125,0.9182752621072707
40.0,40.0,3.15,0.843936078853259
40.0,40.0,3.175,0.7813388354205776
40.0,40.0,3.2,0.7275235525104188
40.0,40.0,3.225,0.6804869228712864
40.0,40.0,3.25,0.6388605932242992
40.0,40.0,3.275,0.601616456147005
40.0,40.0,3.3,0.5679453233472397
40.0,40.0,3.325,0.5372004057336484
40.0,40.0,3.35,0.5088584768157707
40.0,40.0,3.375,0.4824901155190855
40.0,40.0,3.4,0.45773684022771005
40.0,40.0,3.425,0.43429352276712857
40.0,40.0,3.45,0.4118946842677442
40.0,40.0,3.475,0.3903035457661109
40.0,40.0,3.5,0.36930295352250064
40.0,40.0,3.525,0.3486874815028427
40.0,40.0,3.55,0.3282561268256487
40.0,40.0,3.575,0.3078050628273805
40.0,40.0,3.6,0.28711990022489736
40.0,40.0,3.625,0.26596682289261725
40.0,40.0,3.65,0.2440817921292454
40.0,40.0,3.675,0.22115671529158862
40.0,40.0,3.7,0.19682098730618589
40.0,40.0,3.725,0.17061602999124745
40.0,40.0,3.75,0.14195920346489313
40.0,40.0,3.775,0.1100914935236935
40.0,40.0,3.8,0.07400039298748708
40.0,45.0,2.4,-0.23102249657869411
40.0,45.0,2.425,-0.2684060406634228
40.0,45.0,2.45,-0.31084135681876923
40.0,45.0,2.475,-0.3595249122484192
40.0,45.0,2.5,-0.41605628895849633
40.0,45.0,2.525,-0.48263108487556433
40.0,45.0,2.55,-0.5623335398269939
40.0,45.0,2.575,-0.6596335186545961
40.0,45.0,2.6,-0.7812999918563003
40.0,45.0,2.625,-0.9379957890143449
40.0,45.0,2.65,-1.1474403235334165
40.0,45.0,2.675,-1.4410102420329893
40.0,45.0,2.7,-1.8782568965049748
40.0,45.0,2.725,-2.5765318133353783
40.0,45.0,2.75,-3.686048544000178
40.0,45.0,2.775,-3.35474194942379
40.0,45.0,2.8,3.8068203486893304
40.0,45.0,2.825,3.7954744812809427
40.0,45.0,2.85,2.8166414280962093
40.0,45.0,2.875,2.1899066205774784
40.0,45.0,2.9,1.7888192544247052
40.0,45.0,2.925,1.5151453815503377
40.0,45.0,2.95,1.3175150930742483
40.0,45.0,2.975,1.1682577917052719
40.0,45.0,3.0,1.051539503232005
40.0,45.0,3.025,0.9577640398553724
40.0,45.0,3.05,0.8806665310033157
40.0,45.0,3.075,0.8158326309841014
40.0,45.0,3.1,0.7602226155591454
40.0,45.0,3.125,0.7118055998281692
40.0,45.0,3.15,0.669136705841265
40.0,45.0,3.175,0.6311208953789426
40.0,45.0,3.2,0.5969044877369862
40.0,45.0,3.225,0.5658118777656972
40.0,45.0,3.25,0.5373011345684806
40.0,45.0,3.275,0.5109312633618507
40.0,45.0,3.3,0.4863378018744211
40.0,45.0,3.325,0.46321445720901416
40.0,45.0,3.35,0.4412990831814849
40.0,45.0,3.375,0.420362746595528
40.0,45.0,3.4,0.40020096222641927
40.0,45.0,3.425,0.3806264088534968
40.0,45.0,3.45,0.3614625900018897
40.0,45.0,3.475,0.342537620453459
40.0,45.0,3.5,0.3236801186491242
40.0,45.0,3.525,0.3047102909675212
40.0,45.0,3.55,0.2854356314564049
40.0,45.0,3.575,0.2656417325184731
40.0,45.0,3.6,0.24508217193785284
40.0,45.0,3.625,0.22346504377223708
40.0,45.0,3.65,0.2004346281506508
40.0,45.0,3.675,0.17554570459443347
40.0,45.0,3.7,0.148226596986597
40.0,45.0,3.725,0.11772471270034426
40.0,45.0,3.75,0.08302452165208256
40.0,45.0,3.775,0.042721852592392126
40.0,45.0,3.8,-0.005170174819686152
40.0,50.0,2.4,-0.4138339166030657
40.0,50.0,2.425,-0.4809076837148162
40.0,50.0,2.45,-0.5611063782028466
40.0,50.0,2.475,-0.658901961271082
40.0,50.0,2.5,-0.7810455908660469
40.0,50.0,2.525,-0.9382060387891352
40.0,50.0,2.55,-1.148154437476979
40.0,50.0,2.575,-1.4426064425694443
40.0,50.0,2.6,-1.883173574234985
40.0,50.0,2.625,-2.59956458952979
40.0,50.0,2.65,-3.840549194099148
40.0,50.0,2.675,-4.491442984524843
40.0,50.0,2.7,4.238091969923557
40.0,50.0,2.725,4.231974737918735
40.0,50.0,2.75,3.032258512214304
40.0,50.0,2.775,2.3182279238751593
40.0,50.0,2.8,1.8768315814761976
40.0,50.0,2.825,1.5814333556057032
40.0,50.0,2.85,1.3707260368900946
40.0,50.0,2.875,1.2129710772679372
40.0,50.0,2.9,1.090437013827252
40.0,50.0,2.925,0.9925097441933318
40.0,50.0,2.95,0.9123032360177243
40.0,50.0,2.975,0.8450720728751276
40.0,50.0,3.0,0.787609563841441
40.0,50.0,3.025,0.7377589300112007
40.0,50.0,3.05,0.6939805469595312
40.0,50.0,3.075,0.6551150341685997
40.0,50.0,3.1,0.6202652203583446
40.0,50.0,3.125,0.588725473146262
40.0,50.0,3.15,0.5599330256961846
40.0,50.0,3.175,0.5334325804386421
40.0,50.0,3.2,0.5088509142900379
40.0,50.0,3.225,0.4858781348521025
40.0,50.0,3.25,0.4642503403690086
40.0,50.0,3.275,0.4437419018142032
40.0,50.0,3.3,0.4241549994722366
40.0,50.0,3.325,0.405312868089092
40.0,50.0,3.35,0.38705396773265105
40.0,50.0,3.375,0.3692269194156422
40.0,50.0,3.4,0.3516858835889117
40.0,50.0,3.425,0.3342860864907884
40.0,50.0,3.45,0.31687920255900326
40.0,50.0,3.475,0.29930827228215506
40.0,50.0,3.5,0.28140176681623086
40.0,50.0,3.525,0.2629662895448348
40.0,50.0,3.55,0.24377720566445185
40.0,50.0,3.575,0.22356617101154677
40.0,50.0,3.6,0.20200401752300431
40.0,50.0,3.625,0.17867661923924283
40.0,50.0,3.65,0.15304999256396312
40.0,50.0,3.675,0.12441860385007564
40.0,50.0,3.7,0.09182704081768275
40.0,50.0,3.725,0.05394890907594573
40.0,50.0,3.75,0.008897153985871273
40.0,50.0,3.775,-0.04607086928141962
40.0,50.0,3.8,-0.11498029526411856
40.0,55.0,2.4,-0.7570894275034081
40.0,55.0,2.425,-0.9084251391633165
40.0,55.0,2.45,-1.1092758789190806
40.0,55.0,2.475,-1.3888813910687205
40.0,55.0,2.5,-1.8039400411604531
40.0,55.0,2.525,-2.476574353408444
40.0,55.0,2.55,-3.687735788981709
40.0,55.0,2.575,-5.4356904041405
40.0,55.0,2.6,3.482578218096419
40.0,55.0,2.625,4.869687819840348
40.0,55.0,2.65,3.3518513283340803
40.0,55.0,2.675,2.4991586396964562
40.0,55.0,2.7,1.9941922984414922
40.0,55.0,2.725,1.6652121638115922
40.0,55.0,2.75,1.434729852482114
40.0,55.0,2.775,1.2643649176223217
40.0,55.0,2.8,1.1332955912791771
40.0,55.0,2.825,1.0293214272061306
40.0,55.0,2.85,0.944692975741974
40.0,55.0,2.875,0.874158032308289
40.0,55.0,2.9,0.8141706816117833
40.0,55.0,2.925,0.7623502152241766
40.0,55.0,2.95,0.7170147885412239
40.0,55.0,2.975,0.6769209815700503
40.0,55.0,3.0,0.6411036233307524
40.0,55.0,3.025,0.6088127494647391
40.0,55.0,3.05,0.5794542770369038
40.0,55.0,3.075,0.5525501183962482
40.0,55.0,3.1,0.5277107542695847
40.0,55.0,3.125,0.5046145179985669
40.0,55.0,3.15,0.482992076254513
40.0,55.0,3.175,0.4626146474575679
40.0,55.0,3.2,0.4432849098308939
40.0,55.0,3.225,0.42482984724641637
40.0,55.0,3.25,0.4070949855470847
40.0,55.0,3.275,0.3899396113071853
40.0,55.0,3.3,0.3732326579257669
40.0,55.0,3.325,0.3568490030310135
40.0,55.0,3.35,0.3406659540246055
40.0,55.0,3.375,0.32455970901760656
40.0,55.0,3.4,0.3084015688984574
40.0,55.0,3.425,0.2920536399053896
40.0,55.0,3.45,0.2753636976999543
40.0,55.0,3.475,0.2581587703341392
40.0,55.0,3.5,0.24023681593229496
40.0,55.0,3.525,0.22135558288021356
40.0,55.0,3.55,0.20121728046289847
40.0,55.0,3.575,0.17944694407085432
40.0,55.0,3.6,0.1555611569484782
40.0,55.0,3.625,0.12892175207717185
40.0,55.0,3.65,0.09866568492925182
40.0,55.0,3.675,0.06359651681714946
40.0,55.0,3.7,0.02201375373912597
40.0,55.0,3.725,-0.02855580336224448
40.0,55.0,3.75,-0.09176171162416843
40.0,55.0,3.775,-0.17290494802032738
40.0,55.0,3.8,-0.27867486312872775
40.0,60.0,2.4,-1.6454070641405967
40.0,60.0,2.425,-2.2196491712896993
40.0,60.0,2.45,-3.238048966670762
40.0,60.0,2.475,-5.216691280093582
40.0,60.0,2.5,-1.8829985683265613
40.0,60.0,2.525,5.917402899315852
40.0,60.0,2.55,3.9136567349677986
40.0,60.0,2.575,2.796897039189116
40.0,60.0,2.6,2.176082915855815
40.0,60.0,2.625,1.7884560622042722
40.0,60.0,2.65,1.5245912945691764
40.0,60.0,2.675,1.3334945828671645
40.0,60.0,2.7,1.188657391575424
40.0,60.0,2.725,1.0750780340807142
40.0,60.0,2.75,0.9835405640567364
40.0,60.0,2.775,0.907926444267477
40.0,60.0,2.8,0.8441272075258479
40.0,60.0,2.825,0.7893267089036443
40.0,60.0,2.85,0.7416298234231367
40.0,60.0,2.875,0.6996385535758208
40.0,60.0,2.9,0.6622920909646356
40.0,60.0,2.925,0.6287677893994357
40.0,60.0,2.95,0.5984177499441369
40.0,60.0,2.975,0.5707247220324695
40.0,60.0,3.0,0.5452703492469795
40.0,60.0,3.025,0.5217119035357184
40.0,60.0,3.05,0.49976500951144454
40.0,60.0,3.075,0.47919064501547237
40.0,60.0,3.1,0.4597852191383656
40.0,60.0,3.125,0.4413728794608934
40.0,60.0,3.15,0.4237994407646694
40.0,60.0,3.175,0.4069274925185641
40.0,60.0,3.2,0.3906323553417772
40.0,60.0,3.225,0.3747986329598624
40.0,60.0,3.25,0.359317156126115
40.0,60.0,3.275,0.34408214499887985
40.0,60.0,3.3,0.3289884301340789
40.0,60.0,3.325,0.31392857085519155
40.0,60.0,3.35,0.2987896923902839
40.0,60.0,3.375,0.2834498264171833
40.0,60.0,3.4,0.26777347681476166
40.0,60.0,3.425,0.25160603182273683
40.0,60.0,3.45,0.23476648598135036
40.0,60.0,3.475,0.21703768792077588
40.0,60.0,3.5,0.19815294080128704
40.0,60.0,3.525,0.1777771718972819
40.0,60.0,3.55,0.1554790190520965
40.0,60.0,3.575,0.13069046648629884
40.0,60.0,3.6,0.10265292620829872
40.0,60.0,3.625,0.07031095884214598
40.0,60.0,3.65,0.03217589706897606
40.0,60.0,3.675,-0.013910324482273554
40.0,60.0,3.7,-0.07113526167909225
40.0,60.0,3.725,-0.14420001422837989
40.0,60.0,3.75,-0.23950593920042418
40.0,60.0,3.775,-0.36188431882086125
40.0,60.0,3.8,-0.487454355436497
40.0,65.0,2.4,-6.6744125283293645
40.0,65.0,2.425,6.174532172107956
40.0,65.0,2.45,5.0344901248055525
40.0,65.0,2.475,3.337578301233503
40.0,65.0,2.5,2.4810820640179063
40.0,65.0,2.525,1.9835330246353027
40.0,65.0,2.55,1.6607819915082769
40.0,65.0,2.575,1.4343592187490195
40.0,65.0,2.6,1.2666916446004752
40.0,65.0,2.625,1.1375700924969903
40.0,65.0,2.65,1.034996455288948
40.0,65.0,2.675,0.9513963847806076
40.0,65.0,2.7,0.8816471415304129
40.0,65.0,2.725,0.8222929876187332
40.0,65.0,2.75,0.7710017968520579
40.0,65.0,2.775,0.7261265245077069
40.0,65.0,2.8,0.6864413612963925
40.0,65.0,2.825,0.6510064331600149
40.0,65.0,2.85,0.619087981645689
40.0,65.0,2.875,0.5901049703125355
40.0,65.0,2.9,0.5635912803239809
40.0,65.0,2.925,0.539168283928383
40.0,65.0,2.95,0.5165246508757002
40.0,65.0,2.975,0.49540128688784135
40.0,65.0,3.0,0.4755799516429934
40.0,65.0,3.025,0.45687453769995884
40.0,65.0,3.05,0.4391242883719117
40.0,65.0,3.075,0.42218843651266313
40.0,65.0,3.1,0.405941886817725
40.0,65.0,3.125,0.3902716612384926
40.0,65.0,3.15,0.37507389361220067
40.0,65.0,3.175,0.3602512043218165
40.0,65.0,3.2,0.3457103143431674
40.0,65.0,3.225,0.33135977388016163
40.0,65.0,3.25,0.3171076858683582
40.0,65.0,3.275,0.30285930002055655
40.0,65.0,3.3,0.2885143403600226
40.0,65.0,3.325,0.2739638898594173
40.0,65.0,3.35,0.2590830215970393
40.0,65.0,3.375,0.24373533648457718
40.0,65.0,3.4,0.2277634891788403
40.0,65.0,3.425,0.2109658408948157
40.0,65.0,3.45,0.19310452677530465
40.0,65.0,3.475,0.1738805404595894
40.0,65.0,3.5,0.1529111266064426
40.0,65.0,3.525,0.12969562320435513
40.0,65.0,3.55,0.10356409094247404
40.0,65.0,3.575,0.07359844955841126
40.0,65.0,3.6,0.03850885942353533
40.0,65.0,3.625,-0.003562891768515777
40.0,65.0,3.65,-0.05535438853869069
40.0,65.0,3.675,-0.12094017571256274
40.0,65.0,3.7,-0.2061753373866554
40.0,65.0,3.725,-0.3175906284402295
40.0,65.0,3.75,-0.449270797639859
40.0,65.0,3.775,-0.4950210469124235
40.0,65.0,3.8,0.011974379004132927
40.0,70.0,2.4,3.044990361839727
40.0,70.0,2.425,2.314860161694533
40.0,70.0,2.45,1.8777553961463918
40.0,70.0,2.475,1.5877778980867094
40.0,70.0,2.5,1.381651524849716
40.0,70.0,2.525,1.2274514590485317
40.0,70.0,2.55,1.1071373052526432
40.0,70.0,2.575,1.0105751531102036
40.0,70.0,2.6,0.9314670256767889
40.0,70.0,2.625,0.8651479999680792
40.0,70.0,2.65,0.8084509187178421
40.0,70.0,2.675,0.7592702038659188
40.0,70.0,2.7,0.71610541235728
40.0,70.0,2.725,0.6778260846138934
40.0,70.0,2.75,0.6435627981186147
40.0,70.0,2.775,0.612634060283853
40.0,70.0,2.8,0.584498129894193
40.0,70.0,2.825,0.5587190833168338
40.0,70.0,2.85,0.5349419352108026
40.0,70.0,2.875,0.5128742157174898
40.0,70.0,2.9,0.4922721815550703
40.0,70.0,2.925,0.4729303692105166
40.0,70.0,2.95,0.4546735759321139
40.0,70.0,2.975,0.4373506177617973
40.0,70.0,3.0,0.4208293967875147
40.0,70.0,3.025,0.40499293687769006
40.0,70.0,3.05,0.3897361356932699
40.0,70.0,3.075,0.3749630426741013
40.0,70.0,3.1,0.36058451624500915
40.0,70.0,3.125,0.346516142391076
40.0,70.0,3.15,0.33267623838738847
40.0,70.0,3.175,0.3189794173373875
40.0,70.0,3.2,0.3053450611444715
40.0,70.0,3.225,0.2917024658649597
40.0,70.0,3.25,0.27794624898089115
40.0,70.0,3.275,0.26398013279037896
40.0,70.0,3.3,0.24969408772075094
40.0,70.0,3.325,0.23496180730172941
40.0,70.0,3.35,0.2196353946837334
40.0,70.0,3.375,0.20353798955850308
40.0,70.0,3.4,0.18645364902380152
40.0,70.0,3.425,0.16811322392942651
40.0,70.0,3.45,0.14817423647945527
40.0,70.0,3.475,0.12619158112997836
40.0,70.0,3.5,0.1015738869187064
40.0,70.0,3.525,0.07351699610898976
40.0,70.0,3.55,0.04090022338032666
40.0,70.0,3.575,0.002121416853106064
40.0,70.0,3.6,-0.04516729104633466
40.0,70.0,3.625,-0.10447056968976509
40.0,70.0,3.65,-0.18098668304776644
40.0,70.0,3.675,-0.28163437923856416
40.0,70.0,3.7,-0.4097615211995893
40.0,70.0,3.725,-0.5226961732606091
40.0,70.0,3.75,-0.31597083372100826
40.0,70.0,3.775,0.5898941568786179
40.0,70.0,3.8,1.032783026888182
40.0,75.0,2.4,1.559088895474839
40.0,75.0,2.425,1.3601392267731165
40.0,75.0,2.45,1.2107325020360082
40.0,75.0,2.475,1.0943082871299572
40.0,75.0,2.5,1.0006596165455404
40.0,75.0,2.525,0.9232320758048381
40.0,75.0,2.55,0.8579964392746224
40.0,75.0,2.575,0.8023697149235096
40.0,75.0,2.6,0.7541128553671455
40.0,75.0,2.625,0.7116871388847549
40.0,75.0,2.65,0.6740127031683681
40.0,75.0,2.675,0.6402557218983594
40.0,75.0,2.7,0.6097577572244025
40.0,75.0,2.725,0.5819933007095067
40.0,75.0,2.75,0.5565396786434353
40.0,75.0,2.775,0.5330522820940251
40.0,75.0,2.8,0.5112469764415585
40.0,75.0,2.825,0.49088694660810067
40.0,75.0,2.85,0.4717726638798229
40.0,75.0,2.875,0.45373417130600624
40.0,75.0,2.9,0.4366250819647274
40.0,75.0,2.925,0.4203178466790332
40.0,75.0,2.95,0.4046999669010973
40.0,75.0,2.975,0.38967090421138595
40.0,75.0,3.0,0.37513933134408844
40.0,75.0,3.025,0.36101565345913567
40.0,75.0,3.05,0.3472196204696168
40.0,75.0,3.075,0.3337030539793608
40.0,75.0,3.1,0.3203668044777717
40.0,75.0,3.125,0.3071419669955847
40.0,75.0,3.15,0.29395484737323313
40.0,75.0,3.175,0.2807278047284922
40.0,75.0,3.2,0.26737765294245386
40.0,75.0,3.225,0.2538132979086737
40.0,75.0,3.25,0.23993274035601084
40.0,75.0,3.275,0.22561925976276573
40.0,75.0,3.3,0.21073645390933202
40.0,75.0,3.325,0.1951216475627154
40.0,75.0,3.35,0.1785769460210766
40.0,75.0,3.375,0.1608568373708815
40.0,75.0,3.4,0.14165065017315975
40.0,75.0,3.425,0.12055719340751161
40.0,75.0,3.45,0.0970472640239124
40.0,75.0,3.475,0.0704069067303093
40.0,75.0,3.5,0.039649474815632774
40.0,75.0,3.525,0.003376236596946453
40.0,75.0,3.55,-0.040448215208240275
40.0,75.0,3.575,-0.09485645191737666
40.0,75.0,3.6,-0.16441609323761824
40.0,75.0,3.625,-0.2557429841639556
40.0,75.0,3.65,-0.3759482617838949
40.0,75.0,3.675,-0.5143753653526056
40.0,75.0,3.7,-0.5193198870594001
40.0,75.0,3.725,0.15832633021266931
40.0,75.0,3.75,0.9516979812603434
40.0,75.0,3.775,1.014037211945072
40.0,75.0,3.8,0.8861374412558435
40.0,80.0,2.4,1.0982445156348746
40.0,80.0,2.425,1.003782578523217
40.0,80.0,2.45,0.9259305725895601
40.0,80.0,2.475,0.8603987580246569
40.0,80.0,2.5,0.8043103490185965
40.0,80.0,2.525,0.7556374162971977
40.0,80.0,2.55,0.7129671982431766
40.0,80.0,2.575,0.6751752680844206
40.0,80.0,2.6,0.641313303314641
40.0,80.0,2.625,0.6107212033431774
40.0,80.0,2.65,0.5828789101186622
40.0,80.0,2.675,0.5573634590327606
40.0,80.0,2.7,0.5338287261723146
40.0,80.0,2.725,0.5119892306349866
40.0,80.0,2.75,0.49160765145909585
40.0,80.0,2.775,0.4724842806077101
40.0,80.0,2.8,0.45444932345818073
40.0,80.0,2.825,0.4373569099127131
40.0,80.0,2.85,0.4210803180662343
40.0,80.0,2.875,0.4055076407901954
40.0,80.0,2.9,0.39052935535000743
40.0,80.0,2.925,0.37606764283826283
40.0,80.0,2.95,0.3620608867854577
40.0,80.0,2.975,0.3484066599434958
40.0,80.0,3.0,0.33503807238683625
40.0,80.0,3.025,0.32188754011468446
40.0,80.0,3.05,0.308887918121825
40.0,80.0,3.075,0.29597165349609134
40.0,80.0,3.1,0.2830694121800773
40.0,80.0,3.125,0.2701084587906604
40.0,80.0,3.15,0.25701076931243605
40.0,80.0,3.175,0.24369077839702122
40.0,80.0,3.2,0.23005261209853306
40.0,80.0,3.225,0.21598659559653688
40.0,80.0,3.25,0.20136473742085503
40.0,80.0,3.275,0.1860347592760024
40.0,80.0,3.3,0.16981203699211825
40.0,80.0,3.325,0.1524684991651095
40.0,80.0,3.35,0.1337170202776232
40.0,80.0,3.375,0.11318901310617063
40.0,80.0,3.4,0.09040153769764633
40.0,80.0,3.425,0.06470788107327173
40.0,80.0,3.45,0.03522146506060723
40.0,80.0,3.475,0.0006957789122379198
40.0,80.0,3.5,-0.040669257430634854
40.0,80.0,3.525,-0.09154312780385503
40.0,80.0,3.55,-0.15596782409569054
40.0,80.0,3.575,-0.24003845346468933
40.0,80.0,3.6,-0.3519731534946548
40.0,80.0,3.625,-0.4950785419272846
40.0,80.0,3.65,-0.6079463164951607
40.0,80.0,3.675,-0.27588162477345396
40.0,80.0,3.7,0.7357117763533062
40.0,80.0,3.725,1.0525314357145177
40.0,80.0,3.75,0.9473264486920824
40.0,80.0,3.775,0.8117394485636991
40.0,80.0,3.8,0.7043909538533769
40.0,85.0,2.4,0.8721119380880522
40.0,85.0,2.425,0.8142645165509094
40.0,85.0,2.45,0.7642317809462988
40.0,85.0,2.475,0.7204216276410224
40.0,85.0,2.5,0.6816397066308983
40.0,85.0,2.525,0.6469778482999378
40.0,85.0,2.55,0.6157619865479523
40.0,85.0,2.575,0.587413596079022
40.0,85.0,2.6,0.5614584210835488
40.0,85.0,2.625,0.537544287187056
40.0,85.0,2.65,0.5153791543885797
40.0,85.0,2.675,0.49471841147753937
40.0,85.0,2.7,0.47535611919027926
40.0,85.0,2.725,0.45711754974773594
40.0,85.0,2.75,0.43985297401062756
40.0,85.0,2.775,0.42342967651984886
40.0,85.0,2.8,0.4077151858145785
40.0,85.0,2.825,0.3926668440380592
40.0,85.0,2.85,0.37816019720888144
40.0,85.0,2.875,0.3641093949582182
40.0,85.0,2.9,0.35044288085126635
40.0,85.0,2.925,0.33709169241177966
40.0,85.0,2.95,0.3239897113211349
40.0,85.0,2.975,0.3110727425560884
40.0,85.0,3.0,0.29827733185451094
40.0,85.0,3.025,0.28553948761444553
40.0,85.0,3.05,0.272793299954481
40.0,85.0,3.075,0.2599694034366312
40.0,85.0,3.1,0.2469932051651147
40.0,85.0,3.125,0.23378277379347775
40.0,85.0,3.15,0.22024624906558893
40.0,85.0,3.175,0.20627857905283334
40.0,85.0,3.2,0.19175731409432237
40.0,85.0,3.225,0.17653706842970243
40.0,85.0,3.25,0.16044207963209223
40.0,85.0,3.275,0.1432560139020175
40.0,85.0,3.3,0.12470771690065885
40.0,85.0,3.325,0.10445088177485104
40.0,85.0,3.35,0.08203439719453445
40.0,85.0,3.375,0.056858084698250544
40.0,85.0,3.4,0.028104969888986003
40.0,85.0,3.425,-0.005365059921863335
40.0,85.0,3.45,-0.045186494891318305
40.0,85.0,3.475,-0.09376967834267431
40.0,85.0,3.5,-0.15476409494681947
40.0,85.0,3.525,-0.23377574277996838
40.0,85.0,3.55,-0.3391034088737961
40.0,85.0,3.575,-0.4796465374049234
40.0,85.0,3.6,-0.6375538636375742
40.0,85.0,3.625,-0.5767192550841134
40.0,85.0,3.65,0.3582130344610849
40.0,85.0,3.675,1.0562007037111456
40.0,85.0,3.7,1.0218975687108414
40.0,85.0,3.725,0.874734772821734
40.0,85.0,3.75,0.7497895559231428
40.0,85.0,3.775,0.6550423271563953
40.0,85.0,3.8,0.5827533125182963
40.0,90.0,2.4,0.7343109154400566
40.0,90.0,2.425,0.6938019468939767
40.0,90.0,2.45,0.6577236631944884
40.0,90.0,2.475,0.6252983037428097
40.0,90.0,2.5,0.5959155720746926
40.0,90.0,2.525,0.5690936246553463
40.0,90.0,2.55,0.5444589755470569
40.0,90.0,2.575,0.5216776995845764
40.0,90.0,2.6,0.5004765810376854
40.0,90.0,2.625,0.4806420221139597
40.0,90.0,2.65,0.4619907522895649
40.0,90.0,2.675,0.44436202885208875
40.0,90.0,2.7,0.42760178481490596
40.0,90.0,2.725,0.41164464772411913
40.0,90.0,2.75,0.39636449599544094
40.0,90.0,2.775,0.38165500324980156
40.0,90.0,2.8,0.3674369549226775
40.0,90.0,2.825,0.35363580854139204
40.0,90.0,2.85,0.3401817933526736
40.0,90.0,2.875,0.3270090607276333
40.0,90.0,2.9,0.3140545505892262
40.0,90.0,2.925,0.30125682050614844
40.0,90.0,2.95,0.28855486289141447
40.0,90.0,2.975,0.27588688102861597
40.0,90.0,3.0,0.26318897570124555
40.0,90.0,3.025,0.2503936810128997
40.0,90.0,3.05,0.23742827218451992
40.0,90.0,3.075,0.22421274569246297
40.0,90.0,3.1,0.2106573392476189
40.0,90.0,3.125,0.19665941056644362
40.0,90.0,3.15,0.18209942160947792
40.0,90.0,3.175,0.16683566617419604
40.0,90.0,3.2,0.1506972126445078
40.0,90.0,3.225,0.13347427590009964
40.0,90.0,3.25,0.11490482560304817
40.0,90.0,3.275,0.09465562953460074
40.0,90.0,3.3,0.0722942720128065
40.0,90.0,3.325,0.047249137906719814
40.0,90.0,3.35,0.018746006796965323
40.0,90.0,3.375,-0.014288780470224628
40.0,90.0,3.4,-0.05338503962073775
40.0,90.0,3.425,-0.10078685294396934
40.0,90.0,3.45,-0.159885165608208
40.0,90.0,3.475,-0.2359306609758368
40.0,90.0,3.5,-0.3370377921065632
40.0,90.0,3.525,-0.47424268296426114
40.0,90.0,3.55,-0.6490775700439831
40.0,90.0,3.575,-0.7435209902526076
40.0,90.0,3.6,-0.09884330112650398
40.0,90.0,3.625,0.9941473047143512
40.0,90.0,3.65,1.1123092413972424
40.0,90.0,3.675,0.9537945612234339
40.0,90.0,3.7,0.8070002022809728
40.0,90.0,3.725,0.6962379605053793
40.0,90.0,3.75,0.61283147431498
40.0,90.0,3.775,0.5481385810324969
40.0,90.0,3.8,0.49626559581700447
40.0,95.0,2.4,0.6397223192973667
40.0,95.0,2.425,0.6088089710149296
40.0,95.0,2.45,0.5806911396826141
40.0,95.0,2.475,0.5549322042365182
40.0,95.0,2.5,0.5311781481842137
40.0,95.0,2.525,0.5091412397346197
40.0,95.0,2.55,0.48859043960952886
40.0,95.0,2.575,0.46931129221219053
40.0,95.0,2.6,0.4511177272901221
40.0,95.0,2.625,0.4338713434779364
40.0,95.0,2.65,0.41749364907373104
40.0,95.0,2.675,0.4018315034898351
40.0,95.0,2.7,0.38678792326634176
40.0,95.0,2.725,0.3722784418751778
40.0,95.0,2.75,0.3582251819187832
40.0,95.0,2.775,0.3445561674922607
40.0,95.0,2.8,0.33120422071844413
40.0,95.0,2.825,0.3181057616748851
40.0,95.0,2.85,0.3051996336120086
40.0,95.0,2.875,0.2924259603409569
40.0,95.0,2.9,0.27972500548552515
40.0,95.0,2.925,0.2670359909989095
40.0,95.0,2.95,0.2542958241783904
40.0,95.0,2.975,0.2414376724025418
40.0,95.0,3.0,0.2283893102627648
40.0,95.0,3.025,0.2150711422509006
40.0,95.0,3.05,0.20139377251908258
40.0,95.0,3.075,0.18725494682100996
40.0,95.0,3.1,0.17253562528261468
40.0,95.0,3.125,0.15709478708905034
40.0,95.0,3.15,0.1407625745986175
40.0,95.0,3.175,0.12333112820117416
40.0,95.0,3.2,0.10454117852677615
40.0,95.0,3.225,0.08406403762159383
40.0,95.0,3.25,0.061474952583332756
40.0,95.0,3.275,0.03621387972135085
40.0,95.0,3.3,0.007525995097788052
40.0,95.0,3.325,-0.0256309909405538
40.0,95.0,3.35,-0.06473543167790546
40.0,95.0,3.375,-0.11194681499583564
40.0,95.0,3.4,-0.1705188255253872
40.0,95.0,3.425,-0.24549162903171753
40.0,95.0,3.45,-0.3447492089802647
40.0,95.0,3.475,-0.4803751670658096
40.0,95.0,3.5,-0.6646358461245359
40.0,95.0,3.525,-0.8454691207352962
40.0,95.0,3.55,-0.4921544935643904
40.0,95.0,3.575,0.8554512006995919
40.0,95.0,3.6,1.2062742863139333
40.0,95.0,3.625,1.0459561540340907
40.0,95.0,3.65,0.8747675901596929
40.0,95.0,3.675,0.7456644951699248
40.0,95.0,3.7,0.6497462431739899
40.0,95.0,3.725,0.5763191745337666
40.0,95.0,3.75,0.5180830350361566
40.0,95.0,3.775,0.4703332979149302
40.0,95.0,3.8,0.42999455894177907
40.0,100.0,2.4,0.5693532600512882
40.0,100.0,2.425,0.5442666145843579
40.0,100.0,2.45,0.5210774898977646
40.0,100.0,2.475,0.49951341970082136
40.0,100.0,2.5,0.4793454319008155
40.0,100.0,2.525,0.46037381054461135
40.0,100.0,2.55,0.44245669072923927
40.0,100.0,2.575,0.42548050597262205
40.0,100.0,2.6,0.40928618871323375
40.0,100.0,2.625,0.3937700722835568
40.0,100.0,2.65,0.3788417072171241
40.0,100.0,2.675,0.3644182909745776
40.0,100.0,2.7,0.35042390523350786
40.0,100.0,2.725,0.3367883874611538
40.0,100.0,2.75,0.3234461066050872
40.0,100.0,2.775,0.31033467159488975
40.0,100.0,2.8,0.2973937880381137
40.0,100.0,2.825,0.2845641457458948
40.0,100.0,2.85,0.27178629995905756
40.0,100.0,2.875,0.25899950589306125
40.0,100.0,2.9,0.2461404563896537
40.0,100.0,2.925,0.23314186249712537
40.0,100.0,2.95,0.21993080325477074
40.0,100.0,2.975,0.2064267618382894
40.0,100.0,3.0,0.1925388417892694
40.0,100.0,3.025,0.17816393280916368
40.0,100.0,3.05,0.1631808074917355
40.0,100.0,3.075,0.14744651555918672
40.0,100.0,3.1,0.1307888938986384
40.0,100.0,3.125,0.11299727104756316
40.0,100.0,3.15,0.09380950861558507
40.0,100.0,3.175,0.07289370385692506
40.0,100.0,3.2,0.04982180786589231
40.0,100.0,3.225,0.024030706144406604
40.0,100.0,3.25,-0.005236641655675716
40.0,100.0,3.275,-0.039022608136428445
40.0,100.0,3.3,-0.07880063820989068
40.0,100.0,3.325,-0.12671260521409528
40.0,100.0,3.35,-0.18596757348845644
40.0,100.0,3.375,-0.26164183990809076
40.0,100.0,3.4,-0.3620037720481639
40.0,100.0,3.425,-0.500030847097186
40.0,100.0,3.45,-0.6927462071572634
40.0,100.0,3.475,-0.9227103029216153
40.0,100.0,3.5,-0.788123921396329
40.0,100.0,3.525,0.6773850814887775
40.0,100.0,3.55,1.3080265143701177
40.0,100.0,3.575,1.1477837547147283
40.0,100.0,3.6,0.9489854691696237
40.0,100.0,3.625,0.8000091571036161
40.0,100.0,3.65,0.6909500592425948
40.0,100.0,3.675,0.6085402406710452
40.0,100.0,3.7,0.5438592704484078
40.0,100.0,3.725,0.4912634833657954
40.0,100.0,3.75,0.447121169563837
40.0,100.0,3.775,0.4090126092096409
40.0,100.0,3.8,0.3752616558410329
40.0,105.0,2.4,0.5137684039059565
40.0,105.0,2.425,0.4924387216148434
40.0,105.0,2.45,0.4724495910694779
40.0,105.0,2.475,0.45362392953622255
40.0,105.0,2.5,0.4358475675019631
40.0,105.0,2.525,0.41894992529436886
40.0,105.0,2.55,0.4028125638790349
40.0,105.0,2.575,0.38733067982750113
40.0,105.0,2.6,0.37241273376513
40.0,105.0,2.625,0.3579783033041169
40.0,105.0,2.65,0.3439529201611279
40.0,105.0,2.675,0.3302673414414431
40.0,105.0,2.7,0.31685641898469513
40.0,105.0,2.725,0.30365798287547
40.0,105.0,2.75,0.2906117415095246
40.0,105.0,2.775,0.27765811527057255
40.0,105.0,2.8,0.2647371254439262
40.0,105.0,2.825,0.25178722588651675
40.0,105.0,2.85,0.23874403984968637
40.0,105.0,2.875,0.22553837825695375
40.0,105.0,2.9,0.2120966932430931
40.0,105.0,2.925,0.19833539614502096
40.0,105.0,2.95,0.18416148123441833
40.0,105.0,2.975,0.16946808053906665
40.0,105.0,3.0,0.15413058598667703
40.0,105.0,3.025,0.13800134186180688
40.0,105.0,3.05,0.12090255504340429
40.0,105.0,3.075,0.10261666511895828
40.0,105.0,3.1,0.08287302153911474
40.0,105.0,3.125,0.06132908830397275
40.0,105.0,3.15,0.03754336895636249
40.0,105.0,3.175,0.010935525514304163
40.0,105.0,3.2,-0.01927373993885027
40.0,105.0,3.225,-0.0541553730220267
40.0,105.0,3.25,-0.09521951966344765
40.0,105.0,3.275,-0.1446814384980251
40.0,105.0,3.3,-0.20593365440018166
40.0,105.0,3.325,-0.28423077091898596
40.0,105.0,3.35,-0.38811607025345657
40.0,105.0,3.375,-0.5317752083852488
40.0,105.0,3.4,-0.736533229965231
40.0,105.0,3.425,-1.0054366410953095
40.0,105.0,3.45,-1.0138735878512874
40.0,105.0,3.475,0.5406731551874617
40.0,105.0,3.5,1.4278383756499815
40.0,105.0,3.525,1.2530564940088555
40.0,105.0,3.55,1.0233624927322358
40.0,105.0,3.575,0.8544746105605562
40.0,105.0,3.6,0.7328286940853892
40.0,105.0,3.625,0.6420019460932933
40.0,105.0,3.65,0.571359551929659
40.0,105.0,3.675,0.5143419171303452
40.0,105.0,3.7,0.46675385729871444
40.0,105.0,3.725,0.42585940829445507
40.0,105.0,3.75,0.38977472976583005
40.0,105.0,3.775,0.35715020705336065
40.0,105.0,3.8,0.3269751616023288
40.0,110.0,2.4,0.46770073188156686
40.0,110.0,2.425,0.4488936273343063
40.0,110.0,2.45,0.43109857762731046
40.0,110.0,2.475,0.41416006791915266
40.0,110.0,2.5,0.39796392971080136
40.0,110.0,2.525,0.382410863368248
40.0,110.0,2.55,0.36741335514043255
40.0,110.0,2.575,0.3528857029027744
40.0,110.0,2.6,0.338752277281495
40.0,110.0,2.625,0.3249446436985168
40.0,110.0,2.65,0.3113975969335338
40.0,110.0,2.675,0.29804850060297083
40.0,110.0,2.7,0.2848362643460504
40.0,110.0,2.725,0.2717002989491844
40.0,110.0,2.75,0.25857942269169715
40.0,110.0,2.775,0.24541006555262243
40.0,110.0,2.8,0.23212688238508977
40.0,110.0,2.825,0.21865836319307627
40.0,110.0,2.85,0.204927212874174
40.0,110.0,2.875,0.1908475126448268
40.0,110.0,2.9,0.1763221573989874
40.0,110.0,2.925,0.16123955037882112
40.0,110.0,2.95,0.14546934009464169
40.0,110.0,2.975,0.12885682719013658
40.0,110.0,3.0,0.1112154958303464
40.0,110.0,3.025,0.092316861312588
40.0,110.0,3.05,0.07187641295434564
40.0,110.0,3.075,0.04953377059051229
40.0,110.0,3.1,0.0248240977885579
40.0,110.0,3.125,-0.0028639590367469333
40.0,110.0,3.15,-0.034351682480791006
40.0,110.0,3.175,-0.07077150404972588
40.0,110.0,3.2,-0.11374379870157537
40.0,110.0,3.225,-0.16563927269635992
40.0,110.0,3.25,-0.23002857887074138
40.0,110.0,3.275,-0.31257071278432214
40.0,110.0,3.3,-0.42261754631100856
40.0,110.0,3.325,-0.5761136537265797
40.0,110.0,3.35,-0.799054871949187
40.0,110.0,3.375,-1.109224387941882
40.0,110.0,3.4,-1.20545513126986
40.0,110.0,3.425,0.5351115747937981
40.0,110.0,3.45,1.5756085569161944
40.0,110.0,3.475,1.3521559257964273
40.0,110.0,3.5,1.0898304189694619
40.0,110.0,3.525,0.9034140768644751
40.0,110.0,3.55,0.771224734337516
40.0,110.0,3.575,0.6735002398704403
40.0,110.0,3.6,0.5980170525459276
40.0,110.0,3.625,0.5373952626393118
40.0,110.0,3.65,0.48702574896419154
40.0,110.0,3.675,0.4439014696526084
40.0,110.0,3.7,0.4059715815427819
40.0,110.0,3.725,0.3717738491572692
40.0,110.0,3.75,0.34021644613229207
40.0,110.0,3.775,0.31044205813942266
40.0,110.0,3.8,0.2817383012049413
40.0,115.0,2.4,0.4280951016072547
40.0,115.0,2.425,0.41100762979406075
40.0,115.0,2.45,0.3946596736702048
40.0,115.0,2.475,0.37894960530805866
40.0,115.0,2.5,0.36378607843310806
40.0,115.0,2.525,0.3490870974746518
40.0,115.0,2.55,0.3347787485028954
40.0,115.0,2.575,0.32078718183338983
40.0,115.0,2.6,0.3070453360328894
40.0,115.0,2.625,0.2934900984894213
40.0,115.0,2.65,0.28005916796048397
40.0,115.0,2.675,0.26668985325284666
40.0,115.0,2.7,0.2533201564098489
40.0,115.0,2.725,0.23988403292913943
40.0,115.0,2.75,0.22631280742654888
40.0,115.0,2.775,0.21253257628467864
40.0,115.0,2.8,0.19846243974308025
40.0,115.0,2.825,0.18401225901203608
40.0,115.0,2.85,0.16907986425975968
40.0,115.0,2.875,0.15354751754244933
40.0,115.0,2.9,0.1372773467095305
40.0,115.0,2.925,0.1201053432543454
40.0,115.0,2.95,0.1018333313862698
40.0,115.0,2.975,0.08221802893432298
40.0,115.0,3.0,0.06095587002146492
40.0,115.0,3.025,0.03766153798279652
40.0,115.0,3.05,0.011836966968613522
40.0,115.0,3.075,-0.017174666311210503
40.0,115.0,3.1,-0.05026129178155766
40.0,115.0,3.125,-0.0886591550314846
40.0,115.0,3.15,-0.13412266261702174
40.0,115.0,3.175,-0.18922595362761288
40.0,115.0,3.2,-0.25791497373202715
40.0,115.0,3.225,-0.3465037365133626
40.0,115.0,3.25,-0.4655933536313243
40.0,115.0,3.275,-0.6337769783207408
40.0,115.0,3.3,-0.8832465247408271
40.0,115.0,3.325,-1.245237380272541
40.0,115.0,3.35,-1.379827563867841
40.0,115.0,3.375,0.7477175122337285
40.0,115.0,3.4,1.7411209985538698
40.0,115.0,3.425,1.4321269871788487
40.0,115.0,3.45,1.1410081197005488
40.0,115.0,3.475,0.9416762386079695
40.0,115.0,3.5,0.8023529274825061
40.0,115.0,3.525,0.7000334548334378
40.0,115.0,3.55,0.6213126449190897
40.0,115.0,3.575,0.5582744621196154
40.0,115.0,3.6,0.5060286449689154
40.0,115.0,3.625,0.4614047113996181
40.0,115.0,3.65,0.42224906186958583
40.0,115.0,3.675,0.3870305789001442
40.0,115.0,3.7,0.35460844292353466
40.0,115.0,3.725,0.32408799589804793
40.0,115.0,3.75,0.29472625704144323
40.0,115.0,3.775,0.2658636934545221
40.0,115.0,3.8,0.23687126588359975
40.0,120.0,2.4,0.3928414970821497
40.0,120.0,2.425,0.3768934276079742
40.0,120.0,2.45,0.36149415070689894
40.0,120.0,2.475,0.346558800250455
40.0,120.0,2.5,0.3320094716461726
40.0,120.0,2.525,0.3177743604160081
40.0,120.0,2.55,0.3037865051505355
40.0,120.0,2.575,0.2899760663424904
40.0,120.0,2.6,0.27628099178428456
40.0,120.0,2.625,0.26263533707571673
40.0,120.0,2.65,0.24897420240391602
40.0,120.0,2.675,0.235229647253516
40.0,120.0,2.7,0.22132971467411267
40.0,120.0,2.725,0.2071968231097182
40.0,120.0,2.75,0.19274579855165477
40.0,120.0,2.775,0.17788141710744007
40.0,120.0,2.8,0.16249539429089802
40.0,120.0,2.825,0.1464625549473455
40.0,120.0,2.85,0.1296358711446293
40.0,120.0,2.875,0.11183991939459768
40.0,120.0,2.9,0.09286209936111167
40.0,120.0,2.925,0.07244063392566688
40.0,120.0,2.95,0.05024786085362809
40.0,120.0,2.975,0.025866487749645718
40.0,120.0,3.0,-0.0012450734310439793
40.0,120.0,3.025,-0.03180568028831364
40.0,120.0,3.05,-0.06679353656806522
40.0,120.0,3.075,-0.10756616248924171
40.0,120.0,3.1,-0.15606633431300349
40.0,120.0,3.125,-0.21518339382910573
40.0,120.0,3.15,-0.28938940395850526
40.0,120.0,3.175,-0.3859426548424214
40.0,120.0,3.2,-0.5172842059276653
40.0,120.0,3.225,-0.7059267232602509
40.0,120.0,3.25,-0.9929555616470445
40.0,120.0,3.275,-1.4244254744097125
40.0,120.0,3.3,-1.5170962771610157
40.0,120.0,3.325,1.2272867500049165
40.0,120.0,3.35,1.8862905008729534
40.0,120.0,3.375,1.480632317734488
40.0,120.0,3.4,1.1710404043634226
40.0,120.0,3.425,0.9659216628508246
40.0,120.0,3.45,0.8237305158009354
40.0,120.0,3.475,0.7195404888059633
40.0,120.0,3.5,0.6394324136695275
40.0,120.0,3.525,0.5753071623772303
40.0,120.0,3.55,0.5221904182440786
40.0,120.0,3.575,0.47686454747171025
40.0,120.0,3.6,0.4371471285427543
40.0,120.0,3.625,0.4014863376992908
40.0,120.0,3.65,0.3687276207965057
40.0,120.0,3.675,0.337966748122371
40.0,120.0,3.7,0.3084539416729535
40.0,120.0,3.725,0.27952535885425417
40.0,120.0,3.75,0.25054861704203785
40.0,120.0,3.775,0.22087300608139082
40.0,120.0,3.8,0.1897764597070848
40.0,125.0,2.4,0.3605143270946129
40.0,125.0,2.425,0.34528058082369834
40.0,125.0,2.45,0.33043680127567043
40.0,125.0,2.475,0.31590767062646385
40.0,125.0,2.5,0.3016213647903963
40.0,125.0,2.525,0.2875117959972015
40.0,125.0,2.55,0.2735116120094065
40.0,125.0,2.575,0.25955140948024213
40.0,125.0,2.6,0.24556257026510062
40.0,125.0,2.625,0.23147440244178813
40.0,125.0,2.65,0.21721140596536462
40.0,125.0,2.675,0.20269180687994956
40.0,125.0,2.7,0.18782546070222542
40.0,125.0,2.725,0.172511267296672
40.0,125.0,2.75,0.15663390493108
40.0,125.0,2.775,0.14005960637246384
40.0,125.0,2.8,0.12263071461987052
40.0,125.0,2.825,0.10415847178641349
40.0,125.0,2.85,0.08441329847458204
40.0,125.0,2.875,0.06311144996476183
40.0,125.0,2.9,0.039896331493943456
40.0,125.0,2.925,0.01431168879778355
40.0,125.0,2.95,-0.014238245635305558
40.0,125.0,2.975,-0.04654911636576485
40.0,125.0,3.0,-0.08370488150801213
40.0,125.0,3.025,-0.12722248105913855
40.0,125.0,3.05,-0.17929951739631048
40.0,125.0,3.075,-0.24323762907380037
40.0,125.0,3.1,-0.324217174698352
40.0,125.0,3.125,-0.43080173147959094
40.0,125.0,3.15,-0.5780340972723989
40.0,125.0,3.175,-0.7942016525167489
40.0,125.0,3.2,-1.1336509063781828
40.0,125.0,3.225,-1.6596030849954546
40.0,125.0,3.25,-1.5107742163017062
40.0,125.0,3.275,1.8764494607214932
40.0,125.0,3.3,1.9660772186221163
40.0,125.0,3.325,1.492238347155911
40.0,125.0,3.35,1.179071794004296
40.0,125.0,3.375,0.9755723629170407
40.0,125.0,3.4,0.8347009966235119
40.0,125.0,3.425,0.7312580589377878
40.0,125.0,3.45,0.6515275343518925
40.0,125.0,3.475,0.5875790083566891
40.0,125.0,3.5,0.5345429937870543
40.0,125.0,3.525,0.4892654568262693
40.0,125.0,3.55,0.44960207946463426
40.0,125.0,3.575,0.41402712202627795
40.0,125.0,3.6,0.381404147127656
40.0,125.0,3.625,0.3508440379904322
40.0,125.0,3.65,0.3216114746614503
40.0,125.0,3.675,0.2930582943098977
40.0,125.0,3.7,0.26457065289731896
40.0,125.0,3.725,0.23552087496340274
40.0,125.0,3.75,0.20521614148797643
40.0,125.0,3.775,0.17283530655160767
40.0,125.0,3.8,0.13734193492314106
40.0,130.0,2.4,0.3300609086449711
40.0,130.0,2.425,0.31518891128091414
40.0,130.0,2.45,0.3005648531042795
40.0,130.0,2.475,0.2861153172328965
40.0,130.0,2.5,0.2717701742077358
40.0,130.0,2.525,0.25745954955670597
40.0,130.0,2.55,0.24311252910955444
40.0,130.0,2.575,0.2286518260767346
40.0,130.0,2.6,0.21399759514093336
40.0,130.0,2.625,0.19906380995686113
40.0,130.0,2.65,0.18375494881243237
40.0,130.0,2.675,0.16796343428608917
40.0,130.0,2.7,0.15156607917687684
40.0,130.0,2.725,0.13441951470020214
40.0,130.0,2.75,0.11635419001123154
40.0,130.0,2.775,0.09716633405827424
40.0,130.0,2.8,0.0766071154416903
40.0,130.0,2.825,0.05436767152373128
40.0,130.0,2.85,0.030057976290978575
40.0,130.0,2.875,0.0031761461878501464
40.0,130.0,2.9,-0.02693728719781839
40.0,130.0,2.925,-0.06116644740042949
40.0,130.0,2.95,-0.10072440295017604
40.0,130.0,2.975,-0.14732842498343357
40.0,130.0,3.0,-0.20349213688040715
40.0,130.0,3.025,-0.273040782105803
40.0,130.0,3.05,-0.36207647998100156
40.0,130.0,3.075,-0.48092676409735435
40.0,130.0,3.1,-0.6482602430584848
40.0,130.0,3.125,-0.9006379785332541
40.0,130.0,3.15,-1.3125695496385796
40.0,130.0,3.175,-1.963248320973782
40.0,130.0,3.2,-1.063449622600564
40.0,130.0,3.225,2.409987894871758
40.0,130.0,3.25,1.9653029366140835
40.0,130.0,3.275,1.4711447269347908
40.0,130.0,3.3,1.1683307901325852
40.0,130.0,3.325,0.9725051705122968
40.0,130.0,3.35,0.8362795549679197
40.0,130.0,3.375,0.7356654489636814
40.0,130.0,3.4,0.6577291579250976
40.0,130.0,3.425,0.5949801566605325
40.0,130.0,3.45,0.5427992492082273
40.0,130.0,3.475,0.49817977285825654
40.0,130.0,3.5,0.4590688991727513
40.0,130.0,3.525,0.4240012825837992
40.0,130.0,3.55,0.391883603687444
40.0,130.0,3.575,0.36186073606456975
40.0,130.0,3.6,0.33322746254895363
40.0,130.0,3.625,0.30536567802157033
40.0,130.0,3.65,0.27769492200572715
40.0,130.0,3.675,0.24962782063261182
40.0,130.0,3.7,0.22052326204180048
40.0,130.0,3.725,0.18962941474283673
40.0,130.0,3.75,0.15600576710407266
40.0,130.0,3.775,0.11840710809640999
40.0,130.0,3.8,0.07510049555110289
40.0,135.0,2.4,0.3006331737570001
40.0,135.0,2.425,0.2858069295965999
40.0,135.0,2.45,0.2710856850321691
40.0,135.0,2.475,0.25639514523786033
40.0,135.0,2.5,0.24165935677290365
40.0,135.0,2.525,0.22679963961983998
40.0,135.0,2.55,0.21173252016694488
40.0,135.0,2.575,0.19636416131553747
40.0,135.0,2.6,0.1805929831292462
40.0,135.0,2.625,0.16430481768142735
40.0,135.0,2.65,0.147368130827443
40.0,135.0,2.675,0.12962922371965677
40.0,135.0,2.7,0.11090560183430205
40.0,135.0,2.725,0.09097709674051935
40.0,135.0,2.75,0.06957375123051117
40.0,135.0,2.775,0.04635891461938487
40.0,135.0,2.8,0.02090521478372693
40.0,135.0,2.825,-0.007340622491752696
40.0,135.0,2.85,-0.03910952087808048
40.0,135.0,2.875,-0.0753872107993495
40.0,135.0,2.9,-0.11754008765697732
40.0,135.0,2.925,-0.1675224464392115
40.0,135.0,2.95,-0.22822859541411333
40.0,135.0,2.975,-0.3041331391013851
40.0,135.0,3.0,-0.4025056456440345
40.0,135.0,3.025,-0.5359557345014836
40.0,135.0,3.05,-0.7281197065182125
40.0,135.0,3.075,-1.0275343137214217
40.0,135.0,3.1,-1.5394292231495215
40.0,135.0,3.125,-2.336633796349133
40.0,135.0,3.15,0.2755617416920923
40.0,135.0,3.175,2.6286201239363653
40.0,135.0,3.2,1.9026592892126646
40.0,135.0,3.225,1.4277790924097091
40.0,135.0,3.25,1.1444436509930014
40.0,135.0,3.275,0.9600384095288176
40.0,135.0,3.3,0.8305385741342168
40.0,135.0,3.325,0.7340949089961074
40.0,135.0,3.35,0.6588926114199631
40.0,135.0,3.375,0.5980380961355285
40.0,135.0,3.4,0.5472465474607062
40.0,135.0,3.425,0.5037089693622365
40.0,135.0,3.45,0.4654960738285823
40.0,135.0,3.475,0.4312245733276276
40.0,135.0,3.5,0.39985970906962554
40.0,135.0,3.525,0.3705919872920671
40.0,135.0,3.55,0.3427556675449901
40.0,135.0,3.575,0.31577088729336716
40.0,135.0,3.6,0.2890984515830155
40.0,135.0,3.625,0.2621997597126834
40.0,135.0,3.65,0.23449559267605105
40.0,135.0,3.675,0.2053170559936071
40.0,135.0,3.7,0.17383969327896343
40.0,135.0,3.725,0.13898675371414096
40.0,135.0,3.75,0.09927779796063951
40.0,135.0,3.775,0.05258051769344159
40.0,135.0,3.8,-0.0043081624027415215
40.0,140.0,2.4,0.2714891443098422
40.0,140.0,2.425,0.25639185270480025
40.0,140.0,2.45,0.24124578332831692
40.0,140.0,2.475,0.22596707674052932
40.0,140.0,2.5,0.2104663369097328
40.0,140.0,2.525,0.19464688478858944
40.0,140.0,2.55,0.17840162301741216
40.0,140.0,2.575,0.16160645274036423
40.0,140.0,2.6,0.1441209308687267
40.0,140.0,2.625,0.12578088422082873
40.0,140.0,2.65,0.10639031823150694
40.0,140.0,2.675,0.08571177728184524
40.0,140.0,2.7,0.06345280064000974
40.0,140.0,2.725,0.03924693912810197
40.0,140.0,2.75,0.012626489056582386
40.0,140.0,2.775,-0.017017579954425658
40.0,140.0,2.8,-0.050494324700881325
40.0,140.0,2.825,-0.08890373494994044
40.0,140.0,2.85,-0.13378575610098373
40.0,140.0,2.875,-0.18736627678926898
40.0,140.0,2.9,-0.252986291301135
40.0,140.0,2.925,-0.33588833292689013
40.0,140.0,2.95,-0.44478809763374183
40.0,140.0,2.975,-0.5952177751822891
40.0,140.0,3.0,-0.817442983741677
40.0,140.0,3.025,-1.177124903798614
40.0,140.0,3.05,-1.8263719740259994
40.0,140.0,3.075,-2.720239101953519
40.0,140.0,3.1,2.1802631903458405
40.0,140.0,3.125,2.589460910695597
40.0,140.0,3.15,1.8087295118924962
40.0,140.0,3.175,1.3734345358146909
40.0,140.0,3.2,1.1133141967456806
40.0,140.0,3.225,0.9417963699723325
40.0,140.0,3.25,0.8199014023644701
40.0,140.0,3.275,0.7282489189811041
40.0,140.0,3.3,0.6562492208701195
40.0,140.0,3.325,0.597654876357136
40.0,140.0,3.35,0.5485439594294823
40.0,140.0,3.375,0.5063236137323749
40.0,140.0,3.4,0.4692007923248409
40.0,140.0,3.425,0.43588331481355763
40.0,140.0,3.45,0.4054015893187706
40.0,140.0,3.475,0.37699666385804653
40.0,140.0,3.5,0.35004596776895974
40.0,140.0,3.525,0.32401067516805143
40.0,140.0,3.55,0.2983949592193421
40.0,140.0,3.575,0.2727105312401928
40.0,140.0,3.6,0.24644110321858487
40.0,140.0,3.625,0.21900126311589313
40.0,140.0,3.65,0.18968264329477244
40.0,140.0,3.675,0.1575765585753424
40.0,140.0,3.7,0.12145500049945199
40.0,140.0,3.725,0.07957805473793625
40.0,140.0,3.75,0.02937053989828
40.0,140.0,3.775,-0.0331292152316199
40.0,140.0,3.8,-0.11416138423278509
40.0,145.0,2.4,0.24191423298160633
40.0,145.0,2.425,0.2262002009037294
40.0,145.0,2.45,0.21025489265970015
40.0,145.0,2.475,0.19397524604654537
40.0,145.0,2.5,0.17724677273936681
40.0,145.0,2.525,0.15994041842990378
40.0,145.0,2.55,0.1419073049699732
40.0,145.0,2.575,0.12296968076338971
40.0,145.0,2.6,0.10291769642571265
40.0,145.0,2.625,0.08149654273291827
40.0,145.0,2.65,0.05839071858572228
40.0,145.0,2.675,0.03320299063657677
40.0,145.0,2.7,0.005423603216541328
40.0,145.0,2.725,-0.02561497962234438
40.0,145.0,2.75,-0.06080498727827582
40.0,145.0,2.775,-0.10136987342703702
40.0,145.0,2.8,-0.14903873131675913
40.0,145.0,2.825,-0.20633782248420388
40.0,145.0,2.85,-0.2771097045120129
40.0,145.0,2.875,-0.36749468812978037
40.0,145.0,2.9,-0.4879219068648885
40.0,145.0,2.925,-0.6575463880564055
40.0,145.0,2.95,-0.9152953328826697
40.0,145.0,2.975,-1.3509356866214135
40.0,145.0,3.0,-2.187091460032924
40.0,145.0,3.025,-2.822231855584638
40.0,145.0,3.05,3.32444009077472
40.0,145.0,3.075,2.436141109746763
40.0,145.0,3.1,1.7078824451511099
40.0,145.0,3.125,1.3169471116964548
40.0,145.0,3.15,1.0798106399028748
40.0,145.0,3.175,0.9209580740642231
40.0,145.0,3.2,0.8066267693429549
40.0,145.0,3.225,0.7198156944275655
40.0,145.0,3.25,0.6511029738017801
40.0,145.0,3.275,0.594859744184971
40.0,145.0,3.3,0.5475145873126366
40.0,145.0,3.325,0.506685511006889
40.0,145.0,3.35,0.47071363372233405
40.0,145.0,3.375,0.43839715154861886
40.0,145.0,3.4,0.4088313527402089
40.0,145.0,3.425,0.38130751783487193
40.0,145.0,3.45,0.3552456340166927
40.0,145.0,3.475,0.330146774319461
40.0,145.0,3.5,0.3055565688226158
40.0,145.0,3.525,0.281034010651686
40.0,145.0,3.55,0.25612105560535037
40.0,145.0,3.575,0.2303085483168949
40.0,145.0,3.6,0.20299295572922207
40.0,145.0,3.625,0.17341580229613532
40.0,145.0,3.65,0.14057256182380398
40.0,145.0,3.675,0.10306799647400602
40.0,145.0,3.7,0.058876688515352736
40.0,145.0,3.725,0.004928608935732521
40.0,145.0,3.75,-0.06362336636713743
40.0,145.0,3.775,-0.15429708648772347
40.0,145.0,3.8,-0.2777714090589319
40.0,150.0,2.4,0.21115118284335846
40.0,150.0,2.425,0.19440741177590595
40.0,150.0,2.45,0.17719796021638826
40.0,150.0,2.475,0.15938550783723607
40.0,150.0,2.5,0.14081139202364348
40.0,150.0,2.525,0.12128956227305822
40.0,150.0,2.55,0.10059693049453633
40.0,150.0,2.575,0.07845874798658475
40.0,150.0,2.6,0.0545366535460046
40.0,150.0,2.625,0.02840304008624513
40.0,150.0,2.65,-0.0004939082696792319
40.0,150.0,2.675,-0.03288067115539262
40.0,150.0,2.7,-0.06973479854522016
40.0,150.0,2.725,-0.11240752861775709
40.0,150.0,2.75,-0.16282486739695068
40.0,150.0,2.775,-0.2238337524726594
40.0,150.0,2.8,-0.29982240836874074
40.0,150.0,2.825,-0.3979237678390649
40.0,150.0,2.85,-0.5305311476237033
40.0,150.0,2.875,-0.7211196306224039
40.0,150.0,2.9,-1.0195546397839579
40.0,150.0,2.925,-1.5486735743781783
40.0,150.0,2.95,-2.6333638985223837
40.0,150.0,2.975,-1.7886628012974222
40.0,150.0,3.0,3.518389800265883
40.0,150.0,3.025,2.2624581796953867
40.0,150.0,3.05,1.6141597206548912
40.0,150.0,3.075,1.263973396850556
40.0,150.0,3.1,1.0473760316774228
40.0,150.0,3.125,0.8999548181758675
40.0,150.0,3.15,0.7925564697871732
40.0,150.0,3.175,0.7102507980519558
40.0,150.0,3.2,0.6446380904616068
40.0,150.0,3.225,0.5906366853143266
40.0,150.0,3.25,0.5449888151424046
40.0,150.0,3.275,0.5055032543245255
40.0,150.0,3.3,0.4706436756086675
40.0,150.0,3.325,0.4392914593690751
40.0,150.0,3.35,0.41060188073836607
40.0,150.0,3.375,0.3839126720808063
40.0,150.0,3.4,0.35868297322533554
40.0,150.0,3.425,0.33445018627956624
40.0,150.0,3.45,0.3107971669796468
40.0,150.0,3.475,0.2873247214124653
40.0,150.0,3.5,0.2636255487532841
40.0,150.0,3.525,0.23925600218611745
40.0,150.0,3.55,0.21370139984428632
40.0,150.0,3.575,0.18632885182669656
40.0,150.0,3.6,0.1563179627438318
40.0,150.0,3.625,0.12255306862984584
40.0,150.0,3.65,0.08345759796296372
40.0,150.0,3.675,0.03667874707032796
40.0,150.0,3.7,-0.02141033511286844
40.0,150.0,3.725,-0.09654186071474588
40.0,150.0,3.75,-0.19762632169087235
40.0,150.0,3.775,-0.3348717955366745
40.0,150.0,3.8,-0.48416442539532667
40.0,155.0,2.4,0.1783186190359032
40.0,155.0,2.425,0.1600125590209838
40.0,155.0,2.45,0.1409180106661226
40.0,155.0,2.475,0.12083770298279105
40.0,155.0,2.5,0.09953486561848979
40.0,155.0,2.525,0.07672081354969519
40.0,155.0,2.55,0.05203568194140935
40.0,155.0,2.575,0.02502052329819726
40.0,155.0,2.6,-0.00491677983230009
40.0,155.0,2.625,-0.038559620132269885
40.0,155.0,2.65,-0.07696861136218418
40.0,155.0,2.675,-0.1216198161077154
40.0,155.0,2.7,-0.17463743585799213
40.0,155.0,2.725,-0.23919185963845954
40.0,155.0,2.75,-0.3202331034503244
40.0,155.0,2.775,-0.4259427893242283
40.0,155.0,2.8,-0.5708512487370975
40.0,155.0,2.825,-0.7833321738243139
40.0,155.0,2.85,-1.1264210842665827
40.0,155.0,2.875,-1.766554587164504
40.0,155.0,2.9,-3.1664843600694823
40.0,155.0,2.925,1.045217967457692
40.0,155.0,2.95,3.334238818890641
40.0,155.0,2.975,2.1078365773283854
40.0,155.0,3.0,1.5339009730541207
40.0,155.0,3.025,1.2176196448541798
40.0,155.0,3.05,1.018192845453357
40.0,155.0,3.075,0.8804817837149743
40.0,155.0,3.1,0.7790661882488332
40.0,155.0,3.125,0.7007023637986171
40.0,155.0,3.15,0.6378332483131354
40.0,155.0,3.175,0.5858341351622934
40.0,155.0,3.2,0.5417123793884999
40.0,155.0,3.225,0.5034397870366433
40.0,155.0,3.25,0.4695857755793862
40.0,155.0,3.275,0.43910406163530225
40.0,155.0,3.3,0.41120236315253184
40.0,155.0,3.325,0.38525910047074563
40.0,155.0,3.35,0.3607676259277334
40.0,155.0,3.375,0.33729686715684226
40.0,155.0,3.4,0.314461641395287
40.0,155.0,3.425,0.2918981989578753
40.0,155.0,3.45,0.26924167525594667
40.0,155.0,3.475,0.24610246698159483
40.0,155.0,3.5,0.22203822785281954
40.0,155.0,3.525,0.19651751420235292
40.0,155.0,3.55,0.16887630068465415
40.0,155.0,3.575,0.1382238216555346
40.0,155.0,3.6,0.103274920254712
40.0,155.0,3.625,0.06226012937130051
40.0,155.0,3.65,0.01245504699174646
40.0,155.0,3.675,-0.05040107617813681
40.0,155.0,3.7,-0.13310473760474198
40.0,155.0,3.725,-0.24580856307664492
40.0,155.0,3.75,-0.39525965423305437
40.0,155.0,3.775,-0.5015854428561188
40.0,155.0,3.8,0.035640238002837686
40.0,160.0,2.4,0.14230129499557143
40.0,160.0,2.425,0.1216988156419176
40.0,160.0,2.45,0.09983415981850786
40.0,160.0,2.475,0.07640280543851076
40.0,160.0,2.5,0.05102471694893615
40.0,160.0,2.525,0.023216954828472882
40.0,160.0,2.55,-0.0076481062604694975
40.0,160.0,2.575,-0.0424071533128367
40.0,160.0,2.6,-0.08219847521805815
40.0,160.0,2.625,-0.1286132171484206
40.0,160.0,2.65,-0.1839623818562769
40.0,160.0,2.675,-0.2517206170839155
40.0,160.0,2.7,-0.33738253344584135
40.0,160.0,2.725,-0.4501659420081147
40.0,160.0,2.75,-0.6067741875593051
40.0,160.0,2.775,-0.840779506058779
40.0,160.0,2.8,-1.2300414521079677
40.0,160.0,2.825,-1.9950322803532603
40.0,160.0,2.85,-3.762159739237147
40.0,160.0,2.875,3.757020848146801
40.0,160.0,2.9,3.0942569808492992
40.0,160.0,2.925,1.9839437760801695
40.0,160.0,2.95,1.4691843441980355
40.0,160.0,2.975,1.1793543168549603
40.0,160.0,3.0,0.9935336904724926
40.0,160.0,3.025,0.863648698171478
40.0,160.0,3.05,0.7671261043101186
40.0,160.0,3.075,0.6920253405976042
40.0,160.0,3.1,0.6314496768780412
40.0,160.0,3.125,0.581137209954258
40.0,160.0,3.15,0.5383082912654156
40.0,160.0,3.175,0.5010671003445748
40.0,160.0,3.2,0.4680697292602051
40.0,160.0,3.225,0.4383296732310034
40.0,160.0,3.25,0.4110982736180797
40.0,160.0,3.275,0.3857879394284677
40.0,160.0,3.3,0.36192063302046523
40.0,160.0,3.325,0.3390915758295431
40.0,160.0,3.35,0.3169420796837046
40.0,160.0,3.375,0.29513752589576014
40.0,160.0,3.4,0.27334761264017055
40.0,160.0,3.425,0.25122658132584064
40.0,160.0,3.45,0.2283928614336642
40.0,160.0,3.475,0.20441721022347484
40.0,160.0,3.5,0.17869421102105382
40.0,160.0,3.525,0.15049951607725093
40.0,160.0,3.55,0.11886362793992875
40.0,160.0,3.575,0.08238616604924834
40.0,160.0,3.6,0.03900139012281764
40.0,160.0,3.625,-0.014460823403826682
40.0,160.0,3.65,-0.08303518019653007
40.0,160.0,3.675,-0.17476653947679713
40.0,160.0,3.7,-0.3008384703321783
40.0,160.0,3.725,-0.4586445967712905
40.0,160.0,3.75,-0.4591839644741455
40.0,160.0,3.775,0.44075728655082386
40.0,160.0,3.8,1.0477631017331497
40.0,165.0,2.4,0.10157982724655885
40.0,165.0,2.425,0.07760468911530194
40.0,165.0,2.45,0.051627527490054385
40.0,165.0,2.475,0.023142386207500296
40.0,165.0,2.5,-0.008509761918684125
40.0,165.0,2.525,-0.04420616067608346
40.0,165.0,2.55,-0.08514628275915499
40.0,165.0,2.575,-0.1330240477520554
40.0,165.0,2.6,-0.19031216537491988
40.0,165.0,2.625,-0.26074996522401145
40.0,165.0,2.65,-0.35031279388164827
40.0,165.0,2.675,-0.46915370599801304
40.0,165.0,2.7,-0.6359989463555168
40.0,165.0,2.725,-0.8894251198910121
40.0,165.0,2.75,-1.3224802667332052
40.0,165.0,2.775,-2.216781295609546
40.0,165.0,2.8,-4.359270067788956
40.0,165.0,2.825,4.8719395706056865
40.0,165.0,2.85,2.8969489510712862
40.0,165.0,2.875,1.891891472141985
40.0,165.0,2.9,1.4201717838786128
40.0,165.0,2.925,1.1497523599349435
40.0,165.0,2.95,0.9741002840450902
40.0,165.0,2.975,0.8501584001622582
40.0,165.0,3.0,0.7574002537690583
40.0,165.0,3.025,0.6848363750298933
40.0,165.0,3.05,0.6260587561316562
40.0,165.0,3.075,0.5770773755748275
40.0,165.0,3.1,0.5352740011017778
40.0,165.0,3.125,0.49885416861830933
40.0,165.0,3.15,0.4665409833801522
40.0,165.0,3.175,0.43739459134885345
40.0,165.0,3.2,0.41070068098890744
40.0,165.0,3.225,0.38589863976809385
40.0,165.0,3.25,0.3625332889443154
40.0,165.0,3.275,0.3402209482015629
40.0,165.0,3.3,0.3186242304471682
40.0,165.0,3.325,0.29743199274541227
40.0,165.0,3.35,0.2763422421873378
40.0,165.0,3.375,0.2550488513037955
40.0,165.0,3.4,0.23323337983971534
40.0,165.0,3.425,0.21045620136989193
40.0,165.0,3.45,0.18624133339076565
40.0,165.0,3.475,0.1600160110868165
40.0,165.0,3.5,0.13097879234988719
40.0,165.0,3.525,0.09802135589047334
40.0,165.0,3.55,0.05954865898465151
40.0,165.0,3.575,0.013168255220829391
40.0,165.0,3.6,-0.04485403028803899
40.0,165.0,3.625,-0.12053101422586487
40.0,165.0,3.65,-0.22343618513265498
40.0,165.0,3.675,-0.36523518351689804
40.0,165.0,3.7,-0.5218674196553952
40.0,165.0,3.725,-0.3135403976206659
40.0,165.0,3.75,0.7805068491197447
40.0,165.0,3.775,1.0425325631376179
40.0,165.0,3.8,0.8929843681601862
40.0,170.0,2.4,0.05393897653313128
40.0,170.0,2.425,0.02491226838709905
40.0,170.0,2.45,-0.007352879291551912
40.0,170.0,2.475,-0.04376696624603756
40.0,170.0,2.5,-0.08557791142765331
40.0,170.0,2.525,-0.13455007884136858
40.0,170.0,2.55,-0.19327022946179565
40.0,170.0,2.575,-0.2656900300197052
40.0,170.0,2.6,-0.35815674943759673
40.0,170.0,2.625,-0.48156042264913484
40.0,170.0,2.65,-0.656257911352776
40.0,170.0,2.675,-0.9250309127942535
40.0,170.0,2.7,-1.394410209269465
40.0,170.0,2.725,-2.406272453687437
40.0,170.0,2.75,-4.8853586984310695
40.0,170.0,2.775,5.118414876548957
40.0,170.0,2.8,2.7627311272737507
40.0,170.0,2.825,1.8298701722654278
40.0,170.0,2.85,1.3864136571805066
40.0,170.0,2.875,1.128996057606912
40.0,170.0,2.9,0.9602857373534237
40.0,170.0,2.925,0.8404631741822562
40.0,170.0,2.95,0.7503458359477106
40.0,170.0,2.975,0.679578786935445
40.0,170.0,3.0,0.6220846501862359
40.0,170.0,3.025,0.5740596291090578
40.0,170.0,3.05,0.5329973281611079
40.0,170.0,3.075,0.49717429761024834
40.0,170.0,3.1,0.4653611418060942
40.0,170.0,3.125,0.43665149406546355
40.0,170.0,3.15,0.41035605254943963
40.0,170.0,3.175,0.38593416561018806
40.0,170.0,3.2,0.36294786067754525
40.0,170.0,3.225,0.3410296228632781
40.0,170.0,3.25,0.3198587241232088
40.0,170.0,3.275,0.29914313186522357
40.0,170.0,3.3,0.27860757678072895
40.0,170.0,3.325,0.2579848617745526
40.0,170.0,3.35,0.2369362042307672
40.0,170.0,3.375,0.2150868771333994
40.0,170.0,3.4,0.19207501421412698
40.0,170.0,3.425,0.16739217994751046
40.0,170.0,3.45,0.14037522200910385
40.0,170.0,3.475,0.1101291524204044
40.0,170.0,3.5,0.07539483724225292
40.0,170.0,3.525,0.03432742324525841
40.0,170.0,3.55,-0.01588917463147409
40.0,170.0,3.575,-0.0797275637388953
40.0,170.0,3.6,-0.16448956794060776
40.0,170.0,3.625,-0.28166990277263754
40.0,170.0,3.65,-0.4419221959967595
40.0,170.0,3.675,-0.573208504016355
40.0,170.0,3.7,-0.018721736857841894
40.0,170.0,3.725,0.9936732768578916
40.0,170.0,3.75,1.0094775439527173
40.0,170.0,3.775,0.8424508725878121
40.0,170.0,3.8,0.70999639763036
40.0,175.0,2.4,-0.004078049075136376
40.0,175.0,2.425,-0.040962382732011936
40.0,175.0,2.45,-0.08331822701136946
40.0,175.0,2.475,-0.13295419433653133
40.0,175.0,2.5,-0.1925271767938577
40.0,175.0,2.525,-0.266100902132719
40.0,175.0,2.55,-0.36024072008789165
40.0,175.0,2.575,-0.4862965050388268
40.0,175.0,2.6,-0.665648979158883
40.0,175.0,2.625,-0.9438180995199684
40.0,175.0,2.65,-1.4366769534278114
40.0,175.0,2.675,-2.5331445845042526
40.0,175.0,2.7,-5.3275434093891265
40.0,175.0,2.725,5.1740036115906705
40.0,175.0,2.75,2.6927563710633726
40.0,175.0,2.775,1.7961334494255201
40.0,175.0,2.8,1.3675229060704728
40.0,175.0,2.825,1.1171887032672911
40.0,175.0,2.85,0.9523602183381384
40.0,175.0,2.875,0.8348863052220079
40.0,175.0,2.9,0.7462973407325821
40.0,175.0,2.925,0.6765827913340776
40.0,175.0,2.95,0.6198482333965016
40.0,175.0,2.975,0.5723947166299244
40.0,175.0,3.0,0.5317798774284388
40.0,175.0,3.025,0.49632165435610404
40.0,175.0,3.05,0.46481890454637576
40.0,175.0,3.075,0.43638567886393526
40.0,175.0,3.1,0.4103483997259588
40.0,175.0,3.125,0.3861794427454319
40.0,175.0,3.15,0.36345256151660305
40.0,175.0,3.175,0.34181181661750293
40.0,175.0,3.2,0.3209492376325995
40.0,175.0,3.225,0.30058695893261256
40.0,175.0,3.25,0.28048117950292545
40.0,175.0,3.275,0.260358792442133
40.0,175.0,3.3,0.2398695976414787
40.0,175.0,3.325,0.21875956184312756
40.0,175.0,3.35,0.1966816994056959
40.0,175.0,3.375,0.17319451767491095
40.0,175.0,3.4,0.147738650245121
40.0,175.0,3.425,0.11957443185433558
40.0,175.0,3.45,0.08768338757988108
40.0,175.0,3.475,0.050606727197294955
40.0,175.0,3.5,0.006168900688901045
40.0,175.0,3.525,-0.049012921779027996
40.0,175.0,3.55,-0.12041385920607496
40.0,175.0,3.575,-0.21709795619297217
40.0,175.0,3.6,-0.3529693258587141
40.0,175.0,3.625,-0.5334357254670969
40.0,175.0,3.65,-0.577623886564679
40.0,175.0,3.675,0.41638062184274016
40.0,175.0,3.7,1.0910541036122634
40.0,175.0,3.725,0.9663076628312559
40.0,175.0,3.75,0.7983006816143507
40.0,175.0,3.775,0.6751094413674984
40.0,175.0,3.8,0.5858544967641236
40.0,180.0,2.4,-0.07828140741538599
40.0,180.0,2.425,-0.12811595495099845
40.0,180.0,2.45,-0.18789669981714086
40.0,180.0,2.475,-0.2617102881264575
40.0,180.0,2.5,-0.35616906821184996
40.0,180.0,2.525,-0.48270934986549874
40.0,180.0,2.55,-0.6629566770999932
40.0,180.0,2.575,-0.9432212543174422
40.0,180.0,2.6,-1.442507308242269
40.0,180.0,2.625,-2.5704995199886524
40.0,180.0,2.65,-5.718005117190145
40.0,180.0,2.675,5.311798304114764
40.0,180.0,2.7,2.6872806950628836
40.0,180.0,2.725,1.7901876132023116
40.0,180.0,2.75,1.3635425139958324
40.0,180.0,2.775,1.1145561382764289
40.0,180.0,2.8,0.9506016022598917
40.0,180.0,2.825,0.8337133902191559
40.0,180.0,2.85,0.745533437760157
40.0,180.0,2.875,0.6761161480216973
40.0,180.0,2.9,0.6196063427111744
40.0,180.0,2.925,0.5723300086974422
40.0,180.0,2.95,0.5318615015326539
40.0,180.0,2.975,0.4965306324010302
40.0,180.0,3.0,0.46514524276280367
40.0,180.0,3.025,0.43682668455266527
40.0,180.0,3.05,0.41090779914290104
40.0,180.0,3.075,0.3868670951107881
40.0,180.0,3.1,0.36428470385077466
40.0,180.0,3.125,0.34281190701462916
40.0,180.0,3.15,0.3221470016533798
40.0,180.0,3.175,0.30203878510481186
40.0,180.0,3.2,0.28224252410013334
40.0,180.0,3.225,0.262446567723663
40.0,180.0,3.25,0.24239294855126495
40.0,180.0,3.275,0.2218454398846147
40.0,180.0,3.3,0.2004815811740828
40.0,180.0,3.325,0.17791332617136835
40.0,180.0,3.35,0.15365845166126527
40.0,180.0,3.375,0.12709129365490415
40.0,180.0,3.4,0.09736742648152936
40.0,180.0,3.425,0.06330274756039653
40.0,180.0,3.45,0.02317059136967041
40.0,180.0,3.475,-0.025653031948341835
40.0,180.0,3.5,-0.08733235573109743
40.0,180.0,3.525,-0.16875041355974255
40.0,180.0,3.55,-0.2814535884389469
40.0,180.0,3.575,-0.44214474361260775
40.0,180.0,3.6,-0.6383810057199286
40.0,180.0,3.625,-0.4453716102427838
40.0,180.0,3.65,0.8623693036596166
40.0,180.0,3.675,1.1074011490967444
40.0,180.0,3.7,0.9185495709672092
40.0,180.0,3.725,0.7573733163587831
40.0,180.0,3.75,0.6426432475632866
40.0,180.0,3.775,0.5584834971451811
40.0,180.0,3.8,0.49349256491920646
50.0,0.0,2.4,0.25870530113847123
50.0,0.0,2.425,0.2521377939630377
50.0,0.0,2.45,0.24557312093278344
50.0,0.0,2.475,0.23900160273714424
50.0,0.0,2.5,0.23241329374414563
50.0,0.0,2.525,0.22579852128512756
50.0,0.0,2.55,0.21914674242229001
50.0,0.0,2.575,0.2124431029637431
50.0,0.0,2.6,0.20567592576049262
50.0,0.0,2.625,0.1988326826222025
50.0,0.0,2.65,0.19189907222634278
50.0,0.0,2.675,0.18485950673211649
50.0,0.0,2.7,0.17769699521139892
50.0,0.0,2.725,0.17039298253897486
50.0,0.0,2.75,0.16292707615495916
50.0,0.0,2.775,0.15527671168461418
50.0,0.0,2.8,0.14741679375531364
50.0,0.0,2.825,0.13931925552916857
50.0,0.0,2.85,0.1309525249497238
50.0,0.0,2.875,0.12228087570561318
50.0,0.0,2.9,0.11326363242181425
50.0,0.0,2.925,0.10385419013025128
50.0,0.0,2.95,0.09399879542813129
50.0,0.0,2.975,0.08363501945211886
50.0,0.0,3.0,0.07268982891473243
50.0,0.0,3.025,0.061077128051617385
50.0,0.0,3.05,0.04869459702534684
50.0,0.0,3.075,0.035419584422429005
50.0,0.0,3.1,0.021103712612908578
50.0,0.0,3.125,0.005565708710688618
50.0,0.0,3.15,-0.011418245025896757
50.0,0.0,3.175,-0.030127680552232534
50.0,0.0,3.2,-0.05091608651548011
50.0,0.0,3.225,-0.07423658188850175
50.0,0.0,3.25,-0.1006786520007578
50.0,0.0,3.275,-0.13102160245764838
50.0,0.0,3.3,-0.16631357485834025
50.0,0.0,3.325,-0.20798977091804813
50.0,0.0,3.35,-0.25804972121517217
50.0,0.0,3.375,-0.3193165756391226
50.0,0.0,3.4,-0.3957766277082602
50.0,0.0,3.425,-0.4928234653714429
50.0,0.0,3.45,-0.6163150092252808
50.0,0.0,3.475,-0.7646664501824616
50.0,0.0,3.5,-0.8849545377696464
50.0,0.0,3.525,-0.6949853914446601
50.0,0.0,3.55,0.28863902141083153
50.0,0.0,3.575,1.1439035470068601
50.0,0.0,3.6,1.233185514444655
50.0,0.0,3.625,1.0896594982626504
50.0,0.0,3.65,0.9386420033789397
50.0,0.0,3.675,0.8163099509020816
50.0,0.0,3.7,0.7207216653139812
50.0,0.0,3.725,0.6453661309681609
50.0,0.0,3.75,0.5847985422491317
50.0,0.0,3.775,0.5350930503407916
50.0,0.0,3.8,0.49349256012298964
50.0,5.0,2.4,0.23479828281391546
50.0,5.0,2.425,0.2278941300568777
50.0,5.0,2.45,0.22096142049570933
50.0,5.0,2.475,0.21398824609992678
50.0,5.0,2.5,0.2069620886749452
50.0,5.0,2.525,0.19987019915805063
50.0,5.0,2.55,0.1926991412911535
50.0,5.0,2.575,0.18543140300220506
50.0,5.0,2.6,0.1780506881444447
50.0,5.0,2.625,0.17053970416530567
50.0,5.0,2.65,0.16287901403889818
50.0,5.0,2.675,0.1550471868379432
50.0,5.0,2.7,0.1470205454258088
50.0,5.0,2.725,0.1387728424176964
50.0,5.0,2.75,0.13027482916173555
50.0,5.0,2.775,0.12149369841598245
50.0,5.0,2.8,0.11239244649243538
50.0,5.0,2.825,0.10292908907061597
50.0,5.0,2.85,0.09305569458358212
50.0,5.0,2.875,0.08271718577289083
50.0,5.0,2.9,0.07184984185843654
50.0,5.0,2.925,0.06037941044684968
50.0,5.0,2.95,0.04821870599950765
50.0,5.0,2.975,0.035264526123395985
50.0,5.0,3.0,0.02139365185120669
50.0,5.0,3.025,0.006457603796185524
50.0,5.0,3.05,-0.009724312416785143
50.0,5.0,3.075,-0.02737434447907981
50.0,5.0,3.1,-0.04676900089149889
50.0,5.0,3.125,-0.06825659278405234
50.0,5.0,3.15,-0.09228182240470036
50.0,5.0,3.175,-0.11942080784674883
50.0,5.0,3.2,-0.15043179983379842
50.0,5.0,3.225,-0.1863297871735853
50.0,5.0,3.25,-0.22849765984573966
50.0,5.0,3.275,-0.27885261577711706
50.0,5.0,3.3,-0.34009102279251563
50.0,5.0,3.325,-0.41601998795990214
50.0,5.0,3.35,-0.5118619966274723
50.0,5.0,3.375,-0.633768864939272
50.0,5.0,3.4,-0.7834634160569657
50.0,5.0,3.425,-0.927352848094833
50.0,5.0,3.45,-0.856463010787215
50.0,5.0,3.475,-0.02375191443787762
50.0,5.0,3.5,1.0550918715938742
50.0,5.0,3.525,1.2943004760695378
50.0,5.0,3.55,1.1655583530037255
50.0,5.0,3.575,1.000684812758332
50.0,5.0,3.6,0.8635429694776329
50.0,5.0,3.625,0.7562220161336336
50.0,5.0,3.65,0.671976646285175
50.0,5.0,3.675,0.6046332562609839
50.0,5.0,3.7,0.5496649327156468
50.0,5.0,3.725,0.5038868568137179
50.0,5.0,3.75,0.4650546871575355
50.0,5.0,3.775,0.4315629766803826
50.0,5.0,3.8,0.40224127579881863
50.0,10.0,2.4,0.20949107361353436
50.0,10.0,2.425,0.2020838993007279
50.0,10.0,2.45,0.19460332746408288
50.0,10.0,2.475,0.18703376477791805
50.0,10.0,2.5,0.1793585290047959
50.0,10.0,2.525,0.17156015102575473
50.0,10.0,2.55,0.16362044897214745
50.0,10.0,2.575,0.1555164629633614
50.0,10.0,2.6,0.14722492920715005
50.0,10.0,2.625,0.13872117889765676
50.0,10.0,2.65,0.12997750732565239
50.0,10.0,2.675,0.12096306074116081
50.0,10.0,2.7,0.11164364162618103
50.0,10.0,2.725,0.1019802602391378
50.0,10.0,2.75,0.09192936690739231
50.0,10.0,2.775,0.08144144253937816
50.0,10.0,2.8,0.07045978958792264
50.0,10.0,2.825,0.05891906250480239
50.0,10.0,2.85,0.0467433601118769
50.0,10.0,2.875,0.033843781502677014
50.0,10.0,2.9,0.02011527117317192
50.0,10.0,2.925,0.0054325094411985814
50.0,10.0,2.95,-0.01035549289030821
50.0,10.0,2.975,-0.027432578195135334
50.0,10.0,3.0,-0.0460250965582079
50.0,10.0,3.025,-0.06641504036168559
50.0,10.0,3.05,-0.08895815314012916
50.0,10.0,3.075,-0.11410926088985066
50.0,10.0,3.1,-0.14245826023566419
50.0,10.0,3.125,-0.17478207651503053
50.0,10.0,3.15,-0.21212086475893613
50.0,10.0,3.175,-0.25589123823688714
50.0,10.0,3.2,-0.30805544824823455
50.0,10.0,3.225,-0.37137046357101866
50.0,10.0,3.25,-0.44972824143218604
50.0,10.0,3.275,-0.5484875718352549
50.0,10.0,3.3,-0.6741039288939079
50.0,10.0,3.325,-0.8293791792005527
50.0,10.0,3.35,-0.9857837971552678
50.0,10.0,3.375,-0.9557173983335168
50.0,10.0,3.4,-0.1904199805535914
50.0,10.0,3.425,0.9815053328139001
50.0,10.0,3.45,1.3236975579563794
50.0,10.0,3.475,1.2171971486740591
50.0,10.0,3.5,1.0495617952999012
50.0,10.0,3.525,0.9056269180229269
50.0,10.0,3.55,0.7919707439266596
50.0,10.0,3.575,0.7025739053171406
50.0,10.0,3.6,0.6310848595253276
50.0,10.0,3.625,0.5727489011707102
50.0,10.0,3.65,0.5241847876975014
50.0,10.0,3.675,0.48299455129099983
50.0,10.0,3.7,0.447457427407915
50.0,10.0,3.725,0.41631660133455595
50.0,10.0,3.75,0.3886362905288833
50.0,10.0,3.775,0.36370634179368005
50.0,10.0,3.8,0.34097808293717535
50.0,15.0,2.4,0.18181479367553383
50.0,15.0,2.425,0.173649255397869
50.0,15.0,2.45,0.16534208315746696
50.0,15.0,2.475,0.1568720956725412
50.0,15.0,2.5,0.14821633147385185
50.0,15.0,2.525,0.1393504910929016
50.0,15.0,2.55,0.13024939708556646
50.0,15.0,2.575,0.12088184286459172
50.0,15.0,2.6,0.11121526827755503
50.0,15.0,2.625,0.1012150965836362
50.0,15.0,2.65,0.09084245955375576
50.0,15.0,2.675,0.08005368738688956
50.0,15.0,2.7,0.0687993399142468
50.0,15.0,2.725,0.05702288238718062
50.0,15.0,2.75,0.044658929116074754
50.0,15.0,2.775,0.031630875684397826
50.0,15.0,2.8,0.017847861416235115
50.0,15.0,2.825,0.00320082411716577
50.0,15.0,2.85,-0.012442618587328983
50.0,15.0,2.875,-0.029244820726638872
50.0,15.0,2.9,-0.047406802107291465
50.0,15.0,2.925,-0.06717972954721725
50.0,15.0,2.95,-0.08888029962081186
50.0,15.0,2.975,-0.11291172143425485
50.0,15.0,3.0,-0.13979292271961316
50.0,15.0,3.025,-0.17020007468185597
50.0,15.0,3.05,-0.20502688448052467
50.0,15.0,3.075,-0.24547380234720076
50.0,15.0,3.1,-0.29318159683489364
50.0,15.0,3.125,-0.3504391571712421
50.0,15.0,3.15,-0.4204962662214085
50.0,15.0,3.175,-0.5079988225442164
50.0,15.0,3.2,-0.6195014984226518
50.0,15.0,3.225,-0.763298286807689
50.0,15.0,3.25,-0.9443326410085694
50.0,15.0,3.275,-1.1312746548934718
50.0,15.0,3.3,-1.0952606345705098
50.0,15.0,3.325,-0.17205433831143013
50.0,15.0,3.35,1.1122600952788266
50.0,15.0,3.375,1.422112600263958
50.0,15.0,3.4,1.289768476560605
50.0,15.0,3.425,1.1089329701819286
50.0,15.0,3.45,0.9568379034230096
50.0,15.0,3.475,0.8372918299941278
50.0,15.0,3.5,0.7432081067802746
50.0,15.0,3.525,0.6678486618472709
50.0,15.0,3.55,0.6062171453450587
50.0,15.0,3.575,0.5547791814042148
50.0,15.0,3.6,0.5110354976236327
50.0,15.0,3.625,0.4731936325916933
50.0,15.0,3.65,0.4399437089603543
50.0,15.0,3.675,0.41030925579882443
50.0,15.0,3.7,0.3835477377930621
50.0,15.0,3.725,0.35908337484457015
50.0,15.0,3.75,0.336461010418898
50.0,15.0,3.775,0.31531388878987626
50.0,15.0,3.8,0.2953407947239368
50.0,20.0,2.4,0.1502246892507032
50.0,20.0,2.425,0.14088620367911428
50.0,20.0,2.45,0.13130552140690974
50.0,20.0,2.475,0.12145587619097153
50.0,20.0,2.5,0.1113091051413411
50.0,20.0,2.525,0.10083593807838998
50.0,20.0,2.55,0.09000591064445555
50.0,20.0,2.575,0.07878098807468495
50.0,20.0,2.6,0.06712041392290713
50.0,20.0,2.625,0.05497788661874136
50.0,20.0,2.65,0.04229721429923505
50.0,20.0,2.675,0.02900939429581595
50.0,20.0,2.7,0.015028747802832393
50.0,20.0,2.725,0.00024830066210926793
50.0,20.0,2.75,-0.015465587527595104
50.0,20.0,2.775,-0.03227956276641298
50.0,20.0,2.8,-0.05040091515959707
50.0,20.0,2.825,-0.07008717303259723
50.0,20.0,2.85,-0.09165875891896333
50.0,20.0,2.875,-0.11551873481767569
50.0,20.0,2.9,-0.14217656276647025
50.0,20.0,2.925,-0.17228302592297678
50.0,20.0,2.95,-0.2066866638838179
50.0,20.0,2.975,-0.24651364020424588
50.0,20.0,3.0,-0.29328993465531406
50.0,20.0,3.025,-0.3491307711526208
50.0,20.0,3.05,-0.4170383374640496
50.0,20.0,3.075,-0.5013712317572747
50.0,20.0,3.1,-0.6085593272543153
50.0,20.0,3.125,-0.7480094067483685
50.0,20.0,3.15,-0.932131241881387
50.0,20.0,3.175,-1.1680277585864178
50.0,20.0,3.2,-1.3949450397468912
50.0,20.0,3.225,-1.166963102003836
50.0,20.0,3.25,0.3641979621076728
50.0,20.0,3.275,1.525770900649635
50.0,20.0,3.3,1.5662797846000063
50.0,20.0,3.325,1.3526973036704897
50.0,20.0,3.35,1.151294516511559
50.0,20.0,3.375,0.9931114008633639
50.0,20.0,3.4,0.8709515416856828
50.0,20.0,3.425,0.7750982072555737
50.0,20.0,3.45,0.6981719279135665
50.0,20.0,3.475,0.635031043274812
50.0,20.0,3.5,0.5821196405649608
50.0,20.0,3.525,0.5369435513873559
50.0,20.0,3.55,0.4977171766025469
50.0,20.0,3.575,0.46313393162928745
50.0,20.0,3.6,0.43221681691002917
50.0,20.0,3.625,0.404219705410008
50.0,20.0,3.65,0.37856082558029996
50.0,20.0,3.675,0.3547769843696951
50.0,20.0,3.7,0.3324918634453034
50.0,20.0,3.725,0.3113974326631077
50.0,20.0,3.75,0.2912596572584066
50.0,20.0,3.775,0.2719117010415122
50.0,20.0,3.8,0.25308930533330476
50.0,25.0,2.4,0.11224497015925776
50.0,25.0,2.425,0.10117167446599305
50.0,25.0,2.45,0.08976010034707524
50.0,25.0,2.475,0.07798686977629192
50.0,25.0,2.5,0.06582244546494193
50.0,25.0,2.525,0.05322746721366846
50.0,25.0,2.55,0.04014792448786148
50.0,25.0,2.575,0.026507585845037932
50.0,25.0,2.6,0.012208711633964968
50.0,25.0,2.625,-0.0028731804467498163
50.0,25.0,2.65,-0.01889330717412452
50.0,25.0,2.675,-0.036040824634428696
50.0,25.0,2.7,-0.054544413516223716
50.0,25.0,2.725,-0.07468039669043124
50.0,25.0,2.75,-0.09678247893833451
50.0,25.0,2.775,-0.1212602559253058
50.0,25.0,2.8,-0.14862476083125584
50.0,25.0,2.825,-0.17952514283230242
50.0,25.0,2.85,-0.21480258801267235
50.0,25.0,2.875,-0.25557051200494363
50.0,25.0,2.9,-0.30333630751571705
50.0,25.0,2.925,-0.36019078831559853
50.0,25.0,2.95,-0.4291106886583292
50.0,25.0,2.975,-0.5144530991284262
50.0,25.0,3.0,-0.62277336018237
50.0,25.0,3.025,-0.7641414771277729
50.0,25.0,3.05,-0.9538857758263012
50.0,25.0,3.075,-1.2121173891337074
50.0,25.0,3.1,-1.538699494786174
50.0,25.0,3.125,-1.706411926264538
50.0,25.0,3.15,-0.5209433335528157
50.0,25.0,3.175,1.5372153463266092
50.0,25.0,3.2,1.8669549078125578
50.0,25.0,3.225,1.611367636873296
50.0,25.0,3.25,1.349115797667174
50.0,25.0,3.275,1.1471578894046885
50.0,25.0,3.3,0.9951547571514795
50.0,25.0,3.325,0.8785045133962939
50.0,25.0,3.35,0.7865842235750098
50.0,25.0,3.375,0.7122727537929299
50.0,25.0,3.4,0.6507965077712743
50.0,25.0,3.425,0.5988902119858253
50.0,25.0,3.45,0.5542636803437205
50.0,25.0,3.475,0.5152707912892409
50.0,25.0,3.5,0.4807073033627797
50.0,25.0,3.525,0.44970173405767866
50.0,25.0,3.55,0.421641647704356
50.0,25.0,3.575,0.3959433304458305
50.0,25.0,3.6,0.37200209810043317
50.0,25.0,3.625,0.3494471287869746
50.0,25.0,3.65,0.32802525711291797
50.0,25.0,3.675,0.30750451312090116
50.0,25.0,3.7,0.28766920275290464
50.0,25.0,3.725,0.26832037450405544
50.0,25.0,3.75,0.2492721589393154
50.0,25.0,3.775,0.23034672536917927
50.0,25.0,3.8,0.21136915663911734
50.0,30.0,2.4,0.0655512482331425
50.0,30.0,2.425,0.052463941483443986
50.0,30.0,2.45,0.03893948806793731
50.0,30.0,2.475,0.02488118781291714
50.0,30.0,2.5,0.010162863545758518
50.0,30.0,2.525,-0.0053699166606090915
50.0,30.0,2.55,-0.02189816676411088
50.0,30.0,2.575,-0.039633339488532815
50.0,30.0,2.6,-0.058821646924774505
50.0,30.0,2.625,-0.07975012081462786
50.0,30.0,2.65,-0.10276142378563788
50.0,30.0,2.675,-0.12827372596329342
50.0,30.0,2.7,-0.156808213872323
50.0,30.0,2.725,-0.18902830526272565
50.0,30.0,2.75,-0.22579621727824725
50.0,30.0,2.775,-0.2682567627597573
50.0,30.0,2.8,-0.31796472968238504
50.0,30.0,2.825,-0.3770844267355228
50.0,30.0,2.85,-0.4487124458381447
50.0,30.0,2.875,-0.537417212310011
50.0,30.0,2.9,-0.650169119652009
50.0,30.0,2.925,-0.7979731862004227
50.0,30.0,2.95,-0.9986393049132172
50.0,30.0,2.975,-1.2802100943768044
50.0,30.0,3.0,-1.6730787534609495
50.0,30.0,3.025,-2.0697343224293534
50.0,30.0,3.05,-1.2343331753618818
50.0,30.0,3.075,1.6286623164997442
50.0,30.0,3.1,2.2030169669992707
50.0,30.0,3.125,1.8596491616798727
50.0,30.0,3.15,1.5257848519816015
50.0,30.0,3.175,1.2802085144849131
50.0,30.0,3.2,1.1009578765195998
50.0,30.0,3.225,0.9662946806660645
50.0,30.0,3.25,0.8618263507953011
50.0,30.0,3.275,0.7783868953606818
50.0,30.0,3.3,0.7100355492793248
50.0,30.0,3.325,0.6528133619355115
50.0,30.0,3.35,0.6040258641653294
50.0,30.0,3.375,0.5618330341252141
50.0,30.0,3.4,0.5248890505959136
50.0,30.0,3.425,0.4919756386501617
50.0,30.0,3.45,0.46214276798407417
50.0,30.0,3.475,0.43480187099085793
50.0,30.0,3.5,0.4095182737650833
50.0,30.0,3.525,0.3859229915840474
50.0,30.0,3.55,0.3636989642942618
50.0,30.0,3.575,0.3425734411665042
50.0,30.0,3.6,0.32230906054216757
50.0,30.0,3.625,0.3026952144520211
50.0,30.0,3.65,0.28354041217577497
50.0,30.0,3.675,0.2646656097192865
50.0,30.0,3.7,0.24589822703833752
50.0,30.0,3.725,0.22706652494958995
50.0,30.0,3.75,0.2079940184601088
50.0,30.0,3.775,0.1884936264424453
50.0,30.0,3.8,0.1683612988239977
50.0,35.0,2.4,0.009762219093772567
50.0,35.0,2.425,-0.006309814216055179
50.0,35.0,2.45,-0.023454872235624313
50.0,35.0,2.475,-0.04189888791588113
50.0,35.0,2.5,-0.06189758035911325
50.0,35.0,2.525,-0.0837467072759548
50.0,35.0,2.55,-0.10779718183336057
50.0,35.0,2.575,-0.13448067945017333
50.0,35.0,2.6,-0.16433835097989427
50.0,35.0,2.625,-0.19806118307052645
50.0,35.0,2.65,-0.2365516377008777
50.0,35.0,2.675,-0.2810132165425264
50.0,35.0,2.7,-0.33308737467488936
50.0,35.0,2.725,-0.39507002060506513
50.0,35.0,2.75,-0.4702659841448637
50.0,35.0,2.775,-0.5635925651119511
50.0,35.0,2.8,-0.6826502964603512
50.0,35.0,2.825,-0.8396991658810855
50.0,35.0,2.85,-1.0553843603457596
50.0,35.0,2.875,-1.3652635139264473
50.0,35.0,2.9,-1.8236551246505657
50.0,35.0,2.925,-2.404223731047504
50.0,35.0,2.95,-1.7916052134505882
50.0,35.0,2.975,1.9636838472746931
50.0,35.0,3.0,2.5618069867446547
50.0,35.0,3.025,2.072188394157736
50.0,35.0,3.05,1.6653578594176919
50.0,35.0,3.075,1.3824854975033323
50.0,35.0,3.1,1.1818638215293298
50.0,35.0,3.125,1.033728398595186
50.0,35.0,3.15,0.9201385225751239
50.0,35.0,3.175,0.8301937008122643
50.0,35.0,3.2,0.7570418624373006
50.0,35.0,3.225,0.6962437741064961
50.0,35.0,3.25,0.6448504761892396
50.0,35.0,3.275,0.6007142891514586
50.0,35.0,3.3,0.5620646068799784
50.0,35.0,3.325,0.5276239808572701
50.0,35.0,3.35,0.4965695388461038
50.0,35.0,3.375,0.46829569195533655
50.0,35.0,3.4,0.44230976276028716
50.0,35.0,3.425,0.418203267943019
50.0,35.0,3.45,0.39563571496921696
50.0,35.0,3.475,0.37432036336031715
50.0,35.0,3.5,0.354011962320867
50.0,35.0,3.525,0.33449662324068413
50.0,35.0,3.55,0.31558352871585804
50.0,35.0,3.575,0.29709803754283126
50.0,35.0,3.6,0.27887575676863324
50.0,35.0,3.625,0.26075719926691554
50.0,35.0,3.65,0.24258268329663887
50.0,35.0,3.675,0.22418714462007233
50.0,35.0,3.7,0.20539451697616581
50.0,35.0,3.725,0.18601128969579897
50.0,35.0,3.75,0.16581876956139885
50.0,35.0,3.775,0.1445634621809017
50.0,35.0,3.8,0.12194485862537176
50.0,40.0,2.4,-0.06247300036740656
50.0,40.0,2.425,-0.08519738282703888
50.0,40.0,2.45,-0.11023033160793923
50.0,40.0,2.475,-0.13801803705454696
50.0,40.0,2.5,-0.16912263880445244
50.0,40.0,2.525,-0.20426690499529712
50.0,40.0,2.55,-0.2443977262066211
50.0,40.0,2.575,-0.2907839227150393
50.0,40.0,2.6,-0.345163781645043
50.0,40.0,2.625,-0.4099792100684792
50.0,40.0,2.65,-0.48876649159816965
50.0,40.0,2.675,-0.5868304302770722
50.0,40.0,2.7,-0.7124671782670042
50.0,40.0,2.725,-0.8793023654047403
50.0,40.0,2.75,-1.110990230951392
50.0,40.0,2.775,-1.4507834073181893
50.0,40.0,2.8,-1.9765305374974487
50.0,40.0,2.825,-2.7399912217432205
50.0,40.0,2.85,-2.2932832133667733
50.0,40.0,2.875,2.5399607939387727
50.0,40.0,2.9,2.8980797407172614
50.0,40.0,2.925,2.238046068360832
50.0,40.0,2.95,1.7681548826225038
50.0,40.0,2.975,1.456888471061037
50.0,40.0,3.0,1.2409890903626941
50.0,40.0,3.025,1.083537873425227
50.0,40.0,3.05,0.9637610021829558
50.0,40.0,3.075,0.8694691964437276
50.0,40.0,3.1,0.7931700102704817
50.0,40.0,3.125,0.7300820233505348
50.0,40.0,3.15,0.6769905679973309
50.0,40.0,3.175,0.6314739746376294
50.0,40.0,3.2,0.5916703914919078
50.0,40.0,3.225,0.5563263230032556
50.0,40.0,3.25,0.524594199158426
50.0,40.0,3.275,0.4958288006923452
50.0,40.0,3.3,0.46950934654641774
50.0,40.0,3.325,0.4452094852468454
50.0,40.0,3.35,0.42257741435673657
50.0,40.0,3.375,0.401319656963306
50.0,40.0,3.4,0.3811878514259122
50.0,40.0,3.425,0.36196817369804496
50.0,40.0,3.45,0.3434728701856893
50.0,40.0,3.475,0.3255333790728269
50.0,40.0,3.5,0.30799458789598133
50.0,40.0,3.525,0.29070985125068804
50.0,40.0,3.55,0.2735364505839671
50.0,40.0,3.575,0.25633121159442124
50.0,40.0,3.6,0.23894600241029362
50.0,40.0,3.625,0.2212228156554109
50.0,40.0,3.65,0.20298808512797173
50.0,40.0,3.675,0.1840457939477044
50.0,40.0,3.7,0.16416878009836663
50.0,40.0,3.725,0.1430874142491247
50.0,40.0,3.75,0.12047429335149665
50.0,40.0,3.775,0.09592430010151592
50.0,40.0,3.8,0.06892481626090383
50.0,45.0,2.4,-0.1693167180747447
50.0,45.0,2.425,-0.20553486123112102
50.0,45.0,2.45,-0.24689700518477092
50.0,45.0,2.475,-0.29471950517353124
50.0,45.0,2.5,-0.35081063456962
50.0,45.0,2.525,-0.41772052944620147
50.0,45.0,2.55,-0.4991559759860118
50.0,45.0,2.575,-0.6007129420765612
50.0,45.0,2.6,-0.7312203196728436
50.0,45.0,2.625,-0.9053675714718455
50.0,45.0,2.65,-1.1492231700827031
50.0,45.0,2.675,-1.512506415378385
50.0,45.0,2.7,-2.0945911031057687
50.0,45.0,2.725,-3.035550265120095
50.0,45.0,2.75,-2.896271885675096
50.0,45.0,2.775,3.1885145927580862
50.0,45.0,2.8,3.200829984131412
50.0,45.0,2.825,2.3764536763422703
50.0,45.0,2.85,1.8516763547507107
50.0,45.0,2.875,1.516721213101785
50.0,45.0,2.9,1.2883735094644828
50.0,45.0,2.925,1.1234509153144896
50.0,45.0,2.95,0.9987698665311527
50.0,45.0,2.975,0.9010608176434228
50.0,45.0,3.0,0.8222880530527964
50.0,45.0,3.025,0.757361804747156
50.0,45.0,3.05,0.7028642139792994
50.0,45.0,3.075,0.6562553135906289
50.0,45.0,3.1,0.6156167825807232
50.0,45.0,3.125,0.5796430755267814
50.0,45.0,3.15,0.5474448014664474
50.0,45.0,3.175,0.5183519918043403
50.0,45.0,3.2,0.4918288736245998
50.0,45.0,3.225,0.4674390412385582
50.0,45.0,3.25,0.4448238837057739
50.0,45.0,3.275,0.42368578029201
50.0,45.0,3.3,0.4037746370034069
50.0,45.0,3.325,0.384877191631862
50.0,45.0,3.35,0.36680852961679017
50.0,45.0,3.375,0.3494052866152109
50.0,45.0,3.4,0.33251941274047486
50.0,45.0,3.425,0.31601668992612075
50.0,45.0,3.45,0.29976662417023525
50.0,45.0,3.475,0.28364426459426556
50.0,45.0,3.5,0.26752407713169835
50.0,45.0,3.525,0.25127656716464897
50.0,45.0,3.55,0.2347642084271537
50.0,45.0,3.575,0.2178367289955274
50.0,45.0,3.6,0.20032541662157413
50.0,45.0,3.625,0.18203596552202614
50.0,45.0,3.65,0.16273919193750844
50.0,45.0,3.675,0.14215864413585055
50.0,45.0,3.7,0.11995366059033125
50.0,45.0,3.725,0.09569568482489828
50.0,45.0,3.75,0.06883446028845276
50.0,45.0,3.775,0.038648846007467236
50.0,45.0,3.8,0.004174038385735826
50.0,50.0,2.4,-0.3470715691162196
50.0,50.0,2.425,-0.4146426627883504
50.0,50.0,2.45,-0.49682704549218704
50.0,50.0,2.475,-0.5992691470266656
50.0,50.0,2.5,-0.7308987493708322
50.0,50.0,2.525,-0.9066515056932405
50.0,50.0,2.55,-1.1532988887100108
50.0,50.0,2.575,-1.5231847124621933
50.0,50.0,2.6,-2.127964617800924
50.0,50.0,2.625,-3.189943343067822
50.0,50.0,2.65,-3.7750640093827212
50.0,50.0,2.675,3.6798531840288957
50.0,50.0,2.7,3.5338791120944704
50.0,50.0,2.725,2.532651935142285
50.0,50.0,2.75,1.9439393087383143
50.0,50.0,2.775,1.5805216929806412
50.0,50.0,2.8,1.3371234829140046
50.0,50.0,2.825,1.1632305609057343
50.0,50.0,2.85,1.0327338422200423
50.0,50.0,2.875,0.9310173951401215
50.0,50.0,2.9,0.849350578579869
50.0,50.0,2.925,0.7822508081272317
50.0,50.0,2.95,0.7260859524708717
50.0,50.0,2.975,0.6782227515797088
50.0,50.0,3.0,0.6366580692154965
50.0,50.0,3.025,0.5999841535191109
50.0,50.0,3.05,0.5672481150550138
50.0,50.0,3.075,0.5377517599360823
50.0,50.0,3.1,0.5109445462541421
50.0,50.0,3.125,0.48637581995461077
50.0,50.0,3.15,0.4636925530633011
50.0,50.0,3.175,0.44257898744539365
50.0,50.0,3.2,0.4227861370945791
50.0,50.0,3.225,0.40409980026309394
50.0,50.0,3.25,0.3863360159211755
50.0,50.0,3.275,0.3693343242340302
50.0,50.0,3.3,0.35295230106317177
50.0,50.0,3.325,0.33706106122745194
50.0,50.0,3.35,0.3215414527424209
50.0,50.0,3.375,0.30628071396007067
50.0,50.0,3.4,0.29116940075745507
50.0,50.0,3.425,0.276098410345137
50.0,50.0,3.45,0.26095593225421215
50.0,50.0,3.475,0.24562414490794807
50.0,50.0,3.5,0.22997544523765115
50.0,50.0,3.525,0.2138679435978606
50.0,50.0,3.55,0.19713986712691114
50.0,50.0,3.575,0.17960237548286795
50.0,50.0,3.6,0.16103007669406916
50.0,50.0,3.625,0.1411481929381303
50.0,50.0,3.65,0.11961479102142575
50.0,50.0,3.675,0.09599563153354203
50.0,50.0,3.7,0.06972778216698484
50.0,50.0,3.725,0.040065800410368044
50.0,50.0,3.75,0.0060003683689615365
50.0,50.0,3.775,-0.03386726921594352
50.0,50.0,3.8,-0.08152212775499926
50.0,55.0,2.4,-0.7060714720990314
50.0,55.0,2.425,-0.8754945163143039
50.0,55.0,2.45,-1.1118035914648956
50.0,55.0,2.475,-1.4640108817392319
50.0,55.0,2.5,-2.0392496623447247
50.0,55.0,2.525,-3.0908761766637745
50.0,55.0,2.55,-4.612999720643543
50.0,55.0,2.575,3.3997804719562454
50.0,55.0,2.6,4.029783301344676
50.0,55.0,2.625,2.772063858522455
50.0,55.0,2.65,2.0797083342032736
50.0,55.0,2.675,1.6695317852605027
50.0,55.0,2.7,1.401577991587498
50.0,55.0,2.725,1.213258845159444
50.0,55.0,2.75,1.0735673500010963
50.0,55.0,2.775,0.9656191280198406
50.0,55.0,2.8,0.8795147073885152
50.0,55.0,2.825,0.8091174782795657
50.0,55.0,2.85,0.7504338989508815
50.0,55.0,2.875,0.7006641472173211
50.0,55.0,2.9,0.6576738925200136
50.0,55.0,2.925,0.619935662652216
50.0,55.0,2.95,0.5863484497557148
50.0,55.0,2.975,0.556173911168038
50.0,55.0,3.0,0.5288350924673643
50.0,55.0,3.025,0.5038679083702701
50.0,55.0,3.05,0.4808929694460261
50.0,55.0,3.075,0.45959739068719235
50.0,55.0,3.1,0.4397208013420468
50.0,55.0,3.125,0.42104422366090805
50.0,55.0,3.15,0.4033812489179225
50.0,55.0,3.175,0.3865710420209612
50.0,55.0,3.2,0.37047276152441977
50.0,55.0,3.225,0.35496104984673393
50.0,55.0,3.25,0.33992231534962863
50.0,55.0,3.275,0.3252515836182831
50.0,55.0,3.3,0.3108497370487502
50.0,55.0,3.325,0.29662099023840643
50.0,55.0,3.35,0.2824704649173041
50.0,55.0,3.375,0.2683017330051005
50.0,55.0,3.4,0.254014189569014
50.0,55.0,3.425,0.2395000973518338
50.0,55.0,3.45,0.22464110760947428
50.0,55.0,3.475,0.20930400200395274
50.0,55.0,3.5,0.19333530681716854
50.0,55.0,3.525,0.17655428664424627
50.0,55.0,3.55,0.15874360170970833
50.0,55.0,3.575,0.1396365637862046
50.0,55.0,3.6,0.11889937025272132
50.0,55.0,3.625,0.09610579600252854
50.0,55.0,3.65,0.07070033776324339
50.0,55.0,3.675,0.04194327681441334
50.0,55.0,3.7,0.008826348945354666
50.0,55.0,3.725,-0.03005639505779159
50.0,55.0,3.75,-0.07671924864012927
50.0,55.0,3.775,-0.1341186072856729
50.0,55.0,3.8,-0.2066773325106633
50.0,60.0,2.4,-1.831613107307889
50.0,60.0,2.425,-2.7259645292345525
50.0,60.0,2.45,-4.50699477956644
50.0,60.0,2.475,-0.564745025673993
50.0,60.0,2.5,4.8996329983729
50.0,60.0,2.525,3.201465778327152
50.0,60.0,2.55,2.308270608664949
50.0,60.0,2.575,1.8109186226701486
50.0,60.0,2.6,1.4987421471546671
50.0,60.0,2.625,1.2851880119206474
50.0,60.0,2.65,1.1297986387668608
50.0,60.0,2.675,1.0114296788864088
50.0,60.0,2.7,0.9180350317222429
50.0,60.0,2.725,0.8423293033192961
50.0,60.0,2.75,0.7796190669392086
50.0,60.0,2.775,0.7267791021447928
50.0,60.0,2.8,0.6814867101465726
50.0,60.0,2.825,0.6419723354559732
50.0,60.0,2.85,0.6069876796007021
50.0,60.0,2.875,0.575677647583821
50.0,60.0,2.9,0.5474121776797911
50.0,60.0,2.925,0.5216938601382055
50.0,60.0,2.95,0.4981184766763305
50.0,60.0,2.975,0.47635387263911955
50.0,60.0,3.0,0.4561249207599307
50.0,60.0,3.025,0.4372016905849314
50.0,60.0,3.05,0.41939003004646996
50.0,60.0,3.075,0.40252408985784155
50.0,60.0,3.1,0.3864603847931203
50.0,60.0,3.125,0.3710730426728514
50.0,60.0,3.15,0.35624995488139344
50.0,60.0,3.175,0.34188959994439766
50.0,60.0,3.2,0.3278983583264123
50.0,60.0,3.225,0.3141881713139535
50.0,60.0,3.25,0.3006744207022112
50.0,60.0,3.275,0.2872739203503478
50.0,60.0,3.3,0.2739029164209478
50.0,60.0,3.325,0.2604749904467881
50.0,60.0,3.35,0.24689874756727556
50.0,60.0,3.375,0.23307514972741142
50.0,60.0,3.4,0.21889431861708597
50.0,60.0,3.425,0.20423159112910158
50.0,60.0,3.45,0.18894259254792267
50.0,60.0,3.475,0.1728498567719634
50.0,60.0,3.5,0.15575877254661513
50.0,60.0,3.525,0.13740671620334569
50.0,60.0,3.55,0.1174746816185163
50.0,60.0,3.575,0.09555348686089717
50.0,60.0,3.6,0.07110834908926646
50.0,60.0,3.625,0.04342544959582134
50.0,60.0,3.65,0.011529930302311414
50.0,60.0,3.675,-0.02594277835692842
50.0,60.0,3.7,-0.07095324188122304
50.0,60.0,3.725,-0.12639277309700223
50.0,60.0,3.75,-0.19661647383166445
50.0,60.0,3.775,-0.288182893743197
50.0,60.0,3.8,-0.41012601126329457
50.0,65.0,2.4,5.796719375609415
50.0,65.0,2.425,4.070244886407302
50.0,65.0,2.45,2.72614389669041
50.0,65.0,2.475,2.049784008637293
50.0,65.0,2.5,1.6535383339627205
50.0,65.0,2.525,1.3946477951837972
50.0,65.0,2.55,1.2122598616786233
50.0,65.0,2.575,1.0763627644032785
50.0,65.0,2.6,0.97095108438592
50.0,65.0,2.625,0.8866378422124319
50.0,65.0,2.65,0.8175457655481752
50.0,65.0,2.675,0.7598380235082087
50.0,65.0,2.7,0.7108349216336123
50.0,65.0,2.725,0.6685010532068838
50.0,65.0,2.75,0.6313056267111709
50.0,65.0,2.775,0.5982005016118385
50.0,65.0,2.8,0.5684540525858643
50.0,65.0,2.825,0.541509334795666
50.0,65.0,2.85,0.516919552330945
50.0,65.0,2.875,0.49431949286311666
50.0,65.0,2.9,0.47340812377027025
50.0,65.0,2.925,0.45393543119093954
50.0,65.0,2.95,0.43569194819104595
50.0,65.0,2.975,0.41850041975100205
50.0,65.0,3.0,0.4022091906389848
50.0,65.0,3.025,0.38668694956538013
50.0,65.0,3.05,0.3718185198122561
50.0,65.0,3.075,0.35750144624175273
50.0,65.0,3.1,0.34364318115069453
50.0,65.0,3.125,0.3301587133320301
50.0,65.0,3.15,0.31696851620163335
50.0,65.0,3.175,0.3039967138934219
50.0,65.0,3.2,0.29116938251156177
50.0,65.0,3.225,0.27841292675361345
50.0,65.0,3.25,0.26565241926274497
50.0,65.0,3.275,0.25279856417870655
50.0,65.0,3.3,0.23978977858465192
50.0,65.0,3.325,0.22652147701854838
50.0,65.0,3.35,0.21289101652167874
50.0,65.0,3.375,0.19878222209963095
50.0,65.0,3.4,0.18405904876827583
50.0,65.0,3.425,0.16855975501119014
50.0,65.0,3.45,0.15208852390110014
50.0,65.0,3.475,0.13440387215735575
50.0,65.0,3.5,0.11520239834097742
50.0,65.0,3.525,0.0940955432415634
50.0,65.0,3.55,0.07057563141501658
50.0,65.0,3.575,0.04396509078846308
50.0,65.0,3.6,0.01333864748615425
50.0,65.0,3.625,-0.022598878747126634
50.0,65.0,3.65,-0.06570898492556121
50.0,65.0,3.675,-0.11873995399836654
50.0,65.0,3.7,-0.18584376360485147
50.0,65.0,3.725,-0.2733226791227494
50.0,65.0,3.75,-0.3900815255521468
50.0,65.0,3.775,-0.5430434123191202
50.0,65.0,3.8,-0.6929909758696394
50.0,70.0,2.4,1.9160026833489119
50.0,70.0,2.425,1.5694602243946216
50.0,70.0,2.45,1.337571581052247
50.0,70.0,2.475,1.1712915507966741
50.0,70.0,2.5,1.046017124323593
50.0,70.0,2.525,0.9481546694399501
50.0,70.0,2.55,0.8691706103591852
50.0,70.0,2.575,0.8037998793494602
50.0,70.0,2.6,0.748918054890226
50.0,70.0,2.625,0.7021343943729086
50.0,70.0,2.65,0.661526945034066
50.0,70.0,2.675,0.6256975908293506
50.0,70.0,2.7,0.5937135499624154
50.0,70.0,2.725,0.5649064630845405
50.0,70.0,2.75,0.5387596166062784
50.0,70.0,2.775,0.5148556257095794
50.0,70.0,2.8,0.49285203273067435
50.0,70.0,2.825,0.47246607143706537
50.0,70.0,2.85,0.4534626140373202
50.0,70.0,2.875,0.43564447253067373
50.0,70.0,2.9,0.4188446761487597
50.0,70.0,2.925,0.4029203531382642
50.0,70.0,2.95,0.3877478737018968
50.0,70.0,2.975,0.3732189658496325
50.0,70.0,3.0,0.359237574786277
50.0,70.0,3.025,0.34571728949487496
50.0,70.0,3.05,0.3325792058581898
50.0,70.0,3.075,0.319750056671562
50.0,70.0,3.1,0.30715541022127396
50.0,70.0,3.125,0.29472623762544653
50.0,70.0,3.15,0.2824178165556852
50.0,70.0,3.175,0.27014517829701595
50.0,70.0,3.2,0.25784216707919744
50.0,70.0,3.225,0.24543710752682904
50.0,70.0,3.25,0.2328523780413182
50.0,70.0,3.275,0.2200024536632432
50.0,70.0,3.3,0.20679122196789948
50.0,70.0,3.325,0.19310853521107774
50.0,70.0,3.35,0.17882574058796633
50.0,70.0,3.375,0.16378977895904048
50.0,70.0,3.4,0.14781524257380657
50.0,70.0,3.425,0.1306734781109787
50.0,70.0,3.45,0.11207733958586172
50.0,70.0,3.475,0.09165941387208912
50.0,70.0,3.5,0.06894024384938136
50.0,70.0,3.525,0.04328087149659832
50.0,70.0,3.55,0.013810207000432125
50.0,70.0,3.575,-0.020688979251982428
50.0,70.0,3.6,-0.06196341713378925
50.0,70.0,3.625,-0.11258965328444348
50.0,70.0,3.65,-0.17646444202735828
50.0,70.0,3.675,-0.25954422017948164
50.0,70.0,3.7,-0.37049397872835965
50.0,70.0,3.725,-0.5176982848288736
50.0,70.0,3.75,-0.6756414431698555
50.0,70.0,3.775,-0.5642006524712083
50.0,70.0,3.8,0.4637317776046583
50.0,75.0,2.4,1.1570435209062617
50.0,75.0,2.425,1.0357002604545889
50.0,75.0,2.45,0.9404028772494782
50.0,75.0,2.475,0.8635091911985548
50.0,75.0,2.5,0.8001186691031638
50.0,75.0,2.525,0.7466013729032429
50.0,75.0,2.55,0.700441088499657
50.0,75.0,2.575,0.6603826596669311
50.0,75.0,2.6,0.6251082721783509
50.0,75.0,2.625,0.5935841031314812
50.0,75.0,2.65,0.5651587156617192
50.0,75.0,2.675,0.5393374374881811
50.0,75.0,2.7,0.5157161317049084
50.0,75.0,2.725,0.4939611492527343
50.0,75.0,2.75,0.4737977026273241
50.0,75.0,2.775,0.45499719110950676
50.0,75.0,2.8,0.43736784856251537
50.0,75.0,2.825,0.42074737782052524
50.0,75.0,2.85,0.4049970602267516
50.0,75.0,2.875,0.38999707907696457
50.0,75.0,2.9,0.37564279494009756
50.0,75.0,2.925,0.36184169206125716
50.0,75.0,2.95,0.3485090424524611
50.0,75.0,2.975,0.33555051026089056
50.0,75.0,3.0,0.32294451760607207
50.0,75.0,3.025,0.31059534676287937
50.0,75.0,3.05,0.29844101460072475
50.0,75.0,3.075,0.28642234328448074
50.0,75.0,3.1,0.27447939092870777
50.0,75.0,3.125,0.2625509855500896
50.0,75.0,3.15,0.2505735488348486
50.0,75.0,3.175,0.23847963024876728
50.0,75.0,3.2,0.22619616892047179
50.0,75.0,3.225,0.2136424011775556
50.0,75.0,3.25,0.200727279070548
50.0,75.0,3.275,0.18734620798840115
50.0,75.0,3.3,0.17337683167678475
50.0,75.0,3.325,0.1586734744538757
50.0,75.0,3.35,0.1430596697570615
50.0,75.0,3.375,0.12631792318938703
50.0,75.0,3.4,0.1081754123727589
50.0,75.0,3.425,0.08828360312834041
50.0,75.0,3.45,0.06618856320562233
50.0,75.0,3.475,0.04128672202547188
50.0,75.0,3.5,0.012757299834039353
50.0,75.0,3.525,-0.020543592762307508
50.0,75.0,3.55,-0.06025322525006024
50.0,75.0,3.575,-0.10878191987260849
50.0,75.0,3.6,-0.16977493360312917
50.0,75.0,3.625,-0.24883753041018422
50.0,75.0,3.65,-0.35435213639994634
50.0,75.0,3.675,-0.4959652190093091
50.0,75.0,3.7,-0.6612245562420567
50.0,75.0,3.725,-0.6421997719099576
50.0,75.0,3.75,0.2657827539300815
50.0,75.0,3.775,1.0845974994684353
50.0,75.0,3.8,1.0744309392669311
50.0,80.0,2.4,0.8696785500952554
50.0,80.0,2.425,0.8057040213771357
50.0,80.0,2.45,0.7519229422884145
50.0,80.0,2.475,0.7057351213372105
50.0,80.0,2.5,0.6653732292958037
50.0,80.0,2.525,0.6296657001046428
50.0,80.0,2.55,0.5978568277849008
50.0,80.0,2.575,0.5693089823073226
50.0,80.0,2.6,0.5433842101773638
50.0,80.0,2.625,0.5196673829120229
50.0,80.0,2.65,0.49783179877974426
50.0,80.0,2.675,0.47760352492968156
50.0,80.0,2.7,0.4587531117893688
50.0,80.0,2.725,0.44108786539284406
50.0,80.0,2.75,0.42444528812541066
50.0,80.0,2.775,0.4086867096553573
50.0,80.0,2.8,0.3936925402642137
50.0,80.0,2.825,0.37935706917576895
50.0,80.0,2.85,0.3655701588572523
50.0,80.0,2.875,0.3522879610316523
50.0,80.0,2.9,0.33942710851044444
50.0,80.0,2.925,0.3269069200481941
50.0,80.0,2.95,0.31466701745113
50.0,80.0,2.975,0.3026487292098093
50.0,80.0,3.0,0.29079503873994633
50.0,80.0,3.025,0.27904981633329123
50.0,80.0,3.05,0.2673567955165515
50.0,80.0,3.075,0.25565843717761594
50.0,80.0,3.1,0.24389467687153227
50.0,80.0,3.125,0.2320015072882663
50.0,80.0,3.15,0.21990932366789934
50.0,80.0,3.175,0.20754093447015146
50.0,80.0,3.2,0.19480910507839447
50.0,80.0,3.225,0.18161345236305337
50.0,80.0,3.25,0.16783643406046167
50.0,80.0,3.275,0.15333806603558006
50.0,80.0,3.3,0.13794883138150438
50.0,80.0,3.325,0.12145998275727181
50.0,80.0,3.35,0.10361002362568142
50.0,80.0,3.375,0.0840654814765465
50.0,80.0,3.4,0.0623929728912264
50.0,80.0,3.425,0.03801767348455867
50.0,80.0,3.45,0.010160031777952187
50.0,80.0,3.475,-0.022263233748645837
50.0,80.0,3.5,-0.060798210568545404
50.0,80.0,3.525,-0.10771566496432135
50.0,80.0,3.55,-0.16644778627516787
50.0,80.0,3.575,-0.24229724368193373
50.0,80.0,3.6,-0.34337805809120436
50.0,80.0,3.625,-0.480240233897342
50.0,80.0,3.65,-0.650597310769635
50.0,80.0,3.675,-0.7099935594127388
50.0,80.0,3.7,0.03729227222412147
50.0,80.0,3.725,1.0303521079197966
50.0,80.0,3.75,1.089521406943777
50.0,80.0,3.775,0.930530937950991
50.0,80.0,3.8,0.7912787518672043
50.0,85.0,2.4,0.7177907234109289
50.0,85.0,2.425,0.6762210017592862
50.0,85.0,2.45,0.6395720093694699
50.0,85.0,2.475,0.6069396776410304
50.0,85.0,2.5,0.5776215516156298
50.0,85.0,2.525,0.5510653945744489
50.0,85.0,2.55,0.526863184342244
50.0,85.0,2.575,0.5046376693853255
50.0,85.0,2.6,0.4840657562841831
50.0,85.0,2.625,0.46491628019122916
50.0,85.0,2.65,0.4469938482213276
50.0,85.0,2.675,0.4301315230635562
50.0,85.0,2.7,0.41418627674032593
50.0,85.0,2.725,0.39903208885284697
50.0,85.0,2.75,0.3845442558531494
50.0,85.0,2.775,0.3706746244625336
50.0,85.0,2.8,0.357325391455299
50.0,85.0,2.825,0.34440905302278235
50.0,85.0,2.85,0.3318605242511534
50.0,85.0,2.875,0.31961848436056306
50.0,85.0,2.9,0.3076249298082212
50.0,85.0,2.925,0.29582442774080514
50.0,85.0,2.95,0.284163173196751
50.0,85.0,2.975,0.27258799872868494
50.0,85.0,3.0,0.2610453497339648
50.0,85.0,3.025,0.2494801984105704
50.0,85.0,3.05,0.23783485281219105
50.0,85.0,3.075,0.2260476046141228
50.0,85.0,3.1,0.2140511434428662
50.0,85.0,3.125,0.20177064342689835
50.0,85.0,3.15,0.18912139536688968
50.0,85.0,3.175,0.17600581054709263
50.0,85.0,3.2,0.16230955196766383
50.0,85.0,3.225,0.14789644336738528
50.0,85.0,3.25,0.13260164583908074
50.0,85.0,3.275,0.1162223429555281
50.0,85.0,3.3,0.09850478190110963
50.0,85.0,3.325,0.0791258826731132
50.0,85.0,3.35,0.05766657704847505
50.0,85.0,3.375,0.03357225999669311
50.0,85.0,3.4,0.0060926543656549485
50.0,85.0,3.425,-0.02581219760845998
50.0,85.0,3.45,-0.06362262340945715
50.0,85.0,3.475,-0.10950838856207802
50.0,85.0,3.5,-0.16674703165516924
50.0,85.0,3.525,-0.24042130728393932
50.0,85.0,3.55,-0.3384468809940251
50.0,85.0,3.575,-0.47198343935803677
50.0,85.0,3.6,-0.645700097671929
50.0,85.0,3.625,-0.7621449024173846
50.0,85.0,3.65,-0.19373471210954232
50.0,85.0,3.675,0.9573865035998039
50.0,85.0,3.7,1.1195926282678226
50.0,85.0,3.725,0.9596228042489451
50.0,85.0,3.75,0.8085185613692902
50.0,85.0,3.775,0.6951686488032365
50.0,85.0,3.8,0.6104933755845428
50.0,90.0,2.4,0.620902421777809
50.0,90.0,2.425,0.5903365077236051
50.0,90.0,2.45,0.5627421129618478
50.0,90.0,2.475,0.5376318485243984
50.0,90.0,2.5,0.5146140599576695
50.0,90.0,2.525,0.4933745449905743
50.0,90.0,2.55,0.4736702477767043
50.0,90.0,2.575,0.4552719455965262
50.0,90.0,2.6,0.43798955107216775
50.0,90.0,2.625,0.4216749704135047
50.0,90.0,2.65,0.4061890312588299
50.0,90.0,2.675,0.3914281856578729
50.0,90.0,2.7,0.3773303963468487
50.0,90.0,2.725,0.36377657730543145
50.0,90.0,2.75,0.35068977514267485
50.0,90.0,2.775,0.33800257605571904
50.0,90.0,2.8,0.3256523932430392
50.0,90.0,2.825,0.3135807823718616
50.0,90.0,2.85,0.3017325351691587
50.0,90.0,2.875,0.2900547148447195
50.0,90.0,2.9,0.2784956992284418
50.0,90.0,2.925,0.26700422715556665
50.0,90.0,2.95,0.2555284207298313
50.0,90.0,2.975,0.2440147461147175
50.0,90.0,3.0,0.2324068673265908
50.0,90.0,3.025,0.22064433717434856
50.0,90.0,3.05,0.20866105474336297
50.0,90.0,3.075,0.19638339735126667
50.0,90.0,3.1,0.18372790354678428
50.0,90.0,3.125,0.17059833770587196
50.0,90.0,3.15,0.15688189865443786
50.0,90.0,3.175,0.14244423267969183
50.0,90.0,3.2,0.12712275634106399
50.0,90.0,3.225,0.11071756105508587
50.0,90.0,3.25,0.09297862633261156
50.0,90.0,3.275,0.07358835913606113
50.0,90.0,3.3,0.05213496767952202
50.0,90.0,3.325,0.028074575428282997
50.0,90.0,3.35,0.0006726974408378304
50.0,90.0,3.375,-0.0310867613684688
50.0,90.0,3.4,-0.06864766607430141
50.0,90.0,3.425,-0.11412313017717503
50.0,90.0,3.45,-0.17070360564927994
50.0,90.0,3.475,-0.2433454049935082
50.0,90.0,3.5,-0.33982172434543934
50.0,90.0,3.525,-0.4715431618825474
50.0,90.0,3.55,-0.6487854045283411
50.0,90.0,3.575,-0.8112967446009901
50.0,90.0,3.6,-0.3991979175567124
50.0,90.0,3.625,0.8870891106306685
50.0,90.0,3.65,1.158192128157176
50.0,90.0,3.675,0.9953523593199222
50.0,90.0,3.7,0.8324415023616171
50.0,90.0,3.725,0.7106095796248553
50.0,90.0,3.75,0.620267758671028
50.0,90.0,3.775,0.5511892495339282
50.0,90.0,3.8,0.4964924904740078
50.0,95.0,2.4,0.5522322933049293
50.0,95.0,2.425,0.5280728018853128
50.0,95.0,2.45,0.5058555796639668
50.0,95.0,2.475,0.48529135341539203
50.0,95.0,2.5,0.466141932483279
50.0,95.0,2.525,0.4482113342713762
50.0,95.0,2.55,0.4313397113855001
50.0,95.0,2.575,0.41536289320382247
50.0,95.0,2.6,0.40017511671756956
50.0,95.0,2.625,0.3856987249900429
50.0,95.0,2.65,0.3718137036934742
50.0,95.0,2.675,0.3584386238184754
50.0,95.0,2.7,0.34550254968294364
50.0,95.0,2.725,0.3329403300774995
50.0,95.0,2.75,0.3206917643748984
50.0,95.0,2.775,0.3087005492838189
50.0,95.0,2.8,0.2969133009851048
50.0,95.0,2.825,0.28527860583408976
50.0,95.0,2.85,0.27374609548958007
50.0,95.0,2.875,0.2622655266167042
50.0,95.0,2.9,0.2507858333240717
50.0,95.0,2.925,0.23925411409107034
50.0,95.0,2.95,0.22761450787113685
50.0,95.0,2.975,0.2158069040153069
50.0,95.0,3.0,0.2037654159710628
50.0,95.0,3.025,0.19141652736331674
50.0,95.0,3.05,0.17867678861534905
50.0,95.0,3.075,0.1654499085929807
50.0,95.0,3.1,0.1516227356235693
50.0,95.0,3.125,0.13706107368019213
50.0,95.0,3.15,0.12160183900341395
50.0,95.0,3.175,0.1050448838670147
50.0,95.0,3.2,0.08714007520818716
50.0,95.0,3.225,0.06756949028498396
50.0,95.0,3.25,0.0459216218084244
50.0,95.0,3.275,0.0216532003648826
50.0,95.0,3.3,-0.005968742942189573
50.0,95.0,3.325,-0.03795720933962613
50.0,95.0,3.35,-0.07575006148551777
50.0,95.0,3.375,-0.12144811364491391
50.0,95.0,3.4,-0.17821207082657903
50.0,95.0,3.425,-0.25095414531239113
50.0,95.0,3.45,-0.3477217601082397
50.0,95.0,3.475,-0.48110402432695515
50.0,95.0,3.5,-0.6649188808148322
50.0,95.0,3.525,-0.8599264684677435
50.0,95.0,3.55,-0.5628347116442701
50.0,95.0,3.575,0.8298965914061015
50.0,95.0,3.6,1.2069087865389632
50.0,95.0,3.625,1.037009651347197
50.0,95.0,3.65,0.8606915185338768
50.0,95.0,3.675,0.7298399388594449
50.0,95.0,3.7,0.6336260565043769
50.0,95.0,3.725,0.5605317128585368
50.0,95.0,3.75,0.5029231475713003
50.0,95.0,3.775,0.45595828689271745
50.0,95.0,3.8,0.4165062321581818
50.0,100.0,2.4,0.50006862072584
50.0,100.0,2.425,0.47990155717961747
50.0,100.0,2.45,0.4610838093465584
50.0,100.0,2.475,0.44342594741166685
50.0,100.0,2.5,0.42676150526563134
50.0,100.0,2.525,0.4109659754739688
50.0,100.0,2.55,0.3959592187369607
50.0,100.0,2.575,0.3816096374666228
50.0,100.0,2.6,0.3678225420754902
50.0,100.0,2.625,0.3545230215120118
50.0,100.0,2.65,0.3416423486854949
50.0,100.0,2.675,0.32911719009835344
50.0,100.0,2.7,0.3168887765845259
50.0,100.0,2.725,0.3049019784113866
50.0,100.0,2.75,0.2931043757950462
50.0,100.0,2.775,0.28144526604858433
50.0,100.0,2.8,0.26987476691876094
50.0,100.0,2.825,0.25834291622846667
50.0,100.0,2.85,0.2467987355099761
50.0,100.0,2.875,0.23518922257587158
50.0,100.0,2.9,0.22345822858490227
50.0,100.0,2.925,0.2115451674167237
50.0,100.0,2.95,0.1993834785023097
50.0,100.0,2.975,0.18689849266517622
50.0,100.0,3.0,0.17400599842902173
50.0,100.0,3.025,0.16060798989109648
50.0,100.0,3.05,0.14658971703822862
50.0,100.0,3.075,0.13181436229691892
50.0,100.0,3.1,0.11611628307407391
50.0,100.0,3.125,0.09929177879463814
50.0,100.0,3.15,0.08108626637968407
50.0,100.0,3.175,0.061176117378458524
50.0,100.0,3.2,0.03914238582754531
50.0,100.0,3.225,0.01443192770167784
50.0,100.0,3.25,-0.013701561088281326
50.0,100.0,3.275,-0.046289213392498564
50.0,100.0,3.3,-0.08479293740677515
50.0,100.0,3.325,-0.13134807682355715
50.0,100.0,3.35,-0.189225314826761
50.0,100.0,3.375,-0.26361902311349633
50.0,100.0,3.4,-0.36284788789414735
50.0,100.0,3.425,-0.5003250432850181
50.0,100.0,3.45,-0.6933856523926533
50.0,100.0,3.475,-0.917043425975745
50.0,100.0,3.5,-0.6896046902086054
50.0,100.0,3.525,0.8203802839371784
50.0,100.0,3.55,1.2673686780891444
50.0,100.0,3.575,1.0805848664793478
50.0,100.0,3.6,0.8897989940461932
50.0,100.0,3.625,0.7502525355903288
50.0,100.0,3.65,0.6485890448487095
50.0,100.0,3.675,0.5718181376927922
50.0,100.0,3.7,0.5115550113929985
50.0,100.0,3.725,0.4625565838215409
50.0,100.0,3.75,0.4214716107757498
50.0,100.0,3.775,0.38606220702768757
50.0,100.0,3.8,0.3547919483883132
50.0,105.0,2.4,0.45821264931239636
50.0,105.0,2.425,0.4406515746111257
50.0,105.0,2.45,0.4240567665742935
50.0,105.0,2.475,0.40833098802430895
50.0,105.0,2.5,0.39335671945297584
50.0,105.0,2.525,0.3790183446528646
50.0,105.0,2.55,0.3652331709617137
50.0,105.0,2.575,0.35192209718055567
50.0,105.0,2.6,0.3390156388642632
50.0,105.0,2.625,0.3264522240961726
50.0,105.0,2.65,0.3141739956640913
50.0,105.0,2.675,0.30212631628317105
50.0,105.0,2.7,0.2902569385085197
50.0,105.0,2.725,0.27851515549284367
50.0,105.0,2.75,0.26685093800964166
50.0,105.0,2.775,0.25521398585506644
50.0,105.0,2.8,0.2435527958555747
50.0,105.0,2.825,0.23181366019847352
50.0,105.0,2.85,0.2199390985735261
50.0,105.0,2.875,0.2078679656022914
50.0,105.0,2.9,0.19553177971128938
50.0,105.0,2.925,0.18285430450931528
50.0,105.0,2.95,0.16974865139556242
50.0,105.0,2.975,0.15611425364542228
50.0,105.0,3.0,0.14183289907018728
50.0,105.0,3.025,0.12676349342383592
50.0,105.0,3.05,0.11073503384325341
50.0,105.0,3.075,0.09353701477630749
50.0,105.0,3.1,0.07490608581596135
50.0,105.0,3.125,0.05450713093646964
50.0,105.0,3.15,0.031905868308102665
50.0,105.0,3.175,0.006528276048811415
50.0,105.0,3.2,-0.022400905022348528
50.0,105.0,3.225,-0.05595401606941582
50.0,105.0,3.25,-0.09566002908013706
50.0,105.0,3.275,-0.14379080875462033
50.0,105.0,3.3,-0.20380740658098656
50.0,105.0,3.325,-0.2811636506173497
50.0,105.0,3.35,-0.3848414204548134
50.0,105.0,3.375,-0.5297554767290027
50.0,105.0,3.4,-0.7369976445570315
50.0,105.0,3.425,-0.9902930795982956
50.0,105.0,3.45,-0.7790903182855335
50.0,105.0,3.475,0.8933203659358678
50.0,105.0,3.5,1.3379741157705325
50.0,105.0,3.525,1.1208615923149692
50.0,105.0,3.55,0.9158518563244031
50.0,105.0,3.575,0.7690004351261365
50.0,105.0,3.6,0.6630016609424914
50.0,105.0,3.625,0.5833549569958811
50.0,105.0,3.65,0.5210065547611676
50.0,105.0,3.675,0.4704044050200285
50.0,105.0,3.7,0.42801596078462123
50.0,105.0,3.725,0.39150549147127545
50.0,105.0,3.75,0.35926559435539823
50.0,105.0,3.775,0.33014574548130654
50.0,105.0,3.8,0.3032892232169641
50.0,110.0,2.4,0.4230779990514615
50.0,110.0,2.425,0.40729651246406356
50.0,110.0,2.45,0.3922511235887785
50.0,110.0,2.475,0.37783387106327015
50.0,110.0,2.5,0.3639599486674591
50.0,110.0,2.525,0.35055473610473137
50.0,110.0,2.55,0.337551932410081
50.0,110.0,2.575,0.32488557283162073
50.0,110.0,2.6,0.3124965947688114
50.0,110.0,2.625,0.30033081344528273
50.0,110.0,2.65,0.2883357781529213
50.0,110.0,2.675,0.27646028105900583
50.0,110.0,2.7,0.26465355947569025
50.0,110.0,2.725,0.2528634411194627
50.0,110.0,2.75,0.24103984459793007
50.0,110.0,2.775,0.22912557176361323
50.0,110.0,2.8,0.2170625166957434
50.0,110.0,2.825,0.20478703561873848
50.0,110.0,2.85,0.19222880394049224
50.0,110.0,2.875,0.1793088211705522
50.0,110.0,2.9,0.16593689045342025
50.0,110.0,2.925,0.1520083996430157
50.0,110.0,2.95,0.13740013924676067
50.0,110.0,2.975,0.12196477513816506
50.0,110.0,3.0,0.10552341685577134
50.0,110.0,3.025,0.08785544769839963
50.0,110.0,3.05,0.06868434812389852
50.0,110.0,3.075,0.04765754179856511
50.0,110.0,3.1,0.02431713640871879
50.0,110.0,3.125,-0.0019435328387479836
50.0,110.0,3.15,-0.031946385494481915
50.0,110.0,3.175,-0.06683638070897262
50.0,110.0,3.2,-0.10826298822697776
50.0,110.0,3.225,-0.15866286727498932
50.0,110.0,3.25,-0.22176915123463198
50.0,110.0,3.275,-0.30357552660728915
50.0,110.0,3.3,-0.4141110592687517
50.0,110.0,3.325,-0.5704964889178726
50.0,110.0,3.35,-0.798567695963456
50.0,110.0,3.375,-1.086029619926856
50.0,110.0,3.4,-0.8165429785077337
50.0,110.0,3.425,1.0719497424316777
50.0,110.0,3.45,1.4091861885846422
50.0,110.0,3.475,1.1517546480400727
50.0,110.0,3.5,0.9350743780072112
50.0,110.0,3.525,0.7834923051961151
50.0,110.0,3.55,0.674899964812743
50.0,110.0,3.575,0.5935311475273198
50.0,110.0,3.6,0.5299172562191972
50.0,110.0,3.625,0.47831246548231876
50.0,110.0,3.65,0.4350899237649071
50.0,110.0,3.675,0.3978592536600304
50.0,110.0,3.7,0.36497741054979377
50.0,110.0,3.725,0.33526800861303274
50.0,110.0,3.75,0.3078535010055796
50.0,110.0,3.775,0.2820504077526881
50.0,110.0,3.8,0.2573008071507491
50.0,115.0,2.4,0.3925586732797023
50.0,115.0,2.425,0.3779775370767246
50.0,115.0,2.45,0.36394163935734924
50.0,115.0,2.475,0.350374520628186
50.0,115.0,2.5,0.3372066526611871
50.0,115.0,2.525,0.3243747744658543
50.0,115.0,2.55,0.3118211166959525
50.0,115.0,2.575,0.2994871157298012
50.0,115.0,2.6,0.28731866822727736
50.0,115.0,2.625,0.2752628828628357
50.0,115.0,2.65,0.2632710027615266
50.0,115.0,2.675,0.2512878807834328
50.0,115.0,2.7,0.2392599790776905
50.0,115.0,2.725,0.22713050283491915
50.0,115.0,2.75,0.2148387110010316
50.0,115.0,2.775,0.2023184723294048
50.0,115.0,2.8,0.18949653459037916
50.0,115.0,2.825,0.176290388416401
50.0,115.0,2.85,0.16260558254299268
50.0,115.0,2.875,0.14833228823580832
50.0,115.0,2.9,0.13334082417016968
50.0,115.0,2.925,0.11747572539625377
50.0,115.0,2.95,0.10054774517162006
50.0,115.0,2.975,0.08232287479249176
50.0,115.0,3.0,0.06250698367958794
50.0,115.0,3.025,0.04072389687096765
50.0,115.0,3.05,0.01648340834843336
50.0,115.0,3.075,-0.010866690340553249
50.0,115.0,3.1,-0.0422157950875344
50.0,115.0,3.125,-0.0788124210361176
50.0,115.0,3.15,-0.12245506621722549
50.0,115.0,3.175,-0.17582166675623767
50.0,115.0,3.2,-0.24307774345800803
50.0,115.0,3.225,-0.3310052468454898
50.0,115.0,3.25,-0.45118095473665176
50.0,115.0,3.275,-0.6239791677027078
50.0,115.0,3.3,-0.8817499065037421
50.0,115.0,3.325,-1.2095081777186556
50.0,115.0,3.35,-0.7535265254505961
50.0,115.0,3.375,1.342364646455874
50.0,115.0,3.4,1.4666759231160587
50.0,115.0,3.425,1.167845317028696
50.0,115.0,3.45,0.9446678953789421
50.0,115.0,3.475,0.791768044420938
50.0,115.0,3.5,0.6827276229382007
50.0,115.0,3.525,0.6010519578472451
50.0,115.0,3.55,0.5371461642209482
50.0,115.0,3.575,0.48524980291870906
50.0,115.0,3.6,0.4417400096746987
50.0,115.0,3.625,0.40423078157365355
50.0,115.0,3.65,0.371080973415323
50.0,115.0,3.675,0.34111376595703974
50.0,115.0,3.7,0.31344916923712063
50.0,115.0,3.725,0.28739979495949874
50.0,115.0,3.75,0.2624015411325288
50.0,115.0,3.775,0.23796608977168016
50.0,115.0,3.8,0.21364473684676447
50.0,120.0,2.4,0.3651364167412057
50.0,120.0,2.425,0.35134226754975817
50.0,120.0,2.45,0.337952852345822
50.0,120.0,2.475,0.32490254959847137
50.0,120.0,2.5,0.31213027377506597
50.0,120.0,2.525,0.2995787493041757
50.0,120.0,2.55,0.2871935409400956
50.0,120.0,2.575,0.2749198677746429
50.0,120.0,2.6,0.26270260581445287
50.0,120.0,2.625,0.2504881384120485
50.0,120.0,2.65,0.23822046259378082
50.0,120.0,2.675,0.22584052241501432
50.0,120.0,2.7,0.213284967092249
50.0,120.0,2.725,0.2004846513135166
50.0,120.0,2.75,0.1873627949491145
50.0,120.0,2.775,0.1738326614279415
50.0,120.0,2.8,0.15979467166131522
50.0,120.0,2.825,0.14513269469030587
50.0,120.0,2.85,0.12970919710274917
50.0,120.0,2.875,0.11335879105328199
50.0,120.0,2.9,0.09587950018684177
50.0,120.0,2.925,0.07702071856059335
50.0,120.0,2.95,0.0564662864414821
50.0,120.0,2.975,0.033810196049839945
50.0,120.0,3.0,0.008520846263265932
50.0,120.0,3.025,-0.02011335921922374
50.0,120.0,3.05,-0.0530697916047688
50.0,120.0,3.075,-0.09172602753065143
50.0,120.0,3.1,-0.13808159188162664
50.0,120.0,3.125,-0.19515489426135166
50.0,120.0,3.15,-0.26770607600758023
50.0,120.0,3.175,-0.3636247011043754
50.0,120.0,3.2,-0.4967100360087898
50.0,120.0,3.225,-0.6921521668704722
50.0,120.0,3.25,-0.9916237452050988
50.0,120.0,3.275,-1.3646753033295658
50.0,120.0,3.3,-0.4791860049117149
50.0,120.0,3.325,1.632897425401984
50.0,120.0,3.35,1.4924513427915997
50.0,120.0,3.375,1.166187689744089
50.0,120.0,3.4,0.9435300540993736
50.0,120.0,3.425,0.7930244881766764
50.0,120.0,3.45,0.6857295155815017
50.0,120.0,3.475,0.605162121784642
50.0,120.0,3.5,0.54194295895636
50.0,120.0,3.525,0.49047188890947596
50.0,120.0,3.55,0.447227078215641
50.0,120.0,3.575,0.4098854972879738
50.0,120.0,3.6,0.3768441777880591
50.0,120.0,3.625,0.3469508167249868
50.0,120.0,3.65,0.3193410831205813
50.0,120.0,3.675,0.29333733940985557
50.0,120.0,3.7,0.2683817044714158
50.0,120.0,3.725,0.24398900306158225
50.0,120.0,3.75,0.2197108867713587
50.0,120.0,3.775,0.19510543848517015
50.0,120.0,3.8,0.16970804220605765
50.0,125.0,2.4,0.33977607406377686
50.0,125.0,2.425,0.32645589416001775
50.0,125.0,2.45,0.31341921918498433
50.0,125.0,2.475,0.30060821608496796
50.0,125.0,2.5,0.28796421766354946
50.0,125.0,2.525,0.2754313078675226
50.0,125.0,2.55,0.2629548421973799
50.0,125.0,2.575,0.2504762935112209
50.0,125.0,2.6,0.23793691747396847
50.0,125.0,2.625,0.22527541636308515
50.0,125.0,2.65,0.2124255403743068
50.0,125.0,2.675,0.1993146998601282
50.0,125.0,2.7,0.18586200917248213
50.0,125.0,2.725,0.17197584246103034
50.0,125.0,2.75,0.15755071375822424
50.0,125.0,2.775,0.1424632074504311
50.0,125.0,2.8,0.12656667471069735
50.0,125.0,2.825,0.10968414489438333
50.0,125.0,2.85,0.09159868263160209
50.0,125.0,2.875,0.07204002475403516
50.0,125.0,2.9,0.05066568570986851
50.0,125.0,2.925,0.027033632233677506
50.0,125.0,2.95,0.000561658669080279
50.0,125.0,2.975,-0.02953503014931279
50.0,125.0,3.0,-0.0643411892645796
50.0,125.0,3.025,-0.1053969075223465
50.0,125.0,3.05,-0.15496542970258925
50.0,125.0,3.075,-0.21651011184794342
50.0,125.0,3.1,-0.2955831820889854
50.0,125.0,3.125,-0.401607958831059
50.0,125.0,3.15,-0.5515333607440673
50.0,125.0,3.175,-0.7775479281780635
50.0,125.0,3.2,-1.13500037080178
50.0,125.0,3.225,-1.5422369285504234
50.0,125.0,3.25,0.1619520762757215
50.0,125.0,3.275,1.8404460662213535
50.0,125.0,3.3,1.4807810681907116
50.0,125.0,3.325,1.1477021194038382
50.0,125.0,3.35,0.9324800614825282
50.0,125.0,3.375,0.7876286961254848
50.0,125.0,3.4,0.683954770940017
50.0,125.0,3.425,0.6057077189425808
50.0,125.0,3.45,0.5440220170056591
50.0,125.0,3.475,0.4936034624939234
50.0,125.0,3.5,0.4511118764503364
50.0,125.0,3.525,0.41433381780408857
50.0,125.0,3.55,0.3817361181752438
50.0,125.0,3.575,0.35221154661319914
50.0,125.0,3.6,0.32492649775471144
50.0,125.0,3.625,0.2992251769539022
50.0,125.0,3.65,0.27456604130557166
50.0,125.0,3.675,0.2504768495116864
50.0,125.0,3.7,0.22652009853899688
50.0,125.0,3.725,0.20226338394854496
50.0,125.0,3.75,0.17725046722823593
50.0,125.0,3.775,0.15096906878297367
50.0,125.0,3.8,0.12281077271622712
50.0,130.0,2.4,0.31569425800159884
50.0,130.0,2.425,0.3025822183777944
50.0,130.0,2.45,0.2896423641408428
50.0,130.0,2.475,0.2768161916555352
50.0,130.0,2.5,0.264045230803759
50.0,130.0,2.525,0.2512705679435668
50.0,130.0,2.55,0.23843168782961668
50.0,130.0,2.575,0.22546202090068243
50.0,130.0,2.6,0.21229169290179448
50.0,130.0,2.625,0.19884460145672694
50.0,130.0,2.65,0.18503540738928104
50.0,130.0,2.675,0.17076708247206793
50.0,130.0,2.7,0.15592752525015974
50.0,130.0,2.725,0.1403851637496514
50.0,130.0,2.75,0.12398313097181443
50.0,130.0,2.775,0.10653139836474575
50.0,130.0,2.8,0.08779605748699275
50.0,130.0,2.825,0.0674843742124756
50.0,130.0,2.85,0.045223507207955496
50.0,130.0,2.875,0.0205294667131489
50.0,130.0,2.9,-0.007239484350739811
50.0,130.0,2.925,-0.03895461282416448
50.0,130.0,2.95,-0.07582910751331212
50.0,130.0,2.975,-0.11960395869411761
50.0,130.0,3.0,-0.17287153555271284
50.0,130.0,3.025,-0.239664326301693
50.0,130.0,3.05,-0.3265645952057945
50.0,130.0,3.075,-0.4450360692221386
50.0,130.0,3.1,-0.6164776282542974
50.0,130.0,3.125,-0.8834134052114386
50.0,130.0,3.15,-1.320982684801639
50.0,130.0,3.175,-1.693849267462727
50.0,130.0,3.2,1.1502290433948046
50.0,130.0,3.225,1.912030805993257
50.0,130.0,3.25,1.4376231801671846
50.0,130.0,3.275,1.1164397458733843
50.0,130.0,3.3,0.9137849846310667
50.0,130.0,3.325,0.7768632012900688
50.0,130.0,3.35,0.6781211617970243
50.0,130.0,3.375,0.6030607710034197
50.0,130.0,3.4,0.5435289662083893
50.0,130.0,3.425,0.4946333135500464
50.0,130.0,3.45,0.45326737885077134
50.0,130.0,3.475,0.4173597294586697
50.0,130.0,3.5,0.3854672810823171
50.0,130.0,3.525,0.3565425498866441
50.0,130.0,3.55,0.3297935013218929
50.0,130.0,3.575,0.30459488791897077
50.0,130.0,3.6,0.2804291074552697
50.0,130.0,3.625,0.2568441497752525
50.0,130.0,3.65,0.23342109167707578
50.0,130.0,3.675,0.20974608105691367
50.0,130.0,3.7,0.18538284546070283
50.0,130.0,3.725,0.15984188923125564
50.0,130.0,3.75,0.13254177252541893
50.0,130.0,3.775,0.10275595434105224
50.0,130.0,3.8,0.06953501168365271
50.0,135.0,2.4,0.29224674139157225
50.0,135.0,2.425,0.27909415596243087
50.0,135.0,2.45,0.2660000935414676
50.0,135.0,2.475,0.2529021083465076
50.0,135.0,2.5,0.23973554667868946
50.0,135.0,2.525,0.2264325515660868
50.0,135.0,2.55,0.21292037464393937
50.0,135.0,2.575,0.1991165739765878
50.0,135.0,2.6,0.18493071181901102
50.0,135.0,2.625,0.1702602358456376
50.0,135.0,2.65,0.15498600065534004
50.0,135.0,2.675,0.1389676315423883
50.0,135.0,2.7,0.12203711222783288
50.0,135.0,2.725,0.10399011914129236
50.0,135.0,2.75,0.08457407989635154
50.0,135.0,2.775,0.06347136645916507
50.0,135.0,2.8,0.040275224445209326
50.0,135.0,2.825,0.01445434885860895
50.0,135.0,2.85,-0.01470071292098976
50.0,135.0,2.875,-0.04816040167260244
50.0,135.0,2.9,-0.08728839801795368
50.0,135.0,2.925,-0.13406581293770198
50.0,135.0,2.95,-0.19148362814332137
50.0,135.0,2.975,-0.26427012820054036
50.0,135.0,3.0,-0.3603350375990533
50.0,135.0,3.025,-0.49384961126716875
50.0,135.0,3.05,-0.6923725230589574
50.0,135.0,3.075,-1.013688839720348
50.0,135.0,3.1,-1.560501623476759
50.0,135.0,3.125,-1.6424436882519973
50.0,135.0,3.15,2.031315900624312
50.0,135.0,3.175,1.8716776870118705
50.0,135.0,3.2,1.375545918779228
50.0,135.0,3.225,1.0777721431606915
50.0,135.0,3.25,0.890345484628173
50.0,135.0,3.275,0.7624773814461304
50.0,135.0,3.3,0.6693414383405616
50.0,135.0,3.325,0.5979416936086734
50.0,135.0,3.35,0.5409239036294352
50.0,135.0,3.375,0.4938372834256674
50.0,135.0,3.4,0.45383207614721416
50.0,135.0,3.425,0.41899354850963944
50.0,135.0,3.45,0.38797891885111746
50.0,135.0,3.475,0.3598080273520562
50.0,135.0,3.5,0.33373638632890457
50.0,135.0,3.525,0.3091743386409223
50.0,135.0,3.55,0.285632817905756
50.0,135.0,3.575,0.2626846000186852
50.0,135.0,3.6,0.23993426353464023
50.0,135.0,3.625,0.21699228197215092
50.0,135.0,3.65,0.1934496439465036
50.0,135.0,3.675,0.16884950241772737
50.0,135.0,3.7,0.14265163481406096
50.0,135.0,3.725,0.11418370148514222
50.0,135.0,3.75,0.08256976985438261
50.0,135.0,3.775,0.046619982835113545
50.0,135.0,3.8,0.004652999460643205
50.0,140.0,2.4,0.26884929477530356
50.0,140.0,2.425,0.2554023585072977
50.0,140.0,2.45,0.24188668982679654
50.0,140.0,2.475,0.2282302398819404
50.0,140.0,2.5,0.2143553422649795
50.0,140.0,2.525,0.20017705361477053
50.0,140.0,2.55,0.18560046520153345
50.0,140.0,2.575,0.17051478914205953
50.0,140.0,2.6,0.15479326550509623
50.0,140.0,2.625,0.138286556622009
50.0,140.0,2.65,0.12081497758195638
50.0,140.0,2.675,0.10215908107734405
50.0,140.0,2.7,0.08204635272096537
50.0,140.0,2.725,0.06013240333963645
50.0,140.0,2.75,0.03597376022782172
50.0,140.0,2.775,0.00898742491081576
50.0,140.0,2.8,-0.02161067903101064
50.0,140.0,2.825,-0.05690166221129873
50.0,140.0,2.85,-0.09841979670911949
50.0,140.0,2.875,-0.1484239510047735
50.0,140.0,2.9,-0.21037255414518338
50.0,140.0,2.925,-0.2898392529773711
50.0,140.0,2.95,-0.39637677194918325
50.0,140.0,2.975,-0.5476753937169001
50.0,140.0,3.0,-0.7797483189211938
50.0,140.0,3.025,-1.1728486368342164
50.0,140.0,3.05,-1.8631852096388406
50.0,140.0,3.075,-0.9351471522171328
50.0,140.0,3.1,2.416714999801205
50.0,140.0,3.125,1.773633533935984
50.0,140.0,3.15,1.3068598218807892
50.0,140.0,3.175,1.03669114039368
50.0,140.0,3.2,0.8649511755855844
50.0,140.0,3.225,0.7462600629889121
50.0,140.0,3.25,0.6588419298317237
50.0,140.0,3.275,0.5912216208584621
50.0,140.0,3.3,0.5368352393908474
50.0,140.0,3.325,0.49166797627199
50.0,140.0,3.35,0.45312471923181175
50.0,140.0,3.375,0.41944743956715697
50.0,140.0,3.4,0.3893946206370777
50.0,140.0,3.425,0.36205479874277713
50.0,140.0,3.45,0.33673257703305465
50.0,140.0,3.475,0.3128755303918338
50.0,140.0,3.5,0.2900248832404097
50.0,140.0,3.525,0.2677801397110167
50.0,140.0,3.55,0.2457716361425172
50.0,140.0,3.575,0.22363693419806324
50.0,140.0,3.6,0.20099784629115103
50.0,140.0,3.625,0.1774350018061727
50.0,140.0,3.65,0.15245626441981092
50.0,140.0,3.675,0.12545378886178096
50.0,140.0,3.7,0.09564150915317772
50.0,140.0,3.725,0.06195925468130691
50.0,140.0,3.75,0.02291945368384067
50.0,140.0,3.775,-0.023649380789781946
50.0,140.0,3.8,-0.08111642768350227
50.0,145.0,2.4,0.24492499579077032
50.0,145.0,2.425,0.23089743535979326
50.0,145.0,2.45,0.21664644045141698
50.0,145.0,2.475,0.2020818281240516
50.0,145.0,2.5,0.18710245581859472
50.0,145.0,2.525,0.1715932124272128
50.0,145.0,2.55,0.1554203263038688
50.0,145.0,2.575,0.1384228855979197
50.0,145.0,2.6,0.12040911517868454
50.0,145.0,2.625,0.10114433351726265
50.0,145.0,2.65,0.08033553737444989
50.0,145.0,2.675,0.05761057307179575
50.0,145.0,2.7,0.03248748990571128
50.0,145.0,2.725,0.004328664962124592
50.0,145.0,2.75,-0.02772950355409259
50.0,145.0,2.775,-0.06488646667192535
50.0,145.0,2.8,-0.1088675660929256
50.0,145.0,2.825,-0.1622376544126206
50.0,145.0,2.85,-0.22898897107391308
50.0,145.0,2.875,-0.31568237875204125
50.0,145.0,2.9,-0.4338577906917829
50.0,145.0,2.925,-0.6056573831423148
50.0,145.0,2.95,-0.8784850100548738
50.0,145.0,2.975,-1.365368765362088
50.0,145.0,3.0,-2.2247787496553757
50.0,145.0,3.025,0.7894561107375418
50.0,145.0,3.05,2.4195588902090766
50.0,145.0,3.075,1.6603267905812713
50.0,145.0,3.1,1.2402634482215387
50.0,145.0,3.125,0.9969513864805241
50.0,145.0,3.15,0.839860341033798
50.0,145.0,3.175,0.7297615243243265
50.0,145.0,3.2,0.6477572161029522
50.0,145.0,3.225,0.5837613346989546
50.0,145.0,3.25,0.531929943291379
50.0,145.0,3.275,0.4886477149086759
50.0,145.0,3.3,0.4515548846492647
50.0,145.0,3.325,0.419039634263751
50.0,145.0,3.35,0.38995585881356515
50.0,145.0,3.375,0.36345746767147163
50.0,145.0,3.4,0.3388962601590033
50.0,145.0,3.425,0.31575598642490665
50.0,145.0,3.45,0.29360762145992525
50.0,145.0,3.475,0.2720772006980422
50.0,145.0,3.5,0.2508208784301234
50.0,145.0,3.525,0.22950359275800022
50.0,145.0,3.55,0.2077785131140458
50.0,145.0,3.575,0.18526458839143495
50.0,145.0,3.6,0.16151905202889663
50.0,145.0,3.625,0.13600051085757156
50.0,145.0,3.65,0.10801574980598469
50.0,145.0,3.675,0.07663754207018258
50.0,145.0,3.7,0.040569341322291265
50.0,145.0,3.725,-0.0020316980709655028
50.0,145.0,3.75,-0.05397960685089383
50.0,145.0,3.775,-0.11968011006011549
50.0,145.0,3.8,-0.20629002754226325
50.0,150.0,2.4,0.21984315320543985
50.0,150.0,2.425,0.20488422700408393
50.0,150.0,2.45,0.189499025647503
50.0,150.0,2.475,0.17356552303286488
50.0,150.0,2.5,0.15694152654840385
50.0,150.0,2.525,0.13945884962305613
50.0,150.0,2.55,0.12091439135824981
50.0,150.0,2.575,0.10105589018863508
50.0,150.0,2.6,0.07956987619978007
50.0,150.0,2.625,0.056056711480859785
50.0,150.0,2.65,0.02999575903322845
50.0,150.0,2.675,0.0006939804911188687
50.0,150.0,2.7,-0.03279331356000276
50.0,150.0,2.725,-0.0717898812733877
50.0,150.0,2.75,-0.11822210936425168
50.0,150.0,2.775,-0.17498188796628222
50.0,150.0,2.8,-0.24664674684069787
50.0,150.0,2.825,-0.3408875280749453
50.0,150.0,2.85,-0.4715586668332433
50.0,150.0,2.875,-0.6662433706427997
50.0,150.0,2.9,-0.9872583523135288
50.0,150.0,2.925,-1.594518297885221
50.0,150.0,2.95,-2.587026560186179
50.0,150.0,2.975,2.507146703219335
50.0,150.0,3.0,2.275974548683483
50.0,150.0,3.025,1.554254793123772
50.0,150.0,3.05,1.1806803090433207
50.0,150.0,3.075,0.9609676353880919
50.0,150.0,3.1,0.8166843894394004
50.0,150.0,3.125,0.7141800669531266
50.0,150.0,3.15,0.6370236307052054
50.0,150.0,3.175,0.5763137856981836
50.0,150.0,3.2,0.5268248818368377
50.0,150.0,3.225,0.48528803377803187
50.0,150.0,3.25,0.44954969106386783
50.0,150.0,3.275,0.4181274500419769
50.0,150.0,3.3,0.3899604884475086
50.0,150.0,3.325,0.36426170877830927
50.0,150.0,3.35,0.3404259024855284
50.0,150.0,3.375,0.31797007940019956
50.0,150.0,3.4,0.2964928127676771
50.0,150.0,3.425,0.275644950233585
50.0,150.0,3.45,0.2551069513409589
50.0,150.0,3.475,0.2345696444276819
50.0,150.0,3.5,0.2137159202324913
50.0,150.0,3.525,0.19220103924969104
50.0,150.0,3.55,0.16962885116517865
50.0,150.0,3.575,0.14552009080329786
50.0,150.0,3.6,0.11926906805866033
50.0,150.0,3.625,0.09008877365030316
50.0,150.0,3.65,0.056870015107985936
50.0,150.0,3.675,0.018047371833743178
50.0,150.0,3.7,-0.028704557208984342
50.0,150.0,3.725,-0.08699109250787901
50.0,150.0,3.75,-0.16262434318649066
50.0,150.0,3.775,-0.26519940178964513
50.0,150.0,3.8,-0.40956375397326744
50.0,155.0,2.4,0.1928495242866112
50.0,155.0,2.425,0.17649694043567907
50.0,155.0,2.45,0.15943360805172613
50.0,155.0,2.475,0.1414817267844945
50.0,155.0,2.5,0.12242613139166225
50.0,155.0,2.525,0.10200222966744625
50.0,155.0,2.55,0.07987747759838223
50.0,155.0,2.575,0.05562340004184358
50.0,155.0,2.6,0.02868213709960674
50.0,155.0,2.625,-0.0016927532520601182
50.0,155.0,2.65,-0.03652331773636066
50.0,155.0,2.675,-0.07726361908330409
50.0,155.0,2.7,-0.1260322172856592
50.0,155.0,2.725,-0.18606090146413903
50.0,155.0,2.75,-0.2625357264384122
50.0,155.0,2.775,-0.36431575700470764
50.0,155.0,2.8,-0.5078220128435061
50.0,155.0,2.825,-0.7269802433179348
50.0,155.0,2.85,-1.102824191280892
50.0,155.0,2.875,-1.8600479062223998
50.0,155.0,2.9,-2.739283495984625
50.0,155.0,2.925,3.1903287154857707
50.0,155.0,2.95,2.1124229629111917
50.0,155.0,2.975,1.4644171038838514
50.0,155.0,3.0,1.1303530894948641
50.0,155.0,3.025,0.9300912737245899
50.0,155.0,3.05,0.7964640822020783
50.0,155.0,3.075,0.7003665591332807
50.0,155.0,3.1,0.6273537154715978
50.0,155.0,3.125,0.5694849940592084
50.0,155.0,3.15,0.5220416426154437
50.0,155.0,3.175,0.48204204154120067
50.0,155.0,3.2,0.44750549436461456
50.0,155.0,3.225,0.4170591906639158
50.0,155.0,3.25,0.3897152346965285
50.0,155.0,3.275,0.3647374513813609
50.0,155.0,3.3,0.3415580858285165
50.0,155.0,3.325,0.3197233844317653
50.0,155.0,3.35,0.29885638688284616
50.0,155.0,3.375,0.2786300997422073
50.0,155.0,3.4,0.25874680712537645
50.0,155.0,3.425,0.23892065086350522
50.0,155.0,3.45,0.218861278309306
50.0,155.0,3.475,0.1982565472784458
50.0,155.0,3.5,0.17675260243765128
50.0,155.0,3.525,0.1539362165531528
50.0,155.0,3.55,0.1292791145459068
50.0,155.0,3.575,0.10208174225150658
50.0,155.0,3.6,0.07142291847701082
50.0,155.0,3.625,0.035998037923693896
50.0,155.0,3.65,-0.006104580727015891
50.0,155.0,3.675,-0.05780063805270364
50.0,155.0,3.7,-0.12372522943287902
50.0,155.0,3.725,-0.21151234454154896
50.0,155.0,3.75,-0.33367271042726615
50.0,155.0,3.775,-0.5058582701163753
50.0,155.0,3.8,-0.6891910457902547
50.0,160.0,2.4,0.16296651391278102
50.0,160.0,2.425,0.14457029167209348
50.0,160.0,2.45,0.12503852975729984
50.0,160.0,2.475,0.10409265165088971
50.0,160.0,2.5,0.08138192580165017
50.0,160.0,2.525,0.0564564005813772
50.0,160.0,2.55,0.028724490633117297
50.0,160.0,2.575,-0.002611233715571593
50.0,160.0,2.6,-0.03864493756421091
50.0,160.0,2.625,-0.08095025614824024
50.0,160.0,2.65,-0.1318288548412054
50.0,160.0,2.675,-0.19483716755084135
50.0,160.0,2.7,-0.2757565372743988
50.0,160.0,2.725,-0.38463762276362196
50.0,160.0,2.75,-0.5405695621915619
50.0,160.0,2.775,-0.784400645299957
50.0,160.0,2.8,-1.2192319925007695
50.0,160.0,2.825,-2.1546589396645675
50.0,160.0,2.85,-2.2245380142268543
50.0,160.0,2.875,3.225913868041628
50.0,160.0,2.9,1.972834019242257
50.0,160.0,2.925,1.393131682904293
50.0,160.0,2.95,1.089985575358911
50.0,160.0,2.975,0.9049699067922805
50.0,160.0,3.0,0.779817585326582
50.0,160.0,3.025,0.6888885235637171
50.0,160.0,3.05,0.619259684520538
50.0,160.0,3.075,0.563735493802555
50.0,160.0,3.1,0.5179951233734548
50.0,160.0,3.125,0.47928508457507435
50.0,160.0,3.15,0.4457634336739495
50.0,160.0,3.175,0.41614622725384426
50.0,160.0,3.2,0.3895052863105045
50.0,160.0,3.225,0.36514654276780095
50.0,160.0,3.25,0.3425335195508015
50.0,160.0,3.275,0.32123712419347505
50.0,160.0,3.3,0.3009012354224138
50.0,160.0,3.325,0.28121789714646167
50.0,160.0,3.35,0.2619082690825093
50.0,160.0,3.375,0.24270675124606084
50.0,160.0,3.4,0.22334643171291044
50.0,160.0,3.425,0.20354542323978275
50.0,160.0,3.45,0.18299819832604608
50.0,160.0,3.475,0.16132237178597736
50.0,160.0,3.5,0.13804439849289452
50.0,160.0,3.525,0.11258678914596898
50.0,160.0,3.55,0.08416563354822054
50.0,160.0,3.575,0.05169175620824591
50.0,160.0,3.6,0.013596715276191083
50.0,160.0,3.625,-0.032470203793501316
50.0,160.0,3.65,-0.09018339420829381
50.0,160.0,3.675,-0.16552638621386132
50.0,160.0,3.7,-0.2684819147860586
50.0,160.0,3.725,-0.4145132371316701
50.0,160.0,3.75,-0.6094262087387554
50.0,160.0,3.775,-0.6405329534307714
50.0,160.0,3.8,0.4934906891313416
50.0,165.0,2.4,0.12883301936473573
50.0,165.0,2.425,0.10742177386006105
50.0,165.0,2.45,0.08419913084361191
50.0,165.0,2.475,0.05869417142814409
50.0,165.0,2.5,0.030286773118213265
50.0,165.0,2.525,-0.0018591907711562967
50.0,165.0,2.55,-0.038901476443693475
50.0,165.0,2.575,-0.0825111978136779
50.0,165.0,2.6,-0.1351562539678741
50.0,165.0,2.625,-0.20067579176139852
50.0,165.0,2.65,-0.28538390484722065
50.0,165.0,2.675,-0.40042590838420283
50.0,165.0,2.7,-0.5674194096834316
50.0,165.0,2.725,-0.8341097907143995
50.0,165.0,2.75,-1.3273612225315796
50.0,165.0,2.775,-2.459908254997356
50.0,165.0,2.8,-0.7137568090698417
50.0,165.0,2.825,3.08693634468171
50.0,165.0,2.85,1.8676824227320419
50.0,165.0,2.875,1.3400620377092782
50.0,165.0,2.9,1.0595550192957095
50.0,165.0,2.925,0.8858534917525622
50.0,165.0,2.95,0.7670904659039223
50.0,165.0,2.975,0.6801114018810054
50.0,165.0,3.0,0.6130982700453348
50.0,165.0,3.025,0.5594036207852318
50.0,165.0,3.05,0.515003047349577
50.0,165.0,3.075,0.47731493361833804
50.0,165.0,3.1,0.44460298197238346
50.0,165.0,3.125,0.41565161005373696
50.0,165.0,3.15,0.38957905817070965
50.0,165.0,3.175,0.3657243542785542
50.0,165.0,3.2,0.3435759050207665
50.0,165.0,3.225,0.32272449745864185
50.0,165.0,3.25,0.3028310414049647
50.0,165.0,3.275,0.2836033515675393
50.0,165.0,3.3,0.2647784391240145
50.0,165.0,3.325,0.2461080956148993
50.0,165.0,3.35,0.22734679762927099
50.0,165.0,3.375,0.20824635422648285
50.0,165.0,3.4,0.1885164671318593
50.0,165.0,3.425,0.16780055643502473
50.0,165.0,3.45,0.14571183149041544
50.0,165.0,3.475,0.12174551412902193
50.0,165.0,3.5,0.09523267388906416
50.0,165.0,3.525,0.0652605117590077
50.0,165.0,3.55,0.03053645660542526
50.0,165.0,3.575,-0.01084260167046082
50.0,165.0,3.6,-0.0617971317271399
50.0,165.0,3.625,-0.12700592654033507
50.0,165.0,3.65,-0.21425433960840068
50.0,165.0,3.675,-0.33649386731536457
50.0,165.0,3.7,-0.510338441045612
50.0,165.0,3.725,-0.6937368686312497
50.0,165.0,3.75,-0.23802763193289758
50.0,165.0,3.775,1.0289348030998002
50.0,165.0,3.8,1.0831134810552223
50.0,170.0,2.4,0.08842236161086392
50.0,170.0,2.425,0.062449444585138326
50.0,170.0,2.45,0.033511487903842195
50.0,170.0,2.475,0.0007413837454780726
50.0,170.0,2.5,-0.03706715727162624
50.0,170.0,2.525,-0.08165591451503365
50.0,170.0,2.55,-0.1356127246579834
50.0,170.0,2.575,-0.20300139399439013
50.0,170.0,2.6,-0.290554244065086
50.0,170.0,2.625,-0.4102943680998664
50.0,170.0,2.65,-0.5859337643601352
50.0,170.0,2.675,-0.8712048448458222
50.0,170.0,2.7,-1.4152996789976622
50.0,170.0,2.725,-2.743540373862407
50.0,170.0,2.75,1.1873829851098794
50.0,170.0,2.775,2.9557536601907595
50.0,170.0,2.8,1.7971148250039444
50.0,170.0,2.825,1.3041780612436331
50.0,170.0,2.85,1.0388077659707742
50.0,170.0,2.875,0.8728156686873231
50.0,170.0,2.9,0.7584794051421471
50.0,170.0,2.925,0.6742745952403343
50.0,170.0,2.95,0.6091194117115136
50.0,170.0,2.975,0.5567368947135306
50.0,170.0,3.0,0.5133056004295286
50.0,170.0,3.025,0.47636300109826574
50.0,170.0,3.05,0.444246843298319
50.0,170.0,3.075,0.41579002534843806
50.0,170.0,3.1,0.39014413682611765
50.0,170.0,3.125,0.3666723422685958
50.0,170.0,3.15,0.34488152079114237
50.0,170.0,3.175,0.3243775264511522
50.0,170.0,3.2,0.30483448144846437
50.0,170.0,3.225,0.285972752209065
50.0,170.0,3.25,0.2675423404776827
50.0,170.0,3.275,0.24930931133158388
50.0,170.0,3.3,0.23105286119667778
50.0,170.0,3.325,0.2125392510416299
50.0,170.0,3.35,0.19347548030298595
50.0,170.0,3.375,0.173573400093475
50.0,170.0,3.4,0.15248795362233142
50.0,170.0,3.425,0.12977627383606066
50.0,170.0,3.45,0.10486373024166723
50.0,170.0,3.475,0.07697865390447638
50.0,170.0,3.5,0.045046163629990005
50.0,170.0,3.525,0.0075113352232976495
50.0,170.0,3.55,-0.03796753226265555
50.0,170.0,3.575,-0.09507242169977886
50.0,170.0,3.6,-0.1698506499710944
50.0,170.0,3.625,-0.27254138115975546
50.0,170.0,3.65,-0.41956187599747735
50.0,170.0,3.675,-0.6200975260492291
50.0,170.0,3.7,-0.6631051378503356
50.0,170.0,3.725,0.511842847096955
50.0,170.0,3.75,1.1444153222589162
50.0,170.0,3.775,0.9760598977493812
50.0,170.0,3.8,0.7962478165337417
50.0,175.0,2.4,0.038501385223394156
50.0,175.0,2.425,0.005320117604852574
50.0,175.0,2.45,-0.03296814334108234
50.0,175.0,2.475,-0.07814979225988004
50.0,175.0,2.5,-0.13288584979153445
50.0,175.0,2.525,-0.20136473672098043
50.0,175.0,2.55,-0.2905713714254793
50.0,175.0,2.575,-0.413082724800783
50.0,175.0,2.6,-0.59397098409576
50.0,175.0,2.625,-0.8910536429299047
50.0,175.0,2.65,-1.4701700347901778
50.0,175.0,2.675,-2.96065455694712
50.0,175.0,2.7,2.5729958939262905
50.0,175.0,2.725,2.885131782697936
50.0,175.0,2.75,1.7594232484919816
50.0,175.0,2.775,1.2846426150453687
50.0,175.0,2.8,1.0275458416781644
50.0,175.0,2.825,0.8659039590193907
50.0,175.0,2.85,0.7541257717382351
50.0,175.0,2.875,0.671554406328156
50.0,175.0,2.9,0.6075103445683777
50.0,175.0,2.925,0.555923526679918
50.0,175.0,2.95,0.513088019214982
50.0,175.0,2.975,0.4766102774061628
50.0,175.0,3.0,0.4448717085595498
50.0,175.0,3.025,0.4167343591733951
50.0,175.0,3.05,0.3913703330512481
50.0,175.0,3.075,0.3681580634197146
50.0,175.0,3.1,0.3466165240484733
50.0,175.0,3.125,0.32636184538997903
50.0,175.0,3.15,0.3070775752339799
50.0,175.0,3.175,0.2884928908392716
50.0,175.0,3.2,0.27036921901528743
50.0,175.0,3.225,0.2524877527086903
50.0,175.0,3.25,0.2346411354248809
50.0,175.0,3.275,0.2165903614523564
50.0,175.0,3.3,0.1980765060543971
50.0,175.0,3.325,0.17884974638070264
50.0,175.0,3.35,0.15859683151050394
50.0,175.0,3.375,0.1369268660529328
50.0,175.0,3.4,0.11334095910417452
50.0,175.0,3.425,0.08717928444286009
50.0,175.0,3.45,0.05753725580024125
50.0,175.0,3.475,0.023128447340862057
50.0,175.0,3.5,-0.017949065037204302
50.0,175.0,3.525,-0.06862825656045708
50.0,175.0,3.55,-0.1336411144365157
50.0,175.0,3.575,-0.22095732066438079
50.0,175.0,3.6,-0.34418632656543524
50.0,175.0,3.625,-0.5225582635158216
50.0,175.0,3.65,-0.7244274906531248
50.0,175.0,3.675,-0.28697899035542973
50.0,175.0,3.7,1.0492456334734293
50.0,175.0,3.725,1.0835530704021694
50.0,175.0,3.75,0.8771072124597085
50.0,175.0,3.775,0.7221977609381534
50.0,175.0,3.8,0.6139228330398107
50.0,180.0,2.4,-0.026506600417047558
50.0,180.0,2.425,-0.07185911259585281
50.0,180.0,2.45,-0.12677685740967787
50.0,180.0,2.475,-0.1954740646030092
50.0,180.0,2.5,-0.28499502081450556
50.0,180.0,2.525,-0.40804693263160935
50.0,180.0,2.55,-0.5900820852282838
50.0,180.0,2.575,-0.8902966624319976
50.0,180.0,2.6,-1.4814177046648325
50.0,180.0,2.625,-3.0608191189564655
50.0,180.0,2.65,3.1927586510864185
50.0,180.0,2.675,2.8927962810320964
50.0,180.0,2.7,1.7540329032786044
50.0,180.0,2.725,1.281236681181158
50.0,180.0,2.75,1.0258026440392471
50.0,180.0,2.775,0.8652441221575425
50.0,180.0,2.8,0.7541857283084522
50.0,180.0,2.825,0.672114084810137
50.0,180.0,2.85,0.6084326943553431
50.0,180.0,2.875,0.5571205963874264
50.0,180.0,2.9,0.5145022947077611
50.0,180.0,2.925,0.4782041104040661
50.0,180.0,2.95,0.4466211235753262
50.0,180.0,2.975,0.4186253353034969
50.0,180.0,3.0,0.3933965567858914
50.0,180.0,3.025,0.37031960905896966
50.0,180.0,3.05,0.3489191604379909
50.0,180.0,3.075,0.32881678345383547
50.0,180.0,3.1,0.30970036344150964
50.0,180.0,3.125,0.2913091226792623
50.0,180.0,3.15,0.27341099243685535
50.0,180.0,3.175,0.25579554272510424
50.0,180.0,3.2,0.23826352287619568
50.0,180.0,3.225,0.22057408364152623
50.0,180.0,3.25,0.20250563091504642
50.0,180.0,3.275,0.18382858628114843
50.0,180.0,3.3,0.16425762689851722
50.0,180.0,3.325,0.1434440755947738
50.0,180.0,3.35,0.12094950400613075
50.0,180.0,3.375,0.09620244158858306
50.0,180.0,3.4,0.0684312294951402
50.0,180.0,3.425,0.03655614344630072
50.0,180.0,3.45,-0.0009912390280291563
50.0,180.0,3.475,-0.04658387355058319
50.0,180.0,3.5,-0.10397617993544854
50.0,180.0,3.525,-0.17939621369599051
50.0,180.0,3.55,-0.283592973008844
50.0,180.0,3.575,-0.4346776809488912
50.0,180.0,3.6,-0.6484353464994668
50.0,180.0,3.625,-0.7299252295346653
50.0,180.0,3.65,0.515613235628014
50.0,180.0,3.675,1.1772367118845257
50.0,180.0,3.7,0.9824794642387775
50.0,180.0,3.725,0.7916850190050696
50.0,180.0,3.75,0.6592052913952448
50.0,180.0,3.775,0.5647781962324944
50.0,180.0,3.8,0.49349256493808996
60.0,0.0,2.4,0.25870530113846496
60.0,0.0,2.425,0.2521377939630405
60.0,0.0,2.45,0.24557312093277958
60.0,0.0,2.475,0.23900160273714632
60.0,0.0,2.5,0.2324132937441485
60.0,0.0,2.525,0.22579852128512695
60.0,0.0,2.55,0.21914674242229373
60.0,0.0,2.575,0.2124431029637405
60.0,0.0,2.6,0.20567592576048938
60.0,0.0,2.625,0.19883268262219958
60.0,0.0,2.65,0.19189907222634522
60.0,0.0,2.675,0.18485950673211318
60.0,0.0,2.7,0.17769699521140028
60.0,0.0,2.725,0.17039298253897553
60.0,0.0,2.75,0.16292707615496416
60.0,0.0,2.775,0.15527671168460896
60.0,0.0,2.8,0.14741679375531677
60.0,0.0,2.825,0.13931925552917288
60.0,0.0,2.85,0.13095252494971446
60.0,0.0,2.875,0.1222808757056048
60.0,0.0,2.9,0.11326363242181486
60.0,0.0,2.925,0.10385419013024441
60.0,0.0,2.95,0.09399879542813347
60.0,0.0,2.975,0.08363501945212491
60.0,0.0,3.0,0.07268982891474245
60.0,0.0,3.025,0.06107712805160844
60.0,0.0,3.05,0.0486945970253558
60.0,0.0,3.075,0.03541958442242696
60.0,0.0,3.1,0.021103712612907048
60.0,0.0,3.125,0.00556570871070471
60.0,0.0,3.15,-0.011418245025890502
60.0,0.0,3.175,-0.030127680552232295
60.0,0.0,3.2,-0.05091608651547986
60.0,0.0,3.225,-0.074236581888506
60.0,0.0,3.25,-0.10067865200076073
60.0,0.0,3.275,-0.131021602457618
60.0,0.0,3.3,-0.16631357485833187
60.0,0.0,3.325,-0.20798977091802953
60.0,0.0,3.35,-0.25804972121515574
60.0,0.0,3.375,-0.3193165756390949
60.0,0.0,3.4,-0.3957766277082689
60.0,0.0,3.425,-0.49282346537143545
60.0,0.0,3.45,-0.616315009225289
60.0,0.0,3.475,-0.7646664501824866
60.0,0.0,3.5,-0.8849545377696869
60.0,0.0,3.525,-0.6949853914446903
60.0,0.0,3.55,0.28863902141101094
60.0,0.0,3.575,1.143903547006784
60.0,0.0,3.6,1.2331855144445807
60.0,0.0,3.625,1.089659498262708
60.0,0.0,3.65,0.9386420033789535
60.0,0.0,3.675,0.8163099509020466
60.0,0.0,3.7,0.7207216653139541
60.0,0.0,3.725,0.645366130968167
60.0,0.0,3.75,0.5847985422491232
60.0,0.0,3.775,0.5350930503408069
60.0,0.0,3.8,0.49349256012298004
60.0,5.0,2.4,0.23877451799452354
60.0,5.0,2.425,0.23189504673765865
60.0,5.0,2.45,0.22498837028980506
60.0,5.0,2.475,0.21804253911712335
60.0,5.0,2.5,0.21104498803286068
60.0,5.0,2.525,0.20398293374489782
60.0,5.0,2.55,0.19684294598141072
60.0,5.0,2.575,0.18960737632088892
60.0,5.0,2.6,0.18225983682597272
60.0,5.0,2.625,0.1747829798155476
60.0,5.0,2.65,0.16715728609331124
60.0,5.0,2.675,0.15936122475457543
60.0,5.0,2.7,0.15137099960329428
60.0,5.0,2.725,0.14316022427621486
60.0,5.0,2.75,0.134699487303982
60.0,5.0,2.775,0.12595578527942866
60.0,5.0,2.8,0.11689187524596292
60.0,5.0,2.825,0.10746547650732503
60.0,5.0,2.85,0.09762828426509863
60.0,5.0,2.875,0.0873247435144417
60.0,5.0,2.9,0.0764905124021284
60.0,5.0,2.925,0.06505051951157073
60.0,5.0,2.95,0.05291648518924095
60.0,5.0,2.975,0.0399837284468589
60.0,5.0,3.0,0.02612701135994924
60.0,5.0,3.025,0.011195071779153826
60.0,5.0,3.05,-0.0049966537522908505
60.0,5.0,3.075,-0.0226758375441934
60.0,5.0,3.1,-0.04212665691073343
60.0,5.0,3.125,-0.06370835583145765
60.0,5.0,3.15,-0.08788135579048191
60.0,5.0,3.175,-0.11524465866594265
60.0,5.0,3.2,-0.14659009278657162
60.0,5.0,3.225,-0.1829815031294734
60.0,5.0,3.25,-0.2258746598244087
60.0,5.0,3.275,-0.2772926360226694
60.0,5.0,3.3,-0.34007832064143306
60.0,5.0,3.325,-0.4182064983534983
60.0,5.0,3.35,-0.5169286383202776
60.0,5.0,3.375,-0.6414636008120237
60.0,5.0,3.4,-0.787684821714008
60.0,5.0,3.425,-0.8932197952490168
60.0,5.0,3.45,-0.6553627179732174
60.0,5.0,3.475,0.3554724312094044
60.0,5.0,3.5,1.1553922500689202
60.0,5.0,3.525,1.2227336605548955
60.0,5.0,3.55,1.0771675031682069
60.0,5.0,3.575,0.9267722442515793
60.0,5.0,3.6,0.8048961190657556
60.0,5.0,3.625,0.7094459097784622
60.0,5.0,3.65,0.6340398056509464
60.0,5.0,3.675,0.5733318487155555
60.0,5.0,3.7,0.5234509009431055
60.0,5.0,3.725,0.48166624594014157
60.0,5.0,3.75,0.446040673557372
60.0,5.0,3.775,0.4151778629781108
60.0,5.0,3.8,0.38805215509055085
60.0,10.0,2.4,0.21764830065121565
60.0,10.0,2.425,0.21029792068110914
60.0,10.0,2.45,0.20287532501044467
60.0,10.0,2.475,0.1953646589481838
60.0,10.0,2.5,0.18774898101884002
60.0,10.0,2.525,0.18001064817126702
60.0,10.0,2.55,0.17213147638928245
60.0,10.0,2.575,0.16408818589567703
60.0,10.0,2.6,0.15585754052326226
60.0,10.0,2.625,0.1474144531381717
60.0,10.0,2.65,0.1387315897075517
60.0,10.0,2.675,0.12977841240290602
60.0,10.0,2.7,0.12052089257998638
60.0,10.0,2.725,0.11092098045982415
60.0,10.0,2.75,0.10093587264673458
60.0,10.0,2.775,0.0905170087550578
60.0,10.0,2.8,0.07960884664263478
60.0,10.0,2.825,0.06814728664483256
60.0,10.0,2.85,0.05605763345815069
60.0,10.0,2.875,0.0432519473181997
60.0,10.0,2.9,0.0296255814133321
60.0,10.0,2.925,0.015052627611588992
60.0,10.0,2.95,-0.000620114841117998
60.0,10.0,2.975,-0.01758119098518752
60.0,10.0,3.0,-0.03606534272642118
60.0,10.0,3.025,-0.056368305542741
60.0,10.0,3.05,-0.07886725539251939
60.0,10.0,3.075,-0.10404949566472563
60.0,10.0,3.1,-0.1325533709756066
60.0,10.0,3.125,-0.1652275979713187
60.0,10.0,3.15,-0.20321860311793294
60.0,10.0,3.175,-0.24810032760263115
60.0,10.0,3.2,-0.30206628116342943
60.0,10.0,3.225,-0.3682017321341079
60.0,10.0,3.25,-0.4508066948458475
60.0,10.0,3.275,-0.5554697356798931
60.0,10.0,3.3,-0.6872465367099536
60.0,10.0,3.325,-0.8386689451751828
60.0,10.0,3.35,-0.9290909536106077
60.0,10.0,3.375,-0.6067964676585215
60.0,10.0,3.4,0.4574001511943452
60.0,10.0,3.425,1.1635637591161976
60.0,10.0,3.45,1.20083568230981
60.0,10.0,3.475,1.0600514318781977
60.0,10.0,3.5,0.9171472903085304
60.0,10.0,3.525,0.8005777097851522
60.0,10.0,3.55,0.7085085466601311
60.0,10.0,3.575,0.6352149292875113
60.0,10.0,3.6,0.5758109404355155
60.0,10.0,3.625,0.5267067609996582
60.0,10.0,3.65,0.48534101183237105
60.0,10.0,3.675,0.4498798635947733
60.0,10.0,3.7,0.41899160743391556
60.0,10.0,3.725,0.39169191271744647
60.0,10.0,3.75,0.36723966486725723
60.0,10.0,3.775,0.345066696555265
60.0,10.0,3.8,0.3247297606876324
60.0,15.0,2.4,0.19429385415980532
60.0,15.0,2.425,0.1861776634176628
60.0,15.0,2.45,0.1779128172418019
60.0,15.0,2.475,0.16947759897772105
60.0,15.0,2.5,0.16084918523175937
60.0,15.0,2.525,0.15200437165794572
60.0,15.0,2.55,0.14292010265659874
60.0,15.0,2.575,0.13356684281044562
60.0,15.0,2.6,0.1239159094701188
60.0,15.0,2.625,0.11393798918128001
60.0,15.0,2.65,0.10360030592981713
60.0,15.0,2.675,0.09286599661339703
60.0,15.0,2.7,0.08169265181451073
60.0,15.0,2.725,0.07003027107100664
60.0,15.0,2.75,0.057818507443866185
60.0,15.0,2.775,0.0449831281883325
60.0,15.0,2.8,0.03143174619585279
60.0,15.0,2.825,0.017048672599257044
60.0,15.0,2.85,0.0016887199615218638
60.0,15.0,2.875,-0.01483037889324187
60.0,15.0,2.9,-0.03273753610355001
60.0,15.0,2.925,-0.052320841820239605
60.0,15.0,2.95,-0.07394457532123981
60.0,15.0,2.975,-0.09807287746540089
60.0,15.0,3.0,-0.12530480015883932
60.0,15.0,3.025,-0.1564267999979615
60.0,15.0,3.05,-0.1924826359098703
60.0,15.0,3.075,-0.2348910283027425
60.0,15.0,3.1,-0.2856197052027361
60.0,15.0,3.125,-0.34745136681067
60.0,15.0,3.15,-0.42437839256892984
60.0,15.0,3.175,-0.5221079129492427
60.0,15.0,3.2,-0.6482789353340158
60.0,15.0,3.225,-0.8098737094014996
60.0,15.0,3.25,-0.9938307001188804
60.0,15.0,3.275,-1.0622570451657494
60.0,15.0,3.3,-0.4702625743715245
60.0,15.0,3.325,0.8091255373961576
60.0,15.0,3.35,1.3102974857812808
60.0,15.0,3.375,1.240372543301003
60.0,15.0,3.4,1.0754634317033307
60.0,15.0,3.425,0.9291530432630426
60.0,15.0,3.45,0.8130771152251391
60.0,15.0,3.475,0.7217785908043898
60.0,15.0,3.5,0.6488830164642762
60.0,15.0,3.525,0.5894906649944459
60.0,15.0,3.55,0.5401073329400878
60.0,15.0,3.575,0.49826241690034767
60.0,15.0,3.6,0.46218944913674187
60.0,15.0,3.625,0.43060307381223284
60.0,15.0,3.65,0.4025498014214418
60.0,15.0,3.675,0.37730849364335506
60.0,15.0,3.7,0.35432332000557165
60.0,15.0,3.725,0.33315787888539483
60.0,15.0,3.75,0.3134632517900695
60.0,15.0,3.775,0.2949553761444512
60.0,15.0,3.8,0.2773987854847749
60.0,20.0,2.4,0.16619636408477598
60.0,20.0,2.425,0.15669349920814882
60.0,20.0,2.45,0.14693539357117957
60.0,20.0,2.475,0.13690985019950674
60.0,20.0,2.5,0.12660727018166154
60.0,20.0,2.525,0.11601996912096764
60.0,20.0,2.55,0.10513811975389221
60.0,20.0,2.575,0.09393996733552455
60.0,20.0,2.6,0.08239808285473327
60.0,20.0,2.625,0.07046960098469725
60.0,20.0,2.65,0.05809061827751127
60.0,20.0,2.675,0.04517358528833306
60.0,20.0,2.7,0.03160491788301259
60.0,20.0,2.725,0.01724292378696568
60.0,20.0,2.75,0.0019152118506552034
60.0,20.0,2.775,-0.014585316621575514
60.0,20.0,2.8,-0.032507640152171634
60.0,20.0,2.825,-0.05215320864377332
60.0,20.0,2.85,-0.07389097596790692
60.0,20.0,2.875,-0.09818126253867397
60.0,20.0,2.9,-0.12560960155172185
60.0,20.0,2.925,-0.15693618234766812
60.0,20.0,2.95,-0.19316933383984594
60.0,20.0,2.975,-0.23567679566808725
60.0,20.0,3.0,-0.28635778016448016
60.0,20.0,3.025,-0.3479140378684678
60.0,20.0,3.05,-0.42428040102904835
60.0,20.0,3.075,-0.521292005600429
60.0,20.0,3.1,-0.6475777385788234
60.0,20.0,3.125,-0.8148709001559378
60.0,20.0,3.15,-1.0317063561475175
60.0,20.0,3.175,-1.2520295402009027
60.0,20.0,3.2,-1.0971739632996786
60.0,20.0,3.225,0.2634010440598283
60.0,20.0,3.25,1.387180606508483
60.0,20.0,3.275,1.4459246275210809
60.0,20.0,3.3,1.252999912838351
60.0,20.0,3.325,1.068659550353749
60.0,20.0,3.35,0.9237812795970067
60.0,20.0,3.375,0.811989814391922
60.0,20.0,3.4,0.7243504309201855
60.0,20.0,3.425,0.6540683001647198
60.0,20.0,3.45,0.596416358912619
60.0,20.0,3.475,0.5481316934628669
60.0,20.0,3.5,0.5069299151440727
60.0,20.0,3.525,0.4711784411228655
60.0,20.0,3.55,0.4396845441351896
60.0,20.0,3.575,0.4115576844253701
60.0,20.0,3.6,0.3861193951709191
60.0,20.0,3.625,0.3628468553504161
60.0,20.0,3.65,0.341351294110963
60.0,20.0,3.675,0.3213713180227568
60.0,20.0,3.7,0.30261663856184845
60.0,20.0,3.725,0.2847307669957438
60.0,20.0,3.75,0.2675110058663878
60.0,20.0,3.775,0.2508205205698784
60.0,20.0,3.8,0.23452404250029102
60.0,25.0,2.4,0.12859435406032
60.0,25.0,2.425,0.11734426242113358
60.0,25.0,2.45,0.1059603414136965
60.0,25.0,2.475,0.09442353101501266
60.0,25.0,2.5,0.08268163325314185
60.0,25.0,2.525,0.07065045963020268
60.0,25.0,2.55,0.05821638341436421
60.0,25.0,2.575,0.045242718126367334
60.0,25.0,2.6,0.03157717536521261
60.0,25.0,2.625,0.017049025568212386
60.0,25.0,2.65,0.0014679446325938593
60.0,25.0,2.675,-0.015382575820660825
60.0,25.0,2.7,-0.03375410461039876
60.0,25.0,2.725,-0.053945786139969955
60.0,25.0,2.75,-0.07632311159242033
60.0,25.0,2.775,-0.10134318276125774
60.0,25.0,2.8,-0.129590010400014
60.0,25.0,2.825,-0.1618253027548703
60.0,25.0,2.85,-0.1990635042812994
60.0,25.0,2.875,-0.24268573839358282
60.0,25.0,2.9,-0.29461771707973883
60.0,25.0,2.925,-0.3576152870756297
60.0,25.0,2.95,-0.4357340495104193
60.0,25.0,2.975,-0.5351114633170168
60.0,25.0,3.0,-0.6652329600015816
60.0,25.0,3.025,-0.8405989895860383
60.0,25.0,3.05,-1.0800042208080907
60.0,25.0,3.075,-1.379463127622994
60.0,25.0,3.1,-1.4896496036971691
60.0,25.0,3.125,-0.24233005778902292
60.0,25.0,3.15,1.490826522399829
60.0,25.0,3.175,1.6695604604450436
60.0,25.0,3.2,1.4283450857305142
60.0,25.0,3.225,1.1992361206362268
60.0,25.0,3.25,1.0246179743497472
60.0,25.0,3.275,0.8931988312822863
60.0,25.0,3.3,0.7921078650519442
60.0,25.0,3.325,0.7122183225640052
60.0,25.0,3.35,0.6474467443406206
60.0,25.0,3.375,0.5937173903521328
60.0,25.0,3.4,0.5482400779014416
60.0,25.0,3.425,0.50905924547816
60.0,25.0,3.45,0.47478518557951543
60.0,25.0,3.475,0.4444456695292629
60.0,25.0,3.5,0.4173345486109394
60.0,25.0,3.525,0.392749359516111
60.0,25.0,3.55,0.3700756441213961
60.0,25.0,3.575,0.3489486102013345
60.0,25.0,3.6,0.3291085633111561
60.0,25.0,3.625,0.3103265920979654
60.0,25.0,3.65,0.29239844550931215
60.0,25.0,3.675,0.2751432161611138
60.0,25.0,3.7,0.2583995118112658
60.0,25.0,3.725,0.24202088339568464
60.0,25.0,3.75,0.2258714644179423
60.0,25.0,3.775,0.2098220607536598
60.0,25.0,3.8,0.1937467040169986
60.0,30.0,2.4,0.08434027867488508
60.0,30.0,2.425,0.0723118785533989
60.0,30.0,2.45,0.05981770924383741
60.0,30.0,2.475,0.046691311744397945
60.0,30.0,2.5,0.032765353998869234
60.0,30.0,2.525,0.017867068916836176
60.0,30.0,2.55,0.0018102321414419612
60.0,30.0,2.575,-0.015616412624505107
60.0,30.0,2.6,-0.03465984957798656
60.0,30.0,2.625,-0.055617665533262646
60.0,30.0,2.65,-0.07885823703048735
60.0,30.0,2.675,-0.10484713325565649
60.0,30.0,2.7,-0.13418389415607598
60.0,30.0,2.725,-0.16765510559232139
60.0,30.0,2.75,-0.20631331425271854
60.0,30.0,2.775,-0.2515978995985196
60.0,30.0,2.8,-0.3055259234980764
60.0,30.0,2.825,-0.3710033869639242
60.0,30.0,2.85,-0.45235001379378087
60.0,30.0,2.875,-0.5562114075149844
60.0,30.0,2.9,-0.6931685739261441
60.0,30.0,2.925,-0.880441302944804
60.0,30.0,2.95,-1.1447909744237545
60.0,30.0,2.975,-1.509512647158877
60.0,30.0,3.0,-1.8057820314501531
60.0,30.0,3.025,-0.6104481642372659
60.0,30.0,3.05,1.7185925741896266
60.0,30.0,3.075,1.9100501380814638
60.0,30.0,3.1,1.5870440908382362
60.0,30.0,3.125,1.3094623806104595
60.0,30.0,3.15,1.1074961866246398
60.0,30.0,3.175,0.9595070850545511
60.0,30.0,3.2,0.8476218408622156
60.0,30.0,3.225,0.7602705419410888
60.0,30.0,3.25,0.690094468493945
60.0,30.0,3.275,0.6323089454540057
60.0,30.0,3.3,0.5837182340999365
60.0,30.0,3.325,0.5421534390743208
60.0,30.0,3.35,0.5061253132038206
60.0,30.0,3.375,0.4744717017359528
60.0,30.0,3.4,0.4461489950513619
60.0,30.0,3.425,0.4204103369077399
60.0,30.0,3.45,0.3967844661324991
60.0,30.0,3.475,0.3749124408856775
60.0,30.0,3.5,0.3544905653610079
60.0,30.0,3.525,0.33525948611011097
60.0,30.0,3.55,0.31699749989246273
60.0,30.0,3.575,0.29951338128283694
60.0,30.0,3.6,0.28263964171069544
60.0,30.0,3.625,0.26622668524261806
60.0,30.0,3.65,0.25013784682633133
60.0,30.0,3.675,0.2342451306109867
60.0,30.0,3.7,0.2184254360160369
60.0,30.0,3.725,0.20255707220331215
60.0,30.0,3.75,0.18651638488417752
60.0,30.0,3.775,0.17017435224262506
60.0,30.0,3.8,0.15339305632487912
60.0,35.0,2.4,0.03585033779736561
60.0,35.0,2.425,0.020462248274518226
60.0,35.0,2.45,0.0038270862588263743
60.0,35.0,2.475,-0.014260576141193587
60.0,35.0,2.5,-0.034047334404263954
60.0,35.0,2.525,-0.05583528178537545
60.0,35.0,2.55,-0.08000252754276277
60.0,35.0,2.575,-0.1070316103925619
60.0,35.0,2.6,-0.13754745702620633
60.0,35.0,2.625,-0.1723738317947757
60.0,35.0,2.65,-0.21261794641460824
60.0,35.0,2.675,-0.2598008983337292
60.0,35.0,2.7,-0.3160659456202156
60.0,35.0,2.725,-0.38452306836895134
60.0,35.0,2.75,-0.4698418388165769
60.0,35.0,2.775,-0.5793149550193575
60.0,35.0,2.8,-0.7248404061261486
60.0,35.0,2.825,-0.9266623869410636
60.0,35.0,2.85,-1.219595120280763
60.0,35.0,2.875,-1.651776246922567
60.0,35.0,2.9,-2.1190215474981127
60.0,35.0,2.925,-0.8523037481145791
60.0,35.0,2.95,2.1018425209568696
60.0,35.0,2.975,2.1466688738356203
60.0,35.0,3.0,1.7184260999595078
60.0,35.0,3.025,1.3953593981308665
60.0,35.0,3.05,1.1710669305716597
60.0,35.0,3.075,1.0105096595733027
60.0,35.0,3.1,0.8907762435259067
60.0,35.0,3.125,0.7981422090182048
60.0,35.0,3.15,0.7242146334113562
60.0,35.0,3.175,0.6636686434961273
60.0,35.0,3.2,0.6130155236794451
60.0,35.0,3.225,0.5699197980369078
60.0,35.0,3.25,0.5327330427106961
60.0,35.0,3.275,0.5001091351148806
60.0,35.0,3.3,0.4709629340853554
60.0,35.0,3.325,0.4445732705788617
60.0,35.0,3.35,0.42045080664602785
60.0,35.0,3.375,0.39820993560221224
60.0,35.0,3.4,0.377528746455862
60.0,35.0,3.425,0.3581363695970258
60.0,35.0,3.45,0.33980379201142513
60.0,35.0,3.475,0.32233543065547465
60.0,35.0,3.5,0.3055617927201243
60.0,35.0,3.525,0.2893333324265029
60.0,35.0,3.55,0.27351535304985775
60.0,35.0,3.575,0.2579837213745311
60.0,35.0,3.6,0.24262116292468047
60.0,35.0,3.625,0.22731392970197706
60.0,35.0,3.65,0.21194865385740885
60.0,35.0,3.675,0.19640921278105014
60.0,35.0,3.7,0.1805734313038729
60.0,35.0,3.725,0.16430943488923533
60.0,35.0,3.75,0.14747144592801986
60.0,35.0,3.775,0.1298947931633249
60.0,35.0,3.8,0.1113898960342297
60.0,40.0,2.4,-0.030929117524811582
60.0,40.0,2.425,-0.05347692483834893
60.0,40.0,2.45,-0.07848836099188615
60.0,40.0,2.475,-0.10646274967187265
60.0,40.0,2.5,-0.13805009147641875
60.0,40.0,2.525,-0.17411062007831846
60.0,40.0,2.55,-0.215804672592178
60.0,40.0,2.575,-0.26473303073764404
60.0,40.0,2.6,-0.3231621705936377
60.0,40.0,2.625,-0.3944018333726334
60.0,40.0,2.65,-0.4834654167630477
60.0,40.0,2.675,-0.5982832268977012
60.0,40.0,2.7,-0.752053649287868
60.0,40.0,2.725,-0.9680158982937993
60.0,40.0,2.75,-1.2890349160605739
60.0,40.0,2.775,-1.78897356237144
60.0,40.0,2.8,-2.440753258573057
60.0,40.0,2.825,-1.0505949421538332
60.0,40.0,2.85,2.575805870489656
60.0,40.0,2.875,2.359315183076663
60.0,40.0,2.9,1.8244708091402329
60.0,40.0,2.925,1.4625625893760261
60.0,40.0,2.95,1.2206720480317432
60.0,40.0,2.975,1.0506229290406137
60.0,40.0,3.0,0.9251048497491021
60.0,40.0,3.025,0.8286348033944417
60.0,40.0,3.05,0.7520110915879059
60.0,40.0,3.075,0.6894942773822255
60.0,40.0,3.1,0.6373620378391802
60.0,40.0,3.125,0.5931309517008997
60.0,40.0,3.15,0.5550578985725532
60.0,40.0,3.175,0.5217598770998162
60.0,40.0,3.2,0.4921207806672253
60.0,40.0,3.225,0.46537068522073183
60.0,40.0,3.25,0.44099016518064776
60.0,40.0,3.275,0.41858120009648775
60.0,40.0,3.3,0.3978154124762425
60.0,40.0,3.325,0.37841738702881816
60.0,40.0,3.35,0.36015491796346705
60.0,40.0,3.375,0.34283064115238027
60.0,40.0,3.4,0.32627476085247875
60.0,40.0,3.425,0.3103389400572198
60.0,40.0,3.45,0.2948912405453721
60.0,40.0,3.475,0.27981190954991986
60.0,40.0,3.5,0.2649898006977017
60.0,40.0,3.525,0.25031923634865655
60.0,40.0,3.55,0.23569714104238543
60.0,40.0,3.575,0.22102029162167836
60.0,40.0,3.6,0.20618253533411013
60.0,40.0,3.625,0.1910718212218698
60.0,40.0,3.65,0.17556687070953536
60.0,40.0,3.675,0.15953327849908838
60.0,40.0,3.7,0.14281879112955248
60.0,40.0,3.725,0.12524716721697854
60.0,40.0,3.75,0.1066111789208094
60.0,40.0,3.775,0.08666193789597597
60.0,40.0,3.8,0.0650964044990948
60.0,45.0,2.4,-0.1340943306308722
60.0,45.0,2.425,-0.17099781688697094
60.0,45.0,2.45,-0.21366123052749597
60.0,45.0,2.475,-0.26373205446023695
60.0,45.0,2.5,-0.32355014715860303
60.0,45.0,2.525,-0.39654558399700823
60.0,45.0,2.55,-0.4879417389584021
60.0,45.0,2.575,-0.6060762241182583
60.0,45.0,2.6,-0.7650105472638973
60.0,45.0,2.625,-0.9900946308546502
60.0,45.0,2.65,-1.3304217129703468
60.0,45.0,2.675,-1.88324501970036
60.0,45.0,2.7,-2.7278435465837925
60.0,45.0,2.725,-1.445914349009527
60.0,45.0,2.75,3.0547834617004352
60.0,45.0,2.775,2.563594586561614
60.0,45.0,2.8,1.9247742867238036
60.0,45.0,2.825,1.5254562086377992
60.0,45.0,2.85,1.266613520847417
60.0,45.0,2.875,1.0874359657947337
60.0,45.0,2.9,0.9563802552640871
60.0,45.0,2.925,0.8562603131676264
60.0,45.0,2.95,0.7770853383379607
60.0,45.0,2.975,0.7127061407270254
60.0,45.0,3.0,0.6591626574830557
60.0,45.0,3.025,0.6138199113667256
60.0,45.0,3.05,0.574860255059906
60.0,45.0,3.075,0.5409083054464803
60.0,45.0,3.1,0.5108310560930764
60.0,45.0,3.125,0.48378136020268653
60.0,45.0,3.15,0.45918971668192
60.0,45.0,3.175,0.4366446285280652
60.0,45.0,3.2,0.41581538872427354
60.0,45.0,3.225,0.3964253358270217
60.0,45.0,3.25,0.37824090660889936
60.0,45.0,3.275,0.36106377159308156
60.0,45.0,3.3,0.344724006542307
60.0,45.0,3.325,0.32907423059420693
60.0,45.0,3.35,0.3139844453643641
60.0,45.0,3.375,0.2993390092022922
60.0,45.0,3.4,0.28503143099734407
60.0,45.0,3.425,0.27096271063643634
60.0,45.0,3.45,0.257038414819204
60.0,45.0,3.475,0.2431661548271664
60.0,45.0,3.5,0.22925326306139415
60.0,45.0,3.525,0.2152043919469097
60.0,45.0,3.55,0.2009189327758663
60.0,45.0,3.575,0.18628810841960752
60.0,45.0,3.6,0.1711915587494237
60.0,45.0,3.625,0.1554931843206823
60.0,45.0,3.65,0.13903593301283915
60.0,45.0,3.675,0.12163509282860814
60.0,45.0,3.7,0.10306947174339613
60.0,45.0,3.725,0.08306957115714336
60.0,45.0,3.75,0.061301446880856515
60.0,45.0,3.775,0.037344339560638755
60.0,45.0,3.8,0.010659253256741436
60.0,50.0,2.4,-0.3143308465112806
60.0,50.0,2.425,-0.38727434948814304
60.0,50.0,2.45,-0.47847029218464426
60.0,50.0,2.475,-0.5961936484108832
60.0,50.0,2.5,-0.7544608270779694
60.0,50.0,2.525,-0.9787858281703457
60.0,50.0,2.55,-1.319853209813182
60.0,50.0,2.575,-1.887063673395159
60.0,50.0,2.6,-2.871587684219212
60.0,50.0,2.625,-2.4271988305837855
60.0,50.0,2.65,3.4970785532187314
60.0,50.0,2.675,2.8182406317022273
60.0,50.0,2.7,2.0530138855862794
60.0,50.0,2.725,1.6040882825995457
60.0,50.0,2.75,1.321971971748727
60.0,50.0,2.775,1.1301264178685828
60.0,50.0,2.8,0.9914017950639948
60.0,50.0,2.825,0.8862691037346894
60.0,50.0,2.85,0.8036262356690596
60.0,50.0,2.875,0.7367402616928512
60.0,50.0,2.9,0.6813142024627866
60.0,50.0,2.925,0.6345003191248367
60.0,50.0,2.95,0.5943556551805126
60.0,50.0,2.975,0.5594805127133967
60.0,50.0,3.0,0.5287509141215694
60.0,50.0,3.025,0.5012513546746934
60.0,50.0,3.05,0.47632864107366485
60.0,50.0,3.075,0.45353056259638125
60.0,50.0,3.1,0.4325353642108715
60.0,50.0,3.125,0.41304781102908056
60.0,50.0,3.15,0.39483808270574416
60.0,50.0,3.175,0.37770632249362673
60.0,50.0,3.2,0.3614815077112358
60.0,50.0,3.225,0.34601602767723333
60.0,50.0,3.25,0.3311809591531144
60.0,50.0,3.275,0.31686208415514294
60.0,50.0,3.3,0.30295654971475827
60.0,50.0,3.325,0.28937003684350343
60.0,50.0,3.35,0.27601430752915845
60.0,50.0,3.375,0.2628050106001948
60.0,50.0,3.4,0.24965963918431422
60.0,50.0,3.425,0.23649553990497912
60.0,50.0,3.45,0.2232278750456245
60.0,50.0,3.475,0.2097674324252841
60.0,50.0,3.5,0.19601816209924738
60.0,50.0,3.525,0.18187429169256691
60.0,50.0,3.55,0.1672168290437356
60.0,50.0,3.575,0.151909195193898
60.0,50.0,3.6,0.13579163189886395
60.0,50.0,3.625,0.11867387858412982
60.0,50.0,3.65,0.10032538618452971
60.0,50.0,3.675,0.0804619840257374
60.0,50.0,3.7,0.05872736519222859
60.0,50.0,3.725,0.03466687877981571
60.0,50.0,3.75,0.007689706614465522
60.0,50.0,3.775,-0.022986774743924073
60.0,50.0,3.8,-0.05842040549713751
60.0,55.0,2.4,-0.7150016746546644
60.0,55.0,2.425,-0.926052741133473
60.0,55.0,2.45,-1.244002615830924
60.0,55.0,2.475,-1.7713073959214138
60.0,55.0,2.5,-2.7474427716892458
60.0,55.0,2.525,-3.750115641910301
60.0,55.0,2.55,3.6514560614897857
60.0,55.0,2.575,3.2278602985002567
60.0,55.0,2.6,2.2581918917905304
60.0,55.0,2.625,1.7242885406618675
60.0,55.0,2.65,1.4023986480859172
60.0,55.0,2.675,1.1891636597786168
60.0,55.0,2.7,1.0376798953963817
60.0,55.0,2.725,0.9243329106609338
60.0,55.0,2.75,0.8360896812569002
60.0,55.0,2.775,0.7652109276261003
60.0,55.0,2.8,0.7068302958560367
60.0,55.0,2.825,0.6577514095574338
60.0,55.0,2.85,0.6158073579452116
60.0,55.0,2.875,0.579495886952579
60.0,55.0,2.9,0.5476600479144007
60.0,55.0,2.925,0.5193552477584951
60.0,55.0,2.95,0.49382867246105594
60.0,55.0,2.975,0.4705581086432169
60.0,55.0,3.0,0.44917669200991156
60.0,55.0,3.025,0.42939691045743855
60.0,55.0,3.05,0.4109785297715539
60.0,55.0,3.075,0.39371725201260477
60.0,55.0,3.1,0.37743843713153724
60.0,55.0,3.125,0.361991915526176
60.0,55.0,3.15,0.3472474127682052
60.0,55.0,3.175,0.33309060908821364
60.0,55.0,3.2,0.31941980964679156
60.0,55.0,3.225,0.30614314033408
60.0,55.0,3.25,0.29317616238597427
60.0,55.0,3.275,0.28043980041691113
60.0,55.0,3.3,0.26785848741407814
60.0,55.0,3.325,0.25535843921541135
60.0,55.0,3.35,0.24286597672240984
60.0,55.0,3.375,0.2303058151013395
60.0,55.0,3.4,0.2175992344895836
60.0,55.0,3.425,0.20466203500544905
60.0,55.0,3.45,0.1914021582168267
60.0,55.0,3.475,0.1777168245434664
60.0,55.0,3.5,0.16348898640080992
60.0,55.0,3.525,0.14858282243447615
60.0,55.0,3.55,0.13283788676054736
60.0,55.0,3.575,0.11606136084240737
60.0,55.0,3.6,0.09801762127253995
60.0,55.0,3.625,0.07841373481773807
60.0,55.0,3.65,0.05687714042498656
60.0,55.0,3.675,0.0329340067556162
60.0,55.0,3.7,0.00595629831495703
60.0,55.0,3.725,-0.024895024772033626
60.0,55.0,3.75,-0.060769438939640874
60.0,55.0,3.775,-0.103279856090898
60.0,55.0,3.8,-0.15474729825441996
60.0,60.0,2.4,-2.3594977316069663
60.0,60.0,2.425,-3.9412457933435063
60.0,60.0,2.45,1.0782742336417657
60.0,60.0,2.475,3.9825760706762976
60.0,60.0,2.5,2.627397637430957
60.0,60.0,2.525,1.9258976170024307
60.0,60.0,2.55,1.5296956272469733
60.0,60.0,2.575,1.278067720556965
60.0,60.0,2.6,1.1043589843985064
60.0,60.0,2.625,0.977049917534319
60.0,60.0,2.65,0.8794766098330229
60.0,60.0,2.675,0.8020640738688749
60.0,60.0,2.7,0.7389126495613597
60.0,60.0,2.725,0.6862419155325786
60.0,60.0,2.75,0.6415067520826808
60.0,60.0,2.775,0.6029578881614481
60.0,60.0,2.8,0.5693429667021661
60.0,60.0,2.825,0.5396702822306008
60.0,60.0,2.85,0.5131016275500361
60.0,60.0,2.875,0.48900191763221806
60.0,60.0,2.9,0.4669380601677489
60.0,60.0,2.925,0.4465959913926472
60.0,60.0,2.95,0.4277224520908198
60.0,60.0,2.975,0.41010347031209904
60.0,60.0,3.0,0.39355630310958617
60.0,60.0,3.025,0.3779242732642626
60.0,60.0,3.05,0.36307228159807886
60.0,60.0,3.075,0.3488828272125802
60.0,60.0,3.1,0.3352525802208641
60.0,60.0,3.125,0.32208948325615994
60.0,60.0,3.15,0.30931030715917024
60.0,60.0,3.175,0.29683857052268753
60.0,60.0,3.2,0.2846027349204875
60.0,60.0,3.225,0.2725345954903374
60.0,60.0,3.25,0.26056779426581805
60.0,60.0,3.275,0.24863638891664303
60.0,60.0,3.3,0.23667341171278633
60.0,60.0,3.325,0.22460935358875286
60.0,60.0,3.35,0.2123705143557597
60.0,60.0,3.375,0.1998772292565024
60.0,60.0,3.4,0.1870383226242582
60.0,60.0,3.425,0.17375507465270987
60.0,60.0,3.45,0.1599178943725169
60.0,60.0,3.475,0.14538808745640755
60.0,60.0,3.5,0.13000663848627647
60.0,60.0,3.525,0.11358065001006318
60.0,60.0,3.55,0.09587275643116763
60.0,60.0,3.575,0.07658603042679649
60.0,60.0,3.6,0.055342556212992146
60.0,60.0,3.625,0.03165245027745583
60.0,60.0,3.65,0.004868076938982365
60.0,60.0,3.675,-0.025885249727261563
60.0,60.0,3.7,-0.06181683420995124
60.0,60.0,3.725,-0.10464189458821782
60.0,60.0,3.75,-0.15686065761792156
60.0,60.0,3.775,-0.22221854887242593
60.0,60.0,3.8,-0.30644578742487283
60.0,65.0,2.4,3.374994323409262
60.0,65.0,2.425,2.2927800790383324
60.0,65.0,2.45,1.7431611951197585
60.0,65.0,2.475,1.4184025875762178
60.0,65.0,2.5,1.2047253064017138
60.0,65.0,2.525,1.0533722045315417
60.0,65.0,2.55,0.940267527129856
60.0,65.0,2.575,0.8521646299949052
60.0,65.0,2.6,0.7813595696455491
60.0,65.0,2.625,0.7230191762991214
60.0,65.0,2.65,0.6739555975220216
60.0,65.0,2.675,0.6320045629067311
60.0,65.0,2.7,0.5956608884597806
60.0,65.0,2.725,0.5638233029715317
60.0,65.0,2.75,0.5355745463767405
60.0,65.0,2.775,0.5101469219311481
60.0,65.0,2.8,0.4869898758294572
60.0,65.0,2.825,0.46573009094075707
60.0,65.0,2.85,0.4460865219594974
60.0,65.0,2.875,0.4278269913376773
60.0,65.0,2.9,0.41075394340862303
60.0,65.0,2.925,0.39469840459975225
60.0,65.0,2.95,0.3795154218572915
60.0,65.0,2.975,0.3650799437669342
60.0,65.0,3.0,0.35128317575992407
60.0,65.0,3.025,0.3380294588579463
60.0,65.0,3.05,0.3252336397811112
60.0,65.0,3.075,0.31281885915689944
60.0,65.0,3.1,0.30071467621945464
60.0,65.0,3.125,0.2888554565662195
60.0,65.0,3.15,0.27717897130622526
60.0,65.0,3.175,0.26562520933357314
60.0,65.0,3.2,0.2541337277114903
60.0,65.0,3.225,0.24263355737662648
60.0,65.0,3.25,0.23108840305867134
60.0,65.0,3.275,0.2194166518957277
60.0,65.0,3.3,0.2075503080522749
60.0,65.0,3.325,0.1954134257297602
60.0,65.0,3.35,0.1829209111563528
60.0,65.0,3.375,0.1699759458589864
60.0,65.0,3.4,0.15646649811415925
60.0,65.0,3.425,0.14226075305383482
60.0,65.0,3.45,0.12720106341047438
60.0,65.0,3.475,0.11109581016685215
60.0,65.0,3.5,0.09370825546143606
60.0,65.0,3.525,0.07474098917077104
60.0,65.0,3.55,0.05381379356262019
60.0,65.0,3.575,0.030431464068828167
60.0,65.0,3.6,0.003935943093706783
60.0,65.0,3.625,-0.026566662356670222
60.0,65.0,3.65,-0.062320316988047395
60.0,65.0,3.675,-0.10510270680771479
60.0,65.0,3.7,-0.15752767229511672
60.0,65.0,3.725,-0.22354949613342961
60.0,65.0,3.75,-0.30927993422753364
60.0,65.0,3.775,-0.42406014470059594
60.0,65.0,3.8,-0.5799274930700271
60.0,70.0,2.4,1.3636488843773964
60.0,70.0,2.425,1.1685419167153326
60.0,70.0,2.45,1.028332104770673
60.0,70.0,2.475,0.9223710741264708
60.0,70.0,2.5,0.8392045061037783
60.0,70.0,2.525,0.7720301397307124
60.0,70.0,2.55,0.7163892988560147
60.0,70.0,2.575,0.6692661824008964
60.0,70.0,2.6,0.6288062999312042
60.0,70.0,2.625,0.593672902860707
60.0,70.0,2.65,0.5628238183185545
60.0,70.0,2.675,0.5353552887548488
60.0,70.0,2.7,0.5105459022440747
60.0,70.0,2.725,0.48790130462353604
60.0,70.0,2.75,0.46708277535653464
60.0,70.0,2.775,0.4478270086531139
60.0,70.0,2.8,0.42991252631589905
60.0,70.0,2.825,0.41315024078178547
60.0,70.0,2.85,0.3973785617386535
60.0,70.0,2.875,0.3824590581919947
60.0,70.0,2.9,0.36827245865907565
60.0,70.0,2.925,0.35471514705272766
60.0,70.0,2.95,0.341696199314939
60.0,70.0,2.975,0.32913492379882897
60.0,70.0,3.0,0.3169588506155642
60.0,70.0,3.025,0.3051018620192005
60.0,70.0,3.05,0.29348844001388646
60.0,70.0,3.075,0.2820824195638839
60.0,70.0,3.1,0.2708264886428447
60.0,70.0,3.125,0.2596567444557967
60.0,70.0,3.15,0.24852025913374365
60.0,70.0,3.175,0.23736192373457204
60.0,70.0,3.2,0.22612408592225774
60.0,70.0,3.225,0.21474543182983996
60.0,70.0,3.25,0.20315952842529034
60.0,70.0,3.275,0.19129304645766101
60.0,70.0,3.3,0.17906357509576165
60.0,70.0,3.325,0.16637688191293526
60.0,70.0,3.35,0.15312340869723687
60.0,70.0,3.375,0.13917370520256486
60.0,70.0,3.4,0.12437237151975213
60.0,70.0,3.425,0.10852987906174624
60.0,70.0,3.45,0.09141132738398375
60.0,70.0,3.475,0.0727206963984588
60.0,70.0,3.5,0.052078344074315296
60.0,70.0,3.525,0.02898815194262604
60.0,70.0,3.55,0.0027884213605699547
60.0,70.0,3.575,-0.027423395310151095
60.0,70.0,3.6,-0.06290922011765304
60.0,70.0,3.625,-0.10548219026195917
60.0,70.0,3.65,-0.15782494483406184
60.0,70.0,3.675,-0.22402428829737434
60.0,70.0,3.7,-0.31044062279105245
60.0,70.0,3.725,-0.4268189338613501
60.0,70.0,3.75,-0.5852958508088978
60.0,70.0,3.775,-0.7765554594641618
60.0,70.0,3.8,-0.7748050214754936
60.0,75.0,2.4,0.9211310690282172
60.0,75.0,2.425,0.8392934570037982
60.0,75.0,2.45,0.7729706120453704
60.0,75.0,2.475,0.7179680824383389
60.0,75.0,2.5,0.6715603572964562
60.0,75.0,2.525,0.6317901475105903
60.0,75.0,2.55,0.5969717026069007
60.0,75.0,2.575,0.5662769478860903
60.0,75.0,2.6,0.5389914060685661
60.0,75.0,2.625,0.5143338454080474
60.0,75.0,2.65,0.4918105583565131
60.0,75.0,2.675,0.47109970456434525
60.0,75.0,2.7,0.4519440095520454
60.0,75.0,2.725,0.4341233546092612
60.0,75.0,2.75,0.41745080812217145
60.0,75.0,2.775,0.4017669802073127
60.0,75.0,2.8,0.3869355778228072
60.0,75.0,2.825,0.37283946443930216
60.0,75.0,2.85,0.3593771961667163
60.0,75.0,2.875,0.34646006270257146
60.0,75.0,2.9,0.3340072774708412
60.0,75.0,2.925,0.32192727397442267
60.0,75.0,2.95,0.3102054681575416
60.0,75.0,2.975,0.2987557864873046
60.0,75.0,3.0,0.28752077147225924
60.0,75.0,3.025,0.2764492543862957
60.0,75.0,3.05,0.26549072548593744
60.0,75.0,3.075,0.2545949720386831
60.0,75.0,3.1,0.2437112729947578
60.0,75.0,3.125,0.23278742386180512
60.0,75.0,3.15,0.22176863801258154
60.0,75.0,3.175,0.2105962960670509
60.0,75.0,3.2,0.19920648536439398
60.0,75.0,3.225,0.1875282476873867
60.0,75.0,3.25,0.17548142406597603
60.0,75.0,3.275,0.16297394441952923
60.0,75.0,3.3,0.14989835008960345
60.0,75.0,3.325,0.13612724883969993
60.0,75.0,3.35,0.12150726859838748
60.0,75.0,3.375,0.10585087181775187
60.0,75.0,3.4,0.08892507280574394
60.0,75.0,3.425,0.07043559041778198
60.0,75.0,3.45,0.050004136017950174
60.0,75.0,3.475,0.027135144749066753
60.0,75.0,3.5,0.0011658720892077459
60.0,75.0,3.525,-0.028810416025874797
60.0,75.0,3.55,-0.06406596819420321
60.0,75.0,3.575,-0.1064363213416548
60.0,75.0,3.6,-0.15865049836526612
60.0,75.0,3.625,-0.22488950675770011
60.0,75.0,3.65,-0.3116997396598284
60.0,75.0,3.675,-0.4291480987154167
60.0,75.0,3.7,-0.5895027045037929
60.0,75.0,3.725,-0.77887412813825
60.0,75.0,3.75,-0.7274052413658513
60.0,75.0,3.775,0.40236112090952386
60.0,75.0,3.8,1.1853075449059225
60.0,80.0,2.4,0.7280267923284485
60.0,80.0,2.425,0.6807779832303289
60.0,80.0,2.45,0.6404021079955503
60.0,80.0,2.475,0.6053929060046146
60.0,80.0,2.5,0.5744551535320451
60.0,80.0,2.525,0.5466693986715551
60.0,80.0,2.55,0.5215661539897245
60.0,80.0,2.575,0.49879382971641034
60.0,80.0,2.6,0.4778859529308416
60.0,80.0,2.625,0.4585560194604342
60.0,80.0,2.65,0.44058680308694276
60.0,80.0,2.675,0.4237902050230075
60.0,80.0,2.7,0.40800448987957677
60.0,80.0,2.725,0.3930913082328624
60.0,80.0,2.75,0.37893239809762663
60.0,80.0,2.775,0.36542468841179665
60.0,80.0,2.8,0.35246567738081125
60.0,80.0,2.825,0.33998613195930594
60.0,80.0,2.85,0.32794359104728904
60.0,80.0,2.875,0.3162475828576777
60.0,80.0,2.9,0.3048413668092652
60.0,80.0,2.925,0.2936721722612585
60.0,80.0,2.95,0.28268959387378534
60.0,80.0,2.975,0.27184502227606755
60.0,80.0,3.0,0.26109086027521694
60.0,80.0,3.025,0.25037966731963396
60.0,80.0,3.05,0.2396632577328204
60.0,80.0,3.075,0.22889173389919204
60.0,80.0,3.1,0.2180124180426179
60.0,80.0,3.125,0.2069686337729766
60.0,80.0,3.15,0.19569827421494174
60.0,80.0,3.175,0.184132073830957
60.0,80.0,3.2,0.17219147281255145
60.0,80.0,3.225,0.15978592187041438
60.0,80.0,3.25,0.14680941496556504
60.0,80.0,3.275,0.13313594785667449
60.0,80.0,3.3,0.1186134649544601
60.0,80.0,3.325,0.1030556489810042
60.0,80.0,3.35,0.08623058212118484
60.0,80.0,3.375,0.06784478601431718
60.0,80.0,3.4,0.04752029431115877
60.0,80.0,3.425,0.024760979083386363
60.0,80.0,3.45,-0.0010981139459482901
60.0,80.0,3.475,-0.03096902394337742
60.0,80.0,3.5,-0.06613521195745065
60.0,80.0,3.525,-0.10845493269831695
60.0,80.0,3.55,-0.16070287199928623
60.0,80.0,3.575,-0.22715215466358274
60.0,80.0,3.6,-0.3145359396362276
60.0,80.0,3.625,-0.4332693561008679
60.0,80.0,3.65,-0.5959396151673113
60.0,80.0,3.675,-0.7851002581890161
60.0,80.0,3.7,-0.6925869047233313
60.0,80.0,3.725,0.49176693458013365
60.0,80.0,3.75,1.1772065419586892
60.0,80.0,3.775,1.0757631779170702
60.0,80.0,3.8,0.8982314961686128
60.0,85.0,2.4,0.6190722404359968
60.0,85.0,2.425,0.587074835383419
60.0,85.0,2.45,0.5584513189838383
60.0,85.0,2.475,0.5326095884180605
60.0,85.0,2.5,0.5091075309997998
60.0,85.0,2.525,0.48758748864426293
60.0,85.0,2.55,0.46778607912413417
60.0,85.0,2.575,0.4494387679382459
60.0,85.0,2.6,0.4323077282158199
60.0,85.0,2.625,0.41622948297370954
60.0,85.0,2.65,0.4010635097253258
60.0,85.0,2.675,0.38668663589058505
60.0,85.0,2.7,0.3729831026073661
60.0,85.0,2.725,0.35985783052510223
60.0,85.0,2.75,0.3472733871343107
60.0,85.0,2.775,0.33512789282663974
60.0,85.0,2.8,0.3233545369930803
60.0,85.0,2.825,0.3118963158628215
60.0,85.0,2.85,0.30070004282789475
60.0,85.0,2.875,0.2897156545866575
60.0,85.0,2.9,0.2788954503988205
60.0,85.0,2.925,0.26819327711870744
60.0,85.0,2.95,0.25756370750721813
60.0,85.0,2.975,0.24696120805201985
60.0,85.0,3.0,0.23633927301344093
60.0,85.0,3.025,0.22564949218038918
60.0,85.0,3.05,0.21484051207135535
60.0,85.0,3.075,0.20385684065330129
60.0,85.0,3.1,0.19263743204391365
60.0,85.0,3.125,0.1811139680303638
60.0,85.0,3.15,0.1692087247507328
60.0,85.0,3.175,0.15683187130816573
60.0,85.0,3.2,0.1438779858595545
60.0,85.0,3.225,0.130221483441046
60.0,85.0,3.25,0.1157105116599553
60.0,85.0,3.275,0.10015865767844132
60.0,85.0,3.3,0.08333347592323341
60.0,85.0,3.325,0.06494031011883107
60.0,85.0,3.35,0.04459900344463203
60.0,85.0,3.375,0.02180961977184109
60.0,85.0,3.4,-0.004099394125379995
60.0,85.0,3.425,-0.03405118496375909
60.0,85.0,3.45,-0.06934871247722814
60.0,85.0,3.475,-0.11188489882252167
60.0,85.0,3.5,-0.1644979709459574
60.0,85.0,3.525,-0.2315803377713594
60.0,85.0,3.55,-0.3200828748873383
60.0,85.0,3.575,-0.44072928628996705
60.0,85.0,3.6,-0.6061884199642467
60.0,85.0,3.625,-0.7985015777465423
60.0,85.0,3.65,-0.6801537400381759
60.0,85.0,3.675,0.5748778357628179
60.0,85.0,3.7,1.1818225368941675
60.0,85.0,3.725,1.0532303472772797
60.0,85.0,3.75,0.875108340572785
60.0,85.0,3.775,0.7398668925855996
60.0,85.0,3.8,0.6407870604171122
60.0,90.0,2.4,0.5474867649054822
60.0,90.0,2.425,0.5229233557121117
60.0,90.0,2.45,0.5005133599116881
60.0,90.0,2.475,0.4799237898387527
60.0,90.0,2.5,0.460880440155862
60.0,90.0,2.525,0.44316014972622575
60.0,90.0,2.55,0.42659041377533363
60.0,90.0,2.575,0.4110006665248951
60.0,90.0,2.6,0.3962463099325634
60.0,90.0,2.625,0.38220566155874985
60.0,90.0,2.65,0.3688024923444145
60.0,90.0,2.675,0.3559726081894646
60.0,90.0,2.7,0.3436155520101366
60.0,90.0,2.725,0.3316635680378572
60.0,90.0,2.75,0.32005765418961746
60.0,90.0,2.775,0.30874333620598654
60.0,90.0,2.8,0.2976698378925855
60.0,90.0,2.825,0.2867892741159951
60.0,90.0,2.85,0.276055828912793
60.0,90.0,2.875,0.2654249516001695
60.0,90.0,2.9,0.2548525651285881
60.0,90.0,2.925,0.24429426521335187
60.0,90.0,2.95,0.23370448171514346
60.0,90.0,2.975,0.22303556821291576
60.0,90.0,3.0,0.21223677892493822
60.0,90.0,3.025,0.20125308252181823
60.0,90.0,3.05,0.19002374846215603
60.0,90.0,3.075,0.17848062133759748
60.0,90.0,3.1,0.1665459694985408
60.0,90.0,3.125,0.15412975160552436
60.0,90.0,3.15,0.14112608197183346
60.0,90.0,3.175,0.12740858225394738
60.0,90.0,3.2,0.11282417459553644
60.0,90.0,3.225,0.09718446996909416
60.0,90.0,3.25,0.0802544856545905
60.0,90.0,3.275,0.06173543158265393
60.0,90.0,3.3,0.041241248470994925
60.0,90.0,3.325,0.018263143195762714
60.0,90.0,3.35,-0.00788383960315104
60.0,90.0,3.375,-0.03814392301975139
60.0,90.0,3.4,-0.07385360504111879
60.0,90.0,3.425,-0.11696061194630068
60.0,90.0,3.45,-0.17039172523381277
60.0,90.0,3.475,-0.2386711144178295
60.0,90.0,3.5,-0.3290347084221647
60.0,90.0,3.525,-0.4532983260268355
60.0,90.0,3.55,-0.6260141530002017
60.0,90.0,3.575,-0.8256888994629689
60.0,90.0,3.6,-0.6638855963265708
60.0,90.0,3.625,0.67161429790413
60.0,90.0,3.65,1.1915510451134315
60.0,90.0,3.675,1.0384751789138147
60.0,90.0,3.7,0.8589716463356479
60.0,90.0,3.725,0.7253057969573995
60.0,90.0,3.75,0.6277065683394667
60.0,90.0,3.775,0.5541516930977399
60.0,90.0,3.8,0.4966277882409919
60.0,95.0,2.4,0.4951778795017212
60.0,95.0,2.425,0.4751752943731396
60.0,95.0,2.45,0.45662713624491547
60.0,95.0,2.475,0.4393233913898946
60.0,95.0,2.5,0.4230888725202558
60.0,95.0,2.525,0.40777673075154885
60.0,95.0,2.55,0.39326020954997587
60.0,95.0,2.575,0.37943244687472366
60.0,95.0,2.6,0.36622824430659406
60.0,95.0,2.625,0.35354550139038243
60.0,95.0,2.65,0.3413093953752003
60.0,95.0,2.675,0.32945758961152455
60.0,95.0,2.7,0.3179331287236621
60.0,95.0,2.725,0.306683360343694
60.0,95.0,2.75,0.29565915004028676
60.0,95.0,2.775,0.28481397578524026
60.0,95.0,2.8,0.274103127817509
60.0,95.0,2.825,0.2634829326128797
60.0,95.0,2.85,0.25290998371579526
60.0,95.0,2.875,0.24234035832457299
60.0,95.0,2.9,0.2317287907329925
60.0,95.0,2.925,0.22102776822346734
60.0,95.0,2.95,0.21018650802953495
60.0,95.0,2.975,0.199149763969886
60.0,95.0,3.0,0.18785639694460138
60.0,95.0,3.025,0.1762376234766235
60.0,95.0,3.05,0.1642148431679022
60.0,95.0,3.075,0.15169658528273405
60.0,95.0,3.1,0.13857565952661874
60.0,95.0,3.125,0.12472327704296378
60.0,95.0,3.15,0.1099834161316373
60.0,95.0,3.175,0.09416381248269687
60.0,95.0,3.2,0.07702382318041898
60.0,95.0,3.225,0.05825720524716066
60.0,95.0,3.25,0.037467197194201475
60.0,95.0,3.275,0.01412962871350845
60.0,95.0,3.3,-0.012463066295365624
60.0,95.0,3.325,-0.04328906595146014
60.0,95.0,3.35,-0.07973650839818311
60.0,95.0,3.375,-0.12383167629819351
60.0,95.0,3.4,-0.17864164749741274
60.0,95.0,3.425,-0.249069156643473
60.0,95.0,3.45,-0.3430414905141608
60.0,95.0,3.475,-0.4731552523938208
60.0,95.0,3.5,-0.6553788267735317
60.0,95.0,3.525,-0.8637603915633039
60.0,95.0,3.55,-0.6336782730810312
60.0,95.0,3.575,0.7968544430253931
60.0,95.0,3.6,1.2073285447354591
60.0,95.0,3.625,1.0280021297715003
60.0,95.0,3.65,0.8468262267599314
60.0,95.0,3.675,0.7145361469070677
60.0,95.0,3.7,0.6182521557246511
60.0,95.0,3.725,0.5456220320847279
60.0,95.0,3.75,0.48869124400144365
60.0,95.0,3.775,0.44249244419568895
60.0,95.0,3.8,0.403847167511909
60.0,100.0,2.4,0.4546752141277995
60.0,100.0,2.425,0.4375851353843683
60.0,100.0,2.45,0.42152404159482326
60.0,100.0,2.475,0.40634609923130216
60.0,100.0,2.5,0.3919285297884777
60.0,100.0,2.525,0.37820079824665576
60.0,100.0,2.55,0.36506890925482066
60.0,100.0,2.575,0.35243729443286126
60.0,100.0,2.6,0.3402355977252441
60.0,100.0,2.625,0.32840416628523245
60.0,100.0,2.65,0.31688766553331543
60.0,100.0,2.675,0.3056346213612315
60.0,100.0,2.7,0.2945967207111963
60.0,100.0,2.725,0.28372806266484435
60.0,100.0,2.75,0.27298440677978025
60.0,100.0,2.775,0.26232235878995025
60.0,100.0,2.8,0.2516986163487206
60.0,100.0,2.825,0.24106919189794299
60.0,100.0,2.85,0.23038858386001276
60.0,100.0,2.875,0.21960886432139667
60.0,100.0,2.9,0.20867864550281076
60.0,100.0,2.925,0.19754159280427122
60.0,100.0,2.95,0.1861360298575416
60.0,100.0,2.975,0.17439136065161667
60.0,100.0,3.0,0.16222721807530655
60.0,100.0,3.025,0.14955007043269536
60.0,100.0,3.05,0.13624947398871926
60.0,100.0,3.075,0.12219309520730835
60.0,100.0,3.1,0.10722000282046794
60.0,100.0,3.125,0.091131488066831
60.0,100.0,3.15,0.07367827252052662
60.0,100.0,3.175,0.05454232905996969
60.0,100.0,3.2,0.03331049350739355
60.0,100.0,3.225,0.009435273770045638
60.0,100.0,3.25,-0.017824777066942354
60.0,100.0,3.275,-0.04949809142893811
60.0,100.0,3.3,-0.08705063418541834
60.0,100.0,3.325,-0.13265297507969448
60.0,100.0,3.35,-0.18965698292279812
60.0,100.0,3.375,-0.26334998237563984
60.0,100.0,3.4,-0.36237586220069495
60.0,100.0,3.425,-0.5008600154244288
60.0,100.0,3.45,-0.6968533809632742
60.0,100.0,3.475,-0.9153413706761903
60.0,100.0,3.5,-0.5654111573973426
60.0,100.0,3.525,0.9574423983692009
60.0,100.0,3.55,1.2239162932575494
60.0,100.0,3.575,1.0179812415040341
60.0,100.0,3.6,0.8359786185961178
60.0,100.0,3.625,0.705562685315242
60.0,100.0,3.65,0.6108729930777064
60.0,100.0,3.675,0.5393311690640908
60.0,100.0,3.7,0.4830943840135972
60.0,100.0,3.725,0.43732869411517933
60.0,100.0,3.75,0.39891661247000443
60.0,100.0,3.775,0.3658072386846218
60.0,100.0,3.8,0.3365843871399546
60.0,105.0,2.4,0.4217006650191716
60.0,105.0,2.425,0.406528494606784
60.0,105.0,2.45,0.392111623724153
60.0,105.0,2.475,0.37837498252300755
60.0,105.0,2.5,0.3652144266346027
60.0,105.0,2.525,0.3525454978023261
60.0,105.0,2.55,0.3403031472368755
60.0,105.0,2.575,0.3284239541066543
60.0,105.0,2.6,0.316851767907532
60.0,105.0,2.625,0.30553622913536976
60.0,105.0,2.65,0.2944294606299188
60.0,105.0,2.675,0.2834856794561675
60.0,105.0,2.7,0.2726605221569796
60.0,105.0,2.725,0.26191033881357695
60.0,105.0,2.75,0.25119145802698967
60.0,105.0,2.775,0.24045936676995866
60.0,105.0,2.8,0.22966781609974887
60.0,105.0,2.825,0.21876781953218064
60.0,105.0,2.85,0.2077072580089177
60.0,105.0,2.875,0.19642835526989777
60.0,105.0,2.9,0.18486717295107763
60.0,105.0,2.925,0.17295136932186014
60.0,105.0,2.95,0.16059785121609715
60.0,105.0,2.975,0.14770972909719698
60.0,105.0,3.0,0.13417234020748126
60.0,105.0,3.025,0.11984797122170282
60.0,105.0,3.05,0.10456873710314375
60.0,105.0,3.075,0.08812680287732662
60.0,105.0,3.1,0.07026070606161568
60.0,105.0,3.125,0.05063584065698006
60.0,105.0,3.15,0.028816007113867517
60.0,105.0,3.175,0.004220971662432449
60.0,105.0,3.2,-0.02393848023466373
60.0,105.0,3.225,-0.056763704278769964
60.0,105.0,3.25,-0.095843944113325
60.0,105.0,3.275,-0.1435565873377561
60.0,105.0,3.3,-0.20355809609853123
60.0,105.0,3.325,-0.2817166318380064
60.0,105.0,3.35,-0.3878255611699084
60.0,105.0,3.375,-0.5381814183088883
60.0,105.0,3.4,-0.7535611066613758
60.0,105.0,3.425,-0.9803955555304322
60.0,105.0,3.45,-0.4174597106665305
60.0,105.0,3.475,1.1409290308783469
60.0,105.0,3.5,1.233836548470319
60.0,105.0,3.525,1.0050135090574814
60.0,105.0,3.55,0.824160529579212
60.0,105.0,3.575,0.6967471237266732
60.0,105.0,3.6,0.6042592233879824
60.0,105.0,3.625,0.5341923560178433
60.0,105.0,3.65,0.4789255513638058
60.0,105.0,3.675,0.4337744623149279
60.0,105.0,3.7,0.3957492824624318
60.0,105.0,3.725,0.3628623802434835
60.0,105.0,3.75,0.3337394209729459
60.0,105.0,3.775,0.30739378232975323
60.0,105.0,3.8,0.2830906502350256
60.0,110.0,2.4,0.3936941774160804
60.0,110.0,2.425,0.37985228662875997
60.0,110.0,2.45,0.36658456612745216
60.0,110.0,2.475,0.35380706758100483
60.0,110.0,2.5,0.3414520328163973
60.0,110.0,2.525,0.3294593620225034
60.0,110.0,2.55,0.3177750938798335
60.0,110.0,2.575,0.3063451534139809
60.0,110.0,2.6,0.2951204746308064
60.0,110.0,2.625,0.284055383911108
60.0,110.0,2.65,0.2731051207164205
60.0,110.0,2.675,0.26222541527510274
60.0,110.0,2.7,0.25137086783027135
60.0,110.0,2.725,0.24049829402457795
60.0,110.0,2.75,0.22955835593156718
60.0,110.0,2.775,0.21850140066246182
60.0,110.0,2.8,0.2072733196386621
60.0,110.0,2.825,0.1958146992571414
60.0,110.0,2.85,0.18405922952229745
60.0,110.0,2.875,0.17193171154707976
60.0,110.0,2.9,0.1593455356718979
60.0,110.0,2.925,0.14619943451340225
60.0,110.0,2.95,0.13237323106364088
60.0,110.0,2.975,0.11772217657413299
60.0,110.0,3.0,0.10206928068119267
60.0,110.0,3.025,0.08519473520573458
60.0,110.0,3.05,0.06682105174368509
60.0,110.0,3.075,0.04659174636189876
60.0,110.0,3.1,0.024040087169059976
60.0,110.0,3.125,-0.0014578691957150974
60.0,110.0,3.15,-0.030756146184721042
60.0,110.0,3.175,-0.06505787266842673
60.0,110.0,3.2,-0.10611517300612301
60.0,110.0,3.225,-0.1565571140384582
60.0,110.0,3.25,-0.22048710685147158
60.0,110.0,3.275,-0.3046153658694736
60.0,110.0,3.3,-0.4203627461017213
60.0,110.0,3.325,-0.5871565031864487
60.0,110.0,3.35,-0.8292310767573343
60.0,110.0,3.375,-1.0538185395769537
60.0,110.0,3.4,-0.12776105810856564
60.0,110.0,3.425,1.3132766805408753
60.0,110.0,3.45,1.230053091850554
60.0,110.0,3.475,0.9867737850903996
60.0,110.0,3.5,0.8101588910934271
60.0,110.0,3.525,0.6869537524870843
60.0,110.0,3.55,0.5974352210236978
60.0,110.0,3.575,0.5293372184805067
60.0,110.0,3.6,0.47538123154162326
60.0,110.0,3.625,0.43111246017216537
60.0,110.0,3.65,0.3936840528252803
60.0,110.0,3.675,0.361197181519807
60.0,110.0,3.7,0.3323332986594138
60.0,110.0,3.725,0.30614100825161783
60.0,110.0,3.75,0.2819073523873691
60.0,110.0,3.775,0.2590768388343684
60.0,110.0,3.8,0.23719835972636663
60.0,115.0,2.4,0.3691234666737174
60.0,115.0,2.425,0.35616891874425194
60.0,115.0,2.45,0.3436419276024096
60.0,115.0,2.475,0.3314806938886231
60.0,115.0,2.5,0.3196284966881499
60.0,115.0,2.525,0.3080331146613683
60.0,115.0,2.55,0.2966462255431409
60.0,115.0,2.575,0.28541851569072446
60.0,115.0,2.6,0.2743023393686736
60.0,115.0,2.625,0.26325643995258236
60.0,115.0,2.65,0.2522319929087011
60.0,115.0,2.675,0.24118307220148438
60.0,115.0,2.7,0.23006085711337637
60.0,115.0,2.725,0.21881342429492526
60.0,115.0,2.75,0.20738461374591077
60.0,115.0,2.775,0.19571260165548177
60.0,115.0,2.8,0.18372819050344086
60.0,115.0,2.825,0.17135267639160529
60.0,115.0,2.85,0.1584951402666353
60.0,115.0,2.875,0.14504894755510297
60.0,115.0,2.9,0.13088714670972362
60.0,115.0,2.925,0.11585631625272429
60.0,115.0,2.95,0.09976819248327201
60.0,115.0,2.975,0.082388067334164
60.0,115.0,3.0,0.06341839372188728
60.0,115.0,3.025,0.042475124340710046
60.0,115.0,3.05,0.019052758221719163
60.0,115.0,3.075,-0.007528736504121506
60.0,115.0,3.1,-0.03820767025599578
60.0,115.0,3.125,-0.07431830544441041
60.0,115.0,3.15,-0.11781743252958704
60.0,115.0,3.175,-0.17167685230735386
60.0,115.0,3.2,-0.24061792434237067
60.0,115.0,3.225,-0.3325146159844444
60.0,115.0,3.25,-0.46110058962013134
60.0,115.0,3.275,-0.6503269438264553
60.0,115.0,3.3,-0.9284941145090231
60.0,115.0,3.325,-1.1162569415598742
60.0,115.0,3.35,0.35262665690073264
60.0,115.0,3.375,1.4343076099310275
60.0,115.0,3.4,1.2090696341079263
60.0,115.0,3.425,0.9624391287392629
60.0,115.0,3.45,0.7931325286023462
60.0,115.0,3.475,0.6755766439181532
60.0,115.0,3.5,0.5898020018369207
60.0,115.0,3.525,0.5241784482938753
60.0,115.0,3.55,0.47189532611059093
60.0,115.0,3.575,0.4287862120416853
60.0,115.0,3.6,0.39217932075911716
60.0,115.0,3.625,0.3602840111198697
60.0,115.0,3.65,0.3318502101244181
60.0,115.0,3.675,0.3059706325597208
60.0,115.0,3.7,0.281961543879852
60.0,115.0,3.725,0.25928587181049106
60.0,115.0,3.75,0.23750396449130892
60.0,115.0,3.775,0.2162382379830756
60.0,115.0,3.8,0.19514745537178682
60.0,120.0,2.4,0.3468482692117451
60.0,120.0,2.425,0.33446465431752215
60.0,120.0,2.45,0.3223974958424462
60.0,120.0,2.475,0.310592488770468
60.0,120.0,2.5,0.2989982395831556
60.0,120.0,2.525,0.2875663662244082
60.0,120.0,2.55,0.2762511945005379
60.0,120.0,2.575,0.2650031778212245
60.0,120.0,2.6,0.2537750562749773
60.0,120.0,2.625,0.2425187645309366
60.0,120.0,2.65,0.23118368336801032
60.0,120.0,2.675,0.2197158061124423
60.0,120.0,2.7,0.20805652557258444
60.0,120.0,2.725,0.19614116101402815
60.0,120.0,2.75,0.18389713073815053
60.0,120.0,2.775,0.17124162782807248
60.0,120.0,2.8,0.15807868856797735
60.0,120.0,2.825,0.1442953852858862
60.0,120.0,2.85,0.1297567977421446
60.0,120.0,2.875,0.11429925695753372
60.0,120.0,2.9,0.09772110469343377
60.0,120.0,2.925,0.07976981466977208
60.0,120.0,2.95,0.06012367641409953
60.0,120.0,2.975,0.038365163948524614
60.0,120.0,3.0,0.013941238963840528
60.0,120.0,3.025,-0.013897652469828412
60.0,120.0,3.05,-0.04619504201207752
60.0,120.0,3.075,-0.0844484549983768
60.0,120.0,3.1,-0.1308777932213064
60.0,120.0,3.125,-0.18890903323196062
60.0,120.0,3.15,-0.2640894380957683
60.0,120.0,3.175,-0.3659020848114109
60.0,120.0,3.2,-0.5113727803299682
60.0,120.0,3.225,-0.7311158252347534
60.0,120.0,3.25,-1.0565140251895293
60.0,120.0,3.275,-1.1085159647643579
60.0,120.0,3.3,0.9654844601455995
60.0,120.0,3.325,1.4808842955071417
60.0,120.0,3.35,1.172037624183424
60.0,120.0,3.375,0.9327449794100149
60.0,120.0,3.4,0.7733880078105778
60.0,120.0,3.425,0.6625674193943373
60.0,120.0,3.45,0.5811554589259142
60.0,120.0,3.475,0.5184243084407261
60.0,120.0,3.5,0.4681243864894337
60.0,120.0,3.525,0.42641994010639933
60.0,120.0,3.55,0.39083898766956443
60.0,120.0,3.575,0.3597124035892276
60.0,120.0,3.6,0.3318687593355419
60.0,120.0,3.625,0.3064522993327699
60.0,120.0,3.65,0.2828135162568752
60.0,120.0,3.675,0.2604392151649771
60.0,120.0,3.7,0.2389058282981594
60.0,120.0,3.725,0.2178465296748935
60.0,120.0,3.75,0.196926463834141
60.0,120.0,3.775,0.17582243603252448
60.0,120.0,3.8,0.15420450250834333
60.0,125.0,2.4,0.3260782243896854
60.0,125.0,2.425,0.314018767982944
60.0,125.0,2.45,0.3021798982586113
60.0,125.0,2.475,0.29050859846108285
60.0,125.0,2.5,0.2789555465823857
60.0,125.0,2.525,0.26747242076459443
60.0,125.0,2.55,0.2560108376374875
60.0,125.0,2.575,0.24451878830418114
60.0,125.0,2.6,0.232943202528862
60.0,125.0,2.625,0.22122796673531828
60.0,125.0,2.65,0.20931178486509125
60.0,125.0,2.675,0.19712676607867832
60.0,125.0,2.7,0.18459647044556204
60.0,125.0,2.725,0.17163343867903144
60.0,125.0,2.75,0.1581360066527821
60.0,125.0,2.775,0.14398411537199812
60.0,125.0,2.8,0.1290337810903639
60.0,125.0,2.825,0.11310962343483628
60.0,125.0,2.85,0.09599458522797216
60.0,125.0,2.875,0.0774155124656205
60.0,125.0,2.9,0.05702249691195465
60.0,125.0,2.925,0.03435858798934935
60.0,125.0,2.95,0.00881419040469331
60.0,125.0,2.975,-0.02044385355931655
60.0,125.0,3.0,-0.054586635520928475
60.0,125.0,3.025,-0.09531252572574492
60.0,125.0,3.05,-0.14517426069366463
60.0,125.0,3.075,-0.2081883811266927
60.0,125.0,3.1,-0.2909894187410297
60.0,125.0,3.125,-0.4052468586293675
60.0,125.0,3.15,-0.5726981132563239
60.0,125.0,3.175,-0.8337337442303498
60.0,125.0,3.2,-1.217168676962554
60.0,125.0,3.225,-0.8811424853835214
60.0,125.0,3.25,1.49067660345215
60.0,125.0,3.275,1.460539937572184
60.0,125.0,3.3,1.1237938753407217
60.0,125.0,3.325,0.8995275965723631
60.0,125.0,3.35,0.7517598003710521
60.0,125.0,3.375,0.6483021242292
60.0,125.0,3.4,0.5716211982109783
60.0,125.0,3.425,0.5120498164840336
60.0,125.0,3.45,0.4639458590812796
60.0,125.0,3.475,0.42382543639117526
60.0,125.0,3.5,0.38942510622101967
60.0,125.0,3.525,0.3592071384571878
60.0,125.0,3.55,0.33208354750445607
60.0,125.0,3.575,0.3072543691559632
60.0,125.0,3.6,0.2841084127559075
60.0,125.0,3.625,0.2621595544338786
60.0,125.0,3.65,0.24100385002903307
60.0,125.0,3.675,0.22028900737334595
60.0,125.0,3.7,0.1996910665890729
60.0,125.0,3.725,0.17889489804301625
60.0,125.0,3.75,0.15757601686566075
60.0,125.0,3.775,0.1353815560568871
60.0,125.0,3.8,0.11190818141357146
60.0,130.0,2.4,0.30620278763289355
60.0,130.0,2.425,0.29425525554022824
60.0,130.0,2.45,0.2824329230617828
60.0,130.0,2.475,0.2706846630441006
60.0,130.0,2.5,0.258958924177107
60.0,130.0,2.525,0.24720308135163538
60.0,130.0,2.55,0.23536238528565132
60.0,130.0,2.575,0.2233762601908243
60.0,130.0,2.6,0.21118012665704375
60.0,130.0,2.625,0.1987028194031342
60.0,130.0,2.65,0.18586375371513333
60.0,130.0,2.675,0.1725703949755784
60.0,130.0,2.7,0.1587147913986448
60.0,130.0,2.725,0.14416901921084416
60.0,130.0,2.75,0.1287790851837299
60.0,130.0,2.775,0.112356607515373
60.0,130.0,2.8,0.0946673301390825
60.0,130.0,2.825,0.07541489615251563
60.0,130.0,2.85,0.05421741638985689
60.0,130.0,2.875,0.03057279931911312
60.0,130.0,2.9,0.003805992898689845
60.0,130.0,2.925,-0.02701401014660094
60.0,130.0,2.95,-0.0632093149329808
60.0,130.0,2.975,-0.10671976318442195
60.0,130.0,3.0,-0.16051665744940705
60.0,130.0,3.025,-0.22934596062878196
60.0,130.0,3.05,-0.321276749597119
60.0,130.0,3.075,-0.4509544021610441
60.0,130.0,3.1,-0.6468399317186067
60.0,130.0,3.125,-0.963716230917186
60.0,130.0,3.15,-1.4053702691245153
60.0,130.0,3.175,-0.18624522245885197
60.0,130.0,3.2,1.7535028451443264
60.0,130.0,3.225,1.3980667385795549
60.0,130.0,3.25,1.0703704586290894
60.0,130.0,3.275,0.865034693791963
60.0,130.0,3.3,0.7293804015531969
60.0,130.0,3.325,0.6334125631833349
60.0,130.0,3.35,0.561552690466693
60.0,130.0,3.375,0.5052326123035662
60.0,130.0,3.4,0.4594187885387865
60.0,130.0,3.425,0.4209752694583752
60.0,130.0,3.45,0.3878470158649696
60.0,130.0,3.475,0.3586265080827122
60.0,130.0,3.5,0.3323104078746743
60.0,130.0,3.525,0.308155856369681
60.0,130.0,3.55,0.2855915889966966
60.0,130.0,3.575,0.2641604206562578
60.0,130.0,3.6,0.24348019576412783
60.0,130.0,3.625,0.22321572392299568
60.0,130.0,3.65,0.20305709699127647
60.0,130.0,3.675,0.1827013069512522
60.0,130.0,3.7,0.16183482950826303
60.0,130.0,3.725,0.14011506856581132
60.0,130.0,3.75,0.11714835931078946
60.0,130.0,3.775,0.09246156515018387
60.0,130.0,3.8,0.06546301383756951
60.0,135.0,2.4,0.2867053592595263
60.0,135.0,2.425,0.274662451299394
60.0,135.0,2.45,0.26264679750348224
60.0,135.0,2.475,0.2506027332726945
60.0,135.0,2.5,0.23847194156455576
60.0,135.0,2.525,0.22619243509704035
60.0,135.0,2.55,0.21369698520936906
60.0,135.0,2.575,0.20090895249500432
60.0,135.0,2.6,0.18774307584662178
60.0,135.0,2.625,0.1741016471967521
60.0,135.0,2.65,0.15987008185176704
60.0,135.0,2.675,0.14491206252029215
60.0,135.0,2.7,0.129062813304729
60.0,135.0,2.725,0.11211990000389978
60.0,135.0,2.75,0.0938303909370083
60.0,135.0,2.775,0.0738725492458487
60.0,135.0,2.8,0.05182920847740807
60.0,135.0,2.825,0.027147993018260236
60.0,135.0,2.85,-0.0009198906348638258
60.0,135.0,2.875,-0.033416965122898136
60.0,135.0,2.9,-0.07183630594237395
60.0,135.0,2.925,-0.1184158675560964
60.0,135.0,2.95,-0.17661035796211047
60.0,135.0,2.975,-0.2520913786355392
60.0,135.0,3.0,-0.3547567624896232
60.0,135.0,3.025,-0.5032578578933069
60.0,135.0,3.05,-0.7356502024348626
60.0,135.0,3.075,-1.1277217940966535
60.0,135.0,3.1,-1.581041895686842
60.0,135.0,3.125,0.958610914206881
60.0,135.0,3.15,1.7857187631935472
60.0,135.0,3.175,1.318133743000362
60.0,135.0,3.2,1.017025484224161
60.0,135.0,3.225,0.8313571281101416
60.0,135.0,3.25,0.7073970338914836
60.0,135.0,3.275,0.6186138966043254
60.0,135.0,3.3,0.5514131741518261
60.0,135.0,3.325,0.4982720074721867
60.0,135.0,3.35,0.4547262211283672
60.0,135.0,3.375,0.41796614428665124
60.0,135.0,3.4,0.38613321929083316
60.0,135.0,3.425,0.35794373008196045
60.0,135.0,3.45,0.33247565410649615
60.0,135.0,3.475,0.3090416811315726
60.0,135.0,3.5,0.2871100055709775
60.0,135.0,3.525,0.2662526518408909
60.0,135.0,3.55,0.24611010015750168
60.0,135.0,3.575,0.22636564515566754
60.0,135.0,3.6,0.20672540259986855
60.0,135.0,3.625,0.18690119492361906
60.0,135.0,3.65,0.1665941790268857
60.0,135.0,3.675,0.14547724732342454
60.0,135.0,3.7,0.12317399540775748
60.0,135.0,3.725,0.09923134137336109
60.0,135.0,3.75,0.07308149328738586
60.0,135.0,3.775,0.043986479160081
60.0,135.0,3.8,0.010954241178731089
60.0,140.0,2.4,0.26710571588730386
60.0,140.0,2.425,0.2547500246556689
60.0,140.0,2.45,0.24230927209952155
60.0,140.0,2.475,0.2297178373433618
60.0,140.0,2.5,0.2169041941294401
60.0,140.0,2.525,0.20378919235214052
60.0,140.0,2.55,0.19028347066567222
60.0,140.0,2.575,0.17628204093600158
60.0,140.0,2.6,0.1616632270032379
60.0,140.0,2.625,0.1462822167622903
60.0,140.0,2.65,0.1299630591028482
60.0,140.0,2.675,0.1124886117879872
60.0,140.0,2.7,0.09358621903598659
60.0,140.0,2.725,0.0729071703125323
60.0,140.0,2.75,0.049996514486987616
60.0,140.0,2.775,0.02424745678964408
60.0,140.0,2.8,-0.005169556452585519
60.0,140.0,2.825,-0.039414562159925136
60.0,140.0,2.85,-0.08019321142255335
60.0,140.0,2.875,-0.13005552147422245
60.0,140.0,2.9,-0.19304782555239447
60.0,140.0,2.925,-0.2759504999689103
60.0,140.0,2.95,-0.3909630006499226
60.0,140.0,2.975,-0.5620427238091923
60.0,140.0,3.0,-0.8408399456043387
60.0,140.0,3.025,-1.3328995326664483
60.0,140.0,3.05,-1.5926344462691455
60.0,140.0,3.075,1.8870469597491333
60.0,140.0,3.1,1.7037650729235985
60.0,140.0,3.125,1.237289659797382
60.0,140.0,3.15,0.9674081644324228
60.0,140.0,3.175,0.8000927663041223
60.0,140.0,3.2,0.6867852669811816
60.0,140.0,3.225,0.6045740355593938
60.0,140.0,3.25,0.5416805524908438
60.0,140.0,3.275,0.49151369621028446
60.0,140.0,3.3,0.45011601630627507
60.0,140.0,3.325,0.41496989606854856
60.0,140.0,3.35,0.3843941118939619
60.0,140.0,3.375,0.3572177437213592
60.0,140.0,3.4,0.3325936289546493
60.0,140.0,3.425,0.3098862063365142
60.0,140.0,3.45,0.2886009595648733
60.0,140.0,3.475,0.2683380198700023
60.0,140.0,3.5,0.2487601636894991
60.0,140.0,3.525,0.22956944638620658
60.0,140.0,3.55,0.2104888569603784
60.0,140.0,3.575,0.19124651752742775
60.0,140.0,3.6,0.17156049503645412
60.0,140.0,3.625,0.15112242422200514
60.0,140.0,3.65,0.12957790650951959
60.0,140.0,3.675,0.10650098557502681
60.0,140.0,3.7,0.08135870757048996
60.0,140.0,3.725,0.05345897499250159
60.0,140.0,3.75,0.021857167482384733
60.0,140.0,3.775,-0.014737565445472075
60.0,140.0,3.8,-0.05818209056002843
60.0,145.0,2.4,0.24691400074035694
60.0,145.0,2.425,0.23399393964192666
60.0,145.0,2.45,0.22084910928112045
60.0,145.0,2.475,0.207395773325153
60.0,145.0,2.5,0.1935390384161468
60.0,145.0,2.525,0.17916971389128972
60.0,145.0,2.55,0.1641596599246201
60.0,145.0,2.575,0.14835356745542674
60.0,145.0,2.6,0.13156402546622809
60.0,145.0,2.625,0.11355920426884059
60.0,145.0,2.65,0.09404639746954202
60.0,145.0,2.675,0.07264920674214875
60.0,145.0,2.7,0.04887349449013137
60.0,145.0,2.725,0.022055442880159735
60.0,145.0,2.75,-0.008716824028101422
60.0,145.0,2.775,-0.04474161212290428
60.0,145.0,2.8,-0.08793314550542308
60.0,145.0,2.825,-0.1412085094423783
60.0,145.0,2.85,-0.20927788878739026
60.0,145.0,2.875,-0.30022293234358655
60.0,145.0,2.9,-0.4290565402870299
60.0,145.0,2.925,-0.6266021611007834
60.0,145.0,2.95,-0.9634883230204921
60.0,145.0,2.975,-1.5844863788295844
60.0,145.0,3.0,-1.0527535365571472
60.0,145.0,3.025,2.2172930515975686
60.0,145.0,3.05,1.5899510898197136
60.0,145.0,3.075,1.164152964343285
60.0,145.0,3.1,0.9236034124730831
60.0,145.0,3.125,0.7723031099320664
60.0,145.0,3.15,0.6682728071807997
60.0,145.0,3.175,0.5918416052607653
60.0,145.0,3.2,0.5327815082177869
60.0,145.0,3.225,0.48529297297743207
60.0,145.0,3.25,0.44585149481755254
60.0,145.0,3.275,0.41219116761770414
60.0,145.0,3.3,0.38278506797798395
60.0,145.0,3.325,0.3565613888188335
60.0,145.0,3.35,0.3327394244053839
60.0,145.0,3.375,0.31073007281439163
60.0,145.0,3.4,0.29007273560166136
60.0,145.0,3.425,0.2703935195336551
60.0,145.0,3.45,0.25137621645998315
60.0,145.0,3.475,0.23274099237613893
60.0,145.0,3.5,0.21422757860188898
60.0,145.0,3.525,0.19558075129534153
60.0,145.0,3.55,0.17653635845884738
60.0,145.0,3.575,0.15680625683341723
60.0,145.0,3.6,0.13606025943147176
60.0,145.0,3.625,0.11390222386421155
60.0,145.0,3.65,0.08983409776963022
60.0,145.0,3.675,0.06322557707729527
60.0,145.0,3.7,0.033227680554265844
60.0,145.0,3.725,-0.001357814572039087
60.0,145.0,3.75,-0.04223844855946935
60.0,145.0,3.775,-0.09196670000303256
60.0,145.0,3.8,-0.15452003129366385
60.0,150.0,2.4,0.2255795525457212
60.0,150.0,2.425,0.21177960972057588
60.0,150.0,2.45,0.19756801346846828
60.0,150.0,2.475,0.18282945103742582
60.0,150.0,2.5,0.16742818572855203
60.0,150.0,2.525,0.15120191756580043
60.0,150.0,2.55,0.13395268439902128
60.0,150.0,2.575,0.11543226875078358
60.0,150.0,2.6,0.09532816214714737
60.0,150.0,2.625,0.0732368620698325
60.0,150.0,2.65,0.048625274917113624
60.0,150.0,2.675,0.020772559102524544
60.0,150.0,2.7,-0.011314262112545779
60.0,150.0,2.725,-0.04908348655599079
60.0,150.0,2.75,-0.09465956791114434
60.0,150.0,2.775,-0.15135348659498743
60.0,150.0,2.8,-0.2245995275496876
60.0,150.0,2.825,-0.3239456706425546
60.0,150.0,2.85,-0.4677146543956278
60.0,150.0,2.875,-0.6953141689733927
60.0,150.0,2.9,-1.103189061584433
60.0,150.0,2.925,-1.8796934550539872
60.0,150.0,2.95,0.3808177077284019
60.0,150.0,2.975,2.19450117640576
60.0,150.0,3.0,1.4815648718043417
60.0,150.0,3.025,1.1022026892566807
60.0,150.0,3.05,0.8865472881818116
60.0,150.0,3.075,0.7485840370206089
60.0,150.0,3.1,0.6523433731257549
60.0,150.0,3.125,0.5808244207268949
60.0,150.0,3.15,0.5250610508130072
60.0,150.0,3.175,0.4799012383512095
60.0,150.0,3.2,0.4421779446024362
60.0,150.0,3.225,0.40983520387959993
60.0,150.0,3.25,0.3814760855812876
60.0,150.0,3.275,0.35611311246382665
60.0,150.0,3.3,0.333022695618175
60.0,150.0,3.325,0.31165609636637803
60.0,150.0,3.35,0.291582546837452
60.0,150.0,3.375,0.27245133233651725
60.0,150.0,3.4,0.25396532350416484
60.0,150.0,3.425,0.23586145823768587
60.0,150.0,3.45,0.2178953065359866
60.0,150.0,3.475,0.19982772360949302
60.0,150.0,3.5,0.1814119956552254
60.0,150.0,3.525,0.16237988144454604
60.0,150.0,3.55,0.1424244538428444
60.0,150.0,3.575,0.12118319145566939
60.0,150.0,3.6,0.09822094957824726
60.0,150.0,3.625,0.07293947998453955
60.0,150.0,3.65,0.04456655818562236
60.0,150.0,3.675,0.012036808487388128
60.0,150.0,3.7,-0.026175362070217364
60.0,150.0,3.725,-0.0723372183857507
60.0,150.0,3.75,-0.129960074693113
60.0,150.0,3.775,-0.2047277347733478
60.0,150.0,3.8,-0.30621147602051696
60.0,155.0,2.4,0.20242677628113553
60.0,155.0,2.425,0.18732254340901935
60.0,155.0,2.45,0.17153975009379066
60.0,155.0,2.475,0.15490748405003246
60.0,155.0,2.5,0.13721671399334506
60.0,155.0,2.525,0.11820740191813699
60.0,155.0,2.55,0.09754901713104286
60.0,155.0,2.575,0.074810329400395
60.0,155.0,2.6,0.04942131167519521
60.0,155.0,2.625,0.02060792109951191
60.0,155.0,2.65,-0.012707226185610225
60.0,155.0,2.675,-0.052105927805493266
60.0,155.0,2.7,-0.09993303471479786
60.0,155.0,2.725,-0.1598938832539604
60.0,155.0,2.75,-0.2381728567649996
60.0,155.0,2.775,-0.3458855492245914
60.0,155.0,2.8,-0.5050508481122015
60.0,155.0,2.825,-0.7652999213987616
60.0,155.0,2.85,-1.2567760821965657
60.0,155.0,2.875,-2.1957374250811434
60.0,155.0,2.9,1.9689339722077448
60.0,155.0,2.925,2.0679997680857958
60.0,155.0,2.95,1.391257353819855
60.0,155.0,2.975,1.0522267172696622
60.0,155.0,3.0,0.8564732342050201
60.0,155.0,3.025,0.7292021448745598
60.0,155.0,3.05,0.639283658096509
60.0,155.0,3.075,0.5718016030200214
60.0,155.0,3.1,0.5187780293019292
60.0,155.0,3.125,0.4755729354679768
60.0,155.0,3.15,0.4393050205422988
60.0,155.0,3.175,0.40808791429696684
60.0,155.0,3.2,0.38063076522735156
60.0,155.0,3.225,0.3560155958921821
60.0,155.0,3.25,0.33356636571190673
60.0,155.0,3.275,0.3127683017067399
60.0,155.0,3.3,0.29321604490192477
60.0,155.0,3.325,0.274578902611636
60.0,155.0,3.35,0.2565764938274577
60.0,155.0,3.375,0.2389607402830068
60.0,155.0,3.4,0.22150160642808872
60.0,155.0,3.425,0.20397475827423175
60.0,155.0,3.45,0.18614964366488854
60.0,155.0,3.475,0.16777700793621506
60.0,155.0,3.5,0.14858266507147397
60.0,155.0,3.525,0.1282420107633958
60.0,155.0,3.55,0.10632632511302724
60.0,155.0,3.575,0.08231607075855371
60.0,155.0,3.6,0.05552124498836243
60.0,155.0,3.625,0.024994011431836743
60.0,155.0,3.65,-0.010610734384016971
60.0,155.0,3.675,-0.05327453910061094
60.0,155.0,3.7,-0.10603867763838598
60.0,155.0,3.725,-0.17378387155189556
60.0,155.0,3.75,-0.2646958618372199
60.0,155.0,3.775,-0.392816545496737
60.0,155.0,3.8,-0.5794196960970358
60.0,160.0,2.4,0.17656001107688699
60.0,160.0,2.425,0.1595434938507558
60.0,160.0,2.45,0.1414426354114116
60.0,160.0,2.475,0.12198473137843949
60.0,160.0,2.5,0.10082228793396394
60.0,160.0,2.525,0.07750354057229733
60.0,160.0,2.55,0.05142598157495945
60.0,160.0,2.575,0.021765444490673296
60.0,160.0,2.6,-0.012632487669395644
60.0,160.0,2.625,-0.0534694044820501
60.0,160.0,2.65,-0.10329616794674383
60.0,160.0,2.675,-0.16618963398094316
60.0,160.0,2.7,-0.24905902394526297
60.0,160.0,2.725,-0.364581065232337
60.0,160.0,2.75,-0.5386204368542157
60.0,160.0,2.775,-0.8321537478420941
60.0,160.0,2.8,-1.4167134957100547
60.0,160.0,2.825,-2.4770629601645586
60.0,160.0,2.85,2.7913944931052237
60.0,160.0,2.875,1.9404420642877809
60.0,160.0,2.9,1.321566498949413
60.0,160.0,2.925,1.0138496764401068
60.0,160.0,2.95,0.833257892230595
60.0,160.0,2.975,0.714225117968848
60.0,160.0,3.0,0.6292437528528052
60.0,160.0,3.025,0.5649522976516608
60.0,160.0,3.05,0.5141167516492217
60.0,160.0,3.075,0.47248702739925785
60.0,160.0,3.1,0.4374018570451836
60.0,160.0,3.125,0.4071068477859056
60.0,160.0,3.15,0.3803945333783284
60.0,160.0,3.175,0.3564021186553158
60.0,160.0,3.2,0.3344917146988784
60.0,160.0,3.225,0.3141761188540893
60.0,160.0,3.25,0.2950708710323059
60.0,160.0,3.275,0.2768619993291168
60.0,160.0,3.3,0.259283350541186
60.0,160.0,3.325,0.24209980554902838
60.0,160.0,3.35,0.2250939954591714
60.0,160.0,3.375,0.20805487378536996
60.0,160.0,3.4,0.19076746622094393
60.0,160.0,3.425,0.17300798692952649
60.0,160.0,3.45,0.15452610341023246
60.0,160.0,3.475,0.1349974383908464
60.0,160.0,3.5,0.11405418943679263
60.0,160.0,3.525,0.09123043504896905
60.0,160.0,3.55,0.06590995895923193
60.0,160.0,3.575,0.037255513529614544
60.0,160.0,3.6,0.004090201431051591
60.0,160.0,3.625,-0.0353020716542809
60.0,160.0,3.65,-0.08352647376866046
60.0,160.0,3.675,-0.14471700650775865
60.0,160.0,3.7,-0.22574482271495871
60.0,160.0,3.725,-0.3384503604700578
60.0,160.0,3.75,-0.5024213890133956
60.0,160.0,3.775,-0.7304654364135963
60.0,160.0,3.8,-0.7636560605272532
60.0,165.0,2.4,0.14670615610371668
60.0,165.0,2.425,0.12685145961700292
60.0,165.0,2.45,0.10525406870309933
60.0,165.0,2.475,0.08144305786555953
60.0,165.0,2.5,0.05478925680342151
60.0,165.0,2.525,0.02443208271740779
60.0,165.0,2.55,-0.01084940837381551
60.0,165.0,2.575,-0.05285293674493543
60.0,165.0,2.6,-0.10430713317597698
60.0,165.0,2.625,-0.16960611369555395
60.0,165.0,2.65,-0.2562927944182342
60.0,165.0,2.675,-0.37845311415931326
60.0,165.0,2.7,-0.5655656645768344
60.0,165.0,2.725,-0.8899953093429818
60.0,165.0,2.75,-1.5697158565181342
60.0,165.0,2.775,-2.6501006663115554
60.0,165.0,2.8,3.0252711873440683
60.0,165.0,2.825,1.8419404900761136
60.0,165.0,2.85,1.2716879996264134
60.0,165.0,2.875,0.986350982147881
60.0,165.0,2.9,0.8166520628357732
60.0,165.0,2.925,0.7036263304200289
60.0,165.0,2.95,0.6222944274791308
60.0,165.0,2.975,0.5603889866001931
60.0,165.0,3.0,0.5112061050497535
60.0,165.0,3.025,0.4707769265275537
60.0,165.0,3.05,0.4366006883339672
60.0,165.0,3.075,0.40702029955870167
60.0,165.0,3.1,0.3808904172968989
60.0,165.0,3.125,0.3573898083120187
60.0,165.0,3.15,0.33590966640633124
60.0,165.0,3.175,0.3159841003901536
60.0,165.0,3.2,0.29724507332901035
60.0,165.0,3.225,0.27939200986703344
60.0,165.0,3.25,0.2621704080939035
60.0,165.0,3.275,0.24535601737187937
60.0,165.0,3.3,0.22874239913692862
60.0,165.0,3.325,0.21212965272090392
60.0,165.0,3.35,0.19532317654869286
60.0,165.0,3.375,0.17811743571005326
60.0,165.0,3.4,0.16025734431340252
60.0,165.0,3.425,0.14146175920729012
60.0,165.0,3.45,0.12140012229204697
60.0,165.0,3.475,0.09965273604484551
60.0,165.0,3.5,0.07567111572912406
60.0,165.0,3.525,0.04871734876392519
60.0,165.0,3.55,0.017764779117387747
60.0,165.0,3.575,-0.018667201348403332
60.0,165.0,3.6,-0.06279935927037769
60.0,165.0,3.625,-0.11811069885120579
60.0,165.0,3.65,-0.1903144640119435
60.0,165.0,3.675,-0.2892166546421941
60.0,165.0,3.7,-0.4317463093855692
60.0,165.0,3.725,-0.6395748284499465
60.0,165.0,3.75,-0.8261452412195608
60.0,165.0,3.775,0.06727748474521915
60.0,165.0,3.8,1.201814775033767
60.0,170.0,2.4,0.11093012591961932
60.0,170.0,2.425,0.08673197522934492
60.0,170.0,2.45,0.059641050917015596
60.0,170.0,2.475,0.028768560556561455
60.0,170.0,2.5,-0.007149696200019767
60.0,170.0,2.525,-0.04998408324944418
60.0,170.0,2.55,-0.1025821306376696
60.0,170.0,2.575,-0.16957585109355958
60.0,170.0,2.6,-0.2589857580060308
60.0,170.0,2.625,-0.38598145963858577
60.0,170.0,2.65,-0.5829494076763068
60.0,170.0,2.675,-0.9320445510635846
60.0,170.0,2.7,-1.696642129673594
60.0,170.0,2.725,-2.7061886934327797
60.0,170.0,2.75,3.058943293882955
60.0,170.0,2.775,1.778765680733785
60.0,170.0,2.8,1.2402035020769921
60.0,170.0,2.825,0.9690716529563751
60.0,170.0,2.85,0.8064246776050676
60.0,170.0,2.875,0.697361642040051
60.0,170.0,2.9,0.6184748380199553
60.0,170.0,2.925,0.5581888392577934
60.0,170.0,2.95,0.5101404295490032
60.0,170.0,2.975,0.47054411520954964
60.0,170.0,3.0,0.4370051672978511
60.0,170.0,3.025,0.40793159115307426
60.0,170.0,3.05,0.3822201463104341
60.0,170.0,3.075,0.3590781717488247
60.0,170.0,3.1,0.3379171919459784
60.0,170.0,3.125,0.31828652039418776
60.0,170.0,3.15,0.2998301327289061
60.0,170.0,3.175,0.28225754677833137
60.0,170.0,3.2,0.26532333428599536
60.0,170.0,3.225,0.24881173960139608
60.0,170.0,3.25,0.23252592794697619
60.0,170.0,3.275,0.2162794031250408
60.0,170.0,3.3,0.1998896312562676
60.0,170.0,3.325,0.18315656705674432
60.0,170.0,3.35,0.16583993729384716
60.0,170.0,3.375,0.14769155719177426
60.0,170.0,3.4,0.1284111137800751
60.0,170.0,3.425,0.10761981625864026
60.0,170.0,3.45,0.08482874551989911
60.0,170.0,3.475,0.05938679734097662
60.0,170.0,3.5,0.030397628810258818
60.0,170.0,3.525,-0.0034167318810701622
60.0,170.0,3.55,-0.0439491828616337
60.0,170.0,3.575,-0.09412479290902055
60.0,170.0,3.6,-0.15868092483884322
60.0,170.0,3.625,-0.24567079721026486
60.0,170.0,3.65,-0.36922355939813184
60.0,170.0,3.675,-0.551828777516232
60.0,170.0,3.7,-0.7851865552670261
60.0,170.0,3.725,-0.48299730090130166
60.0,170.0,3.75,1.0471941292300195
60.0,170.0,3.775,1.1313376224670229
60.0,170.0,3.8,0.9027594870350811
60.0,175.0,2.4,0.06607416392059563
60.0,175.0,2.425,0.03489248982450097
60.0,175.0,2.45,-0.0013779344176160695
60.0,175.0,2.475,-0.04464954293989363
60.0,175.0,2.5,-0.09783080175389314
60.0,175.0,2.525,-0.16567189643625277
60.0,175.0,2.55,-0.2564436573171351
60.0,175.0,2.575,-0.38593049419359055
60.0,175.0,2.6,-0.588244184108995
60.0,175.0,2.625,-0.9518613960333033
60.0,175.0,2.65,-1.7750942611332141
60.0,175.0,2.675,-2.79154622957824
60.0,175.0,2.7,3.082986619809815
60.0,175.0,2.725,1.7515212979565582
60.0,175.0,2.75,1.2261324769330824
60.0,175.0,2.775,0.9616178865981875
60.0,175.0,2.8,0.8024534243567842
60.0,175.0,2.825,0.6954248847799122
60.0,175.0,2.85,0.6178303802414895
60.0,175.0,2.875,0.5584207136604491
60.0,175.0,2.9,0.510999144425779
60.0,175.0,2.925,0.47187242983010796
60.0,175.0,2.95,0.438700582345241
60.0,175.0,2.975,0.40992605849653097
60.0,175.0,3.0,0.3844684856781419
60.0,175.0,3.025,0.3615511830899015
60.0,175.0,3.05,0.34059745014174286
60.0,175.0,3.075,0.3211657883857141
60.0,175.0,3.1,0.3029078080539555
60.0,175.0,3.125,0.28553979121732226
60.0,175.0,3.15,0.26882084948494755
60.0,175.0,3.175,0.25254766056998185
60.0,175.0,3.2,0.23652662051063156
60.0,175.0,3.225,0.22058118297204132
60.0,175.0,3.25,0.20453973858064708
60.0,175.0,3.275,0.18820257777869737
60.0,175.0,3.3,0.17135329720604275
60.0,175.0,3.325,0.15376609234469996
60.0,175.0,3.35,0.13516595058473554
60.0,175.0,3.375,0.11521031921902417
60.0,175.0,3.4,0.09346169465417502
60.0,175.0,3.425,0.06934338930643945
60.0,175.0,3.45,0.04206995076224848
60.0,175.0,3.475,0.01053434288710849
60.0,175.0,3.5,-0.026882507141316722
60.0,175.0,3.525,-0.07264784948316126
60.0,175.0,3.55,-0.13069879392326675
60.0,175.0,3.575,-0.20764103918554944
60.0,175.0,3.6,-0.3150700902903584
60.0,175.0,3.625,-0.473118098271953
60.0,175.0,3.65,-0.7013204166816005
60.0,175.0,3.675,-0.7777451869660383
60.0,175.0,3.7,0.6226687855221051
60.0,175.0,3.725,1.1924247299155832
60.0,175.0,3.75,0.9684016455936681
60.0,175.0,3.775,0.7753110144136353
60.0,175.0,3.8,0.6444249111996524
60.0,180.0,2.4,0.0065476698768906025
60.0,180.0,2.425,-0.03673673900803965
60.0,180.0,2.45,-0.08988487119815147
60.0,180.0,2.475,-0.15763790486840928
60.0,180.0,2.5,-0.24826649093770917
60.0,180.0,2.525,-0.37757771875525836
60.0,180.0,2.55,-0.5798764097183845
60.0,180.0,2.575,-0.9450136433362976
60.0,180.0,2.6,-1.7855942915249392
60.0,180.0,2.625,-3.1082681298297357
60.0,180.0,2.65,3.1769033132817226
60.0,180.0,2.675,1.7613915061452408
60.0,180.0,2.7,1.2293914825963068
60.0,180.0,2.725,0.9639847176353854
60.0,180.0,2.75,0.804790179661693
60.0,180.0,2.775,0.6978909459150223
60.0,180.0,2.8,0.6204434411175346
60.0,180.0,2.825,0.561168034326867
60.0,180.0,2.85,0.5138641920342439
60.0,180.0,2.875,0.4748415340472716
60.0,180.0,2.9,0.441764281731145
60.0,180.0,2.925,0.4130790265763294
60.0,180.0,2.95,0.3877091594119012
60.0,180.0,2.975,0.36488142487920944
60.0,180.0,3.0,0.344022334127382
60.0,180.0,3.025,0.3246935267828414
60.0,180.0,3.05,0.30654976787185295
60.0,180.0,3.075,0.28930785782683244
60.0,180.0,3.1,0.2727411065192236
60.0,180.0,3.125,0.256638976653263
60.0,180.0,3.15,0.2408186481878786
60.0,180.0,3.175,0.22511101734087172
60.0,180.0,3.2,0.20934950182043816
60.0,180.0,3.225,0.19333963501756532
60.0,180.0,3.25,0.17688433609969162
60.0,180.0,3.275,0.1597751230445798
60.0,180.0,3.3,0.1417591790488323
60.0,180.0,3.325,0.1225250808843723
60.0,180.0,3.35,0.10167915785052105
60.0,180.0,3.375,0.07870778032666122
60.0,180.0,3.4,0.05291876538340924
60.0,180.0,3.425,0.02334755980955543
60.0,180.0,3.45,-0.011399043612778255
60.0,180.0,3.475,-0.053414952495277265
60.0,180.0,3.5,-0.10599144585691356
60.0,180.0,3.525,-0.1745683534992523
60.0,180.0,3.55,-0.2686143182647383
60.0,180.0,3.575,-0.40510073769095695
60.0,180.0,3.6,-0.6099088514462876
60.0,180.0,3.625,-0.8345733044112842
60.0,180.0,3.65,-0.0565769576436403
60.0,180.0,3.675,1.20099561601402
60.0,180.0,3.7,1.051372571746379
60.0,180.0,3.725,0.828410898442079
60.0,180.0,3.75,0.6763555143426584
60.0,180.0,3.775,0.5711406989246015
60.0,180.0,3.8,0.49349256496075083
70.0,0.0,2.4,0.25870530113846857
70.0,0.0,2.425,0.2521377939630388
70.0,0.0,2.45,0.24557312093278244
70.0,0.0,2.475,0.23900160273714885
70.0,0.0,2.5,0.2324132937441417
70.0,0.0,2.525,0.22579852128512834
70.0,0.0,2.55,0.2191467424222942
70.0,0.0,2.575,0.21244310296374053
70.0,0.0,2.6,0.20567592576048913
70.0,0.0,2.625,0.19883268262219417
70.0,0.0,2.65,0.19189907222634917
70.0,0.0,2.675,0.18485950673211074
70.0,0.0,2.7,0.17769699521140733
70.0,0.0,2.725,0.17039298253896928
70.0,0.0,2.75,0.16292707615496224
70.0,0.0,2.775,0.15527671168461465
70.0,0.0,2.8,0.14741679375531708
70.0,0.0,2.825,0.139319255529167
70.0,0.0,2.85,0.13095252494971496
70.0,0.0,2.875,0.12228087570559941
70.0,0.0,2.9,0.11326363242181237
70.0,0.0,2.925,0.10385419013026016
70.0,0.0,2.95,0.09399879542813067
70.0,0.0,2.975,0.0836350194521221
70.0,0.0,3.0,0.07268982891474429
70.0,0.0,3.025,0.061077128051608115
70.0,0.0,3.05,0.04869459702535376
70.0,0.0,3.075,0.03541958442242998
70.0,0.0,3.1,0.02110371261291147
70.0,0.0,3.125,0.005565708710702305
70.0,0.0,3.15,-0.011418245025900333
70.0,0.0,3.175,-0.030127680552233495
70.0,0.0,3.2,-0.050916086515480206
70.0,0.0,3.225,-0.07423658188849486
70.0,0.0,3.25,-0.10067865200075533
70.0,0.0,3.275,-0.13102160245765831
70.0,0.0,3.3,-0.16631357485833967
70.0,0.0,3.325,-0.207989770918044
70.0,0.0,3.35,-0.2580497212151449
70.0,0.0,3.375,-0.3193165756391051
70.0,0.0,3.4,-0.3957766277082404
70.0,0.0,3.425,-0.49282346537144245
70.0,0.0,3.45,-0.6163150092252151
70.0,0.0,3.475,-0.7646664501824919
70.0,0.0,3.5,-0.8849545377696872
70.0,0.0,3.525,-0.6949853914447769
70.0,0.0,3.55,0.28863902141089365
70.0,0.0,3.575,1.143903547006656
70.0,0.0,3.6,1.233185514444635
70.0,0.0,3.625,1.0896594982626473
70.0,0.0,3.65,0.9386420033790306
70.0,0.0,3.675,0.81630995090206
70.0,0.0,3.7,0.720721665313946
70.0,0.0,3.725,0.6453661309681722
70.0,0.0,3.75,0.5847985422491212
70.0,0.0,3.775,0.5350930503408033
70.0,0.0,3.8,0.49349256012294246
70.0,5.0,2.4,0.24164744043228403
70.0,5.0,2.425,0.23478026381180112
70.0,5.0,2.45,0.22788608527920237
70.0,5.0,2.475,0.22095283757363995
70.0,5.0,2.5,0.21396782255428246
70.0,5.0,2.525,0.20691812489841063
70.0,5.0,2.55,0.19979022869350688
70.0,5.0,2.575,0.19256624939589614
70.0,5.0,2.6,0.1852295663782375
70.0,5.0,2.625,0.17776263679475862
70.0,5.0,2.65,0.1701457086317914
70.0,5.0,2.675,0.16235698416384167
70.0,5.0,2.7,0.1543723632483445
70.0,5.0,2.725,0.14616511501173923
70.0,5.0,2.75,0.13770543646708996
70.0,5.0,2.775,0.12895987220734334
70.0,5.0,2.8,0.11989065183127866
70.0,5.0,2.825,0.1104548709063077
70.0,5.0,2.85,0.10060347562982254
70.0,5.0,2.875,0.0902799965199198
70.0,5.0,2.9,0.07941895579033528
70.0,5.0,2.925,0.0679438463843214
70.0,5.0,2.95,0.05576454349844576
70.0,5.0,2.975,0.04277395675433769
70.0,5.0,3.0,0.02884365529956014
70.0,5.0,3.025,0.01381808009582364
70.0,5.0,3.05,-0.002493222903627209
70.0,5.0,3.075,-0.020325817668912827
70.0,5.0,3.1,-0.039975140264600514
70.0,5.0,3.125,-0.06181614676175629
70.0,5.0,3.15,-0.08633159908521061
70.0,5.0,3.175,-0.11415252084242226
70.0,5.0,3.2,-0.14611709895214903
70.0,5.0,3.225,-0.1833575187552106
70.0,5.0,3.25,-0.22742866686502464
70.0,5.0,3.275,-0.2804964567716501
70.0,5.0,3.3,-0.34559607295607997
70.0,5.0,3.325,-0.4269014140483726
70.0,5.0,3.35,-0.5295845256268159
70.0,5.0,3.375,-0.657078690285813
70.0,5.0,3.4,-0.794961591815972
70.0,5.0,3.425,-0.8338981305384412
70.0,5.0,3.45,-0.3720273291541874
70.0,5.0,3.475,0.6870765252408735
70.0,5.0,3.5,1.1844134323497153
70.0,5.0,3.525,1.144393364424494
70.0,5.0,3.55,0.9965512426013041
70.0,5.0,3.575,0.861026956867603
70.0,5.0,3.6,0.7528864704164782
70.0,5.0,3.625,0.667928435628427
70.0,5.0,3.65,0.6003334189516838
70.0,5.0,3.675,0.545505605652526
70.0,5.0,3.7,0.5001429836771875
70.0,5.0,3.725,0.4619070603129919
70.0,5.0,3.75,0.42912711458655467
70.0,5.0,3.775,0.4005893332513704
70.0,5.0,3.8,0.3753953253361604
70.0,10.0,2.4,0.2236094115736833
70.0,10.0,2.425,0.21627677238755222
70.0,10.0,2.45,0.2088685159312988
70.0,10.0,2.475,0.2013681148839128
70.0,10.0,2.5,0.1937583634850269
70.0,10.0,2.525,0.18602083178415002
70.0,10.0,2.55,0.17813674728727105
70.0,10.0,2.575,0.17008205536312224
70.0,10.0,2.6,0.1618329448367701
70.0,10.0,2.625,0.15336480959802493
70.0,10.0,2.65,0.14465020917846208
70.0,10.0,2.675,0.1356589283555394
70.0,10.0,2.7,0.12635759577487463
70.0,10.0,2.725,0.11670915297389826
70.0,10.0,2.75,0.10667209716401488
70.0,10.0,2.775,0.09619939020315768
70.0,10.0,2.8,0.08523707806137719
70.0,10.0,2.825,0.07372245363920178
70.0,10.0,2.85,0.06158162665753174
70.0,10.0,2.875,0.048726326981728456
70.0,10.0,2.9,0.035049713508792754
70.0,10.0,2.925,0.020420884705803232
70.0,10.0,2.95,0.004677671396821897
70.0,10.0,2.975,-0.012382888385143776
70.0,10.0,3.0,-0.031017278670643834
70.0,10.0,3.025,-0.05155277830436507
70.0,10.0,3.05,-0.07441133368563313
70.0,10.0,3.075,-0.10014322175333554
70.0,10.0,3.1,-0.1294754810795311
70.0,10.0,3.125,-0.16338287324198264
70.0,10.0,3.15,-0.20319328905503883
70.0,10.0,3.175,-0.25074486178675154
70.0,10.0,3.2,-0.3086150850808675
70.0,10.0,3.225,-0.3804233402755821
70.0,10.0,3.25,-0.4710810719227758
70.0,10.0,3.275,-0.5862135128429126
70.0,10.0,3.3,-0.7266325906138376
70.0,10.0,3.325,-0.8580615898766142
70.0,10.0,3.35,-0.7824992880548117
70.0,10.0,3.375,-0.028115114922425355
70.0,10.0,3.4,0.9266954272461634
70.0,10.0,3.425,1.1666928592830013
70.0,10.0,3.45,1.0723314191996234
70.0,10.0,3.475,0.9336937960146957
70.0,10.0,3.5,0.8140227333372796
70.0,10.0,3.525,0.718591350005231
70.0,10.0,3.55,0.6427978506971023
70.0,10.0,3.575,0.5817121217363674
70.0,10.0,3.6,0.5315350779183122
70.0,10.0,3.625,0.48952492668520187
70.0,10.0,3.65,0.45371891599326614
70.0,10.0,3.675,0.4226980226476648
70.0,10.0,3.7,0.39541979730331067
70.0,10.0,3.725,0.3711046864232262
70.0,10.0,3.75,0.3491591823422558
70.0,10.0,3.775,0.32912349252670436
70.0,10.0,3.8,0.3106354418851794
70.0,15.0,2.4,0.20314970429391183
70.0,15.0,2.425,0.1949173619108363
70.0,15.0,2.45,0.18650849705667177
70.0,15.0,2.475,0.17790182817232372
70.0,15.0,2.5,0.1690769024243545
70.0,15.0,2.525,0.1600155783767719
70.0,15.0,2.55,0.15070221876904413
70.0,15.0,2.575,0.14111561665244265
70.0,15.0,2.6,0.1312396618942924
70.0,15.0,2.625,0.12105882243942664
70.0,15.0,2.65,0.11055361208558609
70.0,15.0,2.675,0.09969829215677091
70.0,15.0,2.7,0.08845726716689267
70.0,15.0,2.725,0.07678104848072888
70.0,15.0,2.75,0.06460196274587986
70.0,15.0,2.775,0.051829953226439726
70.0,15.0,2.8,0.03834855617024108
70.0,15.0,2.825,0.0240106791355264
70.0,15.0,2.85,0.008633569569477225
70.0,15.0,2.875,-0.00800793276608226
70.0,15.0,2.9,-0.026191047867512786
70.0,15.0,2.925,-0.0462599614007863
70.0,15.0,2.95,-0.06864681595312927
70.0,15.0,2.975,-0.09390179409320541
70.0,15.0,3.0,-0.12274003118634305
70.0,15.0,3.025,-0.15610994531832673
70.0,15.0,3.05,-0.19529664044471592
70.0,15.0,3.075,-0.24208035364860386
70.0,15.0,3.1,-0.29898046407289897
70.0,15.0,3.125,-0.3696242499778633
70.0,15.0,3.15,-0.45925071683695196
70.0,15.0,3.175,-0.5751011407803707
70.0,15.0,3.2,-0.7249304064278967
70.0,15.0,3.225,-0.9034244921884064
70.0,15.0,3.25,-1.0130659727282816
70.0,15.0,3.275,-0.5940526964731734
70.0,15.0,3.3,0.623556486494553
70.0,15.0,3.325,1.2307123842119363
70.0,15.0,3.35,1.200439871856301
70.0,15.0,3.375,1.0462092547275919
70.0,15.0,3.4,0.9044994394133428
70.0,15.0,3.425,0.791596566970303
70.0,15.0,3.45,0.7029327148896125
70.0,15.0,3.475,0.6323356108176179
70.0,15.0,3.5,0.5749785898891255
70.0,15.0,3.525,0.5274136971110177
70.0,15.0,3.55,0.48720824323690964
70.0,15.0,3.575,0.4526284893294056
70.0,15.0,3.6,0.422417328439338
70.0,15.0,3.625,0.3956455544424545
70.0,15.0,3.65,0.37161292100949544
70.0,15.0,3.675,0.3497816685103175
70.0,15.0,3.7,0.32973113400804527
70.0,15.0,3.725,0.3111261507690872
70.0,15.0,3.75,0.293694593067961
70.0,15.0,3.775,0.27721140186252863
70.0,15.0,3.8,0.261489871833755
70.0,20.0,2.4,0.17452280991127417
70.0,20.0,2.425,0.16435028660841627
70.0,20.0,2.45,0.1540034899055375
70.0,20.0,2.475,0.14352408619132426
70.0,20.0,2.5,0.13294514163872362
70.0,20.0,2.525,0.12228085710472875
70.0,20.0,2.55,0.11151457311137497
70.0,20.0,2.575,0.10059515947364807
70.0,20.0,2.6,0.0894477881985003
70.0,20.0,2.625,0.07796918067798891
70.0,20.0,2.65,0.066033781318898
70.0,20.0,2.675,0.05349829457780019
70.0,20.0,2.7,0.04020287969779492
70.0,20.0,2.725,0.025969689450687266
70.0,20.0,2.75,0.010597382864295202
70.0,20.0,2.775,-0.0061490251814862685
70.0,20.0,2.8,-0.024548507826409795
70.0,20.0,2.825,-0.044941279670661055
70.0,20.0,2.85,-0.0677528194007061
70.0,20.0,2.875,-0.0935271218963804
70.0,20.0,2.9,-0.12297458078633161
70.0,20.0,2.925,-0.1570427248267807
70.0,20.0,2.95,-0.19702335911829175
70.0,20.0,2.975,-0.24471879653089987
70.0,20.0,3.0,-0.3027050866585283
70.0,20.0,3.025,-0.37475286847559863
70.0,20.0,3.05,-0.46648488579738767
70.0,20.0,3.075,-0.5862650772551918
70.0,20.0,3.1,-0.7455073629058678
70.0,20.0,3.125,-0.9521714925761561
70.0,20.0,3.15,-1.156798202806916
70.0,20.0,3.175,-0.9630852942410751
70.0,20.0,3.2,0.38108733637358294
70.0,20.0,3.225,1.335922572920562
70.0,20.0,3.25,1.3446439812764555
70.0,20.0,3.275,1.1601019453312595
70.0,20.0,3.3,0.9913716277843192
70.0,20.0,3.325,0.8598703808405699
70.0,20.0,3.35,0.7585277309204347
70.0,20.0,3.375,0.679016866089331
70.0,20.0,3.4,0.6151632047125581
70.0,20.0,3.425,0.5627031628236694
70.0,20.0,3.45,0.5187007107739977
70.0,20.0,3.475,0.48110119353669234
70.0,20.0,3.5,0.44843565413241915
70.0,20.0,3.525,0.41963078293890793
70.0,20.0,3.55,0.3938891342126784
70.0,20.0,3.575,0.37062338341768325
70.0,20.0,3.6,0.34942920193499744
70.0,20.0,3.625,0.32996889704055726
70.0,20.0,3.65,0.31181736245342523
70.0,20.0,3.675,0.29466553079431096
70.0,20.0,3.7,0.2783421467777973
70.0,20.0,3.725,0.26270268931954016
70.0,20.0,3.75,0.24761026924898707
70.0,20.0,3.775,0.23293840989972828
70.0,20.0,3.8,0.21857123313215027
70.0,25.0,2.4,0.13393568348256685
70.0,25.0,2.425,0.12368000061306073
70.0,25.0,2.45,0.11343544198276256
70.0,25.0,2.475,0.10304112223500847
70.0,25.0,2.5,0.09233733853170166
70.0,25.0,2.525,0.08117154581695053
70.0,25.0,2.55,0.06939672273686501
70.0,25.0,2.575,0.056869081134999895
70.0,25.0,2.6,0.04344040807060991
70.0,25.0,2.625,0.028948077848297022
70.0,25.0,2.65,0.013204490092792455
70.0,25.0,2.675,-0.004011987360289377
70.0,25.0,2.7,-0.022970762495272842
70.0,25.0,2.725,-0.04400774813869874
70.0,25.0,2.75,-0.06754986002661999
70.0,25.0,2.775,-0.09414935239767075
70.0,25.0,2.8,-0.12453360455410487
70.0,25.0,2.825,-0.15967934779721576
70.0,25.0,2.85,-0.20092640100672154
70.0,25.0,2.875,-0.25015684945336836
70.0,25.0,2.9,-0.310085174114623
70.0,25.0,2.925,-0.3847393274607189
70.0,25.0,2.95,-0.4802660533290129
70.0,25.0,2.975,-0.606224338501639
70.0,25.0,3.0,-0.7771433472576582
70.0,25.0,3.025,-1.0103256783445078
70.0,25.0,3.05,-1.2859204324728486
70.0,25.0,3.075,-1.2440575389368294
70.0,25.0,3.1,0.25913280132379113
70.0,25.0,3.125,1.5090376407863084
70.0,25.0,3.15,1.4947749898767952
70.0,25.0,3.175,1.2630170908833005
70.0,25.0,3.2,1.0654395164123607
70.0,25.0,3.225,0.9168737046445928
70.0,25.0,3.25,0.8048290004527573
70.0,25.0,3.275,0.7181737066339214
70.0,25.0,3.3,0.6492892712886539
70.0,25.0,3.325,0.5931287204959075
70.0,25.0,3.35,0.5463061279549142
70.0,25.0,3.375,0.5064975404206666
70.0,25.0,3.4,0.4720771626637005
70.0,25.0,3.425,0.4419082573613336
70.0,25.0,3.45,0.415193354997108
70.0,25.0,3.475,0.3912405844804414
70.0,25.0,3.5,0.3693865784643073
70.0,25.0,3.525,0.3491883237921904
70.0,25.0,3.55,0.3303665269984136
70.0,25.0,3.575,0.3126941175226567
70.0,25.0,3.6,0.29597157923463824
70.0,25.0,3.625,0.2800244614624935
70.0,25.0,3.65,0.2647004151523946
70.0,25.0,3.675,0.24986515972132384
70.0,25.0,3.7,0.23539846621218016
70.0,25.0,3.725,0.22119056906365278
70.0,25.0,3.75,0.20713905434084728
70.0,25.0,3.775,0.19314616856143696
70.0,25.0,3.8,0.17911649848659053
70.0,30.0,2.4,0.0983349984772886
70.0,30.0,2.425,0.0871060711262101
70.0,30.0,2.45,0.07512414778825319
70.0,30.0,2.475,0.062273460266236404
70.0,30.0,2.5,0.04842736157244813
70.0,30.0,2.525,0.033439482679189225
70.0,30.0,2.55,0.01713284677960335
70.0,30.0,2.575,-0.0007101940993127375
70.0,30.0,2.6,-0.02036042462215034
70.0,30.0,2.625,-0.0421604537591441
70.0,30.0,2.65,-0.06655017620115555
70.0,30.0,2.675,-0.09410269579530214
70.0,30.0,2.7,-0.1255770361482643
70.0,30.0,2.725,-0.16199759748200457
70.0,30.0,2.75,-0.20477732135167548
70.0,30.0,2.775,-0.2559144695419633
70.0,30.0,2.8,-0.31831741397129654
70.0,30.0,2.825,-0.3963588561340166
70.0,30.0,2.85,-0.4968490645878616
70.0,30.0,2.875,-0.6307553837621241
70.0,30.0,2.9,-0.815970448945858
70.0,30.0,2.925,-1.0789170661166398
70.0,30.0,2.95,-1.4255007377543905
70.0,30.0,2.975,-1.510258407069739
70.0,30.0,3.0,0.28010959012755715
70.0,30.0,3.025,1.7584831703963966
70.0,30.0,3.05,1.6428027872040403
70.0,30.0,3.075,1.3510853644852236
70.0,30.0,3.1,1.1255321468032187
70.0,30.0,3.125,0.9624753106906255
70.0,30.0,3.15,0.8420180906724473
70.0,30.0,3.175,0.7500164255042762
70.0,30.0,3.2,0.6774936698347058
70.0,30.0,3.225,0.6187273472944516
70.0,30.0,3.25,0.5699692199850644
70.0,30.0,3.275,0.5286957371699889
70.0,30.0,3.3,0.4931803702081674
70.0,30.0,3.325,0.462226646581704
70.0,30.0,3.35,0.4349029360692673
70.0,30.0,3.375,0.410370084611507
70.0,30.0,3.4,0.3880029035141157
70.0,30.0,3.425,0.36740491262534064
70.0,30.0,3.45,0.34828303598158045
70.0,30.0,3.475,0.3303910854497675
70.0,30.0,3.5,0.31351802813895246
70.0,30.0,3.525,0.2974829694647356
70.0,30.0,3.55,0.2821299859092449
70.0,30.0,3.575,0.26732308419988277
70.0,30.0,3.6,0.2529417409315979
70.0,30.0,3.625,0.23887710566229348
70.0,30.0,3.65,0.22502877886575595
70.0,30.0,3.675,0.21130203007846923
70.0,30.0,3.7,0.1976053227032807
70.0,30.0,3.725,0.1838480265175248
70.0,30.0,3.75,0.1699382171724831
70.0,30.0,3.775,0.1557804885620921
70.0,30.0,3.8,0.14127374547237617
70.0,35.0,2.4,0.05522573502513073
70.0,35.0,2.425,0.03969154312051826
70.0,35.0,2.45,0.0227941372228605
70.0,35.0,2.475,0.004314105332596335
70.0,35.0,2.5,-0.016026371422219986
70.0,35.0,2.525,-0.03858102051461635
70.0,35.0,2.55,-0.06380623447057386
70.0,35.0,2.575,-0.09229926378199226
70.0,35.0,2.6,-0.12485414085066586
70.0,35.0,2.625,-0.16254695784667703
70.0,35.0,2.65,-0.20686928665872645
70.0,35.0,2.675,-0.25994387652297807
70.0,35.0,2.7,-0.3248865006318441
70.0,35.0,2.725,-0.40643789926049984
70.0,35.0,2.75,-0.5121145279605406
70.0,35.0,2.775,-0.6543769199262326
70.0,35.0,2.8,-0.8546758961946467
70.0,35.0,2.825,-1.1491513309614012
70.0,35.0,2.85,-1.5722706481022106
70.0,35.0,2.875,-1.7981762718540937
70.0,35.0,2.9,0.4221159609589041
70.0,35.0,2.925,2.0520308272149164
70.0,35.0,2.95,1.7790012053419435
70.0,35.0,2.975,1.4250144676441197
70.0,35.0,3.0,1.1745749714913942
70.0,35.0,3.025,0.9996413900998807
70.0,35.0,3.05,0.8726183847692055
70.0,35.0,3.075,0.7765742922420479
70.0,35.0,3.1,0.7013631691662343
70.0,35.0,3.125,0.6407087753994729
70.0,35.0,3.15,0.590574266409598
70.0,35.0,3.175,0.548273316722334
70.0,35.0,3.2,0.5119776782516953
70.0,35.0,3.225,0.4804172544146566
70.0,35.0,3.25,0.4526210090058423
70.0,35.0,3.275,0.42774363142320787
70.0,35.0,3.3,0.4051340941840558
70.0,35.0,3.325,0.3843661258104673
70.0,35.0,3.35,0.3651339479285474
70.0,35.0,3.375,0.34718694305947956
70.0,35.0,3.4,0.3303116805870029
70.0,35.0,3.425,0.3143256291376645
70.0,35.0,3.45,0.299071993661597
70.0,35.0,3.475,0.2844147843769641
70.0,35.0,3.5,0.27023441411758725
70.0,35.0,3.525,0.2564239320410362
70.0,35.0,3.55,0.24288583612916176
70.0,35.0,3.575,0.22952934782344292
70.0,35.0,3.6,0.21626802415210114
70.0,35.0,3.625,0.2030175911225425
70.0,35.0,3.65,0.1896938923045429
70.0,35.0,3.675,0.17621085313283882
70.0,35.0,3.7,0.16247836300452753
70.0,35.0,3.725,0.1483999739601903
70.0,35.0,3.75,0.1338703089624482
70.0,35.0,3.775,0.11877207324481123
70.0,35.0,3.8,0.1029725797559552
70.0,40.0,2.4,-0.009135251242388943
70.0,40.0,2.425,-0.03231727414112139
70.0,40.0,2.45,-0.058227907328257646
70.0,40.0,2.475,-0.08748245108476095
70.0,40.0,2.5,-0.1209011748238428
70.0,40.0,2.525,-0.15959905816752298
70.0,40.0,2.55,-0.20512713596577076
70.0,40.0,2.575,-0.25970343470857266
70.0,40.0,2.6,-0.3266042377972993
70.0,40.0,2.625,-0.4108599352498223
70.0,40.0,2.65,-0.5205559900159974
70.0,40.0,2.675,-0.6693966051970152
70.0,40.0,2.7,-0.8819481287712765
70.0,40.0,2.725,-1.203606708156206
70.0,40.0,2.75,-1.7014078895725848
70.0,40.0,2.775,-2.1221497672189455
70.0,40.0,2.8,0.5673412760287145
70.0,40.0,2.825,2.353738907675422
70.0,40.0,2.85,1.907482760028407
70.0,40.0,2.875,1.4933730986770912
70.0,40.0,2.9,1.2197671720113745
70.0,40.0,2.925,1.0339077584640142
70.0,40.0,2.95,0.9008757822268803
70.0,40.0,2.975,0.8011449955311002
70.0,40.0,3.0,0.7234901217595007
70.0,40.0,3.025,0.6611249213152597
70.0,40.0,3.05,0.6097449129200823
70.0,40.0,3.075,0.5665073845648894
70.0,40.0,3.1,0.529478737984171
70.0,40.0,3.125,0.49731826700506165
70.0,40.0,3.15,0.469052592045268
70.0,40.0,3.175,0.44387639408199825
70.0,40.0,3.2,0.4211035575334695
70.0,40.0,3.225,0.400243115190383
70.0,40.0,3.25,0.38096484114547663
70.0,40.0,3.275,0.3630164962309995
70.0,40.0,3.3,0.34618644677076393
70.0,40.0,3.325,0.33029308607601754
70.0,40.0,3.35,0.3151799799079082
70.0,40.0,3.375,0.3007116170208186
70.0,40.0,3.4,0.2867694184647623
70.0,40.0,3.425,0.2732481856896587
70.0,40.0,3.45,0.2600530375217283
70.0,40.0,3.475,0.24709678299257867
70.0,40.0,3.5,0.23429763905361822
70.0,40.0,3.525,0.22157719633358244
70.0,40.0,3.55,0.20885854070160068
70.0,40.0,3.575,0.19606444371486403
70.0,40.0,3.6,0.18311553708905653
70.0,40.0,3.625,0.16992838356300505
70.0,40.0,3.65,0.15641335002674428
70.0,40.0,3.675,0.1424719261367544
70.0,40.0,3.7,0.12799484970762534
70.0,40.0,3.725,0.11285670076287849
70.0,40.0,3.75,0.0969132263315921
70.0,40.0,3.775,0.07999504068780455
70.0,40.0,3.8,0.0619007561582254
70.0,45.0,2.4,-0.1122214078582394
70.0,45.0,2.425,-0.15137372469282995
70.0,45.0,2.45,-0.19739622554679429
70.0,45.0,2.475,-0.252530001981188
70.0,45.0,2.5,-0.320094604856381
70.0,45.0,2.525,-0.40520804564257906
70.0,45.0,2.55,-0.5161545108024524
70.0,45.0,2.575,-0.6671640441067405
70.0,45.0,2.6,-0.8844015268027673
70.0,45.0,2.625,-1.2192935367723743
70.0,45.0,2.65,-1.768721001610571
70.0,45.0,2.675,-2.448257587132949
70.0,45.0,2.7,0.41238695854649843
70.0,45.0,2.725,2.6694518928812143
70.0,45.0,2.75,2.05389592341301
70.0,45.0,2.775,1.5729589304925942
70.0,45.0,2.8,1.2719973375853757
70.0,45.0,2.825,1.0727480035399861
70.0,45.0,2.85,0.932199579318141
70.0,45.0,2.875,0.8278129653981404
70.0,45.0,2.9,0.7470613697962607
70.0,45.0,2.925,0.6825262029860321
70.0,45.0,2.95,0.6295651260999776
70.0,45.0,2.975,0.5851379188689961
70.0,45.0,3.0,0.5471816414761088
70.0,45.0,3.025,0.5142626327462383
70.0,45.0,3.05,0.48536508689264285
70.0,45.0,3.075,0.4597201138361761
70.0,45.0,3.1,0.43666598003082974
70.0,45.0,3.125,0.41564792238258447
70.0,45.0,3.15,0.3962747057541882
70.0,45.0,3.175,0.3782768648241575
70.0,45.0,3.2,0.3614435386884052
70.0,45.0,3.225,0.34559561648261944
70.0,45.0,3.25,0.3305779201294269
70.0,45.0,3.275,0.31625549740548475
70.0,45.0,3.3,0.30251034317802755
70.0,45.0,3.325,0.28923778865419575
70.0,45.0,3.35,0.276346118652706
70.0,45.0,3.375,0.26374937575883456
70.0,45.0,3.4,0.25136968736120885
70.0,45.0,3.425,0.2391332721643793
70.0,45.0,3.45,0.22696906894490568
70.0,45.0,3.475,0.21480712598689913
70.0,45.0,3.5,0.2025770210518223
70.0,45.0,3.525,0.19020624810881392
70.0,45.0,3.55,0.17761849642370206
70.0,45.0,3.575,0.16473173699583174
70.0,45.0,3.6,0.15145601423782848
70.0,45.0,3.625,0.13769081451232884
70.0,45.0,3.65,0.12332184418488876
70.0,45.0,3.675,0.1082169930721759
70.0,45.0,3.7,0.09222117697240226
70.0,45.0,3.725,0.07514963445118734
70.0,45.0,3.75,0.05677908425585419
70.0,45.0,3.775,0.036835919740979384
70.0,45.0,3.8,0.01498030131925519
70.0,50.0,2.4,-0.3026669044478002
70.0,50.0,2.425,-0.3859681997337579
70.0,50.0,2.45,-0.49413846961986474
70.0,50.0,2.475,-0.6408142996387938
70.0,50.0,2.5,-0.8512630279270997
70.0,50.0,2.525,-1.1766075309156825
70.0,50.0,2.55,-1.7269117561238632
70.0,50.0,2.575,-2.6258427034082374
70.0,50.0,2.6,-0.6521710815291383
70.0,50.0,2.625,3.043836968543775
70.0,50.0,2.65,2.2662445383782415
70.0,50.0,2.675,1.6885469254266845
70.0,50.0,2.7,1.345567619764168
70.0,50.0,2.725,1.1253401233587002
70.0,50.0,2.75,0.9729542149840307
70.0,50.0,2.775,0.8612500743007231
70.0,50.0,2.8,0.77565733775842
70.0,50.0,2.825,0.7077506750029477
70.0,50.0,2.85,0.6523468821249159
70.0,50.0,2.875,0.6060928366077891
70.0,50.0,2.9,0.5667301654538469
70.0,50.0,2.925,0.5326911967229323
70.0,50.0,2.95,0.5028668073068623
70.0,50.0,2.975,0.47645590610949595
70.0,50.0,3.0,0.4528313214426841
70.0,50.0,3.025,0.43143830103071573
70.0,50.0,3.05,0.41181497868337896
70.0,50.0,3.075,0.39363772679995157
70.0,50.0,3.1,0.3766779320108415
70.0,50.0,3.125,0.36075693958217114
70.0,50.0,3.15,0.3457209009393265
70.0,50.0,3.175,0.33143528794357563
70.0,50.0,3.2,0.31778207523282526
70.0,50.0,3.225,0.3046572214347935
70.0,50.0,3.25,0.2919682061453245
70.0,50.0,3.275,0.2796317490761367
70.0,50.0,3.3,0.26757177381319436
70.0,50.0,3.325,0.25571760700341845
70.0,50.0,3.35,0.24400236945970988
70.0,50.0,3.375,0.23236150405500228
70.0,50.0,3.4,0.22073138298242861
70.0,50.0,3.425,0.20904793682131326
70.0,50.0,3.45,0.1972452463987618
70.0,50.0,3.475,0.1852540338472883
70.0,50.0,3.5,0.1729999801897773
70.0,50.0,3.525,0.16040178175331887
70.0,50.0,3.55,0.14736883464752076
70.0,50.0,3.575,0.1337984023133146
70.0,50.0,3.6,0.1195720709488766
70.0,50.0,3.625,0.10455122400908919
70.0,50.0,3.65,0.08857115834721932
70.0,50.0,3.675,0.07143330266298381
70.0,50.0,3.7,0.052894754677105166
70.0,50.0,3.725,0.032653979394285534
70.0,50.0,3.75,0.010330941113462262
70.0,50.0,3.775,-0.014560902860902523
70.0,50.0,3.8,-0.042654786473918155
70.0,55.0,2.4,-0.7798159518883713
70.0,55.0,2.425,-1.071449911896623
70.0,55.0,2.45,-1.561884081306214
70.0,55.0,2.475,-2.4705086502039864
70.0,55.0,2.5,-2.7406457813788565
70.0,55.0,2.525,3.3967351007467803
70.0,55.0,2.55,2.6294547141991185
70.0,55.0,2.575,1.8791556644604566
70.0,55.0,2.6,1.4607799892894833
70.0,55.0,2.625,1.2037712514932077
70.0,55.0,2.65,1.031074716466732
70.0,55.0,2.675,0.9070465740069614
70.0,55.0,2.7,0.8134285198372669
70.0,55.0,2.725,0.7400067709594746
70.0,55.0,2.75,0.6806511509412717
70.0,55.0,2.775,0.6314694334884275
70.0,55.0,2.8,0.5898764353901897
70.0,55.0,2.825,0.5540962828542496
70.0,55.0,2.85,0.5228660363909343
70.0,55.0,2.875,0.4952907879614261
70.0,55.0,2.9,0.47070902466372816
70.0,55.0,2.925,0.44858659110173416
70.0,55.0,2.95,0.4284403508450571
70.0,55.0,2.975,0.40987146154924786
70.0,55.0,3.0,0.39260246698250717
70.0,55.0,3.025,0.3764383026971449
70.0,55.0,3.05,0.36122243142901395
70.0,55.0,3.075,0.34681938932977324
70.0,55.0,3.1,0.33310991254508276
70.0,55.0,3.125,0.31998872979745124
70.0,55.0,3.15,0.30736253769544164
70.0,55.0,3.175,0.2951479670845718
70.0,55.0,3.2,0.28326966624249933
70.0,55.0,3.225,0.2716585693642933
70.0,55.0,3.25,0.26025035305556765
70.0,55.0,3.275,0.24898405012828717
70.0,55.0,3.3,0.2378007771577939
70.0,55.0,3.325,0.22664252847219718
70.0,55.0,3.35,0.21545098810080415
70.0,55.0,3.375,0.2041663095050127
70.0,55.0,3.4,0.19272580893036373
70.0,55.0,3.425,0.18106251072199717
70.0,55.0,3.45,0.16910347067331258
70.0,55.0,3.475,0.15676778483762396
70.0,55.0,3.5,0.1439641643597067
70.0,55.0,3.525,0.130587922051056
70.0,55.0,3.55,0.11651720430784009
70.0,55.0,3.575,0.10160789335543972
70.0,55.0,3.6,0.08568372169995732
70.0,55.0,3.625,0.06853941932383037
70.0,55.0,3.65,0.04991184337406147
70.0,55.0,3.675,0.029474603740045582
70.0,55.0,3.7,0.006811451026731159
70.0,55.0,3.725,-0.01861746245937532
70.0,55.0,3.75,-0.04752533977068152
70.0,55.0,3.775,-0.08087353266111982
70.0,55.0,3.8,-0.11998634864000321
70.0,60.0,2.4,-3.3867176335565157
70.0,60.0,2.425,1.7300465170415589
70.0,60.0,2.45,3.317742694227019
70.0,60.0,2.475,2.223019687542131
70.0,60.0,2.5,1.653195585060341
70.0,60.0,2.525,1.3270723551064298
70.0,60.0,2.55,1.118122306604446
70.0,60.0,2.575,0.9728630067720935
70.0,60.0,2.6,0.8657823257201654
70.0,60.0,2.625,0.7833062152476484
70.0,60.0,2.65,0.7175711994351701
70.0,60.0,2.675,0.663728328255606
70.0,60.0,2.7,0.6186268181644636
70.0,60.0,2.725,0.580134309490231
70.0,60.0,2.75,0.5467620577810505
70.0,60.0,2.775,0.5174475235342837
70.0,60.0,2.8,0.49142388311036095
70.0,60.0,2.825,0.4681197556449542
70.0,60.0,2.85,0.447054547255528
70.0,60.0,2.875,0.4277857441286399
70.0,60.0,2.9,0.4099589407728888
70.0,60.0,2.925,0.39333309361518026
70.0,60.0,2.95,0.37773628323399244
70.0,60.0,2.975,0.36302768861507795
70.0,60.0,3.0,0.3490842374257215
70.0,60.0,3.025,0.33579710792255274
70.0,60.0,3.05,0.3230699919364345
70.0,60.0,3.075,0.3108173554205163
70.0,60.0,3.1,0.2989626486604257
70.0,60.0,3.125,0.2874366059930716
70.0,60.0,3.15,0.2761757040062653
70.0,60.0,3.175,0.26512078496991526
70.0,60.0,3.2,0.25421582158476025
70.0,60.0,3.225,0.2434067874424389
70.0,60.0,3.25,0.23264059493087125
70.0,60.0,3.275,0.22186406555483856
70.0,60.0,3.3,0.2110229180546822
70.0,60.0,3.325,0.20006089179193487
70.0,60.0,3.35,0.18891232135123906
70.0,60.0,3.375,0.17751901397393932
70.0,60.0,3.4,0.16580922904572204
70.0,60.0,3.425,0.15369904694255695
70.0,60.0,3.45,0.14109705665810757
70.0,60.0,3.475,0.12789698066422683
70.0,60.0,3.5,0.11397385198955037
70.0,60.0,3.525,0.09917866215660995
70.0,60.0,3.55,0.08333117634169501
70.0,60.0,3.575,0.06621019272975358
70.0,60.0,3.6,0.047540121322463526
70.0,60.0,3.625,0.026972152697299013
70.0,60.0,3.65,0.00405731044639073
70.0,60.0,3.675,-0.021792942479179192
70.0,60.0,3.7,-0.05136563764996553
70.0,60.0,3.725,-0.08573668224901992
70.0,60.0,3.75,-0.1264131201910159
70.0,60.0,3.775,-0.17556286291462475
70.0,60.0,3.8,-0.23639346030882674
70.0,65.0,2.4,2.0038696592375547
70.0,65.0,2.425,1.5331544274753752
70.0,65.0,2.45,1.2546072904547565
70.0,65.0,2.475,1.071095096982533
70.0,65.0,2.5,0.9408551581355119
70.0,65.0,2.525,0.8433474156302638
70.0,65.0,2.55,0.7673361808828264
70.0,65.0,2.575,0.7061127317830723
70.0,65.0,2.6,0.6555344677524774
70.0,65.0,2.625,0.6128719108896857
70.0,65.0,2.65,0.5762487656405928
70.0,65.0,2.675,0.5443415747419865
70.0,65.0,2.7,0.5162004874965003
70.0,65.0,2.725,0.4911417792948914
70.0,65.0,2.75,0.46864500201786763
70.0,65.0,2.775,0.4482476353881074
70.0,65.0,2.8,0.4295242038239922
70.0,65.0,2.825,0.41215468176273423
70.0,65.0,2.85,0.39592741514301305
70.0,65.0,2.875,0.3806865241213516
70.0,65.0,2.9,0.36630052702660565
70.0,65.0,2.925,0.3526534754437063
70.0,65.0,2.95,0.33964276199671994
70.0,65.0,2.975,0.32717766259743214
70.0,65.0,3.0,0.3151776986433542
70.0,65.0,3.025,0.30357094655783257
70.0,65.0,3.05,0.2922924487768826
70.0,65.0,3.075,0.2812827935181673
70.0,65.0,3.1,0.27048689069541343
70.0,65.0,3.125,0.2598530182578658
70.0,65.0,3.15,0.24933063027917285
70.0,65.0,3.175,0.2388558586284483
70.0,65.0,3.2,0.22841124305329147
70.0,65.0,3.225,0.21792801938103426
70.0,65.0,3.25,0.20735632365308557
70.0,65.0,3.275,0.19664229462440916
70.0,65.0,3.3,0.18572766144977293
70.0,65.0,3.325,0.1745485435139363
70.0,65.0,3.35,0.16303379404932844
70.0,65.0,3.375,0.15110291277291213
70.0,65.0,3.4,0.13866341118104794
70.0,65.0,3.425,0.12560744016437875
70.0,65.0,3.45,0.11180740497505548
70.0,65.0,3.475,0.0971101718375076
70.0,65.0,3.5,0.08132928876492368
70.0,65.0,3.525,0.06423436271096102
70.0,65.0,3.55,0.04553629316532158
70.0,65.0,3.575,0.02486635019228617
70.0,65.0,3.6,0.0017459106661753153
70.0,65.0,3.625,-0.02445831809701434
70.0,65.0,3.65,-0.054602198285326475
70.0,65.0,3.675,-0.08986990792750509
70.0,65.0,3.7,-0.1319433355431707
70.0,65.0,3.725,-0.18328113322496284
70.0,65.0,3.75,-0.2475889738329279
70.0,65.0,3.775,-0.3306133983832191
70.0,65.0,3.8,-0.4413794693842978
70.0,70.0,2.4,1.053493512131578
70.0,70.0,2.425,0.9298371931739476
70.0,70.0,2.45,0.8365464063246355
70.0,70.0,2.475,0.7633552653900314
70.0,70.0,2.5,0.7041507984767577
70.0,70.0,2.525,0.655098193380509
70.0,70.0,2.55,0.6136081415006821
70.0,70.0,2.575,0.5778358242629432
70.0,70.0,2.6,0.5465804537339178
70.0,70.0,2.625,0.5189700160804782
70.0,70.0,2.65,0.49436475584337297
70.0,70.0,2.675,0.4722561047656175
70.0,70.0,2.7,0.4521688419028407
70.0,70.0,2.725,0.43368289105089336
70.0,70.0,2.75,0.41650704739883987
70.0,70.0,2.775,0.40045188057408504
70.0,70.0,2.8,0.38537014492200483
70.0,70.0,2.825,0.3711338341831844
70.0,70.0,2.85,0.35762959114846227
70.0,70.0,2.875,0.34475743215373944
70.0,70.0,2.9,0.33242932665427893
70.0,70.0,2.925,0.3205675267978394
70.0,70.0,2.95,0.30910294765684054
70.0,70.0,2.975,0.2979737134233102
70.0,70.0,3.0,0.28711444997744007
70.0,70.0,3.025,0.27647154840148624
70.0,70.0,3.05,0.26602201324541125
70.0,70.0,3.075,0.25569813761264065
70.0,70.0,3.1,0.24545564887246327
70.0,70.0,3.125,0.2352497974622003
70.0,70.0,3.15,0.22503506496113698
70.0,70.0,3.175,0.21476453152187133
70.0,70.0,3.2,0.2043890007267019
70.0,70.0,3.225,0.19385596941099179
70.0,70.0,3.25,0.18310842369858277
70.0,70.0,3.275,0.17208340571796182
70.0,70.0,3.3,0.1607102695162619
70.0,70.0,3.325,0.1489085143889067
70.0,70.0,3.35,0.13658504214326714
70.0,70.0,3.375,0.12363062459821632
70.0,70.0,3.4,0.10991527871881944
70.0,70.0,3.425,0.09528211320128314
70.0,70.0,3.45,0.07953900599959819
70.0,70.0,3.475,0.06244715372948864
70.0,70.0,3.5,0.043705026793608395
70.0,70.0,3.525,0.022925438441289588
70.0,70.0,3.55,-0.00039794133854502813
70.0,70.0,3.575,-0.02694065375019257
70.0,70.0,3.6,-0.05762427134625147
70.0,70.0,3.625,-0.09373761164075739
70.0,70.0,3.65,-0.13713372670488014
70.0,70.0,3.675,-0.1905593948669787
70.0,70.0,3.7,-0.2582181735036395
70.0,70.0,3.725,-0.34672511980473314
70.0,70.0,3.75,-0.46652582011037774
70.0,70.0,3.775,-0.6322535344814053
70.0,70.0,3.8,-0.8458350670587158
70.0,75.0,2.4,0.7705202599900339
70.0,75.0,2.425,0.711207449906723
70.0,75.0,2.45,0.6620141751062726
70.0,75.0,2.475,0.6203791352266553
70.0,75.0,2.5,0.5845732678932396
70.0,75.0,2.525,0.5533998234927343
70.0,75.0,2.55,0.5257970855829773
70.0,75.0,2.575,0.5011114814686195
70.0,75.0,2.6,0.4789636067748182
70.0,75.0,2.625,0.45884039208776667
70.0,75.0,2.65,0.44029757721290597
70.0,75.0,2.675,0.42306646570727124
70.0,75.0,2.7,0.40697014011384913
70.0,75.0,2.725,0.39186088846343264
70.0,75.0,2.75,0.3776090988602529
70.0,75.0,2.775,0.3641004051554463
70.0,75.0,2.8,0.3512345335815886
70.0,75.0,2.825,0.33892382944822635
70.0,75.0,2.85,0.32709081379416166
70.0,75.0,2.875,0.3156500593380719
70.0,75.0,2.9,0.3045574177987432
70.0,75.0,2.925,0.2937737412348352
70.0,75.0,2.95,0.2832273808534917
70.0,75.0,2.975,0.27287181300083624
70.0,75.0,3.0,0.2626625163025541
70.0,75.0,3.025,0.2525561836972471
70.0,75.0,3.05,0.2425101780209613
70.0,75.0,3.075,0.23248183203608802
70.0,75.0,3.1,0.22242767847724731
70.0,75.0,3.125,0.2123026165103825
70.0,75.0,3.15,0.20205899140076258
70.0,75.0,3.175,0.19164554969995382
70.0,75.0,3.2,0.18100621951137497
70.0,75.0,3.225,0.17007864958807964
70.0,75.0,3.25,0.1587924191968486
70.0,75.0,3.275,0.14706679960803706
70.0,75.0,3.3,0.13480790315184304
70.0,75.0,3.325,0.1219049899774184
70.0,75.0,3.35,0.10822560481380392
70.0,75.0,3.375,0.0936090681357112
70.0,75.0,3.4,0.07785761843833586
70.0,75.0,3.425,0.06072414467884271
70.0,75.0,3.45,0.04189487383498521
70.0,75.0,3.475,0.02096443501521353
70.0,75.0,3.5,-0.0026008687359757284
70.0,75.0,3.525,-0.02951850276782706
70.0,75.0,3.55,-0.06077567679440235
70.0,75.0,3.575,-0.09776661493319175
70.0,75.0,3.6,-0.14251851348565883
70.0,75.0,3.625,-0.19807442777190118
70.0,75.0,3.65,-0.26915424561538925
70.0,75.0,3.675,-0.3632701369950243
70.0,75.0,3.7,-0.4922367469680848
70.0,75.0,3.725,-0.6708883863040888
70.0,75.0,3.75,-0.8809767842444025
70.0,75.0,3.775,-0.7613081812804439
70.0,75.0,3.8,0.5942586753882205
70.0,80.0,2.4,0.6334832108076182
70.0,80.0,2.425,0.5966549629835075
70.0,80.0,2.45,0.5646332403851758
70.0,80.0,2.475,0.5365334793135305
70.0,80.0,2.5,0.5115798073966923
70.0,80.0,2.525,0.4889886353083748
70.0,80.0,2.55,0.4683301159930477
70.0,80.0,2.575,0.44942341800747776
70.0,80.0,2.6,0.43190852363679694
70.0,80.0,2.625,0.4155653907114049
70.0,80.0,2.65,0.40024505965056967
70.0,80.0,2.675,0.38581461306339565
70.0,80.0,2.7,0.37215571355266536
70.0,80.0,2.725,0.3591646744456782
70.0,80.0,2.75,0.3467484269924071
70.0,80.0,2.775,0.3348060953648811
70.0,80.0,2.8,0.32331179540882926
70.0,80.0,2.825,0.3121950557079975
70.0,80.0,2.85,0.30138637853182626
70.0,80.0,2.875,0.29083576461565436
70.0,80.0,2.9,0.2804966957716573
70.0,80.0,2.925,0.2703251038119448
70.0,80.0,2.95,0.2602787530923089
70.0,80.0,2.975,0.25031655309313644
70.0,80.0,3.0,0.24039784785841092
70.0,80.0,3.025,0.23048168801319532
70.0,80.0,3.05,0.2205260691151455
70.0,80.0,3.075,0.21048711016657964
70.0,80.0,3.1,0.20031813884231117
70.0,80.0,3.125,0.18996864165222285
70.0,80.0,3.15,0.17938302589259866
70.0,80.0,3.175,0.1684991240916635
70.0,80.0,3.2,0.15724634848690514
70.0,80.0,3.225,0.14554336962966036
70.0,80.0,3.25,0.13329514452154254
70.0,80.0,3.275,0.12038904795649909
70.0,80.0,3.3,0.1066897535212853
70.0,80.0,3.325,0.09203234771100924
70.0,80.0,3.35,0.07621290810570286
70.0,80.0,3.375,0.05897537716368994
70.0,80.0,3.4,0.03999291704063408
70.0,80.0,3.425,0.018840859632276084
70.0,80.0,3.45,-0.005043456984585579
70.0,80.0,3.475,-0.03242186380546847
70.0,80.0,3.5,-0.06435118370784591
70.0,80.0,3.525,-0.10233793028255371
70.0,80.0,3.55,-0.14859603268087962
70.0,80.0,3.575,-0.20648809271375412
70.0,80.0,3.6,-0.2812928509375965
70.0,80.0,3.625,-0.38146965585211345
70.0,80.0,3.65,-0.5200092922074604
70.0,80.0,3.675,-0.7094315584266082
70.0,80.0,3.7,-0.8962876844697221
70.0,80.0,3.725,-0.4833255986313615
70.0,80.0,3.75,0.9457022903626181
70.0,80.0,3.775,1.216813147669317
70.0,80.0,3.8,1.0283028881611251
70.0,85.0,2.4,0.551584018439082
70.0,85.0,2.425,0.5256559647816241
70.0,85.0,2.45,0.5022788605495115
70.0,85.0,2.475,0.48093280280586087
70.0,85.0,2.5,0.461307853897799
70.0,85.0,2.525,0.44316746056540773
70.0,85.0,2.55,0.4263400808199125
70.0,85.0,2.575,0.41063267290356426
70.0,85.0,2.6,0.3958598147573752
70.0,85.0,2.625,0.3818999780850867
70.0,85.0,2.65,0.36864549691980314
70.0,85.0,2.675,0.35598914127591774
70.0,85.0,2.7,0.34385629026142916
70.0,85.0,2.725,0.3322082498647183
70.0,85.0,2.75,0.32095427286743805
70.0,85.0,2.775,0.31003447178332305
70.0,85.0,2.8,0.29939781091070683
70.0,85.0,2.825,0.2889970441292966
70.0,85.0,2.85,0.2787878997860228
70.0,85.0,2.875,0.26872838236192403
70.0,85.0,2.9,0.2587780665399077
70.0,85.0,2.925,0.24889740087201745
70.0,85.0,2.95,0.23904701553859398
70.0,85.0,2.975,0.22918701608911154
70.0,85.0,3.0,0.2192762388034527
70.0,85.0,3.025,0.20927143835358697
70.0,85.0,3.05,0.19912637246767853
70.0,85.0,3.075,0.18879073995152282
70.0,85.0,3.1,0.17820891643946007
70.0,85.0,3.125,0.16731841500391842
70.0,85.0,3.15,0.15604797389055736
70.0,85.0,3.175,0.1443151376002773
70.0,85.0,3.2,0.13202314479674723
70.0,85.0,3.225,0.11905685839138426
70.0,85.0,3.25,0.10527735570099339
70.0,85.0,3.275,0.0905146169309187
70.0,85.0,3.3,0.07455747015925267
70.0,85.0,3.325,0.05713950508066527
70.0,85.0,3.35,0.037918944899054195
70.0,85.0,3.375,0.016449182304364478
70.0,85.0,3.4,-0.007865075634181718
70.0,85.0,3.425,-0.035835612666739805
70.0,85.0,3.45,-0.06859743187161486
70.0,85.0,3.475,-0.10778290794164266
70.0,85.0,3.5,-0.15581359052052415
70.0,85.0,3.525,-0.21639685418002247
70.0,85.0,3.55,-0.29535859954351673
70.0,85.0,3.575,-0.40217664773093137
70.0,85.0,3.6,-0.5518447462878561
70.0,85.0,3.625,-0.754533048506632
70.0,85.0,3.65,-0.8919072181480867
70.0,85.0,3.675,-0.09450440407147992
70.0,85.0,3.7,1.1315994953314024
70.0,85.0,3.725,1.150750374740971
70.0,85.0,3.75,0.9507163653578188
70.0,85.0,3.775,0.7899918736885305
70.0,85.0,3.8,0.6740496098622814
70.0,90.0,2.4,0.49666567332119266
70.0,90.0,2.425,0.4760697908065489
70.0,90.0,2.45,0.4571134916977199
70.0,90.0,2.475,0.43955892862861856
70.0,90.0,2.5,0.42320373544686235
70.0,90.0,2.525,0.40788043484389475
70.0,90.0,2.55,0.3934592808250579
70.0,90.0,2.575,0.3798040009230504
70.0,90.0,2.6,0.3667910360556409
70.0,90.0,2.625,0.3543493149609167
70.0,90.0,2.65,0.3424298844526803
70.0,90.0,2.675,0.33094160362127895
70.0,90.0,2.7,0.319820671783199
70.0,90.0,2.725,0.3090136899485481
70.0,90.0,2.75,0.2984718361348701
70.0,90.0,2.775,0.28814974525291936
70.0,90.0,2.8,0.2780047794676778
70.0,90.0,2.825,0.2679963155966399
70.0,90.0,2.85,0.25808505092324663
70.0,90.0,2.875,0.24823232716306468
70.0,90.0,2.9,0.23839945712448718
70.0,90.0,2.925,0.22854703221999517
70.0,90.0,2.95,0.21863418487692857
70.0,90.0,2.975,0.20861777536357556
70.0,90.0,3.0,0.19845146628524354
70.0,90.0,3.025,0.18808463898924074
70.0,90.0,3.05,0.17746109313281555
70.0,90.0,3.075,0.1665174519978843
70.0,90.0,3.1,0.15518116922058742
70.0,90.0,3.125,0.14336799353985935
70.0,90.0,3.15,0.1309786910961159
70.0,90.0,3.175,0.11789474451167012
70.0,90.0,3.2,0.10397247596624162
70.0,90.0,3.225,0.08903567096620454
70.0,90.0,3.25,0.07286409124488877
70.0,90.0,3.275,0.0551788109225121
70.0,90.0,3.3,0.035620129036681616
70.0,90.0,3.325,0.013715423589142864
70.0,90.0,3.35,-0.011169328936572138
70.0,90.0,3.375,-0.03990455676395334
70.0,90.0,3.4,-0.07371626808101187
70.0,90.0,3.425,-0.11437996131657106
70.0,90.0,3.45,-0.16454563510602177
70.0,90.0,3.475,-0.22836063829134615
70.0,90.0,3.5,-0.3126384435130957
70.0,90.0,3.525,-0.4283531852201054
70.0,90.0,3.55,-0.5915960009211219
70.0,90.0,3.575,-0.8048299744348524
70.0,90.0,3.6,-0.8387959117977652
70.0,90.0,3.625,0.34634559649681157
70.0,90.0,3.65,1.2024931505218617
70.0,90.0,3.675,1.0828549105355592
70.0,90.0,3.7,0.8867734153641343
70.0,90.0,3.725,0.7404476106384065
70.0,90.0,3.75,0.6352246963960834
70.0,90.0,3.775,0.5570791364005252
70.0,90.0,3.8,0.4967134304508385
70.0,95.0,2.4,0.4554032189872856
70.0,95.0,2.425,0.43819310414429036
70.0,95.0,2.45,0.42212772739536997
70.0,95.0,2.475,0.40704503040256707
70.0,95.0,2.5,0.39280759744327715
70.0,95.0,2.525,0.3792961819146954
70.0,95.0,2.55,0.3664159526850855
70.0,95.0,2.575,0.3541052495797639
70.0,95.0,2.6,0.342277806013715
70.0,95.0,2.625,0.3308595481171933
70.0,95.0,2.65,0.3197931322019945
70.0,95.0,2.675,0.3090271314376526
70.0,95.0,2.7,0.2985140928334072
70.0,95.0,2.725,0.2882097978155017
70.0,95.0,2.75,0.2780725792924814
70.0,95.0,2.775,0.26806255972017756
70.0,95.0,2.8,0.25814097924218843
70.0,95.0,2.825,0.24826953638982235
70.0,95.0,2.85,0.2384097230915279
70.0,95.0,2.875,0.22852213413690617
70.0,95.0,2.9,0.2185657248418724
70.0,95.0,2.925,0.208496985422521
70.0,95.0,2.95,0.1982689936907205
70.0,95.0,2.975,0.1878302978895469
70.0,95.0,3.0,0.17712356797154483
70.0,95.0,3.025,0.16608394310487914
70.0,95.0,3.05,0.15463672178794138
70.0,95.0,3.075,0.14269542309540723
70.0,95.0,3.1,0.13015717155288148
70.0,95.0,3.125,0.11689898742969344
70.0,95.0,3.15,0.10277129126862693
70.0,95.0,3.175,0.08758952256011475
70.0,95.0,3.2,0.07112244175812593
70.0,95.0,3.225,0.053075551946905296
70.0,95.0,3.25,0.033067109644165565
70.0,95.0,3.275,0.010592614337611031
70.0,95.0,3.3,-0.01502904739437216
70.0,95.0,3.325,-0.0447393483503538
70.0,95.0,3.35,-0.07987400355232621
70.0,95.0,3.375,-0.12239086236301153
70.0,95.0,3.4,-0.17529887141494097
70.0,95.0,3.425,-0.24336087650176813
70.0,95.0,3.45,-0.3342921153580706
70.0,95.0,3.475,-0.46078511036596825
70.0,95.0,3.5,-0.6405512712947214
70.0,95.0,3.525,-0.8599610424795927
70.0,95.0,3.55,-0.6999023643433425
70.0,95.0,3.575,0.7581602223613886
70.0,95.0,3.6,1.2076073996645291
70.0,95.0,3.625,1.0189949687788467
70.0,95.0,3.65,0.8332528836099874
70.0,95.0,3.675,0.699787068349526
70.0,95.0,3.7,0.6036007147905611
70.0,95.0,3.725,0.5315228517334213
70.0,95.0,3.75,0.475298345427846
70.0,95.0,3.775,0.42984853046648447
70.0,95.0,3.8,0.39195567561648226
70.0,100.0,2.4,0.42288008832921425
70.0,100.0,2.425,0.40788601551448067
70.0,100.0,2.45,0.3937131451155611
70.0,100.0,2.475,0.3802437869461633
70.0,100.0,2.5,0.36739507590132303
70.0,100.0,2.525,0.35510382827017556
70.0,100.0,2.55,0.34328356346996075
70.0,100.0,2.575,0.3318623370888081
70.0,100.0,2.6,0.3207828756673832
70.0,100.0,2.625,0.30999552595794044
70.0,100.0,2.65,0.2994538384298193
70.0,100.0,2.675,0.28911422115880087
70.0,100.0,2.7,0.27893534793045444
70.0,100.0,2.725,0.2688775286203788
70.0,100.0,2.75,0.2589020709956134
70.0,100.0,2.775,0.24897058229637198
70.0,100.0,2.8,0.2390443064051679
70.0,100.0,2.825,0.2290834266915226
70.0,100.0,2.85,0.2190463082976496
70.0,100.0,2.875,0.20888865208633361
70.0,100.0,2.9,0.19856252699841823
70.0,100.0,2.925,0.18801489899298016
70.0,100.0,2.95,0.17718717546163212
70.0,100.0,2.975,0.16601212288205813
70.0,100.0,3.0,0.15441254502325594
70.0,100.0,3.025,0.14229816112593305
70.0,100.0,3.05,0.1295618946926493
70.0,100.0,3.075,0.11607492851580924
70.0,100.0,3.1,0.10168003043575886
70.0,100.0,3.125,0.08618239126679313
70.0,100.0,3.15,0.06933681529861159
70.0,100.0,3.175,0.0508294536368096
70.0,100.0,3.2,0.03025119110224129
70.0,100.0,3.225,0.007057966024844506
70.0,100.0,3.25,-0.019489883425879942
70.0,100.0,3.275,-0.05042318241795342
70.0,100.0,3.3,-0.08722335882972816
70.0,100.0,3.325,-0.13210576694995033
70.0,100.0,3.35,-0.18848788399612476
70.0,100.0,3.375,-0.26182270834152704
70.0,100.0,3.4,-0.36117152978839473
70.0,100.0,3.425,-0.5015423685767827
70.0,100.0,3.45,-0.7019542453582811
70.0,100.0,3.475,-0.9143221517423171
70.0,100.0,3.5,-0.41406930617215326
70.0,100.0,3.525,1.0656903405720617
70.0,100.0,3.55,1.1759460285603243
70.0,100.0,3.575,0.9599933998238603
70.0,100.0,3.6,0.7873968875577256
70.0,100.0,3.625,0.665583811668877
70.0,100.0,3.65,0.5772891010709853
70.0,100.0,3.675,0.5104840569801995
70.0,100.0,3.7,0.45787724757033976
70.0,100.0,3.725,0.41496577256125355
70.0,100.0,3.75,0.3788945765251159
70.0,100.0,3.775,0.347767388853561
70.0,100.0,3.8,0.32027720468641824
70.0,105.0,2.4,0.39604419278837677
70.0,105.0,2.425,0.3825203777453865
70.0,105.0,2.45,0.36961589560666963
70.0,105.0,2.475,0.35726188708009937
70.0,105.0,2.5,0.3453712347909803
70.0,105.0,2.525,0.33387681771449745
70.0,105.0,2.55,0.3227246349546943
70.0,105.0,2.575,0.3118616406526903
70.0,105.0,2.6,0.3012404773075065
70.0,105.0,2.625,0.29081815455132637
70.0,105.0,2.65,0.28055340487180647
70.0,105.0,2.675,0.2704063474788188
70.0,105.0,2.7,0.26033790535956425
70.0,105.0,2.725,0.25030918638856237
70.0,105.0,2.75,0.24028082840596496
70.0,105.0,2.775,0.23021226008525647
70.0,105.0,2.8,0.22006056436848728
70.0,105.0,2.825,0.20978085759301207
70.0,105.0,2.85,0.19932335127913142
70.0,105.0,2.875,0.18863353669579044
70.0,105.0,2.9,0.17765020423878528
70.0,105.0,2.925,0.16630360981504524
70.0,105.0,2.95,0.1545130999193201
70.0,105.0,2.975,0.14218404078732108
70.0,105.0,3.0,0.12920378662392829
70.0,105.0,3.025,0.1154362998499404
70.0,105.0,3.05,0.1007148514969566
70.0,105.0,3.075,0.08483194049911844
70.0,105.0,3.1,0.06752510718776192
70.0,105.0,3.125,0.04845655707658348
70.0,105.0,3.15,0.027183237616440373
70.0,105.0,3.175,0.0031118141598820066
70.0,105.0,3.2,-0.024571030976628216
70.0,105.0,3.225,-0.05701123311369548
70.0,105.0,3.25,-0.09587988778805785
70.0,105.0,3.275,-0.14369825788950163
70.0,105.0,3.3,-0.20440179442875595
70.0,105.0,3.325,-0.2844167513639211
70.0,105.0,3.35,-0.3946313631774396
70.0,105.0,3.375,-0.5531587938880066
70.0,105.0,3.4,-0.77902456975593
70.0,105.0,3.425,-0.9476587548310133
70.0,105.0,3.45,0.06508967094453093
70.0,105.0,3.475,1.2365551764696914
70.0,105.0,3.5,1.1243678603890226
70.0,105.0,3.525,0.9054468942605879
70.0,105.0,3.55,0.7471946581314672
70.0,105.0,3.575,0.6361026777003913
70.0,105.0,3.6,0.5549104077636304
70.0,105.0,3.625,0.4928541087842328
70.0,105.0,3.65,0.44350359380014914
70.0,105.0,3.675,0.40289954510272596
70.0,105.0,3.7,0.36849997995619976
70.0,105.0,3.725,0.33860403117184723
70.0,105.0,3.75,0.31202881400773314
70.0,105.0,3.775,0.28792130540605265
70.0,105.0,3.8,0.2656444849367312
70.0,110.0,2.4,0.37300325112076166
70.0,110.0,2.425,0.36051099236778494
70.0,110.0,2.45,0.3484868765498782
70.0,110.0,2.475,0.33686152072695125
70.0,110.0,2.5,0.32557817206343415
70.0,110.0,2.525,0.31458616497411646
70.0,110.0,2.55,0.3038395421308647
70.0,110.0,2.575,0.2932920805781051
70.0,110.0,2.6,0.2829013195047143
70.0,110.0,2.625,0.27262719485973524
70.0,110.0,2.65,0.2624300430156403
70.0,110.0,2.675,0.25226910793848184
70.0,110.0,2.7,0.24210692531638336
70.0,110.0,2.725,0.23189920435614317
70.0,110.0,2.75,0.221602762350856
70.0,110.0,2.775,0.21117061740052726
70.0,110.0,2.8,0.20055153762330777
70.0,110.0,2.825,0.18968875402810131
70.0,110.0,2.85,0.17851835288735998
70.0,110.0,2.875,0.16696725896633663
70.0,110.0,2.9,0.15495066242032174
70.0,110.0,2.925,0.14236867980220153
70.0,110.0,2.95,0.12910194865549063
70.0,110.0,2.975,0.11500571725981694
70.0,110.0,3.0,0.09990177758363633
70.0,110.0,3.025,0.08356725195392042
70.0,110.0,3.05,0.06571869824933119
70.0,110.0,3.075,0.045989094759477156
70.0,110.0,3.1,0.023893728648700242
70.0,110.0,3.125,-0.0012217071991530537
70.0,110.0,3.15,-0.030262753278238488
70.0,110.0,3.175,-0.06452078585016179
70.0,110.0,3.2,-0.1059018988144592
70.0,110.0,3.225,-0.1573174082166076
70.0,110.0,3.25,-0.22340462991707444
70.0,110.0,3.275,-0.31190984627653146
70.0,110.0,3.3,-0.43625196110405445
70.0,110.0,3.325,-0.6187648111566357
70.0,110.0,3.35,-0.874138174349331
70.0,110.0,3.375,-0.9034394023195673
70.0,110.0,3.4,0.6631558300106845
70.0,110.0,3.425,1.2879319212093725
70.0,110.0,3.45,1.0634000559378558
70.0,110.0,3.475,0.8551089304377527
70.0,110.0,3.5,0.7113550266848641
70.0,110.0,3.525,0.610182514142518
70.0,110.0,3.55,0.5354829071630434
70.0,110.0,3.575,0.4777799716990472
70.0,110.0,3.6,0.43144637417622705
70.0,110.0,3.625,0.39299759500477216
70.0,110.0,3.65,0.3601771612270636
70.0,110.0,3.675,0.3314612416684066
70.0,110.0,3.7,0.3057801669808713
70.0,110.0,3.725,0.28235519963622435
70.0,110.0,3.75,0.26059886031657903
70.0,110.0,3.775,0.2400516333851323
70.0,110.0,3.8,0.2203402163658424
70.0,115.0,2.4,0.3525958794078149
70.0,115.0,2.425,0.3407830322569343
70.0,115.0,2.45,0.3293193594778163
70.0,115.0,2.475,0.31815252009463235
70.0,115.0,2.5,0.3072341173493736
70.0,115.0,2.525,0.2965191276868875
70.0,115.0,2.55,0.2859653713349157
70.0,115.0,2.575,0.27552849788571687
70.0,115.0,2.6,0.26517042857202416
70.0,115.0,2.625,0.2548480202689444
70.0,115.0,2.65,0.24452041007542008
70.0,115.0,2.675,0.23414457426133817
70.0,115.0,2.7,0.2236750218944323
70.0,115.0,2.725,0.21306287771777155
70.0,115.0,2.75,0.2022547321571621
70.0,115.0,2.775,0.19119121344308485
70.0,115.0,2.8,0.17980525147503237
70.0,115.0,2.825,0.16801988984721533
70.0,115.0,2.85,0.1557454797494194
70.0,115.0,2.875,0.14287602013539913
70.0,115.0,2.9,0.12928430307555677
70.0,115.0,2.925,0.11481536297289584
70.0,115.0,2.95,0.09927747826813818
70.0,115.0,2.975,0.08242957522734395
70.0,115.0,3.0,0.06396323139682991
70.0,115.0,3.025,0.04347638307965842
70.0,115.0,3.05,0.020433951559583878
70.0,115.0,3.075,-0.005892821187833493
70.0,115.0,3.1,-0.0365233154598719
70.0,115.0,3.125,-0.07292949244897759
70.0,115.0,3.15,-0.11731293137679091
70.0,115.0,3.175,-0.17309524438465812
70.0,115.0,3.2,-0.24585096253657202
70.0,115.0,3.225,-0.345133974792221
70.0,115.0,3.25,-0.48791946745619746
70.0,115.0,3.275,-0.7023278494490406
70.0,115.0,3.3,-0.985496561027603
70.0,115.0,3.325,-0.6567619875378087
70.0,115.0,3.35,1.1593107642269183
70.0,115.0,3.375,1.2614322227838946
70.0,115.0,3.4,0.9999276921729849
70.0,115.0,3.425,0.8087987307576404
70.0,115.0,3.45,0.6791141918599324
70.0,115.0,3.475,0.5870914038754881
70.0,115.0,3.5,0.5183611093762883
70.0,115.0,3.525,0.4646885611747325
70.0,115.0,3.55,0.4211761188787881
70.0,115.0,3.575,0.38476621643609393
70.0,115.0,3.6,0.3534596678461605
70.0,115.0,3.625,0.32589321492448375
70.0,115.0,3.65,0.3011007844268437
70.0,115.0,3.675,0.2783722876193094
70.0,115.0,3.7,0.2571670339915315
70.0,115.0,3.725,0.2370574890329848
70.0,115.0,3.75,0.21769225257278274
70.0,115.0,3.775,0.19876988442110013
70.0,115.0,3.8,0.18001972028177554
70.0,120.0,2.4,0.3339369976264332
70.0,120.0,2.425,0.322549841615294
70.0,120.0,2.45,0.3114196734470619
70.0,120.0,2.475,0.30049939370065276
70.0,120.0,2.5,0.28974408349271735
70.0,120.0,2.525,0.2791123750046766
70.0,120.0,2.55,0.2685611597387839
70.0,120.0,2.575,0.2580471548211756
70.0,120.0,2.6,0.24752706441368807
70.0,120.0,2.625,0.2369564235831578
70.0,120.0,2.65,0.22628793745131448
70.0,120.0,2.675,0.21547060878395213
70.0,120.0,2.7,0.20444851767235547
70.0,120.0,2.725,0.19315932407970068
70.0,120.0,2.75,0.18153239094301918
70.0,120.0,2.775,0.16948637877232772
70.0,120.0,2.8,0.15692617111087748
70.0,120.0,2.825,0.1437388405159701
70.0,120.0,2.85,0.12978826555366776
70.0,120.0,2.875,0.11490782181968236
70.0,120.0,2.9,0.09889027361374601
70.0,120.0,2.925,0.08147351598530965
70.0,120.0,2.95,0.06232002921385033
70.0,120.0,2.975,0.040986568592270914
70.0,120.0,3.0,0.016878260141843
70.0,120.0,3.025,-0.010823074937582233
70.0,120.0,3.05,-0.043275239163700775
70.0,120.0,3.075,-0.08217265207351773
70.0,120.0,3.1,-0.1300897234775485
70.0,120.0,3.125,-0.19110926283726015
70.0,120.0,3.15,-0.27206893107958763
70.0,120.0,3.175,-0.3850096807955998
70.0,120.0,3.2,-0.552056610340699
70.0,120.0,3.225,-0.8086314563101429
70.0,120.0,3.25,-1.0953471197828946
70.0,120.0,3.275,-0.04251393606672935
70.0,120.0,3.3,1.403008337826053
70.0,120.0,3.325,1.1960621496636066
70.0,120.0,3.35,0.9384970875099582
70.0,120.0,3.375,0.7666728228428138
70.0,120.0,3.4,0.6501035760731046
70.0,120.0,3.425,0.5664219703102259
70.0,120.0,3.45,0.5031531999841051
70.0,120.0,3.475,0.4532046144825032
70.0,120.0,3.5,0.41232959468297076
70.0,120.0,3.525,0.3778502855788701
70.0,120.0,3.55,0.34799778868609577
70.0,120.0,3.575,0.3215534974671402
70.0,120.0,3.6,0.29764564766846346
70.0,120.0,3.625,0.2756275475814286
70.0,120.0,3.65,0.2550019401582598
70.0,120.0,3.675,0.23537194645067808
70.0,120.0,3.7,0.21640786649522567
70.0,120.0,3.725,0.1978236007152849
70.0,120.0,3.75,0.17935889498879634
70.0,120.0,3.775,0.1607649700220244
70.0,120.0,3.8,0.14179186395240834
70.0,125.0,2.4,0.31639999822638687
70.0,125.0,2.425,0.3052372901118671
70.0,125.0,2.45,0.2942487705698926
70.0,125.0,2.475,0.2833887394515967
70.0,125.0,2.5,0.272613343816065
70.0,125.0,2.525,0.261878692142882
70.0,125.0,2.55,0.2511404002311109
70.0,125.0,2.575,0.24035055334941602
70.0,125.0,2.6,0.229459512345108
70.0,125.0,2.625,0.21841413454344724
70.0,125.0,2.65,0.207155796036947
70.0,125.0,2.675,0.19561890524735337
70.0,125.0,2.7,0.18372887548595174
70.0,125.0,2.725,0.17139953434136343
70.0,125.0,2.75,0.15852974925110683
70.0,125.0,2.775,0.14499894886558798
70.0,125.0,2.8,0.13066113599416518
70.0,125.0,2.825,0.11533670275706556
70.0,125.0,2.85,0.0988010274086362
70.0,125.0,2.875,0.08076825959775681
70.0,125.0,2.9,0.060867740970130355
70.0,125.0,2.925,0.03860885441888002
70.0,125.0,2.95,0.013327142362108997
70.0,125.0,2.975,-0.01590101879814901
70.0,125.0,3.0,-0.05039907090344087
70.0,125.0,3.025,-0.09213178792501313
70.0,125.0,3.05,-0.14414191280809804
70.0,125.0,3.075,-0.21136763441518905
70.0,125.0,3.1,-0.30229629294838317
70.0,125.0,3.125,-0.4324707104469992
70.0,125.0,3.15,-0.6314204294474186
70.0,125.0,3.175,-0.942929090222676
70.0,125.0,3.2,-1.135705067965111
70.0,125.0,3.225,0.8316830937005701
70.0,125.0,3.25,1.438748528505038
70.0,125.0,3.275,1.1180839881748716
70.0,125.0,3.3,0.8818954700268669
70.0,125.0,3.325,0.7289146685979411
70.0,125.0,3.35,0.6241781805069794
70.0,125.0,3.375,0.547978629199584
70.0,125.0,3.4,0.489649933196866
70.0,125.0,3.425,0.4431095264699807
70.0,125.0,3.45,0.4046790967994989
70.0,125.0,3.475,0.37201338319637417
70.0,125.0,3.5,0.3435462750197759
70.0,125.0,3.525,0.3181882436330942
70.0,125.0,3.55,0.2951523807947726
70.0,125.0,3.575,0.2738496482242722
70.0,125.0,3.6,0.2538230484960888
70.0,125.0,3.625,0.2347044989348884
70.0,125.0,3.65,0.2161853137034694
70.0,125.0,3.675,0.19799495266404582
70.0,125.0,3.7,0.17988473360700877
70.0,125.0,3.725,0.16161432443928855
70.0,125.0,3.75,0.14293943117783786
70.0,125.0,3.775,0.12359937896754848
70.0,125.0,3.8,0.10330335070004416
70.0,130.0,2.4,0.29949380326654196
70.0,130.0,2.425,0.28837433161662634
70.0,130.0,2.45,0.2773469340197282
70.0,130.0,2.475,0.2663652939747791
70.0,130.0,2.5,0.2553822087369547
70.0,130.0,2.525,0.24434889888751718
70.0,130.0,2.55,0.2332139915038256
70.0,130.0,2.575,0.22192035385757677
70.0,130.0,2.6,0.21040618928450258
70.0,130.0,2.625,0.1986026109306398
70.0,130.0,2.65,0.18643086288323055
70.0,130.0,2.675,0.17379960910156791
70.0,130.0,2.7,0.16060123297172696
70.0,130.0,2.725,0.14670692017866188
70.0,130.0,2.75,0.13196000032749028
70.0,130.0,2.775,0.11616675645380879
70.0,130.0,2.8,0.09908355006598261
70.0,130.0,2.825,0.08039835648915579
70.0,130.0,2.85,0.05970365399446787
70.0,130.0,2.875,0.03645555947756394
70.0,130.0,2.9,0.009910367288508684
70.0,130.0,2.925,-0.020977548201074003
70.0,130.0,2.95,-0.05772131103247581
70.0,130.0,2.975,-0.10262034994652457
70.0,130.0,3.0,-0.1592863926333053
70.0,130.0,3.025,-0.23373727958222792
70.0,130.0,3.05,-0.33666742813447237
70.0,130.0,3.075,-0.48846412966807495
70.0,130.0,3.1,-0.7294303347053874
70.0,130.0,3.125,-1.1084733927966472
70.0,130.0,3.15,-0.9111115319251957
70.0,130.0,3.175,1.4679101244362804
70.0,130.0,3.2,1.3735231448328318
70.0,130.0,3.225,1.0417693336414389
70.0,130.0,3.25,0.8315991659116146
70.0,130.0,3.275,0.6956531808685014
70.0,130.0,3.3,0.6012978986563488
70.0,130.0,3.325,0.5316895561930202
70.0,130.0,3.35,0.47776158528975393
70.0,130.0,3.375,0.4342960434419039
70.0,130.0,3.4,0.39809996739876063
70.0,130.0,3.425,0.367113865653769
70.0,130.0,3.45,0.3399477243256277
70.0,130.0,3.475,0.31562504171257055
70.0,130.0,3.5,0.29343413741890106
70.0,130.0,3.525,0.27283770343888186
70.0,130.0,3.55,0.2534153933162459
70.0,130.0,3.575,0.23482582943621638
70.0,130.0,3.6,0.21678031487164828
70.0,130.0,3.625,0.19902366914919467
70.0,130.0,3.65,0.18131931517081237
70.0,130.0,3.675,0.16343667917498028
70.0,130.0,3.7,0.14513944976713739
70.0,130.0,3.725,0.1261734325370204
70.0,130.0,3.75,0.10625269888022322
70.0,130.0,3.775,0.08504246841214735
70.0,130.0,3.8,0.06213664314183294
70.0,135.0,2.4,0.28278686350483473
70.0,135.0,2.425,0.27153205902774563
70.0,135.0,2.45,0.2602812716260857
70.0,135.0,2.475,0.24898296559973207
70.0,135.0,2.5,0.23758254532798806
70.0,135.0,2.525,0.22602127728658333
70.0,135.0,2.55,0.21423472309077637
70.0,135.0,2.575,0.20214899261201336
70.0,135.0,2.6,0.18968075771298273
70.0,135.0,2.625,0.17673347274394363
70.0,135.0,2.65,0.16319279695700842
70.0,135.0,2.675,0.1489212844002978
70.0,135.0,2.7,0.1337509972652402
70.0,135.0,2.725,0.11747326488141151
70.0,135.0,2.75,0.09982418291569885
70.0,135.0,2.775,0.08046360989554893
70.0,135.0,2.8,0.058944047683531536
70.0,135.0,2.825,0.034663165088655606
70.0,135.0,2.85,0.006788828718056015
70.0,135.0,2.875,-0.025854987368753614
70.0,135.0,2.9,-0.06501841418940431
70.0,135.0,2.925,-0.11337148198051537
70.0,135.0,2.95,-0.17521921405690563
70.0,135.0,2.975,-0.2579328075034079
70.0,135.0,3.0,-0.3750837065999506
70.0,135.0,3.025,-0.5537662905774658
70.0,135.0,3.05,-0.8498791426445284
70.0,135.0,3.075,-1.2981428233663017
70.0,135.0,3.1,-0.11274016332809723
70.0,135.0,3.125,1.6736485723181376
70.0,135.0,3.15,1.2786478489250923
70.0,135.0,3.175,0.9735664343844224
70.0,135.0,3.2,0.7881746614618365
70.0,135.0,3.225,0.6669109524828184
70.0,135.0,3.25,0.581448487922215
70.0,135.0,3.275,0.517540197717658
70.0,135.0,3.3,0.4674660040214927
70.0,135.0,3.325,0.42672792900290374
70.0,135.0,3.35,0.39253901899792215
70.0,135.0,3.375,0.36308098313945425
70.0,135.0,3.4,0.3371139423221889
70.0,135.0,3.425,0.3137587790943245
70.0,135.0,3.45,0.2923693520742567
70.0,135.0,3.475,0.2724539758099425
70.0,135.0,3.5,0.253625097326672
70.0,135.0,3.525,0.23556567188734912
70.0,135.0,3.55,0.2180056610920793
70.0,135.0,3.575,0.20070470545290567
70.0,135.0,3.6,0.18343846330756108
70.0,135.0,3.625,0.1659868941720495
70.0,135.0,3.65,0.14812316258599384
70.0,135.0,3.675,0.1296019743292285
70.0,135.0,3.7,0.11014607616994881
70.0,135.0,3.725,0.08942934234732346
70.0,135.0,3.75,0.06705428443197002
70.0,135.0,3.775,0.04252092240836441
70.0,135.0,3.8,0.015181279297452317
70.0,140.0,2.4,0.26587002794233344
70.0,140.0,2.425,0.2542858587241753
70.0,140.0,2.45,0.24260224160102004
70.0,140.0,2.475,0.2307571289428504
70.0,140.0,2.5,0.21868214921003737
70.0,140.0,2.525,0.20630076141235845
70.0,140.0,2.55,0.19352559833720948
70.0,140.0,2.575,0.1802533054488118
70.0,140.0,2.6,0.1663625185851023
70.0,140.0,2.625,0.1517071743770308
70.0,140.0,2.65,0.13610786196229005
70.0,140.0,2.675,0.11934054626371125
70.0,140.0,2.7,0.10112031932734375
70.0,140.0,2.725,0.08107768691014332
70.0,140.0,2.75,0.05872301443664175
70.0,140.0,2.775,0.03339143381075786
70.0,140.0,2.8,0.004160179577575773
70.0,140.0,2.825,-0.03030323251837174
70.0,140.0,2.85,-0.07199479050340564
70.0,140.0,2.875,-0.12401748172033374
70.0,140.0,2.9,-0.1914902669798988
70.0,140.0,2.925,-0.28343100411980526
70.0,140.0,2.95,-0.4170958163265322
70.0,140.0,2.975,-0.6287440988484752
70.0,140.0,3.0,-0.996500609728493
70.0,140.0,3.025,-1.4686546273599692
70.0,140.0,3.05,1.0795228721474752
70.0,140.0,3.075,1.639745721697269
70.0,140.0,3.1,1.1860724458559506
70.0,140.0,3.125,0.9156556907768384
70.0,140.0,3.15,0.7516128272906494
70.0,140.0,3.175,0.6426007913036021
70.0,140.0,3.2,0.5645996747462454
70.0,140.0,3.225,0.5055315190981541
70.0,140.0,3.25,0.4587715706788554
70.0,140.0,3.275,0.42040817410399434
70.0,140.0,3.3,0.38798775279688363
70.0,140.0,3.325,0.3598920640009436
70.0,140.0,3.35,0.3350070423107444
70.0,140.0,3.375,0.3125360331636413
70.0,140.0,3.4,0.291888995746654
70.0,140.0,3.425,0.2726137650345521
70.0,140.0,3.45,0.2543515974984227
70.0,140.0,3.475,0.23680720492892732
70.0,140.0,3.5,0.21972761879974456
70.0,140.0,3.525,0.20288645472022157
70.0,140.0,3.55,0.18607137201123763
70.0,140.0,3.575,0.16907319194976902
70.0,140.0,3.6,0.15167547006189708
70.0,140.0,3.625,0.1336434152681185
70.0,140.0,3.65,0.11471093594233779
70.0,140.0,3.675,0.09456414465060645
70.0,140.0,3.7,0.07281711889862912
70.0,140.0,3.725,0.048974254682188155
70.0,140.0,3.75,0.022432658992998185
70.0,140.0,3.775,-0.007667431066452749
70.0,140.0,3.8,-0.04250055597347946
70.0,145.0,2.4,0.24831243087959895
70.0,145.0,2.425,0.23616870246340024
70.0,145.0,2.45,0.22379399262997665
70.0,145.0,2.475,0.21110754902411855
70.0,145.0,2.5,0.19801687559071196
70.0,145.0,2.525,0.18441432019944687
70.0,145.0,2.55,0.17017216520767883
70.0,145.0,2.575,0.1551343038057166
70.0,145.0,2.6,0.1391098144289842
70.0,145.0,2.625,0.1218595763036352
70.0,145.0,2.65,0.1030777300802914
70.0,145.0,2.675,0.08236520356198804
70.0,145.0,2.7,0.05918937728986875
70.0,145.0,2.725,0.03282180165833863
70.0,145.0,2.75,0.0022465183683464123
70.0,145.0,2.775,-0.034039748092192894
70.0,145.0,2.8,-0.07829000372707855
70.0,145.0,2.825,-0.13408889939461274
70.0,145.0,2.85,-0.20747648135639082
70.0,145.0,2.875,-0.30941248326382703
70.0,145.0,2.9,-0.4617350128942195
70.0,145.0,2.925,-0.7129481404469634
70.0,145.0,2.95,-1.171854371070433
70.0,145.0,2.975,-1.4777774562702835
70.0,145.0,3.0,1.850601298828045
70.0,145.0,3.025,1.5344400030008865
70.0,145.0,3.05,1.106760960084988
70.0,145.0,3.075,0.8681743051372106
70.0,145.0,3.1,0.7215889111270846
70.0,145.0,3.125,0.6225523717617708
70.0,145.0,3.15,0.5506917332784569
70.0,145.0,3.175,0.4956574876791105
70.0,145.0,3.2,0.4516934467899846
70.0,145.0,3.225,0.4153562694940888
70.0,145.0,3.25,0.3844613578960935
70.0,145.0,3.275,0.3575535709884132
70.0,145.0,3.3,0.3336224763044845
70.0,145.0,3.325,0.31194003453373054
70.0,145.0,3.35,0.2919633749180715
70.0,145.0,3.375,0.2732739466065998
70.0,145.0,3.4,0.25553784543133007
70.0,145.0,3.425,0.2384788617303094
70.0,145.0,3.45,0.2218593225236277
70.0,145.0,3.475,0.20546571316991316
70.0,145.0,3.5,0.18909711968644954
70.0,145.0,3.525,0.17255510527295545
70.0,145.0,3.55,0.15563389812357342
70.0,145.0,3.575,0.13810974317740435
70.0,145.0,3.6,0.1197275467384174
70.0,145.0,3.625,0.10018286507779664
70.0,145.0,3.65,0.07912879358646635
70.0,145.0,3.675,0.05609807212561855
70.0,145.0,3.7,0.030480307087046295
70.0,145.0,3.725,0.0014681267530839222
70.0,145.0,3.75,-0.03205612925929202
70.0,145.0,3.775,-0.07169699383749328
70.0,145.0,3.8,-0.11983780257301148
70.0,150.0,2.4,0.22961644481541635
70.0,150.0,2.425,0.21661812667550734
70.0,150.0,2.45,0.20320944764762242
70.0,150.0,2.475,0.18927709998231915
70.0,150.0,2.5,0.17468624172212804
70.0,150.0,2.525,0.15927372851491417
70.0,150.0,2.55,0.14283823831386214
70.0,150.0,2.575,0.1251246181234232
70.0,150.0,2.6,0.10580678923732909
70.0,150.0,2.625,0.08445730775048049
70.0,150.0,2.65,0.060501756939604405
70.0,150.0,2.675,0.03315265326539742
70.0,150.0,2.7,0.0012891763491846451
70.0,150.0,2.725,-0.036747597856924906
70.0,150.0,2.75,-0.08348636743399566
70.0,150.0,2.775,-0.14301546369420495
70.0,150.0,2.8,-0.2223736392485113
70.0,150.0,2.825,-0.3347114332783534
70.0,150.0,2.85,-0.507331168513681
70.0,150.0,2.875,-0.8045302488059705
70.0,150.0,2.9,-1.3753079044790075
70.0,150.0,2.925,-1.0244076116311442
70.0,150.0,2.95,2.056497968395601
70.0,150.0,2.975,1.427262984199709
70.0,150.0,3.0,1.0429980031814834
70.0,150.0,3.025,0.8304250621031612
70.0,150.0,3.05,0.6976403044745069
70.0,150.0,3.075,0.6065479304838836
70.0,150.0,3.1,0.5396389697869579
70.0,150.0,3.125,0.4878976907601308
70.0,150.0,3.15,0.4462416161491103
70.0,150.0,3.175,0.41159432795374373
70.0,150.0,3.2,0.38198425330827834
70.0,150.0,3.225,0.35608677880901823
70.0,150.0,3.25,0.3329752416956569
70.0,150.0,3.275,0.31197761619265446
70.0,150.0,3.3,0.29258993467799904
70.0,150.0,3.325,0.274421685576619
70.0,150.0,3.35,0.25715996353287246
70.0,150.0,3.375,0.24054495500011494
70.0,150.0,3.4,0.22435240226406764
70.0,150.0,3.425,0.20838035613666173
70.0,150.0,3.45,0.19243844621900003
70.0,150.0,3.475,0.17633837073073882
70.0,150.0,3.5,0.15988441898939953
70.0,150.0,3.525,0.1428626245400419
70.0,150.0,3.55,0.12503477912160935
70.0,150.0,3.575,0.10613752851005963
70.0,150.0,3.6,0.08580578931048895
70.0,150.0,3.625,0.06360314838136323
70.0,150.0,3.65,0.038965708879612544
70.0,150.0,3.675,0.011134093788101153
70.0,150.0,3.7,-0.020943858423008006
70.0,150.0,3.725,-0.05877499961507484
70.0,150.0,3.75,-0.10459832224012874
70.0,150.0,3.775,-0.16188157831449163
70.0,150.0,3.8,-0.23624706414325677
70.0,155.0,2.4,0.2091566435536099
70.0,155.0,2.425,0.1948991896350753
70.0,155.0,2.45,0.17997053329599005
70.0,155.0,2.475,0.16419954889348873
70.0,155.0,2.5,0.1473744434960119
70.0,155.0,2.525,0.12922826590145123
70.0,155.0,2.55,0.1094170787812346
70.0,155.0,2.575,0.08748568382104047
70.0,155.0,2.6,0.06282136955230379
70.0,155.0,2.625,0.03458074587865398
70.0,155.0,2.65,0.0015466106875729785
70.0,155.0,2.675,-0.038090037047611804
70.0,155.0,2.7,-0.08712525314439688
70.0,155.0,2.725,-0.15014698532374215
70.0,155.0,2.75,-0.2352144641971881
70.0,155.0,2.775,-0.3578060913950052
70.0,155.0,2.8,-0.5513746388544376
70.0,155.0,2.825,-0.8995449514013607
70.0,155.0,2.85,-1.6002445966940153
70.0,155.0,2.875,0.08448559194058294
70.0,155.0,2.9,2.016681911508678
70.0,155.0,2.925,1.3388558566496034
70.0,155.0,2.95,0.9940294367032141
70.0,155.0,2.975,0.8014780943719387
70.0,155.0,3.0,0.6792817443795302
70.0,155.0,3.025,0.594357257357143
70.0,155.0,3.05,0.5313417575041955
70.0,155.0,3.075,0.48221935586792153
70.0,155.0,3.1,0.44241747182403
70.0,155.0,3.125,0.4091404811725231
70.0,155.0,3.15,0.3805815990153097
70.0,155.0,3.175,0.35551822026896024
70.0,155.0,3.2,0.33308979688864276
70.0,155.0,3.225,0.3126689506157231
70.0,155.0,3.25,0.29378304968122104
70.0,155.0,3.275,0.27606443564222743
70.0,155.0,3.3,0.25921755805793417
70.0,155.0,3.325,0.24299638410772612
70.0,155.0,3.35,0.22718815872813233
70.0,155.0,3.375,0.21160107005126141
70.0,155.0,3.4,0.1960541785806437
70.0,155.0,3.425,0.18036835461922696
70.0,155.0,3.45,0.1643574154494116
70.0,155.0,3.475,0.1478251247280389
70.0,155.0,3.5,0.13056201511000176
70.0,155.0,3.525,0.1122815672487547
70.0,155.0,3.55,0.09265904212218533
70.0,155.0,3.575,0.0712906873211747
70.0,155.0,3.6,0.04764913113039299
70.0,155.0,3.625,0.021027733907922386
70.0,155.0,3.65,-0.009550047322017982
70.0,155.0,3.675,-0.04547855252250102
70.0,155.0,3.7,-0.08882421727860072
70.0,155.0,3.725,-0.1427798309371059
70.0,155.0,3.75,-0.21251492781829412
70.0,155.0,3.775,-0.3068237822171533
70.0,155.0,3.8,-0.4412225824703058
70.0,160.0,2.4,0.1860859746505933
70.0,160.0,2.425,0.16997927262613147
70.0,160.0,2.45,0.15279750232535305
70.0,160.0,2.475,0.1342620115753109
70.0,160.0,2.5,0.11401276332817573
70.0,160.0,2.525,0.09157427446877732
70.0,160.0,2.55,0.06630168119303408
70.0,160.0,2.575,0.03729903176696395
70.0,160.0,2.6,0.0032698929558075125
70.0,160.0,2.625,-0.03773042628699693
70.0,160.0,2.65,-0.08873691550544446
70.0,160.0,2.675,-0.1547949013637865
70.0,160.0,2.7,-0.24492469400052114
70.0,160.0,2.725,-0.3768862657402518
70.0,160.0,2.75,-0.5905028161843543
70.0,160.0,2.775,-0.9913294761679042
70.0,160.0,2.8,-1.8325236747142963
70.0,160.0,2.825,1.3684486170498062
70.0,160.0,2.85,1.9244134753882691
70.0,160.0,2.875,1.2729141428534885
70.0,160.0,2.9,0.9583478350501862
70.0,160.0,2.925,0.7804514219915534
70.0,160.0,2.95,0.6660746141328749
70.0,160.0,2.975,0.5857666140662103
70.0,160.0,3.0,0.525701219688353
70.0,160.0,3.025,0.478584407769249
70.0,160.0,3.05,0.4402159601196431
70.0,160.0,3.075,0.40800764130088
70.0,160.0,3.1,0.3802756797413553
70.0,160.0,3.125,0.35587439679038696
70.0,160.0,3.15,0.3339936072077421
70.0,160.0,3.175,0.3140403023114947
70.0,160.0,3.2,0.2955662544748067
70.0,160.0,3.225,0.27822184468640093
70.0,160.0,3.25,0.26172544439294426
70.0,160.0,3.275,0.24584229076423253
70.0,160.0,3.3,0.23036924847482654
70.0,160.0,3.325,0.21512319431173127
70.0,160.0,3.35,0.19993150507580082
70.0,160.0,3.375,0.18462376649091503
70.0,160.0,3.4,0.16902724449829382
70.0,160.0,3.425,0.1529672394907414
70.0,160.0,3.45,0.1362196543424353
70.0,160.0,3.475,0.11852573828735952
70.0,160.0,3.5,0.0995881148669034
70.0,160.0,3.525,0.07903021133560056
70.0,160.0,3.55,0.056362957792988354
70.0,160.0,3.575,0.030933845351977032
70.0,160.0,3.6,0.0018452197696026
70.0,160.0,3.625,-0.03217947532769777
70.0,160.0,3.65,-0.07302356452427135
70.0,160.0,3.675,-0.1235831764470203
70.0,160.0,3.7,-0.18852601119788998
70.0,160.0,3.725,-0.2757691028200555
70.0,160.0,3.75,-0.3993465091900724
70.0,160.0,3.775,-0.5834569159979252
70.0,160.0,3.8,-0.8443938134622748
70.0,165.0,2.4,0.15917617640775933
70.0,165.0,2.425,0.14030459284463653
70.0,165.0,2.45,0.119689221023973
70.0,165.0,2.475,0.09683721626969292
70.0,165.0,2.5,0.07107876971517725
70.0,165.0,2.525,0.04148139055177355
70.0,165.0,2.55,0.006684969101440524
70.0,165.0,2.575,-0.035359629412370655
70.0,165.0,2.6,-0.08788000012322943
70.0,165.0,2.625,-0.15629318007588183
70.0,165.0,2.65,-0.250425116711553
70.0,165.0,2.675,-0.3900137253146974
70.0,165.0,2.7,-0.620743451124618
70.0,165.0,2.725,-1.0704033156093253
70.0,165.0,2.75,-2.0533477583949775
70.0,165.0,2.775,2.2328095869353386
70.0,165.0,2.8,1.8463944962120113
70.0,165.0,2.825,1.2284295427008212
70.0,165.0,2.85,0.934544778286809
70.0,165.0,2.875,0.7666335289437012
70.0,165.0,2.9,0.6576670844799557
70.0,165.0,2.925,0.580600869287873
70.0,165.0,2.95,0.5226334381476868
70.0,165.0,2.975,0.4769585173770126
70.0,165.0,3.0,0.4396308037911319
70.0,165.0,3.025,0.4082057719122807
70.0,165.0,3.05,0.3810858662701676
70.0,165.0,3.075,0.3571799244570235
70.0,165.0,3.1,0.33571386409138165
70.0,165.0,3.125,0.3161196279419674
70.0,165.0,3.15,0.29796696790318566
70.0,165.0,3.175,0.2809197935579674
70.0,165.0,3.2,0.26470714562839553
70.0,165.0,3.225,0.2491031259743581
70.0,165.0,3.25,0.2339123994734228
70.0,165.0,3.275,0.21895913583334273
70.0,165.0,3.3,0.20407663214879188
70.0,165.0,3.325,0.1891082009269049
70.0,165.0,3.35,0.17389163504947555
70.0,165.0,3.375,0.15825449923789472
70.0,165.0,3.4,0.1419787685945993
70.0,165.0,3.425,0.1248324564512888
70.0,165.0,3.45,0.1065382217682216
70.0,165.0,3.475,0.08674634261531355
70.0,165.0,3.5,0.06500544416671672
70.0,165.0,3.525,0.04071629355917538
70.0,165.0,3.55,0.013058670392061916
70.0,165.0,3.575,-0.019127666299750705
70.0,165.0,3.6,-0.057544558819039186
70.0,165.0,3.625,-0.10479258163707476
70.0,165.0,3.65,-0.16503532728339054
70.0,165.0,3.675,-0.24529339364172761
70.0,165.0,3.7,-0.35800743526585155
70.0,165.0,3.725,-0.5253059695888068
70.0,165.0,3.75,-0.7723002356427896
70.0,165.0,3.775,-0.884355397640175
70.0,165.0,3.8,0.625733738263099
70.0,170.0,2.4,0.1265218512939761
70.0,170.0,2.425,0.1033647204492902
70.0,170.0,2.45,0.07726642778387294
70.0,170.0,2.475,0.047269381906692415
70.0,170.0,2.5,0.011979458579433366
70.0,170.0,2.525,-0.03072652559380295
70.0,170.0,2.55,-0.08418867339709506
70.0,170.0,2.575,-0.154076584600811
70.0,170.0,2.6,-0.2507626447779541
70.0,170.0,2.625,-0.3953908660648942
70.0,170.0,2.65,-0.63807521373783
70.0,170.0,2.675,-1.125445430473681
70.0,170.0,2.7,-2.2455072060866246
70.0,170.0,2.725,2.6826427733256253
70.0,170.0,2.75,1.8016909935977747
70.0,170.0,2.775,1.203790339839464
70.0,170.0,2.8,0.9216101097065194
70.0,170.0,2.825,0.7595354769495213
70.0,170.0,2.85,0.6538181119327403
70.0,170.0,2.875,0.5787403184888141
70.0,170.0,2.9,0.5220820680000853
70.0,170.0,2.925,0.4773204047423756
70.0,170.0,2.95,0.44066105590307675
70.0,170.0,2.975,0.4097461356556712
70.0,170.0,3.0,0.3830309161808081
70.0,170.0,3.025,0.3594581832705551
70.0,170.0,3.05,0.33827672911267864
70.0,170.0,3.075,0.3189346226688002
70.0,170.0,3.1,0.3010135169777847
70.0,170.0,3.125,0.2841865428333387
70.0,170.0,3.15,0.26819027643025645
70.0,170.0,3.175,0.2528053418064416
70.0,170.0,3.2,0.23784217747679398
70.0,170.0,3.225,0.22313102213722055
70.0,170.0,3.25,0.20851452008991525
70.0,170.0,3.275,0.19383874581549124
70.0,170.0,3.3,0.1789554856681074
70.0,170.0,3.325,0.1636899664342293
70.0,170.0,3.35,0.14784094760095376
70.0,170.0,3.375,0.1311943478518898
70.0,170.0,3.4,0.11349146696366731
70.0,170.0,3.425,0.09440829248618028
70.0,170.0,3.45,0.07352912583677759
70.0,170.0,3.475,0.05030518265596909
70.0,170.0,3.5,0.023989596535609743
70.0,170.0,3.525,-0.006467659534607721
70.0,170.0,3.55,-0.04259648405688576
70.0,170.0,3.575,-0.08671746883092664
70.0,170.0,3.6,-0.14251622806695408
70.0,170.0,3.625,-0.21615869730212742
70.0,170.0,3.65,-0.3185274372563477
70.0,170.0,3.675,-0.4693510604520506
70.0,170.0,3.7,-0.6974191694475018
70.0,170.0,3.725,-0.9080340486671197
70.0,170.0,3.75,0.23254702913705352
70.0,170.0,3.775,1.2527578767481953
70.0,170.0,3.8,1.0332461900077805
70.0,175.0,2.4,0.084940965067733
70.0,175.0,2.425,0.0547598772499228
70.0,175.0,2.45,0.019280060759128168
70.0,175.0,2.475,-0.02365075463790625
70.0,175.0,2.5,-0.07741257612147398
70.0,175.0,2.525,-0.14775612403680327
70.0,175.0,2.55,-0.24526229598487695
70.0,175.0,2.575,-0.3916781671661864
70.0,175.0,2.6,-0.6392574621553307
70.0,175.0,2.625,-1.1457411192796243
70.0,175.0,2.65,-2.389942298932315
70.0,175.0,2.675,2.938951962185006
70.0,175.0,2.7,1.7964793978273847
70.0,175.0,2.725,1.198131867930197
70.0,175.0,2.75,0.9190426745445527
70.0,175.0,2.775,0.7589187466724672
70.0,175.0,2.8,0.6544151092952
70.0,175.0,2.825,0.5801346857407533
70.0,175.0,2.85,0.5240295846554882
70.0,175.0,2.875,0.4796707389688037
70.0,175.0,2.9,0.44331798418735696
70.0,175.0,2.925,0.41264643713838434
70.0,175.0,2.95,0.38613259368005365
70.0,175.0,2.975,0.3627335861633829
70.0,175.0,3.0,0.34170839139177095
70.0,175.0,3.025,0.3225126825163372
70.0,175.0,3.05,0.3047341041838995
70.0,175.0,3.075,0.2880507888152383
70.0,175.0,3.1,0.272203727718346
70.0,175.0,3.125,0.2569764506896761
70.0,175.0,3.15,0.24218708911966375
70.0,175.0,3.175,0.22766877788283313
70.0,175.0,3.2,0.21326764644971435
70.0,175.0,3.225,0.19883888413397774
70.0,175.0,3.25,0.18423847841288407
70.0,175.0,3.275,0.16929620532429435
70.0,175.0,3.3,0.1538253999871033
70.0,175.0,3.325,0.1376262297845825
70.0,175.0,3.35,0.12045747233161008
70.0,175.0,3.375,0.10201896992962119
70.0,175.0,3.4,0.08192799081001756
70.0,175.0,3.425,0.05968233057535659
70.0,175.0,3.45,0.03460278015440391
70.0,175.0,3.475,0.005740781920182935
70.0,175.0,3.5,-0.02827566947017832
70.0,175.0,3.525,-0.06951086530245784
70.0,175.0,3.55,-0.12121415686391468
70.0,175.0,3.575,-0.18877152256581708
70.0,175.0,3.6,-0.2816241825918385
70.0,175.0,3.625,-0.41704565129128357
70.0,175.0,3.65,-0.6239162360556373
70.0,175.0,3.675,-0.8803327867024475
70.0,175.0,3.7,-0.21597684519207525
70.0,175.0,3.725,1.2213428561944013
70.0,175.0,3.75,1.07243501965265
70.0,175.0,3.775,0.8357015338730555
70.0,175.0,3.8,0.677795659742545
70.0,180.0,2.4,0.02863762135979006
70.0,180.0,2.425,-0.014061153355573106
70.0,180.0,2.45,-0.06744111834204189
70.0,180.0,2.475,-0.13715801653678597
70.0,180.0,2.5,-0.23363630717878828
70.0,180.0,2.525,-0.3782892491668342
70.0,180.0,2.55,-0.6226970370152065
70.0,180.0,2.575,-1.1246816940258946
70.0,180.0,2.6,-2.4474081836131436
70.0,180.0,2.625,3.1356809826197254
70.0,180.0,2.65,1.8364043698118373
70.0,180.0,2.675,1.2118987823141465
70.0,180.0,2.7,0.9269273773542762
70.0,180.0,2.725,0.7648250834115884
70.0,180.0,2.75,0.6594930542061958
70.0,180.0,2.775,0.5848172698468962
70.0,180.0,2.8,0.5285082447530124
70.0,180.0,2.825,0.48404079381564585
70.0,180.0,2.85,0.44763195217579255
70.0,180.0,2.875,0.41693627002434375
70.0,180.0,2.9,0.390419905105234
70.0,180.0,2.925,0.3670347495429022
70.0,180.0,2.95,0.3460372702617785
70.0,180.0,2.975,0.3268822047984909
70.0,180.0,3.0,0.3091572487906167
70.0,180.0,3.025,0.2925412318818161
70.0,180.0,3.05,0.27677460139827476
70.0,180.0,3.075,0.2616484901070305
70.0,180.0,3.1,0.24697850286946624
70.0,180.0,3.125,0.2326009407540762
70.0,180.0,3.15,0.2183673935396381
70.0,180.0,3.175,0.20413750740100656
70.0,180.0,3.2,0.18977119158125566
70.0,180.0,3.225,0.17510479140701213
70.0,180.0,3.25,0.15996283194678965
70.0,180.0,3.275,0.14415783394885814
70.0,180.0,3.3,0.1274646599597827
70.0,180.0,3.325,0.10960487518563207
70.0,180.0,3.35,0.09022569648863976
70.0,180.0,3.375,0.06886718154719297
70.0,180.0,3.4,0.04491137604747181
70.0,180.0,3.425,0.017501297255664714
70.0,180.0,3.45,-0.014593156165853593
70.0,180.0,3.475,-0.053207073781769455
70.0,180.0,3.5,-0.101201710599985
70.0,180.0,3.525,-0.16327163586092883
70.0,180.0,3.55,-0.2475723262743258
70.0,180.0,3.575,-0.369046707778714
70.0,180.0,3.6,-0.5545982347270586
70.0,180.0,3.625,-0.8196299712704663
70.0,180.0,3.65,-0.5979909266003736
70.0,180.0,3.675,1.1150453515407062
70.0,180.0,3.7,1.1238579643054005
70.0,180.0,3.725,0.8678988548065103
70.0,180.0,3.75,0.6941915125442807
70.0,180.0,3.775,0.5775878228512964
70.0,180.0,3.8,0.4934925649893073
80.0,0.0,2.4,0.25870530113846585
80.0,0.0,2.425,0.25213779396304037
80.0,0.0,2.45,0.2455731209327817
80.0,0.0,2.475,0.23900160273714724
80.0,0.0,2.5,0.23241329374414005
80.0,0.0,2.525,0.22579852128513425
80.0,0.0,2.55,0.21914674242228932
80.0,0.0,2.575,0.21244310296374128
80.0,0.0,2.6,0.2056759257604914
80.0,0.0,2.625,0.19883268262219997
80.0,0.0,2.65,0.19189907222634078
80.0,0.0,2.675,0.18485950673211538
80.0,0.0,2.7,0.1776969952113985
80.0,0.0,2.725,0.17039298253896637
80.0,0.0,2.75,0.16292707615495852
80.0,0.0,2.775,0.15527671168461
80.0,0.0,2.8,0.14741679375531436
80.0,0.0,2.825,0.13931925552917074
80.0,0.0,2.85,0.13095252494971837
80.0,0.0,2.875,0.12228087570560697
80.0,0.0,2.9,0.1132636324218072
80.0,0.0,2.925,0.10385419013026012
80.0,0.0,2.95,0.09399879542813364
80.0,0.0,2.975,0.08363501945212994
80.0,0.0,3.0,0.07268982891474
80.0,0.0,3.025,0.06107712805162506
80.0,0.0,3.05,0.048694597025355696
80.0,0.0,3.075,0.035419584422418875
80.0,0.0,3.1,0.021103712612916097
80.0,0.0,3.125,0.0055657087107006
80.0,0.0,3.15,-0.011418245025895364
80.0,0.0,3.175,-0.030127680552236517
80.0,0.0,3.2,-0.05091608651548331
80.0,0.0,3.225,-0.07423658188849794
80.0,0.0,3.25,-0.10067865200075467
80.0,0.0,3.275,-0.13102160245764707
80.0,0.0,3.3,-0.1663135748583286
80.0,0.0,3.325,-0.2079897709180352
80.0,0.0,3.35,-0.2580497212151696
80.0,0.0,3.375,-0.3193165756391196
80.0,0.0,3.4,-0.39577662770824895
80.0,0.0,3.425,-0.4928234653714435
80.0,0.0,3.45,-0.6163150092252588
80.0,0.0,3.475,-0.7646664501824838
80.0,0.0,3.5,-0.8849545377696653
80.0,0.0,3.525,-0.6949853914446554
80.0,0.0,3.55,0.2886390214108624
80.0,0.0,3.575,1.143903547006682
80.0,0.0,3.6,1.2331855144446509
80.0,0.0,3.625,1.0896594982626409
80.0,0.0,3.65,0.9386420033789403
80.0,0.0,3.675,0.8163099509020588
80.0,0.0,3.7,0.720721665313957
80.0,0.0,3.725,0.6453661309681672
80.0,0.0,3.75,0.5847985422491083
80.0,0.0,3.775,0.5350930503408182
80.0,0.0,3.8,0.4934925601229678
80.0,5.0,2.4,0.24383674958788812
80.0,5.0,2.425,0.23697419631433742
80.0,5.0,2.45,0.23008405988042288
80.0,5.0,2.475,0.22315409770366162
80.0,5.0,2.5,0.21617141457035627
80.0,5.0,2.525,0.20912289278248758
80.0,5.0,2.55,0.20199486651900458
80.0,5.0,2.575,0.19476913629994885
80.0,5.0,2.6,0.18742875051397054
80.0,5.0,2.625,0.17995587740331914
80.0,5.0,2.65,0.1723304324467786
80.0,5.0,2.675,0.16453024391716897
80.0,5.0,2.7,0.15653079308553594
80.0,5.0,2.725,0.14830488223601393
80.0,5.0,2.75,0.1398221865413148
80.0,5.0,2.775,0.13104865898489695
80.0,5.0,2.8,0.12194585082073085
80.0,5.0,2.825,0.11247006836215089
80.0,5.0,2.85,0.1025713232161703
80.0,5.0,2.875,0.09219201677298536
80.0,5.0,2.9,0.08126527482756524
80.0,5.0,2.925,0.06971283520874276
80.0,5.0,2.95,0.05744243997291524
80.0,5.0,2.975,0.04434392671668259
80.0,5.0,3.0,0.030285004366302156
80.0,5.0,3.025,0.015104871427169445
80.0,5.0,3.05,-0.0013940524983016645
80.0,5.0,3.075,-0.019457393899164382
80.0,5.0,3.1,-0.039394359505593037
80.0,5.0,3.125,-0.061599448194339074
80.0,5.0,3.15,-0.08658324913781208
80.0,5.0,3.175,-0.11501678360215731
80.0,5.0,3.2,-0.147796227366042
80.0,5.0,3.225,-0.18613830926349173
80.0,5.0,3.25,-0.23172084344686458
80.0,5.0,3.275,-0.28688403764761056
80.0,5.0,3.3,-0.3548878992273666
80.0,5.0,3.325,-0.440094964346017
80.0,5.0,3.35,-0.5473285392302908
80.0,5.0,3.375,-0.6766911495482062
80.0,5.0,3.4,-0.7961117149570469
80.0,5.0,3.425,-0.7259235086069467
80.0,5.0,3.45,-0.021874143165175258
80.0,5.0,3.475,0.9163747870665393
80.0,5.0,3.5,1.1625410800586506
80.0,5.0,3.525,1.0660262602794532
80.0,5.0,3.55,0.9245624802900387
80.0,5.0,3.575,0.8033166680091816
80.0,5.0,3.6,0.7072759454317964
80.0,5.0,3.625,0.631448350274074
80.0,5.0,3.65,0.5706594739107148
80.0,5.0,3.675,0.5209734060576139
80.0,5.0,3.7,0.47957253393349836
80.0,5.0,3.725,0.44445171105393944
80.0,5.0,3.75,0.4141683726996229
80.0,5.0,3.775,0.38766533119872415
80.0,5.0,3.8,0.3641548869718306
80.0,10.0,2.4,0.22820306635319956
80.0,10.0,2.425,0.22085413701198933
80.0,10.0,2.45,0.21342167771449616
80.0,10.0,2.475,0.20588718896817693
80.0,10.0,2.5,0.19823225769728856
80.0,10.0,2.525,0.1904379924054061
80.0,10.0,2.55,0.18248548111630047
80.0,10.0,2.575,0.17434943521598933
80.0,10.0,2.6,0.16600582955833493
80.0,10.0,2.625,0.1574305463040842
80.0,10.0,2.65,0.1485970977710519
80.0,10.0,2.675,0.13947683152736556
80.0,10.0,2.7,0.13003857458647722
80.0,10.0,2.725,0.12024805370369511
80.0,10.0,2.75,0.11006694030611522
80.0,10.0,2.775,0.0994514021815368
80.0,10.0,2.8,0.08835019571364644
80.0,10.0,2.825,0.07670210693036178
80.0,10.0,2.85,0.0644326191292484
80.0,10.0,2.875,0.051449666962639876
80.0,10.0,2.9,0.03763829383902827
80.0,10.0,2.925,0.022853943626854435
80.0,10.0,2.95,0.0069139591258868295
80.0,10.0,2.975,-0.010413406310703054
80.0,10.0,3.0,-0.029423577348286357
80.0,10.0,3.025,-0.05049560132057016
80.0,10.0,3.05,-0.074120183646982
80.0,10.0,3.075,-0.10094005012288285
80.0,10.0,3.1,-0.131809160964394
80.0,10.0,3.125,-0.16788065318604245
80.0,10.0,3.15,-0.21074147687833772
80.0,10.0,3.175,-0.2626114306207739
80.0,10.0,3.2,-0.32661568312816025
80.0,10.0,3.225,-0.40710989342855775
80.0,10.0,3.25,-0.5096507328615439
80.0,10.0,3.275,-0.6385202631730037
80.0,10.0,3.3,-0.7811590313132389
80.0,10.0,3.325,-0.8318919763415379
80.0,10.0,3.35,-0.39649788809453373
80.0,10.0,3.375,0.6165811752071405
80.0,10.0,3.4,1.1040777367365353
80.0,10.0,3.425,1.0837135513392029
80.0,10.0,3.45,0.954278372580405
80.0,10.0,3.475,0.8314872921036484
80.0,10.0,3.5,0.7319457207377992
80.0,10.0,3.525,0.6529444947647121
80.0,10.0,3.55,0.589605483137744
80.0,10.0,3.575,0.5378997964304284
80.0,10.0,3.6,0.49487398385523573
80.0,10.0,3.625,0.4584117596315605
80.0,10.0,3.65,0.4269892919323926
80.0,10.0,3.675,0.3994936735037632
80.0,10.0,3.7,0.3750980191416317
80.0,10.0,3.725,0.35317692069724593
80.0,10.0,3.75,0.3332490049401946
80.0,10.0,3.775,0.31493747509475095
80.0,10.0,3.8,0.29794265030996975
80.0,15.0,2.4,0.20910189862962897
80.0,15.0,2.425,0.20049012691876902
80.0,15.0,2.45,0.19165354428762793
80.0,15.0,2.475,0.18258227954803335
80.0,15.0,2.5,0.1732737421158685
80.0,15.0,2.525,0.1637340802318838
80.0,15.0,2.55,0.15397488963845543
80.0,15.0,2.575,0.14400234522559954
80.0,15.0,2.6,0.133827508300831
80.0,15.0,2.625,0.12345275019082266
80.0,15.0,2.65,0.1128638868601739
80.0,15.0,2.675,0.10202611313313041
80.0,15.0,2.7,0.09088081703064543
80.0,15.0,2.725,0.07934428335212529
80.0,15.0,2.75,0.06730751834874311
80.0,15.0,2.775,0.05463641044122863
80.0,15.0,2.8,0.04117101631714023
80.0,15.0,2.825,0.026722909735332756
80.0,15.0,2.85,0.011070092705664591
80.0,15.0,2.875,-0.006052891660799619
80.0,15.0,2.9,-0.024969815233370933
80.0,15.0,2.925,-0.04608200730758594
80.0,15.0,2.95,-0.06989874242385917
80.0,15.0,2.975,-0.09708082445302128
80.0,15.0,3.0,-0.12850470451602736
80.0,15.0,3.025,-0.16535893290508077
80.0,15.0,3.05,-0.20929180826770685
80.0,15.0,3.075,-0.2626398046616038
80.0,15.0,3.1,-0.32877739385292387
80.0,15.0,3.125,-0.4126137325482752
80.0,15.0,3.15,-0.5210698176394973
80.0,15.0,3.175,-0.6621793163873476
80.0,15.0,3.2,-0.8346481812803587
80.0,15.0,3.225,-0.963157081134835
80.0,15.0,3.25,-0.6460349152284965
80.0,15.0,3.275,0.5064373281216978
80.0,15.0,3.3,1.1725017123463954
80.0,15.0,3.325,1.1669419422739342
80.0,15.0,3.35,1.0199546748535178
80.0,15.0,3.375,0.8820506594357725
80.0,15.0,3.4,0.7720803308355834
80.0,15.0,3.425,0.6859058009150888
80.0,15.0,3.45,0.6174618786165812
80.0,15.0,3.475,0.5619810380418716
80.0,15.0,3.5,0.5160639886986
80.0,15.0,3.525,0.47731991592006867
80.0,15.0,3.55,0.4440504036231502
80.0,15.0,3.575,0.41502764834910794
80.0,15.0,3.6,0.38934655724442574
80.0,15.0,3.625,0.3663266534767733
80.0,15.0,3.65,0.34544632082076004
80.0,15.0,3.675,0.3262980720902325
80.0,15.0,3.7,0.3085584412690847
80.0,15.0,3.725,0.2919727875607053
80.0,15.0,3.75,0.2763655592588846
80.0,15.0,3.775,0.2616206102776407
80.0,15.0,3.8,0.24751947512735364
80.0,20.0,2.4,0.174494644570733
80.0,20.0,2.425,0.16405463500413783
80.0,20.0,2.45,0.15386160362054163
80.0,20.0,2.475,0.1439008863527357
80.0,20.0,2.5,0.13410022029478427
80.0,20.0,2.525,0.12434652937207451
80.0,20.0,2.55,0.11450134557528886
80.0,20.0,2.575,0.1044205848201204
80.0,20.0,2.6,0.09396322581304899
80.0,20.0,2.625,0.08298782427752757
80.0,20.0,2.65,0.07135287198572796
80.0,20.0,2.675,0.058912425453781884
80.0,20.0,2.7,0.045509473404069585
80.0,20.0,2.725,0.030964490475436913
80.0,20.0,2.75,0.015066675802556653
80.0,20.0,2.775,-0.0024379445596305156
80.0,20.0,2.8,-0.021864518406782545
80.0,20.0,2.825,-0.04361254045057336
80.0,20.0,2.85,-0.06819812763261332
80.0,20.0,2.875,-0.09630068311062531
80.0,20.0,2.9,-0.12883220300204012
80.0,20.0,2.925,-0.1670428738231215
80.0,20.0,2.95,-0.21268589707514354
80.0,20.0,2.975,-0.26828007074292737
80.0,20.0,3.0,-0.3375319998875235
80.0,20.0,3.025,-0.42599794222272946
80.0,20.0,3.05,-0.5419692764571987
80.0,20.0,3.075,-0.6966538400370764
80.0,20.0,3.1,-0.8964910731235081
80.0,20.0,3.125,-1.0803417872550676
80.0,20.0,3.15,-0.8001636717046775
80.0,20.0,3.175,0.5546537897174488
80.0,20.0,3.2,1.3026509818510785
80.0,20.0,3.225,1.2548803447099433
80.0,20.0,3.25,1.0771544692590236
80.0,20.0,3.275,0.9228202152176544
80.0,20.0,3.3,0.8036338637702787
80.0,20.0,3.325,0.7118281237336235
80.0,20.0,3.35,0.6396669936253664
80.0,20.0,3.375,0.5815725616756456
80.0,20.0,3.4,0.5337225247112974
80.0,20.0,3.425,0.49348916454452335
80.0,20.0,3.45,0.4590328816531685
80.0,20.0,3.475,0.4290379537691525
80.0,20.0,3.5,0.4025472328401046
80.0,20.0,3.525,0.37886855624212146
80.0,20.0,3.55,0.3575231130896844
80.0,20.0,3.575,0.33811261940354925
80.0,20.0,3.6,0.32017920505729625
80.0,20.0,3.625,0.30338605442577915
80.0,20.0,3.65,0.28754234622004654
80.0,20.0,3.675,0.2724956600990039
80.0,20.0,3.7,0.2581062443033
80.0,20.0,3.725,0.24424777923345706
80.0,20.0,3.75,0.23080718072534484
80.0,20.0,3.775,0.21768268104941418
80.0,20.0,3.8,0.20478154615005636
80.0,25.0,2.4,0.13955146471388202
80.0,25.0,2.425,0.13073485426051026
80.0,25.0,2.45,0.12152690740806892
80.0,25.0,2.475,0.11181194678836819
80.0,25.0,2.5,0.10148868641062218
80.0,25.0,2.525,0.09045969609299473
80.0,25.0,2.55,0.07862284588884326
80.0,25.0,2.575,0.06586498891936465
80.0,25.0,2.6,0.052052171651545666
80.0,25.0,2.625,0.037020193836052415
80.0,25.0,2.65,0.020567431147394184
80.0,25.0,2.675,0.0024420499906223658
80.0,25.0,2.7,-0.01767581601460444
80.0,25.0,2.725,-0.04019792272976761
80.0,25.0,2.75,-0.06566199061867162
80.0,25.0,2.775,-0.09478183175702609
80.0,25.0,2.8,-0.12852292965792064
80.0,25.0,2.825,-0.16821941568195486
80.0,25.0,2.85,-0.21576014744793842
80.0,25.0,2.875,-0.2738928861938755
80.0,25.0,2.9,-0.3467329029890127
80.0,25.0,2.925,-0.44061714735614627
80.0,25.0,2.95,-0.5654502969229903
80.0,25.0,2.975,-0.7360488483368566
80.0,25.0,3.0,-0.9671205500342038
80.0,25.0,3.025,-1.2090376788927328
80.0,25.0,3.05,-0.92432345775363
80.0,25.0,3.075,0.7312293733614684
80.0,25.0,3.1,1.468753558631577
80.0,25.0,3.125,1.3377024820732815
80.0,25.0,3.15,1.1240236015951477
80.0,25.0,3.175,0.9544986519513903
80.0,25.0,3.2,0.8279820432172694
80.0,25.0,3.225,0.7321527817156792
80.0,25.0,3.25,0.6575388517621384
80.0,25.0,3.275,0.597820659752754
80.0,25.0,3.3,0.5488244455272454
80.0,25.0,3.325,0.5077418656063176
80.0,25.0,3.35,0.4726383599704075
80.0,25.0,3.375,0.4421600293777964
80.0,25.0,3.4,0.41536286953852786
80.0,25.0,3.425,0.39156163907543534
80.0,25.0,3.45,0.3701276533724323
80.0,25.0,3.475,0.3505025712733542
80.0,25.0,3.5,0.3323287094852589
80.0,25.0,3.525,0.3153684667765227
80.0,25.0,3.55,0.29942550531727835
80.0,25.0,3.575,0.2843283024364294
80.0,25.0,3.6,0.2699275779159743
80.0,25.0,3.625,0.25609345108388243
80.0,25.0,3.65,0.2427119822229419
80.0,25.0,3.675,0.2296818254298941
80.0,25.0,3.7,0.2169112747546155
80.0,25.0,3.725,0.20431572811440438
80.0,25.0,3.75,0.19181550966820035
80.0,25.0,3.775,0.17933398793559963
80.0,25.0,3.8,0.1667959585451688
80.0,30.0,2.4,0.11148167747579821
80.0,30.0,2.425,0.10003945046130452
80.0,30.0,2.45,0.0877392313418267
80.0,30.0,2.475,0.07447878829931859
80.0,30.0,2.5,0.06013035176351391
80.0,30.0,2.525,0.04453242840546407
80.0,30.0,2.55,0.02748009106720263
80.0,30.0,2.575,0.008713800693931368
80.0,30.0,2.6,-0.012098345341950084
80.0,30.0,2.625,-0.03538592651773998
80.0,30.0,2.65,-0.061712794471944624
80.0,30.0,2.675,-0.09183118918292042
80.0,30.0,2.7,-0.12676426139291397
80.0,30.0,2.725,-0.1679354860742308
80.0,30.0,2.75,-0.21737796451574284
80.0,30.0,2.775,-0.2780843694845532
80.0,30.0,2.8,-0.35461182552177817
80.0,30.0,2.825,-0.4541545623049372
80.0,30.0,2.85,-0.5884291118052662
80.0,30.0,2.875,-0.7764520478119216
80.0,30.0,2.9,-1.0432112202539092
80.0,30.0,2.925,-1.3563265863875966
80.0,30.0,2.95,-1.0541780131519736
80.0,30.0,2.975,1.0078136028735973
80.0,30.0,3.0,1.6476808466901658
80.0,30.0,3.025,1.4136627555115182
80.0,30.0,3.05,1.1642921121322214
80.0,30.0,3.075,0.9812582530788819
80.0,30.0,3.1,0.8486994112851857
80.0,30.0,3.125,0.7497520893969345
80.0,30.0,3.15,0.6733390242585477
80.0,30.0,3.175,0.6124912796473511
80.0,30.0,3.2,0.5627411120164597
80.0,30.0,3.225,0.5211352332304943
80.0,30.0,3.25,0.48566457527538487
80.0,30.0,3.275,0.4549373547741486
80.0,30.0,3.3,0.4279820249313292
80.0,30.0,3.325,0.40406871233179004
80.0,30.0,3.35,0.3825417125022422
80.0,30.0,3.375,0.3628591472642415
80.0,30.0,3.4,0.34466675002259045
80.0,30.0,3.425,0.3277199185067036
80.0,30.0,3.45,0.31181868893308134
80.0,30.0,3.475,0.2967907112192521
80.0,30.0,3.5,0.2824870283826448
80.0,30.0,3.525,0.2687786786930502
80.0,30.0,3.55,0.2555531194673721
80.0,30.0,3.575,0.2427108751005722
80.0,30.0,3.6,0.23016260515253725
80.0,30.0,3.625,0.21782659779511243
80.0,30.0,3.65,0.2056266194583078
80.0,30.0,3.675,0.19349003439017523
80.0,30.0,3.7,0.18134611156825758
80.0,30.0,3.725,0.16912444623606654
80.0,30.0,3.75,0.15675343579503362
80.0,30.0,3.775,0.1441587699555484
80.0,30.0,3.8,0.13126192841272713
80.0,35.0,2.4,0.06991520187941026
80.0,35.0,2.425,0.053800083616979105
80.0,35.0,2.45,0.03621117955974761
80.0,35.0,2.475,0.016881207112070414
80.0,35.0,2.5,-0.004533135548358051
80.0,35.0,2.525,-0.028476795697323802
80.0,35.0,2.55,-0.05553528263758296
80.0,35.0,2.575,-0.08649242699409358
80.0,35.0,2.6,-0.12241884554152371
80.0,35.0,2.625,-0.16481208508931208
80.0,35.0,2.65,-0.21582632196604468
80.0,35.0,2.675,-0.2786634048397251
80.0,35.0,2.7,-0.35826685994993984
80.0,35.0,2.725,-0.46260528699070264
80.0,35.0,2.75,-0.6051100607812627
80.0,35.0,2.775,-0.8090758374429763
80.0,35.0,2.8,-1.111489184611034
80.0,35.0,2.825,-1.5104511436756003
80.0,35.0,2.85,-1.2360299217163266
80.0,35.0,2.875,1.3234081501856585
80.0,35.0,2.9,1.8239763408837253
80.0,35.0,2.925,1.4867346898169314
80.0,35.0,2.95,1.2037785292018304
80.0,35.0,2.975,1.0079924908234053
80.0,35.0,3.0,0.8696139516092731
80.0,35.0,3.025,0.7675973224055238
80.0,35.0,3.05,0.6893818974880471
80.0,35.0,3.075,0.6273904120899616
80.0,35.0,3.1,0.5768744625974558
80.0,35.0,3.125,0.5347376237373551
80.0,35.0,3.15,0.4988891087005743
80.0,35.0,3.175,0.4678804557839078
80.0,35.0,3.2,0.4406950310382626
80.0,35.0,3.225,0.41659845749275637
80.0,35.0,3.25,0.39498443156563673
80.0,35.0,3.275,0.375308691679884
80.0,35.0,3.3,0.35716527796549263
80.0,35.0,3.325,0.34028657477309443
80.0,35.0,3.35,0.32447267932753177
80.0,35.0,3.375,0.3095552069123517
80.0,35.0,3.4,0.29538811203910936
80.0,35.0,3.425,0.2818444176914448
80.0,35.0,3.45,0.26881329285418404
80.0,35.0,3.475,0.2561971159934937
80.0,35.0,3.5,0.24390876360785188
80.0,35.0,3.525,0.23186922825123046
80.0,35.0,3.55,0.220005556435919
80.0,35.0,3.575,0.2082490503067165
80.0,35.0,3.6,0.19653366507460873
80.0,35.0,3.625,0.18479453508785806
80.0,35.0,3.65,0.17296656524899937
80.0,35.0,3.675,0.1609830274180699
80.0,35.0,3.7,0.1487741022772326
80.0,35.0,3.725,0.1362653060725521
80.0,35.0,3.75,0.12337574068495759
80.0,35.0,3.775,0.11001611183602657
80.0,35.0,3.8,0.09608648202474371
80.0,40.0,2.4,0.005833802490450339
80.0,40.0,2.425,-0.018549282084263177
80.0,40.0,2.45,-0.046073295369311595
80.0,40.0,2.475,-0.07753601390118035
80.0,40.0,2.5,-0.11402943468556896
80.0,40.0,2.525,-0.15708559888424942
80.0,40.0,2.55,-0.2089174598291617
80.0,40.0,2.575,-0.27283435050796423
80.0,40.0,2.6,-0.3539912752658378
80.0,40.0,2.625,-0.46081618424012216
80.0,40.0,2.65,-0.6078677118730988
80.0,40.0,2.675,-0.8216692886420581
80.0,40.0,2.7,-1.1504105103994557
80.0,40.0,2.725,-1.6377247097748189
80.0,40.0,2.75,-1.5480474153879233
80.0,40.0,2.775,1.582467577502616
80.0,40.0,2.8,2.0074403093241386
80.0,40.0,2.825,1.5702826814875255
80.0,40.0,2.85,1.2515245673804962
80.0,40.0,2.875,1.0408223360968343
80.0,40.0,2.9,0.8950730988099153
80.0,40.0,2.925,0.7889134597447919
80.0,40.0,2.95,0.7081403852150078
80.0,40.0,2.975,0.6444590140384643
80.0,40.0,3.0,0.5927708040783538
80.0,40.0,3.025,0.549792131652376
80.0,40.0,3.05,0.5133223320930967
80.0,40.0,3.075,0.4818386283039887
80.0,40.0,3.1,0.4542644716349502
80.0,40.0,3.125,0.42983029401499795
80.0,40.0,3.15,0.4079635903192781
80.0,40.0,3.175,0.38817471716285334
80.0,40.0,3.2,0.3700230007140628
80.0,40.0,3.225,0.35317918564403067
80.0,40.0,3.25,0.3374222928729138
80.0,40.0,3.275,0.3225855278860336
80.0,40.0,3.3,0.30852741779790804
80.0,40.0,3.325,0.2951240105120317
80.0,40.0,3.35,0.28226630671682956
80.0,40.0,3.375,0.2698581212779807
80.0,40.0,3.4,0.2578138762193083
80.0,40.0,3.425,0.24605649051406897
80.0,40.0,3.45,0.2345154714418849
80.0,40.0,3.475,0.22312522130303347
80.0,40.0,3.5,0.21182352839795945
80.0,40.0,3.525,0.2005501952181029
80.0,40.0,3.55,0.1892457530789008
80.0,40.0,3.575,0.17785021235716947
80.0,40.0,3.6,0.16630179739131445
80.0,40.0,3.625,0.15453561574461747
80.0,40.0,3.65,0.14248201166522997
80.0,40.0,3.675,0.13006566640920716
80.0,40.0,3.7,0.1172023107330731
80.0,40.0,3.725,0.10379760426433177
80.0,40.0,3.75,0.08974379033583581
80.0,40.0,3.775,0.07491630999425303
80.0,40.0,3.8,0.05916954015301167
80.0,45.0,2.4,-0.10023074507505213
80.0,45.0,2.425,-0.1431070697532685
80.0,45.0,2.45,-0.1946111780049277
80.0,45.0,2.475,-0.2579964370307884
80.0,45.0,2.5,-0.3383417779488473
80.0,45.0,2.525,-0.44399158189899124
80.0,45.0,2.55,-0.589524823985845
80.0,45.0,2.575,-0.8022700660217774
80.0,45.0,2.6,-1.1363319435410135
80.0,45.0,2.625,-1.6810731781924113
80.0,45.0,2.65,-2.0098335008456685
80.0,45.0,2.675,1.6003179597149402
80.0,45.0,2.7,2.2361622226915965
80.0,45.0,2.725,1.6879272563580783
80.0,45.0,2.75,1.3204532116391654
80.0,45.0,2.775,1.0875833998833455
80.0,45.0,2.8,0.9302738232281976
80.0,45.0,2.825,0.8173863411247763
80.0,45.0,2.85,0.732362662420937
80.0,45.0,2.875,0.6658253561990846
80.0,45.0,2.9,0.6121271185360622
80.0,45.0,2.925,0.5676831838609964
80.0,45.0,2.95,0.5301157665665804
80.0,45.0,2.975,0.4977894918710964
80.0,45.0,3.0,0.4695473031831051
80.0,45.0,3.025,0.4445556794673902
80.0,45.0,3.05,0.42220890383465454
80.0,45.0,3.075,0.4020496551855054
80.0,45.0,3.1,0.3836820868855081
80.0,45.0,3.125,0.36674122248170726
80.0,45.0,3.15,0.3509444655227317
80.0,45.0,3.175,0.33610041300057203
80.0,45.0,3.2,0.32206684965553795
80.0,45.0,3.225,0.308723492253183
80.0,45.0,3.25,0.2959639026105112
80.0,45.0,3.275,0.28369328954483186
80.0,45.0,3.3,0.27182682262740493
80.0,45.0,3.325,0.26028920942473166
80.0,45.0,3.35,0.24901077183721324
80.0,45.0,3.375,0.23792809389265945
80.0,45.0,3.4,0.22698165353977956
80.0,45.0,3.425,0.21611470367892402
80.0,45.0,3.45,0.20527210046349575
80.0,45.0,3.475,0.19439918187938413
80.0,45.0,3.5,0.18344066072082657
80.0,45.0,3.525,0.17233948983851557
80.0,45.0,3.55,0.1610356534146566
80.0,45.0,3.575,0.14946483168216715
80.0,45.0,3.6,0.13755687661102617
80.0,45.0,3.625,0.1252340213569552
80.0,45.0,3.65,0.11240872502290954
80.0,45.0,3.675,0.09898102416311451
80.0,45.0,3.7,0.08483522020769442
80.0,45.0,3.725,0.06983567331331052
80.0,45.0,3.75,0.053821393854710645
80.0,45.0,3.775,0.036599025778426934
80.0,45.0,3.8,0.017933691343075986
80.0,50.0,2.4,-0.30934296335329897
80.0,50.0,2.425,-0.40951962885246035
80.0,50.0,2.45,-0.546401327627319
80.0,50.0,2.475,-0.7449692574473523
80.0,50.0,2.5,-1.0564983533749095
80.0,50.0,2.525,-1.5892206311442056
80.0,50.0,2.55,-2.3459211752851656
80.0,50.0,2.575,0.7518839075362381
80.0,50.0,2.6,2.5697763619346348
80.0,50.0,2.625,1.8787041864071667
80.0,50.0,2.65,1.4299011541596498
80.0,50.0,2.675,1.1591315670472493
80.0,50.0,2.7,0.982008688343001
80.0,50.0,2.725,0.8576191602031944
80.0,50.0,2.75,0.7653587301576792
80.0,50.0,2.775,0.6939800873482665
80.0,50.0,2.8,0.6368859227371577
80.0,50.0,2.825,0.5899701926569488
80.0,50.0,2.85,0.5505503479125472
80.0,50.0,2.875,0.5168024656434197
80.0,50.0,2.9,0.48744525563097385
80.0,50.0,2.925,0.46155567680006787
80.0,50.0,2.95,0.4384585675310543
80.0,50.0,2.975,0.4176571328378713
80.0,50.0,3.0,0.3987731510061488
80.0,50.0,3.025,0.38147922243298343
80.0,50.0,3.05,0.3654629914350381
80.0,50.0,3.075,0.3504733043590867
80.0,50.0,3.1,0.3363388739175378
80.0,50.0,3.125,0.32293519174888985
80.0,50.0,3.15,0.3101579199778309
80.0,50.0,3.175,0.29791406055105746
80.0,50.0,3.2,0.28611987625989643
80.0,50.0,3.225,0.2746998614928781
80.0,50.0,3.25,0.26358559890256616
80.0,50.0,3.275,0.2527145118793906
80.0,50.0,3.3,0.24202863155503565
80.0,50.0,3.325,0.23147343603653975
80.0,50.0,3.35,0.22099677009444202
80.0,50.0,3.375,0.21054782848329245
80.0,50.0,3.4,0.20007617513138684
80.0,50.0,3.425,0.18953076551529266
80.0,50.0,3.45,0.17885893621881788
80.0,50.0,3.475,0.16800532167192891
80.0,50.0,3.5,0.1569106520081113
80.0,50.0,3.525,0.14551037677353437
80.0,50.0,3.55,0.13373304563539762
80.0,50.0,3.575,0.12149835760163401
80.0,50.0,3.6,0.10871476214975513
80.0,50.0,3.625,0.09527645544731293
80.0,50.0,3.65,0.08105955707464757
80.0,50.0,3.675,0.06591716906607972
80.0,50.0,3.7,0.04967289682346424
80.0,50.0,3.725,0.03211222729653053
80.0,50.0,3.75,0.012970900528124054
80.0,50.0,3.775,-0.008080886953253269
80.0,50.0,3.8,-0.031460450206321
80.0,55.0,2.4,-0.9196951414855438
80.0,55.0,2.425,-1.3705133753618068
80.0,55.0,2.45,-2.1966000506448577
80.0,55.0,2.475,-1.8326339108670284
80.0,55.0,2.5,2.9890965502625435
80.0,55.0,2.525,2.2183130338310844
80.0,55.0,2.55,1.6143702886273945
80.0,55.0,2.575,1.273118859422253
80.0,55.0,2.6,1.0605326024966513
80.0,55.0,2.625,0.9161661748393795
80.0,55.0,2.65,0.8116239867958492
80.0,55.0,2.675,0.7321760245981512
80.0,55.0,2.7,0.6695011530209263
80.0,55.0,2.725,0.6185672635531806
80.0,55.0,2.75,0.5761601488548495
80.0,55.0,2.775,0.540133273027432
80.0,55.0,2.8,0.5089998296459514
80.0,55.0,2.825,0.4816971253168371
80.0,55.0,2.85,0.4574517289029373
80.0,55.0,2.875,0.4356905191324764
80.0,55.0,2.9,0.4159887416703836
80.0,55.0,2.925,0.39802169832106715
80.0,55.0,2.95,0.3815041046306405
80.0,55.0,2.975,0.3661590719681068
80.0,55.0,3.0,0.35175791601622736
80.0,55.0,3.025,0.33814429275502805
80.0,55.0,3.05,0.3252066599743429
80.0,55.0,3.075,0.3128521852971765
80.0,55.0,3.1,0.30099765991779376
80.0,55.0,3.125,0.2895675396233608
80.0,55.0,3.15,0.2784932131270135
80.0,55.0,3.175,0.2677121521494112
80.0,55.0,3.2,0.25716690723695035
80.0,55.0,3.225,0.24680407113292957
80.0,55.0,3.25,0.23657327975121392
80.0,55.0,3.275,0.2264262701741569
80.0,55.0,3.3,0.21631598744149091
80.0,55.0,3.325,0.20619571890753358
80.0,55.0,3.35,0.19601822879296427
80.0,55.0,3.375,0.1857348617482755
80.0,55.0,3.4,0.1752945804098662
80.0,55.0,3.425,0.16464289678083355
80.0,55.0,3.45,0.15372065027945456
80.0,55.0,3.475,0.14246257831503034
80.0,55.0,3.5,0.13079563989752793
80.0,55.0,3.525,0.11863734446893068
80.0,55.0,3.55,0.10588678579695315
80.0,55.0,3.575,0.09244038807699946
80.0,55.0,3.6,0.07816144742078446
80.0,55.0,3.625,0.06289196316618931
80.0,55.0,3.65,0.046439878252073394
80.0,55.0,3.675,0.028569036538646966
80.0,55.0,3.7,0.00898510318848414
80.0,55.0,3.725,-0.01268413835552977
80.0,55.0,3.75,-0.03691679347209165
80.0,55.0,3.775,-0.06433738694888724
80.0,55.0,3.8,-0.09577658967513442
80.0,60.0,2.4,1.5963915491383076
80.0,60.0,2.425,2.8756151445438216
80.0,60.0,2.45,1.9513962946283752
80.0,60.0,2.475,1.4644757385479683
80.0,60.0,2.5,1.1841582901452692
80.0,60.0,2.525,1.0038389280937159
80.0,60.0,2.55,0.8781441478229229
80.0,60.0,2.575,0.7852251728816559
80.0,60.0,2.6,0.7134543917301083
80.0,60.0,2.625,0.656091117174853
80.0,60.0,2.65,0.6089773335629397
80.0,60.0,2.675,0.5694016544177255
80.0,60.0,2.7,0.535526745589932
80.0,60.0,2.725,0.5060641970626982
80.0,60.0,2.75,0.48008489248498065
80.0,60.0,2.775,0.4569046664200299
80.0,60.0,2.8,0.4360149858813067
80.0,60.0,2.825,0.4170380315658433
80.0,60.0,2.85,0.3996829573876899
80.0,60.0,2.875,0.3836871498856408
80.0,60.0,2.9,0.3687905171182569
80.0,60.0,2.925,0.3547804037861583
80.0,60.0,2.95,0.3415142110716226
80.0,60.0,2.975,0.32889064787603145
80.0,60.0,3.0,0.316824731918354
80.0,60.0,3.025,0.3052396947915518
80.0,60.0,3.05,0.29406549475621957
80.0,60.0,3.075,0.2832383270192649
80.0,60.0,3.1,0.2726999372198522
80.0,60.0,3.125,0.2623967468673107
80.0,60.0,3.15,0.2522789261867736
80.0,60.0,3.175,0.24229949166961282
80.0,60.0,3.2,0.2324134545835595
80.0,60.0,3.225,0.2225770220764507
80.0,60.0,3.25,0.21274685536001528
80.0,60.0,3.275,0.20287948252594332
80.0,60.0,3.3,0.19293032613880406
80.0,60.0,3.325,0.18284145174678934
80.0,60.0,3.35,0.1725825049490486
80.0,60.0,3.375,0.16208829233896277
80.0,60.0,3.4,0.15130021277070718
80.0,60.0,3.425,0.14015210674919068
80.0,60.0,3.45,0.12856893805230557
80.0,60.0,3.475,0.116464565423072
80.0,60.0,3.5,0.10373881739202424
80.0,60.0,3.525,0.09027370455793018
80.0,60.0,3.55,0.07592846513298263
80.0,60.0,3.575,0.060532993332017095
80.0,60.0,3.6,0.04387898908696836
80.0,60.0,3.625,0.02570784387131206
80.0,60.0,3.65,0.005693767915210212
80.0,60.0,3.675,-0.016580155859184213
80.0,60.0,3.7,-0.041656655178717944
80.0,60.0,3.725,-0.07025562415705137
80.0,60.0,3.75,-0.10335199238135566
80.0,60.0,3.775,-0.1422967842312944
80.0,60.0,3.8,-0.18901008519746682
80.0,65.0,2.4,1.3925322611834081
80.0,65.0,2.425,1.1417788753473157
80.0,65.0,2.45,0.9774292842237393
80.0,65.0,2.475,0.8611488452890264
80.0,65.0,2.5,0.7742210167389972
80.0,65.0,2.525,0.7064850929620636
80.0,65.0,2.55,0.651969851875886
80.0,65.0,2.575,0.6069039547287808
80.0,65.0,2.6,0.5688453724847378
80.0,65.0,2.625,0.5361254260746632
80.0,65.0,2.65,0.5075607728406061
80.0,65.0,2.675,0.4822921829562942
80.0,65.0,2.7,0.4596839858720172
80.0,65.0,2.725,0.43926531801073415
80.0,65.0,2.75,0.42068808939434665
80.0,65.0,2.775,0.40367951602966173
80.0,65.0,2.8,0.38797883880653733
80.0,65.0,2.825,0.3733270287473146
80.0,65.0,2.85,0.3595252753852546
80.0,65.0,2.875,0.34644548774437217
80.0,65.0,2.9,0.3339944788077277
80.0,65.0,2.925,0.3220917052546803
80.0,65.0,2.95,0.31066368588826426
80.0,65.0,2.975,0.2996433406752096
80.0,65.0,3.0,0.28896968415550145
80.0,65.0,3.025,0.27858719350204625
80.0,65.0,3.05,0.268445006760498
80.0,65.0,3.075,0.25849618674211433
80.0,65.0,3.1,0.2486972885280245
80.0,65.0,3.125,0.23898802031556513
80.0,65.0,3.15,0.22935781745423223
80.0,65.0,3.175,0.21975272888108874
80.0,65.0,3.2,0.21012958470498544
80.0,65.0,3.225,0.20044739010071028
80.0,65.0,3.25,0.19066290966562544
80.0,65.0,3.275,0.18073021149558585
80.0,65.0,3.3,0.17059980694238538
80.0,65.0,3.325,0.16021756601904083
80.0,65.0,3.35,0.14952339929654895
80.0,65.0,3.375,0.13844964305391672
80.0,65.0,3.4,0.12691905106938428
80.0,65.0,3.425,0.11484225838488833
80.0,65.0,3.45,0.10211452991649526
80.0,65.0,3.475,0.08861153068378194
80.0,65.0,3.5,0.07418374149846094
80.0,65.0,3.525,0.05864897329370668
80.0,65.0,3.55,0.04178217058587855
80.0,65.0,3.575,0.023301282091736996
80.0,65.0,3.6,0.0028473147576575336
80.0,65.0,3.625,-0.020044399321104862
80.0,65.0,3.65,-0.045986523385922615
80.0,65.0,3.675,-0.07580358647467136
80.0,65.0,3.7,-0.11063097723121786
80.0,65.0,3.725,-0.1520728312131899
80.0,65.0,3.75,-0.20246139868735752
80.0,65.0,3.775,-0.2652948159872835
80.0,65.0,3.8,-0.34598671397070224
80.0,70.0,2.4,0.8617757656929337
80.0,70.0,2.425,0.776525678003258
80.0,70.0,2.45,0.7099017437174755
80.0,70.0,2.475,0.656135798519754
80.0,70.0,2.5,0.6116152925675343
80.0,70.0,2.525,0.5739788097759368
80.0,70.0,2.55,0.541592006754516
80.0,70.0,2.575,0.5132542964576102
80.0,70.0,2.6,0.4881485714027576
80.0,70.0,2.625,0.4656677119918382
80.0,70.0,2.65,0.4453588008829555
80.0,70.0,2.675,0.4268881109911083
80.0,70.0,2.7,0.4099827628550336
80.0,70.0,2.725,0.3943620099896955
80.0,70.0,2.75,0.3797581642226347
80.0,70.0,2.775,0.3659900850347552
80.0,70.0,2.8,0.3529443133575787
80.0,70.0,2.825,0.34053220962347097
80.0,70.0,2.85,0.3286739909143454
80.0,70.0,2.875,0.31729657784790866
80.0,70.0,2.9,0.30633374906648714
80.0,70.0,2.925,0.2957260486607822
80.0,70.0,2.95,0.28541940633252766
80.0,70.0,2.975,0.27533763759678737
80.0,70.0,3.0,0.2654817435659436
80.0,70.0,3.025,0.2557899020979552
80.0,70.0,3.05,0.24621705227551005
80.0,70.0,3.075,0.23672491002762966
80.0,70.0,3.1,0.22727537535523076
80.0,70.0,3.125,0.21783020150662114
80.0,70.0,3.15,0.20835044299227592
80.0,70.0,3.175,0.19879578874820034
80.0,70.0,3.2,0.18912381157412667
80.0,70.0,3.225,0.17928911907092873
80.0,70.0,3.25,0.16924237254067048
80.0,70.0,3.275,0.15892912652581487
80.0,70.0,3.3,0.14828842597291972
80.0,70.0,3.325,0.13725107704796435
80.0,70.0,3.35,0.1257374782150156
80.0,70.0,3.375,0.11365485601329639
80.0,70.0,3.4,0.10089368854296925
80.0,70.0,3.425,0.0873230088406394
80.0,70.0,3.45,0.07278414381288163
80.0,70.0,3.475,0.057082235559073234
80.0,70.0,3.5,0.03997456618319963
80.0,70.0,3.525,0.021154188268064197
80.0,70.0,3.55,0.00022651719057090514
80.0,70.0,3.575,-0.023324872621324596
80.0,70.0,3.6,-0.050189433075878975
80.0,70.0,3.625,-0.08130828136915262
80.0,70.0,3.65,-0.11799854757359969
80.0,70.0,3.675,-0.16215617313293554
80.0,70.0,3.7,-0.21659721659060094
80.0,70.0,3.725,-0.28564790863745954
80.0,70.0,3.75,-0.3761706664871055
80.0,70.0,3.775,-0.49920710903359616
80.0,70.0,3.8,-0.6711945461247928
80.0,75.0,2.4,0.6683568212739474
80.0,75.0,2.425,0.6230018311576049
80.0,75.0,2.45,0.5846947638432815
80.0,75.0,2.475,0.5517511732462445
80.0,75.0,2.5,0.5229959157613795
80.0,75.0,2.525,0.49760798955886065
80.0,75.0,2.55,0.47489075084427984
80.0,75.0,2.575,0.45432989157165526
80.0,75.0,2.6,0.4356659018888309
80.0,75.0,2.625,0.41861932531526147
80.0,75.0,2.65,0.4028548151946398
80.0,75.0,2.675,0.38809906309959785
80.0,75.0,2.7,0.37419479427781105
80.0,75.0,2.725,0.3610365558733187
80.0,75.0,2.75,0.3485345407605387
80.0,75.0,2.775,0.3366063434700313
80.0,75.0,2.8,0.3251771478967741
80.0,75.0,2.825,0.3141777474210771
80.0,75.0,2.85,0.30351914359960186
80.0,75.0,2.875,0.2931961201645172
80.0,75.0,2.9,0.28314667138742244
80.0,75.0,2.925,0.2733149419356991
80.0,75.0,2.95,0.26365961292867685
80.0,75.0,2.975,0.25414149719901774
80.0,75.0,3.0,0.2447228344715035
80.0,75.0,3.025,0.2353667687253423
80.0,75.0,3.05,0.22603676162074007
80.0,75.0,3.075,0.21669597378442307
80.0,75.0,3.1,0.2073066140094459
80.0,75.0,3.125,0.19782924011672268
80.0,75.0,3.15,0.18822198663714693
80.0,75.0,3.175,0.17843968711300356
80.0,75.0,3.2,0.16843284995905308
80.0,75.0,3.225,0.1581464348157766
80.0,75.0,3.25,0.14751835951737144
80.0,75.0,3.275,0.13647764398024678
80.0,75.0,3.3,0.1249420632357254
80.0,75.0,3.325,0.11281513248442519
80.0,75.0,3.35,0.09998217460396842
80.0,75.0,3.375,0.08630511249593219
80.0,75.0,3.4,0.07161546468707136
80.0,75.0,3.425,0.05570476897402103
80.0,75.0,3.45,0.03831125838059601
80.0,75.0,3.475,0.01910096677349104
80.0,75.0,3.5,-0.0023596293496048505
80.0,75.0,3.525,-0.02664414642766975
80.0,75.0,3.55,-0.054527902303863104
80.0,75.0,3.575,-0.08708422179342029
80.0,75.0,3.6,-0.12583967539322813
80.0,75.0,3.625,-0.17303259882245467
80.0,75.0,3.65,-0.23205748108252697
80.0,75.0,3.675,-0.3082459367473298
80.0,75.0,3.7,-0.4102133715207219
80.0,75.0,3.725,-0.5517093930690254
80.0,75.0,3.75,-0.7495486604917854
80.0,75.0,3.775,-0.9719034471270849
80.0,75.0,3.8,-0.7247001176937727
80.0,80.0,2.4,0.5668975348811756
80.0,80.0,2.425,0.5370316522495561
80.0,80.0,2.45,0.5107014275168338
80.0,80.0,2.475,0.48727505817119626
80.0,80.0,2.5,0.4662986003822198
80.0,80.0,2.525,0.44725238227085024
80.0,80.0,2.55,0.42968787657016216
80.0,80.0,2.575,0.41349693942302645
80.0,80.0,2.6,0.3983973915097099
80.0,80.0,2.625,0.3841927762270446
80.0,80.0,2.65,0.37077695649095355
80.0,80.0,2.675,0.35805595959539344
80.0,80.0,2.7,0.3459416469057829
80.0,80.0,2.725,0.33434896599617275
80.0,80.0,2.75,0.32318355057511683
80.0,80.0,2.775,0.3124343726978833
80.0,80.0,2.8,0.3020311745588579
80.0,80.0,2.825,0.29191176220372955
80.0,80.0,2.85,0.2820306937272045
80.0,80.0,2.875,0.2723462173495928
80.0,80.0,2.9,0.26281905493470653
80.0,80.0,2.925,0.2534118025985682
80.0,80.0,2.95,0.2440883302163307
80.0,80.0,2.975,0.23481317957083878
80.0,80.0,3.0,0.22555096138191405
80.0,80.0,3.025,0.21626573881892652
80.0,80.0,3.05,0.20692037848474257
80.0,80.0,3.075,0.1974758452582593
80.0,80.0,3.1,0.18789041241022547
80.0,80.0,3.125,0.17811875175938888
80.0,80.0,3.15,0.16811085925327704
80.0,80.0,3.175,0.15781075800551253
80.0,80.0,3.2,0.14715490178097712
80.0,80.0,3.225,0.13607017465466661
80.0,80.0,3.25,0.12447134321220915
80.0,80.0,3.275,0.1122577602025133
80.0,80.0,3.3,0.09930903348821789
80.0,80.0,3.325,0.08547924613138322
80.0,80.0,3.35,0.07058911727399385
80.0,80.0,3.375,0.05441518671950358
80.0,80.0,3.4,0.03667461583731288
80.0,80.0,3.425,0.017003394903101203
80.0,80.0,3.45,-0.0050756008507939245
80.0,80.0,3.475,-0.030200591252188384
80.0,80.0,3.5,-0.059244927407086125
80.0,80.0,3.525,-0.09343476813702574
80.0,80.0,3.55,-0.13454199815718138
80.0,80.0,3.575,-0.1852110128063704
80.0,80.0,3.6,-0.24952108227839861
80.0,80.0,3.625,-0.33393247124306236
80.0,80.0,3.65,-0.44891534066003935
80.0,80.0,3.675,-0.6114862508665467
80.0,80.0,3.7,-0.8323966758860954
80.0,80.0,3.725,-0.9584712197253431
80.0,80.0,3.75,0.03742218786196067
80.0,80.0,3.775,1.2281203375315375
80.0,80.0,3.8,1.1771233084731516
80.0,85.0,2.4,0.5032727116438983
80.0,85.0,2.425,0.48136224031950003
80.0,85.0,2.45,0.4615798841709552
80.0,85.0,2.475,0.44339399057930745
80.0,85.0,2.5,0.42651285553592805
80.0,85.0,2.525,0.4107722433257725
80.0,85.0,2.55,0.396066557151038
80.0,85.0,2.575,0.3822533397959434
80.0,85.0,2.6,0.3691812345260216
80.0,85.0,2.625,0.3567554097946494
80.0,85.0,2.65,0.3448802082062773
80.0,85.0,2.675,0.33348396876421105
80.0,85.0,2.7,0.32253924690625263
80.0,85.0,2.725,0.31196271780551244
80.0,85.0,2.75,0.3016967374668845
80.0,85.0,2.775,0.2916944428454888
80.0,85.0,2.8,0.281912926864464
80.0,85.0,2.825,0.27231219605020485
80.0,85.0,2.85,0.2628545180293436
80.0,85.0,2.875,0.2535037973097904
80.0,85.0,2.9,0.24422497014222125
80.0,85.0,2.925,0.234983413162298
80.0,85.0,2.95,0.22574435207034657
80.0,85.0,2.975,0.21647225181644436
80.0,85.0,3.0,0.20713016635065462
80.0,85.0,3.025,0.19767902223033126
80.0,85.0,3.05,0.18807680522952294
80.0,85.0,3.075,0.17827761173394635
80.0,85.0,3.1,0.16823051615302714
80.0,85.0,3.125,0.15787819048813137
80.0,85.0,3.15,0.1471551905739802
80.0,85.0,3.175,0.13598579235292885
80.0,85.0,3.2,0.12428121622607276
80.0,85.0,3.225,0.11193601081042973
80.0,85.0,3.25,0.09882326777007522
80.0,85.0,3.275,0.08478818799662026
80.0,85.0,3.3,0.06963928512164072
80.0,85.0,3.325,0.053136143009689676
80.0,85.0,3.35,0.03497200060406389
80.0,85.0,3.375,0.014748724926634173
80.0,85.0,3.4,-0.008060794323798371
80.0,85.0,3.425,-0.03416923957377175
80.0,85.0,3.45,-0.06456372568520945
80.0,85.0,3.475,-0.10064822023646487
80.0,85.0,3.5,-0.14447675003976448
80.0,85.0,3.525,-0.1991494570465782
80.0,85.0,3.55,-0.2696360762089553
80.0,85.0,3.575,-0.36419839454636665
80.0,85.0,3.6,-0.496086525249893
80.0,85.0,3.625,-0.683264985818101
80.0,85.0,3.65,-0.9061784624418804
80.0,85.0,3.675,-0.6935717559466126
80.0,85.0,3.7,0.8241736591057623
80.0,85.0,3.725,1.2341683326283002
80.0,85.0,3.75,1.0357321489115834
80.0,85.0,3.775,0.8464423521912254
80.0,85.0,3.8,0.7107345255371255
80.0,90.0,2.4,0.45976649563048394
80.0,90.0,2.425,0.4419666097744708
80.0,90.0,2.45,0.42545525762816383
80.0,90.0,2.475,0.4100607734033972
80.0,90.0,2.5,0.39562939703146904
80.0,90.0,2.525,0.3820306990169112
80.0,90.0,2.55,0.36916212531521925
80.0,90.0,2.575,0.3569047735356836
80.0,90.0,2.6,0.345167328540136
80.0,90.0,2.625,0.33391825719063767
80.0,90.0,2.65,0.3230787595199913
80.0,90.0,2.675,0.3125841487503173
80.0,90.0,2.7,0.30238443339518106
80.0,90.0,2.725,0.2924346778489353
80.0,90.0,2.75,0.2826934177937746
80.0,90.0,2.775,0.27312185635920033
80.0,90.0,2.8,0.2636832268424677
80.0,90.0,2.825,0.25434218151166105
80.0,90.0,2.85,0.245064199307112
80.0,90.0,2.875,0.2358150046864786
80.0,90.0,2.9,0.22655998137998934
80.0,90.0,2.925,0.21726356097747715
80.0,90.0,2.95,0.2078885630473957
80.0,90.0,2.975,0.1983954593709595
80.0,90.0,3.0,0.18874152901658217
80.0,90.0,3.025,0.17887986256314192
80.0,90.0,3.05,0.16875816173911304
80.0,90.0,3.075,0.15831726353730033
80.0,90.0,3.1,0.14748929318701123
80.0,90.0,3.125,0.13619531478483873
80.0,90.0,3.15,0.12434229778023091
80.0,90.0,3.175,0.11181910969964469
80.0,90.0,3.2,0.09849122505063268
80.0,90.0,3.225,0.08419361807640778
80.0,90.0,3.25,0.06872064798013537
80.0,90.0,3.275,0.05181229814182613
80.0,90.0,3.3,0.033134173732322206
80.0,90.0,3.325,0.012248292405561188
80.0,90.0,3.35,-0.011430708553920447
80.0,90.0,3.375,-0.03870284850970374
80.0,90.0,3.4,-0.07068869314453269
80.0,90.0,3.425,-0.10900221594067175
80.0,90.0,3.45,-0.15606823179276258
80.0,90.0,3.475,-0.21570543131032258
80.0,90.0,3.5,-0.29401269460326246
80.0,90.0,3.525,-0.4010719489315803
80.0,90.0,3.55,-0.5530788868808123
80.0,90.0,3.575,-0.7649657105025163
80.0,90.0,3.6,-0.9218263334075942
80.0,90.0,3.625,-0.04648691327020804
80.0,90.0,3.65,1.1755342374938864
80.0,90.0,3.675,1.1276990699237552
80.0,90.0,3.7,0.9159622274444209
80.0,90.0,3.725,0.7561112827630057
80.0,90.0,3.75,0.6428640258008956
80.0,90.0,3.775,0.5599987840653252
80.0,90.0,3.8,0.49677063906105345
80.0,95.0,2.4,0.4263371987666877
80.0,95.0,2.425,0.41112000035527146
80.0,95.0,2.45,0.3968362552779571
80.0,95.0,2.475,0.3833551481864641
80.0,95.0,2.5,0.3705630424931279
80.0,95.0,2.525,0.35836145436951605
80.0,95.0,2.55,0.34669219332110396
80.0,95.0,2.575,0.33549018571127043
80.0,95.0,2.6,0.3246772685369977
80.0,95.0,2.625,0.31419735970311974
80.0,95.0,2.65,0.3040026493729053
80.0,95.0,2.675,0.29404936909676155
80.0,95.0,2.7,0.28429683889387314
80.0,95.0,2.725,0.2747068579580244
80.0,95.0,2.75,0.2652431145488581
80.0,95.0,2.775,0.255870533936405
80.0,95.0,2.8,0.24655469865402
80.0,95.0,2.825,0.2372612720750563
80.0,95.0,2.85,0.2279554080657525
80.0,95.0,2.875,0.21860112827526157
80.0,95.0,2.9,0.20916064293082873
80.0,95.0,2.925,0.19959358593435222
80.0,95.0,2.95,0.18985612831686743
80.0,95.0,2.975,0.17989992477781075
80.0,95.0,3.0,0.16967083772620917
80.0,95.0,3.025,0.15910702561466505
80.0,95.0,3.05,0.14813837616228773
80.0,95.0,3.075,0.13668130021045488
80.0,95.0,3.1,0.12463783590744294
80.0,95.0,3.125,0.11189012557980697
80.0,95.0,3.15,0.0982946790329593
80.0,95.0,3.175,0.08367428748641394
80.0,95.0,3.2,0.06780677781312641
80.0,95.0,3.225,0.050409075922944115
80.0,95.0,3.25,0.03111414804322728
80.0,95.0,3.275,0.00943687820836453
80.0,95.0,3.3,-0.015277653883148152
80.0,95.0,3.325,-0.04393471375032152
80.0,95.0,3.35,-0.07782119737023567
80.0,95.0,3.375,-0.11883860171945025
80.0,95.0,3.4,-0.16990059083890885
80.0,95.0,3.425,-0.2355942352033163
80.0,95.0,3.45,-0.3234670452156797
80.0,95.0,3.475,-0.44619778130645743
80.0,95.0,3.5,-0.6228330706461591
80.0,95.0,3.525,-0.8505615920429406
80.0,95.0,3.55,-0.759068219389311
80.0,95.0,3.575,0.7147951118130342
80.0,95.0,3.6,1.2077987884966088
80.0,95.0,3.625,1.0100251728732699
80.0,95.0,3.65,0.8200075284646072
80.0,95.0,3.675,0.6855941588936579
80.0,95.0,3.7,0.589636991610539
80.0,95.0,3.725,0.5181736581222316
80.0,95.0,3.75,0.4626712175198151
80.0,95.0,3.775,0.41795359410933275
80.0,95.0,3.8,0.38077154505822963
80.0,100.0,2.4,0.39953891632591715
80.0,100.0,2.425,0.3860591847722608
80.0,100.0,2.45,0.37325636745717683
80.0,100.0,2.475,0.3610361309414468
80.0,100.0,2.5,0.3493401838330753
80.0,100.0,2.525,0.33810242225137055
80.0,100.0,2.55,0.32725121670507595
80.0,100.0,2.575,0.31672816368168605
80.0,100.0,2.6,0.3064847340280871
80.0,100.0,2.625,0.2964782963491691
80.0,100.0,2.65,0.2866686768271635
80.0,100.0,2.675,0.2770178739895829
80.0,100.0,2.7,0.2674895452743674
80.0,100.0,2.725,0.2580484603691787
80.0,100.0,2.75,0.2486599406894026
80.0,100.0,2.775,0.2392892414478679
80.0,100.0,2.8,0.22990095230645194
80.0,100.0,2.825,0.2204583565201051
80.0,100.0,2.85,0.21092272491802402
80.0,100.0,2.875,0.20125253239474095
80.0,100.0,2.9,0.19140219978730316
80.0,100.0,2.925,0.1813220073118928
80.0,100.0,2.95,0.17095517512923727
80.0,100.0,2.975,0.16023729696760067
80.0,100.0,3.0,0.14909375173333417
80.0,100.0,3.025,0.13743692635945257
80.0,100.0,3.05,0.12516252628886004
80.0,100.0,3.075,0.1121446594879985
80.0,100.0,3.1,0.09822918261832514
80.0,100.0,3.125,0.08322453927499578
80.0,100.0,3.15,0.0668889098930142
80.0,100.0,3.175,0.048911823880954705
80.0,100.0,3.2,0.028887267611131154
80.0,100.0,3.225,0.006273408860801297
80.0,100.0,3.25,-0.01966937065712933
80.0,100.0,3.275,-0.04997749912105665
80.0,100.0,3.3,-0.08615231835423307
80.0,100.0,3.325,-0.13044864349621002
80.0,100.0,3.35,-0.18636118895273623
80.0,100.0,3.375,-0.25954410907625947
80.0,100.0,3.4,-0.35952440999138807
80.0,100.0,3.425,-0.5023227107151227
80.0,100.0,3.45,-0.7080920070185797
80.0,100.0,3.475,-0.9119248604130822
80.0,100.0,3.5,-0.2374016040033682
80.0,100.0,3.525,1.1385571556265044
80.0,100.0,3.55,1.1251773150038886
80.0,100.0,3.575,0.9066446218285795
80.0,100.0,3.6,0.7436503900545486
80.0,100.0,3.625,0.6298025415939407
80.0,100.0,3.65,0.5473008204301859
80.0,100.0,3.675,0.48476503408842514
80.0,100.0,3.7,0.4353809166717823
80.0,100.0,3.725,0.39500375826426404
80.0,100.0,3.75,0.36099120363339193
80.0,100.0,3.775,0.3315895680686969
80.0,100.0,3.8,0.30558941135643386
80.0,105.0,2.4,0.3771509218232089
80.0,105.0,2.425,0.3648324315527072
80.0,105.0,2.45,0.3530368052495654
80.0,105.0,2.475,0.3416995843452022
80.0,105.0,2.5,0.33074747144426053
80.0,105.0,2.525,0.3201243217073174
80.0,105.0,2.55,0.309783741657027
80.0,105.0,2.575,0.2996799886241762
80.0,105.0,2.6,0.2897718900202023
80.0,105.0,2.625,0.2800216473853289
80.0,105.0,2.65,0.27039267689232827
80.0,105.0,2.675,0.26084930100705694
80.0,105.0,2.7,0.2513562253370435
80.0,105.0,2.725,0.24187797808085948
80.0,105.0,2.75,0.23237831574485346
80.0,105.0,2.775,0.2228191009074852
80.0,105.0,2.8,0.213161212070824
80.0,105.0,2.825,0.2033609421547468
80.0,105.0,2.85,0.1933712797594151
80.0,105.0,2.875,0.18313978300492165
80.0,105.0,2.9,0.17260720121485387
80.0,105.0,2.925,0.16170560272192191
80.0,105.0,2.95,0.15035597601864667
80.0,105.0,2.975,0.1384651133382832
80.0,105.0,3.0,0.12592149765450894
80.0,105.0,3.025,0.11258978576446066
80.0,105.0,3.05,0.09830328230700776
80.0,105.0,3.075,0.08285348739196939
80.0,105.0,3.1,0.0659752965847131
80.0,105.0,3.125,0.04732559880266454
80.0,105.0,3.15,0.026451603729645015
80.0,105.0,3.175,0.0027427483733250655
80.0,105.0,3.2,-0.024644634595684473
80.0,105.0,3.225,-0.05691067392914702
80.0,105.0,3.25,-0.09582309700174385
80.0,105.0,3.275,-0.14407814052278117
80.0,105.0,3.3,-0.20595198412493768
80.0,105.0,3.325,-0.288550526298253
80.0,105.0,3.35,-0.40410869211444517
80.0,105.0,3.375,-0.5728575269985451
80.0,105.0,3.4,-0.8086838608420679
80.0,105.0,3.425,-0.858114634284287
80.0,105.0,3.45,0.5575751336015403
80.0,105.0,3.475,1.2235713507061456
80.0,105.0,3.5,1.0205889080129154
80.0,105.0,3.525,0.8209836648267567
80.0,105.0,3.55,0.6824944963172768
80.0,105.0,3.575,0.5850699045593807
80.0,105.0,3.6,0.5132360135018021
80.0,105.0,3.625,0.45782809164640087
80.0,105.0,3.65,0.4134006878819758
80.0,105.0,3.675,0.3765856406993245
80.0,105.0,3.7,0.3452057556095188
80.0,105.0,3.725,0.31779420182975027
80.0,105.0,3.75,0.2933245226047494
80.0,105.0,3.775,0.27105267239772673
80.0,105.0,3.8,0.250420882274586
80.0,110.0,2.4,0.35773476455144254
80.0,110.0,2.425,0.3462358951322767
80.0,110.0,2.45,0.3351307083060645
80.0,110.0,2.475,0.32435960383292506
80.0,110.0,2.5,0.31387345812169615
80.0,110.0,2.525,0.30362818011092285
80.0,110.0,2.55,0.29358340103408803
80.0,110.0,2.575,0.28369842724137123
80.0,110.0,2.6,0.2739354524432889
80.0,110.0,2.625,0.26425836886193455
80.0,110.0,2.65,0.254630986400635
80.0,110.0,2.675,0.24501688925267956
80.0,110.0,2.7,0.23537900458623873
80.0,110.0,2.725,0.22567793142493553
80.0,110.0,2.75,0.21587225099426788
80.0,110.0,2.775,0.20591712027603126
80.0,110.0,2.8,0.1957632402884327
80.0,110.0,2.825,0.1853555431856445
80.0,110.0,2.85,0.1746315583259934
80.0,110.0,2.875,0.16351934718291966
80.0,110.0,2.9,0.1519348485174567
80.0,110.0,2.925,0.1397784082191811
80.0,110.0,2.95,0.12693016807226257
80.0,110.0,2.975,0.11324383440241628
80.0,110.0,3.0,0.09853810803490724
80.0,110.0,3.025,0.0825846744793603
80.0,110.0,3.05,0.06509102773275749
80.0,110.0,3.075,0.04567535150974291
80.0,110.0,3.1,0.023828868909601196
80.0,110.0,3.125,-0.0011421849474134297
80.0,110.0,3.15,-0.03020910995291254
80.0,110.0,3.175,-0.06477519141304562
80.0,110.0,3.2,-0.10694296065180268
80.0,110.0,3.225,-0.15998515528355606
80.0,110.0,3.25,-0.2292295488126369
80.0,110.0,3.275,-0.3237810525900725
80.0,110.0,3.3,-0.45965016968331573
80.0,110.0,3.325,-0.6618332665486919
80.0,110.0,3.35,-0.9118883694584416
80.0,110.0,3.375,-0.483001848631762
80.0,110.0,3.4,1.119556717567989
80.0,110.0,3.425,1.1604990261752812
80.0,110.0,3.45,0.9237814321438399
80.0,110.0,3.475,0.7511203154049481
80.0,110.0,3.5,0.6330892787323804
80.0,110.0,3.525,0.5488041504747418
80.0,110.0,3.55,0.4855420451765338
80.0,110.0,3.575,0.4359471445870171
80.0,110.0,3.6,0.39561465512061905
80.0,110.0,3.625,0.36178066832156835
80.0,110.0,3.65,0.3326313095798277
80.0,110.0,3.675,0.3069266287195845
80.0,110.0,3.7,0.2837868624951177
80.0,110.0,3.725,0.2625656544012227
80.0,110.0,3.75,0.2427717621154568
80.0,110.0,3.775,0.22401884944880357
80.0,110.0,3.8,0.2059921310072442
80.0,115.0,2.4,0.34038140776186226
80.0,115.0,2.425,0.3294145976239584
80.0,115.0,2.45,0.3187412675202602
80.0,115.0,2.475,0.30831561708473604
80.0,115.0,2.5,0.2980950484861258
80.0,115.0,2.525,0.28803956326750474
80.0,115.0,2.55,0.2781110726420942
80.0,115.0,2.575,0.26827085713720444
80.0,115.0,2.6,0.258481710537967
80.0,115.0,2.625,0.24870570154350405
80.0,115.0,2.65,0.23890427068966388
80.0,115.0,2.675,0.22903685940457347
80.0,115.0,2.7,0.2190602077480088
80.0,115.0,2.725,0.20892739939757002
80.0,115.0,2.75,0.1985866952673727
80.0,115.0,2.775,0.18798007928434618
80.0,115.0,2.8,0.177041466214215
80.0,115.0,2.825,0.1656944215010771
80.0,115.0,2.85,0.15384921062996026
80.0,115.0,2.875,0.14139891690291526
80.0,115.0,2.9,0.12821424629165634
80.0,115.0,2.925,0.11413645316727129
80.0,115.0,2.95,0.09896752876866212
80.0,115.0,2.975,0.08245632230881587
80.0,115.0,3.0,0.06427848209865801
80.0,115.0,3.025,0.04400677037597377
80.0,115.0,3.05,0.021065960398009734
80.0,115.0,3.075,-0.00533777534171398
80.0,115.0,3.1,-0.03633154237906266
80.0,115.0,3.125,-0.07357077289868758
80.0,115.0,3.15,-0.11958383665863051
80.0,115.0,3.175,-0.1784008884810938
80.0,115.0,3.2,-0.25677356744700847
80.0,115.0,3.225,-0.36659808815164113
80.0,115.0,3.25,-0.5292567470656241
80.0,115.0,3.275,-0.7730706549328413
80.0,115.0,3.3,-0.962341499626001
80.0,115.0,3.325,0.3313199586083726
80.0,115.0,3.35,1.2798508305505685
80.0,115.0,3.375,1.0605666376504461
80.0,115.0,3.4,0.841558606278416
80.0,115.0,3.425,0.6942950397004407
80.0,115.0,3.45,0.5928863121503589
80.0,115.0,3.475,0.5191768580146837
80.0,115.0,3.5,0.46289202393705015
80.0,115.0,3.525,0.41809788039417006
80.0,115.0,3.55,0.3811955107813307
80.0,115.0,3.575,0.3498921829514317
80.0,115.0,3.6,0.3226608120555747
80.0,115.0,3.625,0.2984429068608108
80.0,115.0,3.65,0.2764774217755605
80.0,115.0,3.675,0.2561985607753448
80.0,115.0,3.7,0.23717022006825494
80.0,115.0,3.725,0.2190452021146384
80.0,115.0,3.75,0.20153637294310534
80.0,115.0,3.775,0.18439679496976075
80.0,115.0,3.8,0.1674050211172305
80.0,120.0,2.4,0.3243854634383469
80.0,120.0,2.425,0.3137402874707194
80.0,120.0,2.45,0.3033093083775242
80.0,120.0,2.475,0.2930493507886058
80.0,120.0,2.5,0.2829245995739762
80.0,120.0,2.525,0.27289191401881013
80.0,120.0,2.55,0.2629142808179727
80.0,120.0,2.575,0.252951468949978
80.0,120.0,2.6,0.2429629650308344
80.0,120.0,2.625,0.23290667609139862
80.0,120.0,2.65,0.22273741876067707
80.0,120.0,2.675,0.21240600258734127
80.0,120.0,2.7,0.2018579766441307
80.0,120.0,2.725,0.19103207585766754
80.0,120.0,2.75,0.17985825519110146
80.0,120.0,2.775,0.1682551510803326
80.0,120.0,2.8,0.15612679694519313
80.0,120.0,2.825,0.14335827068907853
80.0,120.0,2.85,0.12980982684928027
80.0,120.0,2.875,0.11530884302624188
80.0,120.0,2.9,0.09963855255342656
80.0,120.0,2.925,0.08252195033696433
80.0,120.0,2.95,0.0635982755217968
80.0,120.0,2.975,0.04238777020404098
80.0,120.0,3.0,0.018237360674838523
80.0,120.0,3.025,-0.009765803051941638
80.0,120.0,3.05,-0.042937450113085196
80.0,120.0,3.075,-0.08324468847124206
80.0,120.0,3.1,-0.13375568808005642
80.0,120.0,3.125,-0.19950322868973874
80.0,120.0,3.15,-0.2891790791167721
80.0,120.0,3.175,-0.418667228751303
80.0,120.0,3.2,-0.6167515959230216
80.0,120.0,3.225,-0.9060249475551093
80.0,120.0,3.25,-0.7828970354965474
80.0,120.0,3.275,1.094469331789761
80.0,120.0,3.3,1.2349414771124696
80.0,120.0,3.325,0.9639495763463157
80.0,120.0,3.35,0.7739298523288454
80.0,120.0,3.375,0.6480781740052997
80.0,120.0,3.4,0.5600415059060885
80.0,120.0,3.425,0.4948868141924405
80.0,120.0,3.45,0.4443273701191828
80.0,120.0,3.475,0.4035325700782637
80.0,120.0,3.5,0.3695288048870159
80.0,120.0,3.525,0.3403932115561
80.0,120.0,3.55,0.314826476569917
80.0,120.0,3.575,0.29191630162684773
80.0,120.0,3.6,0.27099873991467205
80.0,120.0,3.625,0.251573886847193
80.0,120.0,3.65,0.23325238180860955
80.0,120.0,3.675,0.21572012704378873
80.0,120.0,3.7,0.1987140733338496
80.0,120.0,3.725,0.1820048437024815
80.0,120.0,3.75,0.1653835854303941
80.0,120.0,3.775,0.1486513637396619
80.0,120.0,3.8,0.131609952456121
80.0,125.0,2.4,0.30923564634159184
80.0,125.0,2.425,0.29874266834205354
80.0,125.0,2.45,0.2883896337834317
80.0,125.0,2.475,0.27813671086747566
80.0,125.0,2.5,0.26794333041712304
80.0,125.0,2.525,0.25776867326909014
80.0,125.0,2.55,0.2475709950148802
80.0,125.0,2.575,0.2373050344829482
80.0,125.0,2.6,0.22692325519503617
80.0,125.0,2.625,0.21637417978267093
80.0,125.0,2.65,0.20560049725120003
80.0,125.0,2.675,0.19453747234855331
80.0,125.0,2.7,0.18311079573691955
80.0,125.0,2.725,0.171233808252413
80.0,125.0,2.75,0.15880384912019554
80.0,125.0,2.775,0.1456973629322036
80.0,125.0,2.8,0.1317632752900638
80.0,125.0,2.825,0.11681382559103896
80.0,125.0,2.85,0.10061162545347169
80.0,125.0,2.875,0.08285098673084378
80.0,125.0,2.9,0.06313032508654912
80.0,125.0,2.925,0.04091026272037458
80.0,125.0,2.95,0.015448063093300634
80.0,125.0,2.975,-0.014308623266777091
80.0,125.0,3.0,-0.04990145110266858
80.0,125.0,3.025,-0.09366951889595611
80.0,125.0,3.05,-0.14938664717060407
80.0,125.0,3.075,-0.223366279558859
80.0,125.0,3.1,-0.32696806598458195
80.0,125.0,3.125,-0.48176955626921036
80.0,125.0,3.15,-0.7266660883039201
80.0,125.0,3.175,-1.0413929168715854
80.0,125.0,3.2,-0.08205349088966053
80.0,125.0,3.225,1.3789270277161538
80.0,125.0,3.25,1.1345359039410086
80.0,125.0,3.275,0.8815261406560511
80.0,125.0,3.3,0.7190593902374661
80.0,125.0,3.325,0.6105285825239076
80.0,125.0,3.35,0.533208880855348
80.0,125.0,3.375,0.47499468806659556
80.0,125.0,3.4,0.42915308778835276
80.0,125.0,3.425,0.39170382859000996
80.0,125.0,3.45,0.36015947597771497
80.0,125.0,3.475,0.3328877790942053
80.0,125.0,3.5,0.30877141579627004
80.0,125.0,3.525,0.2870161339283972
80.0,125.0,3.55,0.2670373055038093
80.0,125.0,3.575,0.24838989967382058
80.0,125.0,3.6,0.23072350141912373
80.0,125.0,3.625,0.2137522721414753
80.0,125.0,3.65,0.1972340492017698
80.0,125.0,3.675,0.18095510472821
80.0,125.0,3.7,0.16471837565849326
80.0,125.0,3.725,0.14833370508075827
80.0,125.0,3.75,0.1316090395581272
80.0,125.0,3.775,0.11434173640003809
80.0,125.0,3.8,0.09630921985753167
80.0,130.0,2.4,0.2945255963433604
80.0,130.0,2.425,0.2840246997094792
80.0,130.0,2.45,0.273591015248115
80.0,130.0,2.475,0.263181458515178
80.0,130.0,2.5,0.25275166892393186
80.0,130.0,2.525,0.2422552809402799
80.0,130.0,2.55,0.23164290129132184
80.0,130.0,2.575,0.2208593073635514
80.0,130.0,2.6,0.20984397071241667
80.0,130.0,2.625,0.19852867473767427
80.0,130.0,2.65,0.1868346958415401
80.0,130.0,2.675,0.1746698396397051
80.0,130.0,2.7,0.16192439604355133
80.0,130.0,2.725,0.14846570104289045
80.0,130.0,2.75,0.13413068356657598
80.0,130.0,2.775,0.11871544721464362
80.0,130.0,2.8,0.10196045029183472
80.0,130.0,2.825,0.08352890312248952
80.0,130.0,2.85,0.06297446402791942
80.0,130.0,2.875,0.03969151489589979
80.0,130.0,2.9,0.0128359467604398
80.0,130.0,2.925,-0.018805058982291928
80.0,130.0,2.95,-0.057026350183372224
80.0,130.0,2.975,-0.10465217896767072
80.0,130.0,3.0,-0.1662775989095607
80.0,130.0,3.025,-0.24991769678013573
80.0,130.0,3.05,-0.37055313299903897
80.0,130.0,3.075,-0.5579195590686352
80.0,130.0,3.1,-0.8633387241531576
80.0,130.0,3.125,-1.0942897401624079
80.0,130.0,3.15,0.9277270967020035
80.0,130.0,3.175,1.36491624622125
80.0,130.0,3.2,1.03475433738527
80.0,130.0,3.225,0.814404926211643
80.0,130.0,3.25,0.6749048442725265
80.0,130.0,3.275,0.580139947800183
80.0,130.0,3.3,0.5113912914301793
80.0,130.0,3.325,0.458811649194197
80.0,130.0,3.35,0.4168595455180744
80.0,130.0,3.375,0.38220909663460645
80.0,130.0,3.4,0.3527503977741892
80.0,130.0,3.425,0.3270802146615475
80.0,130.0,3.45,0.3042262571255846
80.0,130.0,3.475,0.2834896658809888
80.0,130.0,3.5,0.26435067727519074
80.0,130.0,3.525,0.24640968427730403
80.0,130.0,3.55,0.22934893276157137
80.0,130.0,3.575,0.2129066375863562
80.0,130.0,3.6,0.19685874222691707
80.0,130.0,3.625,0.1810054198036834
80.0,130.0,3.65,0.16516046059386139
80.0,130.0,3.675,0.1491422791014821
80.0,130.0,3.7,0.13276558998420793
80.0,130.0,3.725,0.11583294163560684
80.0,130.0,3.75,0.09812530356216684
80.0,130.0,3.775,0.07939079485445026
80.0,130.0,3.8,0.059330415648741475
80.0,135.0,2.4,0.2798841407963765
80.0,135.0,2.425,0.26921655047220955
80.0,135.0,2.45,0.25853449991195543
80.0,135.0,2.475,0.2477890224629182
80.0,135.0,2.5,0.23692769397212754
80.0,135.0,2.525,0.22589347381077562
80.0,135.0,2.55,0.21462308107361935
80.0,135.0,2.575,0.20304349593090945
80.0,135.0,2.6,0.1910713071621462
80.0,135.0,2.625,0.1786088133112629
80.0,135.0,2.65,0.16553913586922506
80.0,135.0,2.675,0.15172026844369418
80.0,135.0,2.7,0.1369767399325785
80.0,135.0,2.725,0.12108788773855172
80.0,135.0,2.75,0.10377099004105884
80.0,135.0,2.775,0.08465640348149427
80.0,135.0,2.8,0.06324994594389646
80.0,135.0,2.825,0.038873950977493174
80.0,135.0,2.85,0.01057485019222387
80.0,135.0,2.875,-0.023033039637844886
80.0,135.0,2.9,-0.06406578741279911
80.0,135.0,2.925,-0.11586805192596336
80.0,135.0,2.95,-0.18407610498073046
80.0,135.0,2.975,-0.2788521838005783
80.0,135.0,3.0,-0.42005864525912334
80.0,135.0,3.025,-0.6490456661800833
80.0,135.0,3.05,-1.0280305887975223
80.0,135.0,3.075,-0.8180627590626209
80.0,135.0,3.1,1.4904261433311903
80.0,135.0,3.125,1.2647593472199397
80.0,135.0,3.15,0.9505345507565355
80.0,135.0,3.175,0.760925140099329
80.0,135.0,3.2,0.6396686564716331
80.0,135.0,3.225,0.5557467509271486
80.0,135.0,3.25,0.4938360731564732
80.0,135.0,3.275,0.44582131960209803
80.0,135.0,3.3,0.4070674204591865
80.0,135.0,3.325,0.374749958864659
80.0,135.0,3.35,0.3470522699660636
80.0,135.0,3.375,0.3227512477107894
80.0,135.0,3.4,0.30099008875300437
80.0,135.0,3.425,0.2811467944701206
80.0,135.0,3.45,0.26275447268561025
80.0,135.0,3.475,0.245450986036376
80.0,135.0,3.5,0.22894587658847143
80.0,135.0,3.525,0.21299777158097385
80.0,135.0,3.55,0.1973982744547536
80.0,135.0,3.575,0.18195988308377115
80.0,135.0,3.6,0.16650634046536997
80.0,135.0,3.625,0.1508643063596635
80.0,135.0,3.65,0.13485549177585857
80.0,135.0,3.675,0.11828849675864665
80.0,135.0,3.7,0.10094956821838513
80.0,135.0,3.725,0.08259135477543862
80.0,135.0,3.75,0.06291838706341246
80.0,135.0,3.775,0.04156357825538242
80.0,135.0,3.8,0.01804812638155151
80.0,140.0,2.4,0.2649524254765014
80.0,140.0,2.425,0.2539396141696206
80.0,140.0,2.45,0.24281412015977685
80.0,140.0,2.475,0.23151575827148294
80.0,140.0,2.5,0.219977502856263
80.0,140.0,2.525,0.2081234704030099
80.0,140.0,2.55,0.19586608825681182
80.0,140.0,2.575,0.18310097432534114
80.0,140.0,2.6,0.16970396869966675
80.0,140.0,2.625,0.15552390000887079
80.0,140.0,2.65,0.14037292880980617
80.0,140.0,2.675,0.12401352028531168
80.0,140.0,2.7,0.1061394108556928
80.0,140.0,2.725,0.08634727771214688
80.0,140.0,2.75,0.06409317744003812
80.0,140.0,2.775,0.03862460953136951
80.0,140.0,2.8,0.008876935680975953
80.0,140.0,2.825,-0.026744368611161997
80.0,140.0,2.85,-0.0706775864900492
80.0,140.0,2.875,-0.1268867924740775
80.0,140.0,2.9,-0.20223097957193778
80.0,140.0,2.925,-0.3095356090224278
80.0,140.0,2.95,-0.47510851402893317
80.0,140.0,2.975,-0.7565605552784069
80.0,140.0,3.0,-1.210614189710034
80.0,140.0,3.025,0.08617173464883258
80.0,140.0,3.05,1.5831558648496198
80.0,140.0,3.075,1.1606662993585173
80.0,140.0,3.1,0.8834892560383077
80.0,140.0,3.125,0.7189451419500531
80.0,140.0,3.15,0.6118731408820223
80.0,140.0,3.175,0.5364419049767715
80.0,140.0,3.2,0.47996403962009426
80.0,140.0,3.225,0.43562979246131645
80.0,140.0,3.25,0.39948968169145277
80.0,140.0,3.275,0.3691029043221113
80.0,140.0,3.3,0.3428799528669701
80.0,140.0,3.325,0.31973896213787995
80.0,140.0,3.35,0.2989147257599885
80.0,140.0,3.375,0.27984687711502537
80.0,140.0,3.4,0.26211138461708205
80.0,140.0,3.425,0.24537683756239584
80.0,140.0,3.45,0.22937545447945368
80.0,140.0,3.475,0.21388308628907476
80.0,140.0,3.5,0.19870481080205815
80.0,140.0,3.525,0.18366400109728245
80.0,140.0,3.55,0.16859347485593376
80.0,140.0,3.575,0.15332773468303781
80.0,140.0,3.6,0.1376955102050394
80.0,140.0,3.625,0.12151184888520343
80.0,140.0,3.65,0.10456870220086047
80.0,140.0,3.675,0.08662041307235828
80.0,140.0,3.7,0.06737256258258378
80.0,140.0,3.725,0.04649457772552796
80.0,140.0,3.75,0.023510565940248994
80.0,140.0,3.775,-0.00217460942811504
80.0,140.0,3.8,-0.03135593677449943
80.0,145.0,2.4,0.24934080185365895
80.0,145.0,2.425,0.23776593336786342
80.0,145.0,2.45,0.2259509032509362
80.0,145.0,2.475,0.2138158130508359
80.0,145.0,2.5,0.2012681555170604
80.0,145.0,2.525,0.18819902530989915
80.0,145.0,2.55,0.17447774229370042
80.0,145.0,2.575,0.1599430824223232
80.0,145.0,2.6,0.1443951312708153
80.0,145.0,2.625,0.1275801359744595
80.0,145.0,2.65,0.10916886720613307
80.0,145.0,2.675,0.08872474545374634
80.0,145.0,2.7,0.06565407045844221
80.0,145.0,2.725,0.03913513642223981
80.0,145.0,2.75,0.007971093490543294
80.0,145.0,2.775,-0.02962590542095016
80.0,145.0,2.8,-0.07645231675700095
80.0,145.0,2.825,-0.13714750554909486
80.0,145.0,2.85,-0.21996060436803505
80.0,145.0,2.875,-0.3409009973541741
80.0,145.0,2.9,-0.5345224933474085
80.0,145.0,2.925,-0.8805588716806615
80.0,145.0,2.95,-1.3700472627137057
80.0,145.0,2.975,1.2004889503846539
80.0,145.0,3.0,1.5063408115683654
80.0,145.0,3.025,1.0739669015839832
80.0,145.0,3.05,0.8316830099224468
80.0,145.0,3.075,0.6865279477691766
80.0,145.0,3.1,0.5903460110038703
80.0,145.0,3.125,0.5215155838861827
80.0,145.0,3.15,0.4693227064712663
80.0,145.0,3.175,0.4279305008451504
80.0,145.0,3.2,0.39390523962790297
80.0,145.0,3.225,0.36509824443085637
80.0,145.0,3.25,0.3400950908536777
80.0,145.0,3.275,0.3179240140503094
80.0,145.0,3.3,0.29789196936083145
80.0,145.0,3.325,0.2794876426146291
80.0,145.0,3.35,0.26232146879264157
80.0,145.0,3.375,0.24608702340192004
80.0,145.0,3.4,0.23053520383673587
80.0,145.0,3.425,0.21545627207228948
80.0,145.0,3.45,0.20066680222057556
80.0,145.0,3.475,0.18599967321140437
80.0,145.0,3.5,0.17129586169271546
80.0,145.0,3.525,0.15639711015028027
80.0,145.0,3.55,0.14113859716313998
80.0,145.0,3.575,0.12534016770211423
80.0,145.0,3.6,0.10879618024838986
80.0,145.0,3.625,0.09129424506652825
80.0,145.0,3.65,0.07254573182409052
80.0,145.0,3.675,0.052190148808284174
80.0,145.0,3.7,0.029784069975795132
80.0,145.0,3.725,0.004746664865501948
80.0,145.0,3.75,-0.02370662533821029
80.0,145.0,3.775,-0.05666248597741977
80.0,145.0,3.8,-0.0956742439487528
80.0,150.0,2.4,0.23258750833340142
80.0,150.0,2.425,0.2201669418229993
80.0,150.0,2.45,0.2073290957564772
80.0,150.0,2.475,0.19395966279572574
80.0,150.0,2.5,0.17992106011507625
80.0,150.0,2.525,0.16504477210189641
80.0,150.0,2.55,0.14912021705778192
80.0,150.0,2.575,0.13187730006257145
80.0,150.0,2.6,0.11296527591457696
80.0,150.0,2.625,0.0919164882165563
80.0,150.0,2.65,0.06809136037688598
80.0,150.0,2.675,0.04059732704920451
80.0,150.0,2.7,0.008116479631579054
80.0,150.0,2.725,-0.031335910005301455
80.0,150.0,2.75,-0.08091764237812751
80.0,150.0,2.775,-0.14597040697930186
80.0,150.0,2.8,-0.2362436740786607
80.0,150.0,2.825,-0.3713650850750398
80.0,150.0,2.85,-0.5959613577361503
80.0,150.0,2.875,-1.0186461055664457
80.0,150.0,2.9,-1.4044177337901997
80.0,150.0,2.925,1.7935362597986668
80.0,150.0,2.95,1.4040993717341756
80.0,150.0,2.975,1.0072149741653003
80.0,150.0,3.0,0.7926672175956737
80.0,150.0,3.025,0.6621001111095643
80.0,150.0,3.05,0.5741702321151225
80.0,150.0,3.075,0.5104116702824257
80.0,150.0,3.1,0.461555624712692
80.0,150.0,3.125,0.42248195663601457
80.0,150.0,3.15,0.39014132517000316
80.0,150.0,3.175,0.3626054112717322
80.0,150.0,3.2,0.3385933728802588
80.0,150.0,3.225,0.317218340062413
80.0,150.0,3.25,0.29784346768163156
80.0,150.0,3.275,0.2799960193936061
80.0,150.0,3.3,0.2633138132073578
80.0,150.0,3.325,0.2475104992919431
80.0,150.0,3.35,0.23235217989006737
80.0,150.0,3.375,0.21764103467728815
80.0,150.0,3.4,0.20320332668153945
80.0,150.0,3.425,0.18888011425663015
80.0,150.0,3.45,0.17451950507158703
80.0,150.0,3.475,0.15996946527093175
80.0,150.0,3.5,0.1450701140207112
80.0,150.0,3.525,0.1296503530871563
80.0,150.0,3.55,0.1135389439120989
80.0,150.0,3.575,0.0964956452544842
80.0,150.0,3.6,0.07823718071458381
80.0,150.0,3.625,0.05843347169264301
80.0,150.0,3.65,0.0366531705314267
80.0,150.0,3.675,0.012330990897803608
80.0,150.0,3.7,-0.015296082393336144
80.0,150.0,3.725,-0.047288517042330024
80.0,150.0,3.75,-0.08516846933382112
80.0,150.0,3.775,-0.13120221314691274
80.0,150.0,3.8,-0.18890664519704678
80.0,155.0,2.4,0.21409885579443094
80.0,155.0,2.425,0.20043648933532512
80.0,155.0,2.45,0.1860946655226243
80.0,155.0,2.475,0.17089727653139505
80.0,155.0,2.5,0.15462358226221798
80.0,155.0,2.525,0.13699141430299333
80.0,155.0,2.55,0.11763171014063961
80.0,155.0,2.575,0.0960480843967647
80.0,155.0,2.6,0.07156035178500351
80.0,155.0,2.625,0.043210623086617765
80.0,155.0,2.65,0.009574507937027622
80.0,155.0,2.675,-0.0315175912592635
80.0,155.0,2.7,-0.08356456008155784
80.0,155.0,2.725,-0.15258954770367197
80.0,155.0,2.75,-0.2498519956564383
80.0,155.0,2.775,-0.39881345038329447
80.0,155.0,2.8,-0.6556239584317153
80.0,155.0,2.825,-1.1646328559907584
80.0,155.0,2.85,-1.160289457197831
80.0,155.0,2.875,1.940949707175118
80.0,155.0,2.9,1.3177651896322198
80.0,155.0,2.925,0.9583333598437728
80.0,155.0,2.95,0.7643229794998425
80.0,155.0,2.975,0.6444475333154541
80.0,155.0,3.0,0.5626410501084451
80.0,155.0,3.025,0.5026978814282054
80.0,155.0,3.05,0.4563828066884916
80.0,155.0,3.075,0.41909363495777874
80.0,155.0,3.1,0.3880621658309662
80.0,155.0,3.125,0.3615231292101534
80.0,155.0,3.15,0.3382955946019945
80.0,155.0,3.175,0.31755683499216447
80.0,155.0,3.2,0.2987128869889349
80.0,155.0,3.225,0.28132074625779596
80.0,155.0,3.25,0.2650395631837846
80.0,155.0,3.275,0.2495988187187192
80.0,155.0,3.3,0.23477677920826118
80.0,155.0,3.325,0.2203853230809397
80.0,155.0,3.35,0.20625875334085905
80.0,155.0,3.375,0.19224504632365336
80.0,155.0,3.4,0.1781984150668192
80.0,155.0,3.425,0.1639723927862807
80.0,155.0,3.45,0.14941643687057124
80.0,155.0,3.475,0.13438547044321847
80.0,155.0,3.5,0.11868131401259932
80.0,155.0,3.525,0.1020786345190255
80.0,155.0,3.55,0.08431909924095575
80.0,155.0,3.575,0.06508029053509574
80.0,155.0,3.6,0.0439484550713222
80.0,155.0,3.625,0.020379777044912645
80.0,155.0,3.65,-0.006360466330428395
80.0,155.0,3.675,-0.03729474326977005
80.0,155.0,3.7,-0.07389371499425766
80.0,155.0,3.725,-0.11835306069908387
80.0,155.0,3.75,-0.17409429107814334
80.0,155.0,3.775,-0.24671707904413437
80.0,155.0,3.8,-0.34588873769011586
80.0,160.0,2.4,0.1930542711795023
80.0,160.0,2.425,0.17756201094449656
80.0,160.0,2.45,0.1609767592662858
80.0,160.0,2.475,0.14300540376268958
80.0,160.0,2.5,0.12326343303090187
80.0,160.0,2.525,0.10123417486329835
80.0,160.0,2.55,0.0762043037017541
80.0,160.0,2.575,0.047160667157588036
80.0,160.0,2.6,0.012592820383363634
80.0,160.0,2.625,-0.029825931973017347
80.0,160.0,2.65,-0.08388722992192983
80.0,160.0,2.675,-0.15621367646645876
80.0,160.0,2.7,-0.2594412508514982
80.0,160.0,2.725,-0.42071666748912595
80.0,160.0,2.75,-0.7081771996260363
80.0,160.0,2.775,-1.3076954692644391
80.0,160.0,2.8,-0.587986404865147
80.0,160.0,2.825,1.9282806837732807
80.0,160.0,2.85,1.2553913720536347
80.0,160.0,2.875,0.9247144446830287
80.0,160.0,2.9,0.745031530359346
80.0,160.0,2.925,0.6326703790900916
80.0,160.0,2.95,0.5552309015662337
80.0,160.0,2.975,0.4980455738494675
80.0,160.0,3.0,0.45358853596076565
80.0,160.0,3.025,0.4176175492973251
80.0,160.0,3.05,0.3875622210176498
80.0,160.0,3.075,0.36177332469615586
80.0,160.0,3.1,0.3391418069554802
80.0,160.0,3.125,0.3188915692961294
80.0,160.0,3.15,0.30046015328874826
80.0,160.0,3.175,0.2834266484328559
80.0,160.0,3.2,0.2674662622350696
80.0,160.0,3.225,0.2523205731275297
80.0,160.0,3.25,0.2377773132665485
80.0,160.0,3.275,0.22365607456259476
80.0,160.0,3.3,0.20979772060410404
80.0,160.0,3.325,0.19605605608722237
80.0,160.0,3.35,0.18229080106748166
80.0,160.0,3.375,0.16836254774253798
80.0,160.0,3.4,0.1541363289525797
80.0,160.0,3.425,0.13946093639660942
80.0,160.0,3.45,0.12414066752648623
80.0,160.0,3.475,0.10796835784351612
80.0,160.0,3.5,0.09069769609119063
80.0,160.0,3.525,0.07202005889827542
80.0,160.0,3.55,0.051540098290460856
80.0,160.0,3.575,0.028738487936215872
80.0,160.0,3.6,0.002913777869858231
80.0,160.0,3.625,-0.026910382130083465
80.0,160.0,3.65,-0.062138935684206455
80.0,160.0,3.675,-0.10487121840729531
80.0,160.0,3.7,-0.1583834355144554
80.0,160.0,3.725,-0.22805138804639563
80.0,160.0,3.75,-0.32320133603231876
80.0,160.0,3.775,-0.46083471493802763
80.0,160.0,3.8,-0.6709501000401443
80.0,165.0,2.4,0.16824057447619065
80.0,165.0,2.425,0.14998858932329398
80.0,165.0,2.45,0.12994423336473007
80.0,165.0,2.475,0.1075754478340896
80.0,165.0,2.5,0.08214553907773194
80.0,165.0,2.525,0.05260574369557955
80.0,165.0,2.55,0.017383724517706672
80.0,165.0,2.575,-0.02596013150220296
80.0,165.0,2.6,-0.08143326128037694
80.0,165.0,2.625,-0.15611043864730775
80.0,165.0,2.65,-0.2637094568932035
80.0,165.0,2.675,-0.43441962324885913
80.0,165.0,2.7,-0.7471941093595047
80.0,165.0,2.725,-1.4325106357935824
80.0,165.0,2.75,0.09395535513658881
80.0,165.0,2.775,1.8924639327655937
80.0,165.0,2.8,1.2166370794823007
80.0,165.0,2.825,0.9042899275935152
80.0,165.0,2.85,0.7336569141673334
80.0,165.0,2.875,0.6261370981807289
80.0,165.0,2.9,0.5515637144159506
80.0,165.0,2.925,0.49621649755151087
80.0,165.0,2.95,0.45301412717290584
80.0,165.0,2.975,0.41794367693933515
80.0,165.0,3.0,0.38856264354878534
80.0,165.0,3.025,0.36329784473009913
80.0,165.0,3.05,0.3410879357004452
80.0,165.0,3.075,0.32118816825200824
80.0,165.0,3.1,0.3030575588034066
80.0,165.0,3.125,0.28629049229478254
80.0,165.0,3.15,0.2705734983031653
80.0,165.0,3.175,0.2556568772407169
80.0,165.0,3.2,0.2413353736522163
80.0,165.0,3.225,0.22743448461659424
80.0,165.0,3.25,0.21380029530492825
80.0,165.0,3.275,0.200290670442189
80.0,165.0,3.3,0.18677331080995796
80.0,165.0,3.325,0.17311418901712808
80.0,165.0,3.35,0.15918641997673283
80.0,165.0,3.375,0.1448335567882002
80.0,165.0,3.4,0.1298729453802715
80.0,165.0,3.425,0.11410969902974033
80.0,165.0,3.45,0.09730858333520166
80.0,165.0,3.475,0.07917561644602014
80.0,165.0,3.5,0.05933501804615182
80.0,165.0,3.525,0.037293780186130054
80.0,165.0,3.55,0.012386716278906303
80.0,165.0,3.575,-0.016311190160655884
80.0,165.0,3.6,-0.050129940098424475
80.0,165.0,3.625,-0.09105557234145423
80.0,165.0,3.65,-0.1421862289399643
80.0,165.0,3.675,-0.20860635573950892
80.0,165.0,3.7,-0.29915091420465356
80.0,165.0,3.725,-0.43002229530380814
80.0,165.0,3.75,-0.6305298568280798
80.0,165.0,3.775,-0.9193748588005317
80.0,165.0,3.8,-0.7049784994634383
80.0,170.0,2.4,0.137736949056332
80.0,170.0,2.425,0.11514668249022292
80.0,170.0,2.45,0.08947871612918232
80.0,170.0,2.475,0.05966491130830184
80.0,170.0,2.5,0.024108956545658814
80.0,170.0,2.525,-0.019695592768415617
80.0,170.0,2.55,-0.07585957881855723
80.0,170.0,2.575,-0.1517094907744184
80.0,170.0,2.6,-0.2615922938661223
80.0,170.0,2.625,-0.4375986054591475
80.0,170.0,2.65,-0.7662727028921459
80.0,170.0,2.675,-1.5201452467230043
80.0,170.0,2.7,0.5761299628945845
80.0,170.0,2.725,1.8813957800624304
80.0,170.0,2.75,1.2000767047633205
80.0,170.0,2.775,0.8957522399919828
80.0,170.0,2.8,0.7294957224437502
80.0,170.0,2.825,0.6244501595928503
80.0,170.0,2.85,0.5513980432012298
80.0,170.0,2.875,0.4970548509750439
80.0,170.0,2.9,0.45455414566737
80.0,170.0,2.925,0.4199979921941776
80.0,170.0,2.95,0.3910099631701899
80.0,170.0,2.975,0.3660572055692855
80.0,170.0,3.0,0.3441043037463907
80.0,170.0,3.025,0.3244239730767282
80.0,170.0,3.05,0.3064875140671909
80.0,170.0,3.075,0.2898983295242274
80.0,170.0,3.1,0.2743498667881285
80.0,170.0,3.125,0.25959798687837365
80.0,170.0,3.15,0.24544213139000712
80.0,170.0,3.175,0.2317119020813699
80.0,170.0,3.2,0.21825587492182877
80.0,170.0,3.225,0.20494179131499587
80.0,170.0,3.25,0.1916346043102545
80.0,170.0,3.275,0.1782103893686035
80.0,170.0,3.3,0.1645443644153847
80.0,170.0,3.325,0.15048239982064504
80.0,170.0,3.35,0.13585313556333964
80.0,170.0,3.375,0.1204711859740197
80.0,170.0,3.4,0.10411263276279678
80.0,170.0,3.425,0.08649843069198344
80.0,170.0,3.45,0.06727270770223966
80.0,170.0,3.475,0.04596951385488463
80.0,170.0,3.5,0.0219613566112912
80.0,170.0,3.525,-0.005622757167354423
80.0,170.0,3.55,-0.03803283831348052
80.0,170.0,3.575,-0.07713196401648656
80.0,170.0,3.6,-0.12582099549808864
80.0,170.0,3.625,-0.18885269134203228
80.0,170.0,3.65,-0.27448001541414374
80.0,170.0,3.675,-0.3978865575446993
80.0,170.0,3.7,-0.5871577443430145
80.0,170.0,3.725,-0.8685198029493176
80.0,170.0,3.75,-0.7684804524289338
80.0,170.0,3.775,1.0922893502671676
80.0,170.0,3.8,1.183609939823234
80.0,175.0,2.4,0.09825852854497721
80.0,175.0,2.425,0.06840701554488306
80.0,175.0,2.45,0.032856780913923474
80.0,175.0,2.475,-0.010897991252585944
80.0,175.0,2.5,-0.06697279322633813
80.0,175.0,2.525,-0.1426914367405469
80.0,175.0,2.55,-0.25246700983829684
80.0,175.0,2.575,-0.4287785037607347
80.0,175.0,2.6,-0.7607164483138192
80.0,175.0,2.625,-1.5500582275668142
80.0,175.0,2.65,0.6559458877054067
80.0,175.0,2.675,1.9142675979335357
80.0,175.0,2.7,1.2053514529497762
80.0,175.0,2.725,0.8985870137063701
80.0,175.0,2.75,0.7322437977279874
80.0,175.0,2.775,0.6274276159001835
80.0,175.0,2.8,0.5546187569350758
80.0,175.0,2.825,0.50048393501381
80.0,175.0,2.85,0.45815535544755287
80.0,175.0,2.875,0.42374238708310913
80.0,175.0,2.9,0.39487630584471733
80.0,175.0,2.925,0.37003075232730065
80.0,175.0,2.95,0.34817553387798444
80.0,175.0,2.975,0.32858757784231507
80.0,175.0,3.0,0.31074166325894537
80.0,175.0,3.025,0.29424416936242886
80.0,175.0,3.05,0.27879119981041445
80.0,175.0,3.075,0.26414108623299126
80.0,175.0,3.1,0.25009533640504045
80.0,175.0,3.125,0.23648553802743452
80.0,175.0,3.15,0.2231683203708785
80.0,175.0,3.175,0.21000548354475684
80.0,175.0,3.2,0.196871766162195
80.0,175.0,3.225,0.18364568338726547
80.0,175.0,3.25,0.17020492487837366
80.0,175.0,3.275,0.1564013564052792
80.0,175.0,3.3,0.14207178406374538
80.0,175.0,3.325,0.12703940604215821
80.0,175.0,3.35,0.11109152730593297
80.0,175.0,3.375,0.09396384956266497
80.0,175.0,3.4,0.07532022018680518
80.0,175.0,3.425,0.05472166950390977
80.0,175.0,3.45,0.031578567300664905
80.0,175.0,3.475,0.005074606050037181
80.0,175.0,3.5,-0.025958572900495705
80.0,175.0,3.525,-0.06325733749443828
80.0,175.0,3.55,-0.10951696719345962
80.0,175.0,3.575,-0.16913964050475205
80.0,175.0,3.6,-0.24975054911712571
80.0,175.0,3.625,-0.3653917446114765
80.0,175.0,3.65,-0.5425424835005767
80.0,175.0,3.675,-0.8136507547913643
80.0,175.0,3.7,-0.8378738448402717
80.0,175.0,3.725,0.9856653283156911
80.0,175.0,3.75,1.1838911398682725
80.0,175.0,3.775,0.9046532507398766
80.0,175.0,3.8,0.714514641682723
80.0,180.0,2.4,0.04363471350534964
80.0,180.0,2.425,0.00043493604110823116
80.0,180.0,2.45,-0.054755885736748625
80.0,180.0,2.475,-0.12902244984449238
80.0,180.0,2.5,-0.23627226893941466
80.0,180.0,2.525,-0.40773949258398484
80.0,180.0,2.55,-0.7291827306235622
80.0,180.0,2.575,-1.5064385035808352
80.0,180.0,2.6,0.12378325700920466
80.0,180.0,2.625,2.0065843199188174
80.0,180.0,2.65,1.2340764127240438
80.0,180.0,2.675,0.9131297119704139
80.0,180.0,2.7,0.7419992872544574
80.0,180.0,2.725,0.6351031525275836
80.0,180.0,2.75,0.5612378502573296
80.0,180.0,2.775,0.5065075283326467
80.0,180.0,2.8,0.46381829756980014
80.0,180.0,2.825,0.429176226333296
80.0,180.0,2.85,0.4001607925360442
80.0,180.0,2.875,0.3752178176165073
80.0,180.0,2.9,0.3533014087740083
80.0,180.0,2.925,0.3336793469071404
80.0,180.0,2.95,0.31582102463110173
80.0,180.0,2.975,0.2993297143928874
80.0,180.0,3.0,0.2838998576894274
80.0,180.0,3.025,0.26928859415113116
80.0,180.0,3.05,0.2552965411593853
80.0,180.0,3.075,0.2417639922470897
80.0,180.0,3.1,0.22853744431023315
80.0,180.0,3.125,0.2154869520269445
80.0,180.0,3.15,0.20248871958635192
80.0,180.0,3.175,0.18942396655715174
80.0,180.0,3.2,0.17617295491310597
80.0,180.0,3.225,0.1625943949074643
80.0,180.0,3.25,0.14853136417720025
80.0,180.0,3.275,0.13381488502909872
80.0,180.0,3.3,0.11824315543584106
80.0,180.0,3.325,0.10156615697210365
80.0,180.0,3.35,0.08346688096340708
80.0,180.0,3.375,0.0635326737261548
80.0,180.0,3.4,0.041211010975757356
80.0,180.0,3.425,0.01573942612961152
80.0,180.0,3.45,-0.013969671570552353
80.0,180.0,3.475,-0.04952668128655107
80.0,180.0,3.5,-0.09342131269829396
80.0,180.0,3.525,-0.14970256601052703
80.0,180.0,3.55,-0.22535590217943685
80.0,180.0,3.575,-0.33323065649228606
80.0,180.0,3.6,-0.4979259424846574
80.0,180.0,3.625,-0.7559356826841844
80.0,180.0,3.65,-0.8922092877818513
80.0,180.0,3.675,0.8274489783836979
80.0,180.0,3.7,1.1959287729989123
80.0,180.0,3.725,0.910445452485508
80.0,180.0,3.75,0.7127954438220979
80.0,180.0,3.775,0.5841302628733769
80.0,180.0,3.8,0.49349256502642436
