Z,E,f0,alpha
70.0,40.0,2.4,-0.009135251644435046
70.0,40.0,2.425,-0.03231727414111487
70.0,40.0,2.45,-0.05822790732824769
70.0,40.0,2.475,-0.08748245108475647
70.0,40.0,2.5,-0.12090117482384682
70.0,40.0,2.525,-0.1595990581675209
70.0,40.0,2.55,-0.20512713596577975
70.0,40.0,2.575,-0.259703434708583
70.0,40.0,2.6,-0.32660423779729336
70.0,40.0,2.625,-0.4108599352498212
70.0,40.0,2.65,-0.5205559900159733
70.0,40.0,2.675,-0.6693966051970405
70.0,40.0,2.7,-0.8819481287713093
70.0,40.0,2.725,-1.2036067081562583
70.0,40.0,2.75,-1.701407889572607
70.0,40.0,2.775,-2.1221497672188194
70.0,40.0,2.8,0.5673412760290559
70.0,40.0,2.825,2.3537389076755004
70.0,40.0,2.85,1.9074827600283941
70.0,40.0,2.875,1.4933730986770788
70.0,40.0,2.9,1.2197671720113674
70.0,40.0,2.925,1.0339077584640244
70.0,40.0,2.95,0.9008757822268874
70.0,40.0,2.975,0.8011449955310925
70.0,40.0,3.0,0.7234901217595046
70.0,40.0,3.025,0.6611249213152627
70.0,40.0,3.05,0.6097449129200926
70.0,40.0,3.075,0.5665073845648887
70.0,40.0,3.1,0.5294787379841727
70.0,40.0,3.125,0.4973182670050557
70.0,40.0,3.15,0.4690525920452539
70.0,40.0,3.175,0.4438763940819985
70.0,40.0,3.2,0.4211035575334802
70.0,40.0,3.225,0.40024311519038674
70.0,40.0,3.25,0.38096484114548446
70.0,40.0,3.275,0.36301649623098475
70.0,40.0,3.3,0.3461864467707608
70.0,40.0,3.325,0.33029308607601915
70.0,40.0,3.35,0.3151799799079061
70.0,40.0,3.375,0.3007116170208291
70.0,40.0,3.4,0.28676941846476844
70.0,40.0,3.425,0.27324818568965364
70.0,40.0,3.45,0.2600530375217271
70.0,40.0,3.475,0.24709678299257196
70.0,40.0,3.5,0.23429763905362155
70.0,40.0,3.525,0.22157719633358516
70.0,40.0,3.55,0.20885854070160312
70.0,40.0,3.575,0.19606444371486728
70.0,40.0,3.6,0.18311553708905087
70.0,40.0,3.625,0.16992838356300818
70.0,40.0,3.65,0.1564133500267471
70.0,40.0,3.675,0.1424719261367551
70.0,40.0,3.7,0.12799484970761985
70.0,40.0,3.725,0.11285670076287481
70.0,40.0,3.75,0.09691322633158252
70.0,40.0,3.775,0.07999504068781191
70.0,40.0,3.8,0.06190075615822566
70.0,42.5,2.4,-0.05402481457917511
70.0,42.5,2.425,-0.0835380389639802
70.0,42.5,2.45,-0.11723788015077169
70.0,42.5,2.475,-0.1562483059470445
70.0,42.5,2.5,-0.2021345061517128
70.0,42.5,2.525,-0.2571372944038947
70.0,42.5,2.55,-0.3245727538611903
70.0,42.5,2.575,-0.4095488086216885
70.0,42.5,2.6,-0.5203119259579496
70.0,42.5,2.625,-0.6709476953584902
70.0,42.5,2.65,-0.8870839649185706
70.0,42.5,2.675,-1.217751342457393
70.0,42.5,2.7,-1.7460389165394608
70.0,42.5,2.725,-2.291028372322977
70.0,42.5,2.75,0.5572507028416978
70.0,42.5,2.775,2.5074550629802217
70.0,42.5,2.8,1.9760176621977987
70.0,42.5,2.825,1.5304237322087022
70.0,42.5,2.85,1.2441984353846391
70.0,42.5,2.875,1.0522269552150874
70.0,42.5,2.9,0.915781037129318
70.0,42.5,2.925,0.8139393661059215
70.0,42.5,2.95,0.7348806382897647
70.0,42.5,2.975,0.6715311967203448
70.0,42.5,3.0,0.6194336269706995
70.0,42.5,3.025,0.575655618628179
70.0,42.5,3.05,0.5382040545227896
70.0,42.5,3.075,0.505695497130349
70.0,42.5,3.1,0.47714217045670304
70.0,42.5,3.125,0.4517629914978501
70.0,42.5,3.15,0.4288764752397624
70.0,42.5,3.175,0.4079545758304288
70.0,42.5,3.2,0.3886414662454291
70.0,42.5,3.225,0.37067994759685424
70.0,42.5,3.25,0.3538595464485336
70.0,42.5,3.275,0.3379998341175993
70.0,42.5,3.3,0.32294490608408616
70.0,42.5,3.325,0.3085595247442194
70.0,42.5,3.35,0.29472546406177436
70.0,42.5,3.375,0.2813381464177177
70.0,42.5,3.4,0.2683036832985174
70.0,42.5,3.425,0.2555363158645171
70.0,42.5,3.45,0.24295619229728654
70.0,42.5,3.475,0.23048739743912736
70.0,42.5,3.5,0.21805599746378782
70.0,42.5,3.525,0.20558893967776903
70.0,42.5,3.55,0.19301137401868132
70.0,42.5,3.575,0.18024566647999657
70.0,42.5,3.6,0.16720920239956918
70.0,42.5,3.625,0.15381225157565684
70.0,42.5,3.65,0.13995543523879087
70.0,42.5,3.675,0.12552666619429634
70.0,42.5,3.7,0.11039736250383518
70.0,42.5,3.725,0.0944176665572933
70.0,42.5,3.75,0.07741030913355143
70.0,42.5,3.775,0.059162641793899066
70.0,42.5,3.8,0.03941622009658762
70.0,45.0,2.4,-0.112221407730582
70.0,45.0,2.425,-0.15137372469283208
70.0,45.0,2.45,-0.1973962255467988
70.0,45.0,2.475,-0.2525300019811869
70.0,45.0,2.5,-0.32009460485639774
70.0,45.0,2.525,-0.40520804564257423
70.0,45.0,2.55,-0.5161545108024533
70.0,45.0,2.575,-0.6671640441067515
70.0,45.0,2.6,-0.8844015268027557
70.0,45.0,2.625,-1.2192935367723952
70.0,45.0,2.65,-1.7687210016106545
70.0,45.0,2.675,-2.448257587132817
70.0,45.0,2.7,0.4123869585469988
70.0,45.0,2.725,2.669451892881151
70.0,45.0,2.75,2.0538959234130783
70.0,45.0,2.775,1.5729589304926328
70.0,45.0,2.8,1.2719973375853644
70.0,45.0,2.825,1.0727480035399442
70.0,45.0,2.85,0.9321995793181616
70.0,45.0,2.875,0.8278129653981471
70.0,45.0,2.9,0.7470613697962676
70.0,45.0,2.925,0.6825262029860517
70.0,45.0,2.95,0.6295651260999735
70.0,45.0,2.975,0.5851379188689888
70.0,45.0,3.0,0.54718164147611
70.0,45.0,3.025,0.5142626327462387
70.0,45.0,3.05,0.48536508689264696
70.0,45.0,3.075,0.4597201138361646
70.0,45.0,3.1,0.43666598003082313
70.0,45.0,3.125,0.4156479223825807
70.0,45.0,3.15,0.396274705754195
70.0,45.0,3.175,0.37827686482415895
70.0,45.0,3.2,0.3614435386884073
70.0,45.0,3.225,0.3455956164826133
70.0,45.0,3.25,0.3305779201294297
70.0,45.0,3.275,0.3162554974054797
70.0,45.0,3.3,0.30251034317802644
70.0,45.0,3.325,0.28923778865420463
70.0,45.0,3.35,0.276346118652703
70.0,45.0,3.375,0.2637493757588315
70.0,45.0,3.4,0.2513696873612026
70.0,45.0,3.425,0.23913327216437777
70.0,45.0,3.45,0.2269690689449065
70.0,45.0,3.475,0.21480712598689924
70.0,45.0,3.5,0.2025770210518198
70.0,45.0,3.525,0.1902062481088148
70.0,45.0,3.55,0.17761849642370073
70.0,45.0,3.575,0.16473173699583749
70.0,45.0,3.6,0.15145601423783017
70.0,45.0,3.625,0.1376908145123242
70.0,45.0,3.65,0.12332184418488668
70.0,45.0,3.675,0.10821699307216649
70.0,45.0,3.7,0.09222117697241226
70.0,45.0,3.725,0.07514963445118701
70.0,45.0,3.75,0.05677908425585319
70.0,45.0,3.775,0.03683591974097679
70.0,45.0,3.8,0.01498030131925643
70.0,47.5,2.4,-0.1907161373871926
70.0,47.5,2.425,-0.24563929110221636
70.0,47.5,2.45,-0.3128604564199517
70.0,47.5,2.475,-0.397434091139151
70.0,47.5,2.5,-0.5075467812740063
70.0,47.5,2.525,-0.6572793845441641
70.0,47.5,2.55,-0.8726824564378827
70.0,47.5,2.575,-1.205967802571043
70.0,47.5,2.6,-1.7635736334199603
70.0,47.5,2.625,-2.5697204644691127
70.0,47.5,2.65,0.04194633458883708
70.0,47.5,2.675,2.8467342288707838
70.0,47.5,2.7,2.1477548298182705
70.0,47.5,2.725,1.624302170458775
70.0,47.5,2.75,1.3050488703086143
70.0,47.5,2.775,1.0966666239780358
70.0,47.5,2.8,0.9509538815329661
70.0,47.5,2.825,0.8433659854348076
70.0,47.5,2.85,0.7604903094309049
70.0,47.5,2.875,0.6944718605702532
70.0,47.5,2.9,0.6404335975012846
70.0,47.5,2.925,0.5951990424842425
70.0,47.5,2.95,0.5566192350988806
70.0,47.5,2.975,0.5232003666447079
70.0,47.5,3.0,0.49388589996062743
70.0,47.5,3.025,0.46790038270010353
70.0,47.5,3.05,0.4446047839441886
70.0,47.5,3.075,0.42343621586100133
70.0,47.5,3.1,0.4039644949167923
70.0,47.5,3.125,0.3858975557209794
70.0,47.5,3.15,0.3690201537087535
70.0,47.5,3.175,0.3531521284984768
70.0,47.5,3.2,0.338144744708401
70.0,47.5,3.225,0.3238576794864109
70.0,47.5,3.25,0.3101748090870897
70.0,47.5,3.275,0.2969921910496785
70.0,47.5,3.3,0.284217139273108
70.0,47.5,3.325,0.27176586162171157
70.0,47.5,3.35,0.2595613638556178
70.0,47.5,3.375,0.24753159884783782
70.0,47.5,3.4,0.2356078031813641
70.0,47.5,3.425,0.22372295735646908
70.0,47.5,3.45,0.21181030603894818
70.0,47.5,3.475,0.1998018748265531
70.0,47.5,3.5,0.1876269172841471
70.0,47.5,3.525,0.17521021898706854
70.0,47.5,3.55,0.1624701726308145
70.0,47.5,3.575,0.14931651809090749
70.0,47.5,3.6,0.13564761094525923
70.0,47.5,3.625,0.12134703826735688
70.0,47.5,3.65,0.10627933513087356
70.0,47.5,3.675,0.09028445953075656
70.0,47.5,3.7,0.07317054247333307
70.0,47.5,3.725,0.054704221152820476
70.0,47.5,3.75,0.0345975543184854
70.0,47.5,3.775,0.012490074198052594
70.0,47.5,3.8,-0.012076140287728469
70.0,50.0,2.4,-0.3026669042948191
70.0,50.0,2.425,-0.3859681997337694
70.0,50.0,2.45,-0.4941384696198697
70.0,50.0,2.475,-0.6408142996387929
70.0,50.0,2.5,-0.8512630279270997
70.0,50.0,2.525,-1.1766075309156365
70.0,50.0,2.55,-1.7269117561238063
70.0,50.0,2.575,-2.6258427034082654
70.0,50.0,2.6,-0.6521710815289247
70.0,50.0,2.625,3.043836968543806
70.0,50.0,2.65,2.266244538378296
70.0,50.0,2.675,1.6885469254267238
70.0,50.0,2.7,1.3455676197641369
70.0,50.0,2.725,1.1253401233587115
70.0,50.0,2.75,0.9729542149840366
70.0,50.0,2.775,0.8612500743007158
70.0,50.0,2.8,0.7756573377584308
70.0,50.0,2.825,0.7077506750029502
70.0,50.0,2.85,0.6523468821249351
70.0,50.0,2.875,0.6060928366077935
70.0,50.0,2.9,0.5667301654538418
70.0,50.0,2.925,0.5326911967229362
70.0,50.0,2.95,0.5028668073068601
70.0,50.0,2.975,0.47645590610949573
70.0,50.0,3.0,0.4528313214426838
70.0,50.0,3.025,0.431438301030705
70.0,50.0,3.05,0.411814978683376
70.0,50.0,3.075,0.3936377267999518
70.0,50.0,3.1,0.3766779320108401
70.0,50.0,3.125,0.36075693958217414
70.0,50.0,3.15,0.3457209009393226
70.0,50.0,3.175,0.3314352879435742
70.0,50.0,3.2,0.31778207523281915
70.0,50.0,3.225,0.304657221434803
70.0,50.0,3.25,0.2919682061453186
70.0,50.0,3.275,0.27963174907613253
70.0,50.0,3.3,0.2675717738131915
70.0,50.0,3.325,0.2557176070034206
70.0,50.0,3.35,0.24400236945971662
70.0,50.0,3.375,0.23236150405499792
70.0,50.0,3.4,0.22073138298243147
70.0,50.0,3.425,0.2090479368213167
70.0,50.0,3.45,0.19724524639875893
70.0,50.0,3.475,0.1852540338472892
70.0,50.0,3.5,0.17299998018978127
70.0,50.0,3.525,0.16040178175332684
70.0,50.0,3.55,0.14736883464752004
70.0,50.0,3.575,0.13379840231331666
70.0,50.0,3.6,0.11957207094887595
70.0,50.0,3.625,0.10455122400909525
70.0,50.0,3.65,0.08857115834721586
70.0,50.0,3.675,0.07143330266297909
70.0,50.0,3.7,0.05289475467710283
70.0,50.0,3.725,0.03265397939428488
70.0,50.0,3.75,0.010330941113468
70.0,50.0,3.775,-0.01456090286090069
70.0,50.0,3.8,-0.04265478647391917
70.0,52.5,2.4,-0.47584140210033127
70.0,52.5,2.425,-0.6176917094691518
70.0,52.5,2.45,-0.8200765370375087
70.0,52.5,2.475,-1.131268263215947
70.0,52.5,2.5,-1.658603316650859
70.0,52.5,2.525,-2.594024749778135
70.0,52.5,2.55,-1.6719635443783107
70.0,52.5,2.575,3.2502607674282875
70.0,52.5,2.6,2.421189851588948
70.0,52.5,2.625,1.7710294431880622
70.0,52.5,2.65,1.3962853569258378
70.0,52.5,2.675,1.1603746019328387
70.0,52.5,2.7,0.9992445115814098
70.0,52.5,2.725,0.8821944457547976
70.0,52.5,2.75,0.793100035117131
70.0,52.5,2.775,0.7227757757509123
70.0,52.5,2.8,0.665633086323672
70.0,52.5,2.825,0.6180868013065078
70.0,52.5,2.85,0.5777369135768142
70.0,52.5,2.875,0.5429229010194613
70.0,52.5,2.9,0.5124699917763266
70.0,52.5,2.925,0.48553616247642023
70.0,52.5,2.95,0.46148648747752447
70.0,52.5,2.975,0.43977994184722863
70.0,52.5,3.0,0.4199374599079124
70.0,52.5,3.025,0.40159585905976086
70.0,52.5,3.05,0.3845079661129125
70.0,52.5,3.075,0.3684894989061234
70.0,52.5,3.1,0.3533861798693597
70.0,52.5,3.125,0.33906332122595906
70.0,52.5,3.15,0.32540249690067763
70.0,52.5,3.175,0.3122992694940484
70.0,52.5,3.2,0.29966094396312687
70.0,52.5,3.225,0.28740440360072367
70.0,52.5,3.25,0.27545413402726815
70.0,52.5,3.275,0.26374046264819356
70.0,52.5,3.3,0.2521979905916087
70.0,52.5,3.325,0.2407641728191901
70.0,52.5,3.35,0.22937799544676174
70.0,52.5,3.375,0.2179786979260559
70.0,52.5,3.4,0.20650448684478143
70.0,52.5,3.425,0.19489118529909522
70.0,52.5,3.45,0.18307075562325378
70.0,52.5,3.475,0.17096962242971767
70.0,52.5,3.5,0.15850670580449233
70.0,52.5,3.525,0.14559104878538878
70.0,52.5,3.55,0.13211888538508726
70.0,52.5,3.575,0.11796993996257878
70.0,52.5,3.6,0.10300266724234493
70.0,52.5,3.625,0.08704802158816828
70.0,52.5,3.65,0.06990116429449586
70.0,52.5,3.675,0.051310249512340665
70.0,52.5,3.7,0.030960630562903435
70.0,52.5,3.725,0.008453656054295178
70.0,52.5,3.75,-0.01672400002094521
70.0,52.5,3.775,-0.045246723793334956
70.0,52.5,3.8,-0.07801556076905757
70.0,55.0,2.4,-0.7798159522048828
70.0,55.0,2.425,-1.0714499118966052
70.0,55.0,2.45,-1.561884081306173
70.0,55.0,2.475,-2.4705086502041875
70.0,55.0,2.5,-2.7406457813792686
70.0,55.0,2.525,3.3967351007462803
70.0,55.0,2.55,2.629454714199182
70.0,55.0,2.575,1.8791556644604115
70.0,55.0,2.6,1.4607799892895383
70.0,55.0,2.625,1.2037712514931782
70.0,55.0,2.65,1.0310747164667038
70.0,55.0,2.675,0.9070465740069324
70.0,55.0,2.7,0.8134285198372722
70.0,55.0,2.725,0.740006770959495
70.0,55.0,2.75,0.6806511509412627
70.0,55.0,2.775,0.6314694334884159
70.0,55.0,2.8,0.5898764353901842
70.0,55.0,2.825,0.5540962828542527
70.0,55.0,2.85,0.5228660363909291
70.0,55.0,2.875,0.49529078796143466
70.0,55.0,2.9,0.4707090246637382
70.0,55.0,2.925,0.44858659110173155
70.0,55.0,2.95,0.4284403508450641
70.0,55.0,2.975,0.40987146154925524
70.0,55.0,3.0,0.39260246698250645
70.0,55.0,3.025,0.37643830269715084
70.0,55.0,3.05,0.3612224314290153
70.0,55.0,3.075,0.34681938932976725
70.0,55.0,3.1,0.33310991254508476
70.0,55.0,3.125,0.3199887297974542
70.0,55.0,3.15,0.30736253769543936
70.0,55.0,3.175,0.29514796708457264
70.0,55.0,3.2,0.28326966624249206
70.0,55.0,3.225,0.2716585693642934
70.0,55.0,3.25,0.2602503530555661
70.0,55.0,3.275,0.24898405012828728
70.0,55.0,3.3,0.2378007771577838
70.0,55.0,3.325,0.22664252847220034
70.0,55.0,3.35,0.21545098810080715
70.0,55.0,3.375,0.2041663095050064
70.0,55.0,3.4,0.19272580893036387
70.0,55.0,3.425,0.18106251072200047
70.0,55.0,3.45,0.16910347067330977
70.0,55.0,3.475,0.15676778483762907
70.0,55.0,3.5,0.14396416435971196
70.0,55.0,3.525,0.13058792205105163
70.0,55.0,3.55,0.11651720430783614
70.0,55.0,3.575,0.1016078933554439
70.0,55.0,3.6,0.0856837216999639
70.0,55.0,3.625,0.0685394193238318
70.0,55.0,3.65,0.04991184337406295
70.0,55.0,3.675,0.02947460374004816
70.0,55.0,3.7,0.006811451026733631
70.0,55.0,3.725,-0.018617462459375397
70.0,55.0,3.75,-0.04752533977067637
70.0,55.0,3.775,-0.0808735326611251
70.0,55.0,3.8,-0.11998634864001773
70.0,57.5,2.4,-1.443462572030737
70.0,57.5,2.425,-2.2729856427215727
70.0,57.5,2.45,-3.3743723233101885
70.0,57.5,2.475,3.19567432555052
70.0,57.5,2.5,2.9166453202882203
70.0,57.5,2.525,2.023822510707902
70.0,57.5,2.55,1.5439673501421778
70.0,57.5,2.575,1.2581541587191911
70.0,57.5,2.6,1.0700195527572116
70.0,57.5,2.625,0.936835292390408
70.0,57.5,2.65,0.8373610290098983
70.0,57.5,2.675,0.7599725131317044
70.0,57.5,2.7,0.6978064189190306
70.0,57.5,2.725,0.6465647259145817
70.0,57.5,2.75,0.6034100972399122
70.0,57.5,2.775,0.5664189441243347
70.0,57.5,2.8,0.534230481381061
70.0,57.5,2.825,0.5058724612642321
70.0,57.5,2.85,0.480639672123966
70.0,57.5,2.875,0.4579887073423665
70.0,57.5,2.9,0.43743952399179664
70.0,57.5,2.925,0.4185663638735009
70.0,57.5,2.95,0.40105450375483026
70.0,57.5,2.975,0.38469026537432
70.0,57.5,3.0,0.36931171691949644
70.0,57.5,3.025,0.35478154644779614
70.0,57.5,3.05,0.340979019500474
70.0,57.5,3.075,0.3277974545917702
70.0,57.5,3.1,0.3151423882948847
70.0,57.5,3.125,0.3029296847961153
70.0,57.5,3.15,0.291083680204761
70.0,57.5,3.175,0.27953547026412906
70.0,57.5,3.2,0.2682213750179739
70.0,57.5,3.225,0.2570815666450717
70.0,57.5,3.25,0.2460588258238813
70.0,57.5,3.275,0.2350973846614193
70.0,57.5,3.3,0.22414181210091816
70.0,57.5,3.325,0.21313589661296237
70.0,57.5,3.35,0.20202147894392722
70.0,57.5,3.375,0.19073718437844472
70.0,57.5,3.4,0.17921700313301123
70.0,57.5,3.425,0.1673887038475115
70.0,57.5,3.45,0.15517220815227778
70.0,57.5,3.475,0.1424687631911882
70.0,57.5,3.5,0.12918480854570635
70.0,57.5,3.525,0.11519012734359274
70.0,57.5,3.55,0.10033856301744623
70.0,57.5,3.575,0.0844534346159848
70.0,57.5,3.6,0.06731863336671716
70.0,57.5,3.625,0.048665965528365863
70.0,57.5,3.65,0.028157422343237284
70.0,57.5,3.675,0.0053599471733842136
70.0,57.5,3.7,-0.020291204242826728
70.0,57.5,3.725,-0.04954685016557282
70.0,57.5,3.75,-0.08342652523231069
70.0,57.5,3.775,-0.12334712843514735
70.0,57.5,3.8,-0.17132785393349825
70.0,60.0,2.4,-3.386717631632249
70.0,60.0,2.425,1.7300465170431514
70.0,60.0,2.45,3.3177426942270762
70.0,60.0,2.475,2.2230196875421915
70.0,60.0,2.5,1.6531955850603433
70.0,60.0,2.525,1.3270723551064278
70.0,60.0,2.55,1.118122306604453
70.0,60.0,2.575,0.972863006772083
70.0,60.0,2.6,0.8657823257201781
70.0,60.0,2.625,0.7833062152476564
70.0,60.0,2.65,0.7175711994351667
70.0,60.0,2.675,0.6637283282555991
70.0,60.0,2.7,0.618626818164472
70.0,60.0,2.725,0.5801343094902278
70.0,60.0,2.75,0.5467620577810552
70.0,60.0,2.775,0.5174475235342769
70.0,60.0,2.8,0.4914238831103658
70.0,60.0,2.825,0.4681197556449593
70.0,60.0,2.85,0.4470545472555221
70.0,60.0,2.875,0.42778574412863524
70.0,60.0,2.9,0.40995894077288175
70.0,60.0,2.925,0.39333309361517743
70.0,60.0,2.95,0.37773628323398617
70.0,60.0,2.975,0.3630276886150776
70.0,60.0,3.0,0.3490842374257276
70.0,60.0,3.025,0.33579710792255135
70.0,60.0,3.05,0.3230699919364382
70.0,60.0,3.075,0.31081735542050887
70.0,60.0,3.1,0.2989626486604289
70.0,60.0,3.125,0.28743660599306353
70.0,60.0,3.15,0.2761757040062582
70.0,60.0,3.175,0.26512078496991576
70.0,60.0,3.2,0.254215821584754
70.0,60.0,3.225,0.24340678744243519
70.0,60.0,3.25,0.23264059493086905
70.0,60.0,3.275,0.22186406555483812
70.0,60.0,3.3,0.211022918054679
70.0,60.0,3.325,0.200060891791932
70.0,60.0,3.35,0.18891232135124406
70.0,60.0,3.375,0.1775190139739382
70.0,60.0,3.4,0.16580922904572218
70.0,60.0,3.425,0.15369904694255335
70.0,60.0,3.45,0.14109705665810998
70.0,60.0,3.475,0.12789698066422214
70.0,60.0,3.5,0.11397385198954824
70.0,60.0,3.525,0.09917866215661189
70.0,60.0,3.55,0.08333117634169132
70.0,60.0,3.575,0.06621019272976213
70.0,60.0,3.6,0.04754012132246757
70.0,60.0,3.625,0.026972152697294825
70.0,60.0,3.65,0.004057310446393554
70.0,60.0,3.675,-0.02179294247917909
70.0,60.0,3.7,-0.05136563764995888
70.0,60.0,3.725,-0.08573668224901769
70.0,60.0,3.75,-0.12641312019100442
70.0,60.0,3.775,-0.17556286291462433
70.0,60.0,3.8,-0.23639346030882927
70.0,62.5,2.4,3.850861123600478
70.0,62.5,2.425,2.506265582022086
70.0,62.5,2.45,1.8001274980554547
70.0,62.5,2.475,1.4160379083610692
70.0,62.5,2.5,1.1782252957031114
70.0,62.5,2.525,1.0167795856324655
70.0,62.5,2.55,0.8997993650422516
70.0,62.5,2.575,0.8107855569266657
70.0,62.5,2.6,0.7405152427695697
70.0,62.5,2.625,0.6834019967623924
70.0,62.5,2.65,0.6358659553761593
70.0,62.5,2.675,0.5955126596356317
70.0,62.5,2.7,0.5606828680742145
70.0,62.5,2.725,0.5302001686337724
70.0,62.5,2.75,0.5032186557204972
70.0,62.5,2.775,0.4791199387918903
70.0,62.5,2.8,0.45741131705554144
70.0,62.5,2.825,0.4376401003621352
70.0,62.5,2.85,0.419414159228196
70.0,62.5,2.875,0.4024566232664176
70.0,62.5,2.9,0.3865794960758304
70.0,62.5,2.925,0.3716360611503585
70.0,62.5,2.95,0.357499768522938
70.0,62.5,2.975,0.34405876402049135
70.0,62.5,3.0,0.3312140719472779
70.0,62.5,3.025,0.3188780042548164
70.0,62.5,3.05,0.3069724429505451
70.0,62.5,3.075,0.29542714660769737
70.0,62.5,3.1,0.2841781896253435
70.0,62.5,3.125,0.2731665661422524
70.0,62.5,3.15,0.2623369491938168
70.0,62.5,3.175,0.2516365836788364
70.0,62.5,3.2,0.24101431291130151
70.0,62.5,3.225,0.23041986283383287
70.0,62.5,3.25,0.2197946934151803
70.0,62.5,3.275,0.2090947940234932
70.0,62.5,3.3,0.1982666591797364
70.0,62.5,3.325,0.1872455249856151
70.0,62.5,3.35,0.17596762462749957
70.0,62.5,3.375,0.1643616298711183
70.0,62.5,3.4,0.15234703395558988
70.0,62.5,3.425,0.13983165093700844
70.0,62.5,3.45,0.12670834582085677
70.0,62.5,3.475,0.11285078095886282
70.0,62.5,3.5,0.09810781345599595
70.0,62.5,3.525,0.08229600090084012
70.0,62.5,3.55,0.06518940967019726
70.0,62.5,3.575,0.04650550996034087
70.0,62.5,3.6,0.025885285590984984
70.0,62.5,3.625,0.0028646120250240006
70.0,62.5,3.65,-0.02316784681507261
70.0,62.5,3.675,-0.053034072186537884
70.0,62.5,3.7,-0.0878647615052137
70.0,62.5,3.725,-0.1292551401369398
70.0,62.5,3.75,-0.17951931047256597
70.0,62.5,3.775,-0.2421148384743089
70.0,62.5,3.8,-0.32235422083651766
70.0,65.0,2.4,2.0038696602732777
70.0,65.0,2.425,1.533154427475438
70.0,65.0,2.45,1.2546072904547265
70.0,65.0,2.475,1.0710950969825352
70.0,65.0,2.5,0.9408551581354787
70.0,65.0,2.525,0.8433474156302639
70.0,65.0,2.55,0.767336180882801
70.0,65.0,2.575,0.7061127317830843
70.0,65.0,2.6,0.6555344677524616
70.0,65.0,2.625,0.6128719108896752
70.0,65.0,2.65,0.5762487656405918
70.0,65.0,2.675,0.5443415747419887
70.0,65.0,2.7,0.5162004874965143
70.0,65.0,2.725,0.49114177929489194
70.0,65.0,2.75,0.468645002017874
70.0,65.0,2.775,0.44824763538810286
70.0,65.0,2.8,0.4295242038239906
70.0,65.0,2.825,0.41215468176273934
70.0,65.0,2.85,0.39592741514301005
70.0,65.0,2.875,0.3806865241213453
70.0,65.0,2.9,0.3663005270266084
70.0,65.0,2.925,0.3526534754437067
70.0,65.0,2.95,0.33964276199671994
70.0,65.0,2.975,0.32717766259742653
70.0,65.0,3.0,0.3151776986433574
70.0,65.0,3.025,0.3035709465578261
70.0,65.0,3.05,0.29229244877687854
70.0,65.0,3.075,0.2812827935181627
70.0,65.0,3.1,0.27048689069540516
70.0,65.0,3.125,0.2598530182578674
70.0,65.0,3.15,0.2493306302791691
70.0,65.0,3.175,0.2388558586284477
70.0,65.0,3.2,0.2284112430532925
70.0,65.0,3.225,0.2179280193810314
70.0,65.0,3.25,0.20735632365309078
70.0,65.0,3.275,0.19664229462440488
70.0,65.0,3.3,0.1857276614497771
70.0,65.0,3.325,0.17454854351393423
70.0,65.0,3.35,0.16303379404933044
70.0,65.0,3.375,0.15110291277290863
70.0,65.0,3.4,0.13866341118105252
70.0,65.0,3.425,0.12560744016438222
70.0,65.0,3.45,0.1118074049750608
70.0,65.0,3.475,0.09711017183750682
70.0,65.0,3.5,0.08132928876491965
70.0,65.0,3.525,0.06423436271095813
70.0,65.0,3.55,0.04553629316531688
70.0,65.0,3.575,0.0248663501922924
70.0,65.0,3.6,0.0017459106661781257
70.0,65.0,3.625,-0.02445831809702127
70.0,65.0,3.65,-0.05460219828532425
70.0,65.0,3.675,-0.08986990792750986
70.0,65.0,3.7,-0.13194333554316845
70.0,65.0,3.725,-0.18328113322496128
70.0,65.0,3.75,-0.2475889738329333
70.0,65.0,3.775,-0.330613398383215
70.0,65.0,3.8,-0.44137946938430966
70.0,67.5,2.4,1.353465580745508
70.0,67.5,2.425,1.1391752858357167
70.0,67.5,2.45,0.9911363510335921
70.0,67.5,2.475,0.8824280990214471
70.0,67.5,2.5,0.798893587816773
70.0,67.5,2.525,0.7324496147581124
70.0,67.5,2.55,0.67811569303938
70.0,67.5,2.575,0.6326021819002351
70.0,67.5,2.6,0.5937686586991112
70.0,67.5,2.625,0.5601173197090746
70.0,67.5,2.65,0.5305724552868691
70.0,67.5,2.675,0.5043588503131179
70.0,67.5,2.7,0.4809053447181187
70.0,67.5,2.725,0.459737441768403
70.0,67.5,2.75,0.4404012802414034
70.0,67.5,2.775,0.42252726853779915
70.0,67.5,2.8,0.405870751462635
70.0,67.5,2.825,0.39026227912879013
70.0,67.5,2.85,0.3755636175984092
70.0,67.5,2.875,0.36165348672689707
70.0,67.5,2.9,0.34842453538025125
70.0,67.5,2.925,0.33578198924307945
70.0,67.5,2.95,0.3236421057730545
70.0,67.5,2.975,0.3119304872552343
70.0,67.5,3.0,0.30058046508294894
70.0,67.5,3.025,0.2895316929255075
70.0,67.5,3.05,0.27872903279484373
70.0,67.5,3.075,0.26811283481662207
70.0,67.5,3.1,0.2576348302515856
70.0,67.5,3.125,0.2472662216548382
70.0,67.5,3.15,0.23694418209180249
70.0,67.5,3.175,0.22662299000905442
70.0,67.5,3.2,0.21625485746809636
70.0,67.5,3.225,0.20578967946515953
70.0,67.5,3.25,0.1951741660115762
70.0,67.5,3.275,0.18435068143615327
70.0,67.5,3.3,0.17325583277924048
70.0,67.5,3.325,0.16181874916459305
70.0,67.5,3.35,0.14995894942062601
70.0,67.5,3.375,0.1375836515250659
70.0,67.5,3.4,0.12458431897421182
70.0,67.5,3.425,0.11083215436386923
70.0,67.5,3.45,0.09617212383117602
70.0,67.5,3.475,0.08041490313930887
70.0,67.5,3.5,0.06332583676514046
70.0,67.5,3.525,0.044609526906239
70.0,67.5,3.55,0.023887900756927406
70.0,67.5,3.575,0.0006683294191415183
70.0,67.5,3.6,-0.025703797282800707
70.0,67.5,3.625,-0.056117423174900156
70.0,67.5,3.65,-0.09180926946809552
70.0,67.5,3.675,-0.1345469235436157
70.0,67.5,3.7,-0.18693287364170494
70.0,67.5,3.725,-0.25292077849933703
70.0,67.5,3.75,-0.3386901346887392
70.0,67.5,3.775,-0.4539847841832078
70.0,67.5,3.8,-0.6129048419918528
70.0,70.0,2.4,1.0534935107273704
70.0,70.0,2.425,0.9298371931739258
70.0,70.0,2.45,0.8365464063246496
70.0,70.0,2.475,0.76335526539003
70.0,70.0,2.5,0.7041507984767582
70.0,70.0,2.525,0.6550981933805144
70.0,70.0,2.55,0.6136081415006713
70.0,70.0,2.575,0.5778358242629408
70.0,70.0,2.6,0.546580453733921
70.0,70.0,2.625,0.518970016080483
70.0,70.0,2.65,0.49436475584337297
70.0,70.0,2.675,0.4722561047656016
70.0,70.0,2.7,0.4521688419028313
70.0,70.0,2.725,0.4336828910508984
70.0,70.0,2.75,0.41650704739883426
70.0,70.0,2.775,0.4004518805740873
70.0,70.0,2.8,0.3853701449220075
70.0,70.0,2.825,0.37113383418317497
70.0,70.0,2.85,0.35762959114846554
70.0,70.0,2.875,0.3447574321537395
70.0,70.0,2.9,0.332429326654279
70.0,70.0,2.925,0.32056752679784
70.0,70.0,2.95,0.3091029476568348
70.0,70.0,2.975,0.29797371342331114
70.0,70.0,3.0,0.28711444997743407
70.0,70.0,3.025,0.27647154840149407
70.0,70.0,3.05,0.2660220132454092
70.0,70.0,3.075,0.2556981376126356
70.0,70.0,3.1,0.24545564887246163
70.0,70.0,3.125,0.2352497974621944
70.0,70.0,3.15,0.22503506496114478
70.0,70.0,3.175,0.21476453152187414
70.0,70.0,3.2,0.20438900072670005
70.0,70.0,3.225,0.1938559694109937
70.0,70.0,3.25,0.18310842369858343
70.0,70.0,3.275,0.17208340571795788
70.0,70.0,3.3,0.16071026951625966
70.0,70.0,3.325,0.14890851438891128
70.0,70.0,3.35,0.13658504214326692
70.0,70.0,3.375,0.12363062459821438
70.0,70.0,3.4,0.10991527871882258
70.0,70.0,3.425,0.0952821132012813
70.0,70.0,3.45,0.0795390059995986
70.0,70.0,3.475,0.06244715372948752
70.0,70.0,3.5,0.043705026793604086
70.0,70.0,3.525,0.022925438441291007
70.0,70.0,3.55,-0.0003979413385445451
70.0,70.0,3.575,-0.02694065375019084
70.0,70.0,3.6,-0.05762427134624991
70.0,70.0,3.625,-0.09373761164075665
70.0,70.0,3.65,-0.13713372670488091
70.0,70.0,3.675,-0.1905593948669754
70.0,70.0,3.7,-0.25821817350363796
70.0,70.0,3.725,-0.34672511980473114
70.0,70.0,3.75,-0.46652582011037547
70.0,70.0,3.775,-0.6322535344814125
70.0,70.0,3.8,-0.8458350670587378
70.0,72.5,2.4,0.8818877570260676
70.0,72.5,2.425,0.7999754758223334
70.0,72.5,2.45,0.734618421699271
70.0,72.5,2.475,0.6810226497452766
70.0,72.5,2.5,0.6360929564479327
70.0,72.5,2.525,0.5977748612386767
70.0,72.5,2.55,0.5645315474162474
70.0,72.5,2.575,0.5352376836337498
70.0,72.5,2.6,0.5092278499154764
70.0,72.5,2.625,0.4859718015901979
70.0,72.5,2.65,0.46496921715297085
70.0,72.5,2.675,0.44574178666945785
70.0,72.5,2.7,0.4279427821453066
70.0,72.5,2.725,0.41135138715803965
70.0,72.5,2.75,0.39580724551054813
70.0,72.5,2.775,0.38117419070642083
70.0,72.5,2.8,0.367331508146218
70.0,72.5,2.825,0.3541726951279035
70.0,72.5,2.85,0.34160426380152
70.0,72.5,2.875,0.3295441213081367
70.0,72.5,2.9,0.3179198680766852
70.0,72.5,2.925,0.3066634634223165
70.0,72.5,2.95,0.29569517306397797
70.0,72.5,2.975,0.28501140926680996
70.0,72.5,3.0,0.2745334891185203
70.0,72.5,3.025,0.2642139950219156
70.0,72.5,3.05,0.2540086869085557
70.0,72.5,3.075,0.24387377353014927
70.0,72.5,3.1,0.23376548667082855
70.0,72.5,3.125,0.22363938153259458
70.0,72.5,3.15,0.21344951633124756
70.0,72.5,3.175,0.20314753323788987
70.0,72.5,3.2,0.19268161552005605
70.0,72.5,3.225,0.18199527473304836
70.0,72.5,3.25,0.17102590406513984
70.0,72.5,3.275,0.1597030121521277
70.0,72.5,3.3,0.14794602157707198
70.0,72.5,3.325,0.1356614731476268
70.0,72.5,3.35,0.12273941410608442
70.0,72.5,3.375,0.10904865510692585
70.0,72.5,3.4,0.0944304401193662
70.0,72.5,3.425,0.07868985750893731
70.0,72.5,3.45,0.06158398265366607
70.0,72.5,3.475,0.04280520225480136
70.0,72.5,3.5,0.021957286759569605
70.0,72.5,3.525,-0.0014797047341139327
70.0,72.5,3.55,-0.02820215420443075
70.0,72.5,3.575,-0.059164228629320456
70.0,72.5,3.6,-0.09570700555863364
70.0,72.5,3.625,-0.1397696974718152
70.0,72.5,3.65,-0.19424532336914258
70.0,72.5,3.675,-0.2635918035448596
70.0,72.5,3.7,-0.3548667147715061
70.0,72.5,3.725,-0.4792048147498423
70.0,72.5,3.75,-0.6515046739571976
70.0,72.5,3.775,-0.865395701175872
70.0,72.5,3.8,-0.8610701377172825
70.0,75.0,2.4,0.770520260074898
70.0,75.0,2.425,0.7112074499067194
70.0,75.0,2.45,0.6620141751062671
70.0,75.0,2.475,0.620379135226643
70.0,75.0,2.5,0.5845732678932436
70.0,75.0,2.525,0.5533998234927299
70.0,75.0,2.55,0.5257970855829852
70.0,75.0,2.575,0.5011114814686265
70.0,75.0,2.6,0.47896360677481864
70.0,75.0,2.625,0.4588403920877621
70.0,75.0,2.65,0.4402975772129051
70.0,75.0,2.675,0.4230664657072669
70.0,75.0,2.7,0.4069701401138483
70.0,75.0,2.725,0.3918608884634351
70.0,75.0,2.75,0.3776090988602508
70.0,75.0,2.775,0.3641004051554456
70.0,75.0,2.8,0.35123453358158974
70.0,75.0,2.825,0.3389238294482226
70.0,75.0,2.85,0.3270908137941614
70.0,75.0,2.875,0.31565005933807155
70.0,75.0,2.9,0.30455741779874146
70.0,75.0,2.925,0.29377374123483957
70.0,75.0,2.95,0.2832273808534889
70.0,75.0,2.975,0.27287181300083796
70.0,75.0,3.0,0.262662516302549
70.0,75.0,3.025,0.2525561836972533
70.0,75.0,3.05,0.2425101780209591
70.0,75.0,3.075,0.2324818320360952
70.0,75.0,3.1,0.22242767847724706
70.0,75.0,3.125,0.21230261651038881
70.0,75.0,3.15,0.20205899140076322
70.0,75.0,3.175,0.19164554969995298
70.0,75.0,3.2,0.1810062195113726
70.0,75.0,3.225,0.17007864958807958
70.0,75.0,3.25,0.15879241919684656
70.0,75.0,3.275,0.1470667996080326
70.0,75.0,3.3,0.13480790315184285
70.0,75.0,3.325,0.1219049899774169
70.0,75.0,3.35,0.10822560481380186
70.0,75.0,3.375,0.09360906813570662
70.0,75.0,3.4,0.0778576184383361
70.0,75.0,3.425,0.060724144678848915
70.0,75.0,3.45,0.041894873834988265
70.0,75.0,3.475,0.02096443501521806
70.0,75.0,3.5,-0.002600868735972588
70.0,75.0,3.525,-0.029518502767822506
70.0,75.0,3.55,-0.060775676794407055
70.0,75.0,3.575,-0.09776661493318875
70.0,75.0,3.6,-0.14251851348567066
70.0,75.0,3.625,-0.1980744277719104
70.0,75.0,3.65,-0.2691542456153945
70.0,75.0,3.675,-0.36327013699502697
70.0,75.0,3.7,-0.4922367469680737
70.0,75.0,3.725,-0.6708883863040793
70.0,75.0,3.75,-0.8809767842443931
70.0,75.0,3.775,-0.7613081812804459
70.0,75.0,3.8,0.5942586753881113
70.0,77.5,2.4,0.692058736378112
70.0,77.5,2.425,0.6463588653336565
70.0,77.5,2.45,0.6073764540950567
70.0,77.5,2.475,0.5736339066845436
70.0,77.5,2.5,0.5441220280514176
70.0,77.5,2.525,0.5179950192884882
70.0,77.5,2.55,0.4944328752042514
70.0,77.5,2.575,0.47313714432983645
70.0,77.5,2.6,0.4537004436742668
70.0,77.5,2.625,0.4357162907763892
70.0,77.5,2.65,0.41896505920671856
70.0,77.5,2.675,0.40328889877633994
70.0,77.5,2.7,0.38854838473841674
70.0,77.5,2.725,0.3746189873848469
70.0,77.5,2.75,0.3613921892904395
70.0,77.5,2.775,0.3487733371041031
70.0,77.5,2.8,0.33667754415957746
70.0,77.5,2.825,0.3250086409587704
70.0,77.5,2.85,0.3137433423743977
70.0,77.5,2.875,0.30281574242875786
70.0,77.5,2.9,0.2921597140432492
70.0,77.5,2.925,0.2817274091704267
70.0,77.5,2.95,0.2714735821225243
70.0,77.5,2.975,0.2613548405833415
70.0,77.5,3.0,0.2513290548037752
70.0,77.5,3.025,0.24135466592635496
70.0,77.5,3.05,0.23138995306999288
70.0,77.5,3.075,0.2213922626072938
70.0,77.5,3.1,0.21131717974715356
70.0,77.5,3.125,0.20111761129217018
70.0,77.5,3.15,0.19074273902664587
70.0,77.5,3.175,0.1801367917314526
70.0,77.5,3.2,0.16923756804011275
70.0,77.5,3.225,0.15797461992320241
70.0,77.5,3.25,0.14626697435564798
70.0,77.5,3.275,0.13402022393695645
70.0,77.5,3.3,0.12112274850218968
70.0,77.5,3.325,0.10744072730568914
70.0,77.5,3.35,0.09281144605266922
70.0,77.5,3.375,0.07703416320652619
70.0,77.5,3.4,0.059857421949754686
70.0,77.5,3.425,0.04096108491742634
70.0,77.5,3.45,0.01993036310718392
70.0,77.5,3.475,-0.0037825930588992066
70.0,77.5,3.5,-0.030916937177846285
70.0,77.5,3.525,-0.06249390594587503
70.0,77.5,3.55,-0.09996257494652551
70.0,77.5,3.575,-0.14544124296467728
70.0,77.5,3.6,-0.20212891316889645
70.0,77.5,3.625,-0.2750184664103817
70.0,77.5,3.65,-0.3720929480104829
70.0,77.5,3.675,-0.5058264287940083
70.0,77.5,3.7,-0.6904638505095311
70.0,77.5,3.725,-0.8904506683518147
70.0,77.5,3.75,-0.6323613263657458
70.0,77.5,3.775,0.7874469390768125
70.0,77.5,3.8,1.2430230564870208
70.0,80.0,2.4,0.6334832099249048
70.0,80.0,2.425,0.5966549629835197
70.0,80.0,2.45,0.5646332403851757
70.0,80.0,2.475,0.5365334793135372
70.0,80.0,2.5,0.5115798073966923
70.0,80.0,2.525,0.4889886353083753
70.0,80.0,2.55,0.468330115993046
70.0,80.0,2.575,0.4494234180074729
70.0,80.0,2.6,0.4319085236367914
70.0,80.0,2.625,0.41556539071141
70.0,80.0,2.65,0.40024505965057133
70.0,80.0,2.675,0.38581461306339304
70.0,80.0,2.7,0.3721557135526668
70.0,80.0,2.725,0.35916467444567507
70.0,80.0,2.75,0.34674842699240926
70.0,80.0,2.775,0.3348060953648782
70.0,80.0,2.8,0.32331179540882826
70.0,80.0,2.825,0.3121950557079942
70.0,80.0,2.85,0.301386378531821
70.0,80.0,2.875,0.2908357646156562
70.0,80.0,2.9,0.28049669577165415
70.0,80.0,2.925,0.2703251038119474
70.0,80.0,2.95,0.2602787530923034
70.0,80.0,2.975,0.2503165530931397
70.0,80.0,3.0,0.2403978478584095
70.0,80.0,3.025,0.2304816880132028
70.0,80.0,3.05,0.22052606911515032
70.0,80.0,3.075,0.21048711016657834
70.0,80.0,3.1,0.20031813884231134
70.0,80.0,3.125,0.18996864165222493
70.0,80.0,3.15,0.17938302589259952
70.0,80.0,3.175,0.16849912409166304
70.0,80.0,3.2,0.15724634848690333
70.0,80.0,3.225,0.14554336962966352
70.0,80.0,3.25,0.13329514452154528
70.0,80.0,3.275,0.12038904795649796
70.0,80.0,3.3,0.10668975352128665
70.0,80.0,3.325,0.09203234771101264
70.0,80.0,3.35,0.07621290810570137
70.0,80.0,3.375,0.058975377163688704
70.0,80.0,3.4,0.03999291704063447
70.0,80.0,3.425,0.018840859632276
70.0,80.0,3.45,-0.0050434569845947495
70.0,80.0,3.475,-0.03242186380546685
70.0,80.0,3.5,-0.06435118370784822
70.0,80.0,3.525,-0.10233793028255324
70.0,80.0,3.55,-0.14859603268087707
70.0,80.0,3.575,-0.2064880927137536
70.0,80.0,3.6,-0.28129285093759854
70.0,80.0,3.625,-0.38146965585212356
70.0,80.0,3.65,-0.5200092922074754
70.0,80.0,3.675,-0.7094315584265944
70.0,80.0,3.7,-0.8962876844696949
70.0,80.0,3.725,-0.48332559863137703
70.0,80.0,3.75,0.945702290362536
70.0,80.0,3.775,1.2168131476693202
70.0,80.0,3.8,1.0283028881611291
70.0,82.5,2.4,0.5878980801711954
70.0,82.5,2.425,0.5573407528452112
70.0,82.5,2.45,0.5304462294466711
70.0,82.5,2.475,0.5064002844579124
70.0,82.5,2.5,0.48452807168004675
70.0,82.5,2.525,0.4644338385118103
70.0,82.5,2.55,0.4459262391493012
70.0,82.5,2.575,0.4288024325504001
70.0,82.5,2.6,0.41280583618221195
70.0,82.5,2.625,0.3977843572753636
70.0,82.5,2.65,0.38361229117342666
70.0,82.5,2.675,0.37017720168472346
70.0,82.5,2.7,0.3573777272250374
70.0,82.5,2.725,0.34510852042196133
70.0,82.5,2.75,0.33332624329665017
70.0,82.5,2.775,0.32197142019080305
70.0,82.5,2.8,0.3109645905437212
70.0,82.5,2.825,0.30025235339216116
70.0,82.5,2.85,0.28978630674897166
70.0,82.5,2.875,0.27952110445216344
70.0,82.5,2.9,0.2694137984638811
70.0,82.5,2.925,0.2594231494017795
70.0,82.5,2.95,0.2495089242073215
70.0,82.5,2.975,0.23963119244876915
70.0,82.5,3.0,0.22974960943926598
70.0,82.5,3.025,0.21982266403688822
70.0,82.5,3.05,0.2098068628086315
70.0,82.5,3.075,0.19965581603132426
70.0,82.5,3.1,0.1893191828151588
70.0,82.5,3.125,0.17874142103286067
70.0,82.5,3.15,0.16786027108583595
70.0,82.5,3.175,0.15660487856121966
70.0,82.5,3.2,0.14489342613039674
70.0,82.5,3.225,0.13263009437804893
70.0,82.5,3.25,0.11970109640789843
70.0,82.5,3.275,0.10596941887658017
70.0,82.5,3.3,0.09126773103792093
70.0,82.5,3.325,0.0753886575145758
70.0,82.5,3.35,0.05807118853857858
70.0,82.5,3.375,0.038981316102653533
70.0,82.5,3.4,0.01768384355481471
70.0,82.5,3.425,-0.006399634400353926
70.0,82.5,3.45,-0.03405501053268162
70.0,82.5,3.475,-0.06637684134595764
70.0,82.5,3.5,-0.10493252419770344
70.0,82.5,3.525,-0.15203706163461927
70.0,82.5,3.55,-0.21122504755652213
70.0,82.5,3.575,-0.28806207330408967
70.0,82.5,3.6,-0.3914080257264206
70.0,82.5,3.625,-0.5347233967302084
70.0,82.5,3.65,-0.7310317321938367
70.0,82.5,3.675,-0.8990946882922444
70.0,82.5,3.7,-0.299824322203567
70.0,82.5,3.725,1.0570753575192553
70.0,82.5,3.75,1.1848023780028656
70.0,82.5,3.775,0.9876106199769088
70.0,82.5,3.8,0.819070313065817
70.0,85.0,2.4,0.5515840165374896
70.0,85.0,2.425,0.5256559647816269
70.0,85.0,2.45,0.502278860549513
70.0,85.0,2.475,0.4809328028058646
70.0,85.0,2.5,0.4613078538977964
70.0,85.0,2.525,0.4431674605654035
70.0,85.0,2.55,0.4263400808199112
70.0,85.0,2.575,0.41063267290356703
70.0,85.0,2.6,0.39585981475736803
70.0,85.0,2.625,0.3818999780850851
70.0,85.0,2.65,0.3686454969197986
70.0,85.0,2.675,0.3559891412759126
70.0,85.0,2.7,0.3438562902614258
70.0,85.0,2.725,0.3322082498647187
70.0,85.0,2.75,0.32095427286743156
70.0,85.0,2.775,0.31003447178332094
70.0,85.0,2.8,0.29939781091070705
70.0,85.0,2.825,0.288997044129301
70.0,85.0,2.85,0.2787878997860233
70.0,85.0,2.875,0.2687283823619306
70.0,85.0,2.9,0.25877806653989993
70.0,85.0,2.925,0.2488974008720193
70.0,85.0,2.95,0.2390470155385945
70.0,85.0,2.975,0.22918701608910316
70.0,85.0,3.0,0.21927623880345212
70.0,85.0,3.025,0.20927143835358905
70.0,85.0,3.05,0.1991263724676817
70.0,85.0,3.075,0.18879073995151877
70.0,85.0,3.1,0.17820891643945644
70.0,85.0,3.125,0.16731841500392025
70.0,85.0,3.15,0.15604797389055258
70.0,85.0,3.175,0.1443151376002728
70.0,85.0,3.2,0.13202314479675012
70.0,85.0,3.225,0.11905685839138944
70.0,85.0,3.25,0.10527735570098512
70.0,85.0,3.275,0.09051461693092204
70.0,85.0,3.3,0.07455747015925246
70.0,85.0,3.325,0.057139505080665356
70.0,85.0,3.35,0.037918944899044404
70.0,85.0,3.375,0.016449182304361855
70.0,85.0,3.4,-0.007865075634180324
70.0,85.0,3.425,-0.03583561266673599
70.0,85.0,3.45,-0.06859743187161456
70.0,85.0,3.475,-0.10778290794163907
70.0,85.0,3.5,-0.15581359052051985
70.0,85.0,3.525,-0.2163968541800199
70.0,85.0,3.55,-0.2953585995435205
70.0,85.0,3.575,-0.4021766477309292
70.0,85.0,3.6,-0.5518447462878535
70.0,85.0,3.625,-0.7545330485066275
70.0,85.0,3.65,-0.8919072181481221
70.0,85.0,3.675,-0.09450440407139908
70.0,85.0,3.7,1.1315994953313804
70.0,85.0,3.725,1.1507503747409351
70.0,85.0,3.75,0.9507163653578097
70.0,85.0,3.775,0.7899918736885004
70.0,85.0,3.8,0.6740496098622771
70.0,87.5,2.4,0.5219537254955897
70.0,87.5,2.425,0.4990656557219377
70.0,87.5,2.45,0.47813361784588077
70.0,87.5,2.475,0.4588800163110092
70.0,87.5,2.5,0.44106656678395806
70.0,87.5,2.525,0.42449083006047156
70.0,87.5,2.55,0.40899954850135656
70.0,87.5,2.575,0.39443021755970326
70.0,87.5,2.6,0.3806412180086812
70.0,87.5,2.625,0.367525489935153
70.0,87.5,2.65,0.35498202912741317
70.0,87.5,2.675,0.3429745445742157
70.0,87.5,2.7,0.3314194494090001
70.0,87.5,2.725,0.32024257305420334
70.0,87.5,2.75,0.3093888589794207
70.0,87.5,2.775,0.29880849429131806
70.0,87.5,2.8,0.28845525511795367
70.0,87.5,2.825,0.2782857756910384
70.0,87.5,2.85,0.26825883235540326
70.0,87.5,2.875,0.2583346405472991
70.0,87.5,2.9,0.24847416884857443
70.0,87.5,2.925,0.23863845739999018
70.0,87.5,2.95,0.22878791996101436
70.0,87.5,2.975,0.21888160423134873
70.0,87.5,3.0,0.20887638047697027
70.0,87.5,3.025,0.19872602245112794
70.0,87.5,3.05,0.1883801359573256
70.0,87.5,3.075,0.17778287795053677
70.0,87.5,3.1,0.1668713911564908
70.0,87.5,3.125,0.1555738533491012
70.0,87.5,3.15,0.14380700292065307
70.0,87.5,3.175,0.13147294739694568
70.0,87.5,3.2,0.11845497992018794
70.0,87.5,3.225,0.1046120057501999
70.0,87.5,3.25,0.08977099339286103
70.0,87.5,3.275,0.07371652941859307
70.0,87.5,3.3,0.0561762906933079
70.0,87.5,3.325,0.03679997543896798
70.0,87.5,3.35,0.015128593499590691
70.0,87.5,3.375,-0.009451650946170991
70.0,87.5,3.4,-0.03778054821030501
70.0,87.5,3.425,-0.07103677118338164
70.0,87.5,3.45,-0.11092199503382319
70.0,87.5,3.475,-0.15996753436512257
70.0,87.5,3.5,-0.22205495399307607
70.0,87.5,3.525,-0.3034450309889655
70.0,87.5,3.55,-0.4145677299478318
70.0,87.5,3.575,-0.570777290916352
70.0,87.5,3.6,-0.7790210871227616
70.0,87.5,3.625,-0.8730825955953485
70.0,87.5,3.65,0.1241566245404848
70.0,87.5,3.675,1.1777796607411268
70.0,87.5,3.7,1.1164685587647003
70.0,87.5,3.725,0.9172435543804925
70.0,87.5,3.75,0.7639272029974006
70.0,87.5,3.775,0.6535970496959246
70.0,87.5,3.8,0.5720029524285627
70.0,90.0,2.4,0.49666567220359126
70.0,90.0,2.425,0.4760697908065429
70.0,90.0,2.45,0.4571134916977295
70.0,90.0,2.475,0.4395589286286196
70.0,90.0,2.5,0.4232037354468645
70.0,90.0,2.525,0.4078804348438993
70.0,90.0,2.55,0.39345928082505705
70.0,90.0,2.575,0.3798040009230469
70.0,90.0,2.6,0.3667910360556437
70.0,90.0,2.625,0.3543493149609144
70.0,90.0,2.65,0.342429884452677
70.0,90.0,2.675,0.33094160362128017
70.0,90.0,2.7,0.319820671783196
70.0,90.0,2.725,0.3090136899485467
70.0,90.0,2.75,0.29847183613486544
70.0,90.0,2.775,0.2881497452529156
70.0,90.0,2.8,0.2780047794676832
70.0,90.0,2.825,0.2679963155966359
70.0,90.0,2.85,0.2580850509232494
70.0,90.0,2.875,0.24823232716306692
70.0,90.0,2.9,0.2383994571244882
70.0,90.0,2.925,0.22854703221999406
70.0,90.0,2.95,0.21863418487692857
70.0,90.0,2.975,0.20861777536358428
70.0,90.0,3.0,0.1984514662852471
70.0,90.0,3.025,0.18808463898923966
70.0,90.0,3.05,0.17746109313281846
70.0,90.0,3.075,0.16651745199788387
70.0,90.0,3.1,0.15518116922058273
70.0,90.0,3.125,0.14336799353986476
70.0,90.0,3.15,0.130978691096108
70.0,90.0,3.175,0.11789474451166453
70.0,90.0,3.2,0.10397247596624237
70.0,90.0,3.225,0.08903567096620472
70.0,90.0,3.25,0.07286409124489412
70.0,90.0,3.275,0.0551788109225112
70.0,90.0,3.3,0.03562012903668378
70.0,90.0,3.325,0.013715423589139299
70.0,90.0,3.35,-0.011169328936570817
70.0,90.0,3.375,-0.03990455676395083
70.0,90.0,3.4,-0.07371626808101811
70.0,90.0,3.425,-0.11437996131655953
70.0,90.0,3.45,-0.16454563510602382
70.0,90.0,3.475,-0.22836063829134337
70.0,90.0,3.5,-0.3126384435130937
70.0,90.0,3.525,-0.4283531852201151
70.0,90.0,3.55,-0.5915960009210988
70.0,90.0,3.575,-0.8048299744348565
70.0,90.0,3.6,-0.8387959117977332
70.0,90.0,3.625,0.346345596496728
70.0,90.0,3.65,1.202493150521851
70.0,90.0,3.675,1.0828549105355696
70.0,90.0,3.7,0.8867734153641125
70.0,90.0,3.725,0.740447610638405
70.0,90.0,3.75,0.6352246963960883
70.0,90.0,3.775,0.5570791364005219
70.0,90.0,3.8,0.4967134304508316
70.0,92.5,2.4,0.4746904924264227
70.0,92.5,2.425,0.45596739658861984
70.0,92.5,2.45,0.43861170993349613
70.0,92.5,2.475,0.42242538491694026
70.0,92.5,2.5,0.4072425239897302
70.0,92.5,2.525,0.3929254755284854
70.0,92.5,2.55,0.3793609039641719
70.0,92.5,2.575,0.3664268831423773
70.0,92.5,2.6,0.3540643849813978
70.0,92.5,2.625,0.3422027438912868
70.0,92.5,2.65,0.33075940674030546
70.0,92.5,2.675,0.3196748166514421
70.0,92.5,2.7,0.30889666576339375
70.0,92.5,2.725,0.29837686737793256
70.0,92.5,2.75,0.28807074420768786
70.0,92.5,2.775,0.27793622017104824
70.0,92.5,2.8,0.26793311530987507
70.0,92.5,2.825,0.2580224641200307
70.0,92.5,2.85,0.24816584780578915
70.0,92.5,2.875,0.23832472637039276
70.0,92.5,2.9,0.22845974857165952
70.0,92.5,2.925,0.21853001344910788
70.0,92.5,2.95,0.20849225242790626
70.0,92.5,2.975,0.19829989445880541
70.0,92.5,3.0,0.1879019672203946
70.0,92.5,3.025,0.1772417738501321
70.0,92.5,3.05,0.16625526525228687
70.0,92.5,3.075,0.15486900053004476
70.0,92.5,3.1,0.14299755721870505
70.0,92.5,3.125,0.13053998224036775
70.0,92.5,3.15,0.1173759107613537
70.0,92.5,3.175,0.10335878731522079
70.0,92.5,3.2,0.0883083848969583
70.0,92.5,3.225,0.0719993594689889
70.0,92.5,3.25,0.05414541072175613
70.0,92.5,3.275,0.034376404736128616
70.0,92.5,3.3,0.012204618774809889
70.0,92.5,3.325,-0.013026292003565518
70.0,92.5,3.35,-0.04222044563357133
70.0,92.5,3.375,-0.07665559553246339
70.0,92.5,3.4,-0.1181893062070772
70.0,92.5,3.425,-0.16963131016141492
70.0,92.5,3.45,-0.23545869560568644
70.0,92.5,3.475,-0.3228898029521231
70.0,92.5,3.5,-0.4436706156997278
70.0,92.5,3.525,-0.6147200183017981
70.0,92.5,3.55,-0.8319384856861896
70.0,92.5,3.575,-0.78348424615881
70.0,92.5,3.6,0.5612181640758038
70.0,92.5,3.625,1.211084522312316
70.0,92.5,3.65,1.0503159355345235
70.0,92.5,3.675,0.8588997073666776
70.0,92.5,3.7,0.7191762746308505
70.0,92.5,3.725,0.6186432430634196
70.0,92.5,3.75,0.543651476973466
70.0,92.5,3.775,0.485437403480648
70.0,92.5,3.8,0.43859491779628
70.0,95.0,2.4,0.4554032188346563
70.0,95.0,2.425,0.43819310414428764
70.0,95.0,2.45,0.4221277273953715
70.0,95.0,2.475,0.40704503040255996
70.0,95.0,2.5,0.39280759744327304
70.0,95.0,2.525,0.3792961819146922
70.0,95.0,2.55,0.3664159526850877
70.0,95.0,2.575,0.3541052495797691
70.0,95.0,2.6,0.3422778060137171
70.0,95.0,2.625,0.3308595481171943
70.0,95.0,2.65,0.3197931322019937
70.0,95.0,2.675,0.3090271314376501
70.0,95.0,2.7,0.29851409283340696
70.0,95.0,2.725,0.28820979781549805
70.0,95.0,2.75,0.2780725792924849
70.0,95.0,2.775,0.2680625597201784
70.0,95.0,2.8,0.25814097924219037
70.0,95.0,2.825,0.24826953638981694
70.0,95.0,2.85,0.23840972309152797
70.0,95.0,2.875,0.22852213413690917
70.0,95.0,2.9,0.21856572484186768
70.0,95.0,2.925,0.20849698542252149
70.0,95.0,2.95,0.19826899369072162
70.0,95.0,2.975,0.1878302978895559
70.0,95.0,3.0,0.1771235679715435
70.0,95.0,3.025,0.16608394310487895
70.0,95.0,3.05,0.15463672178794186
70.0,95.0,3.075,0.1426954230954126
70.0,95.0,3.1,0.13015717155288428
70.0,95.0,3.125,0.11689898742969285
70.0,95.0,3.15,0.1027712912686337
70.0,95.0,3.175,0.08758952256011614
70.0,95.0,3.2,0.07112244175812486
70.0,95.0,3.225,0.053075551946904276
70.0,95.0,3.25,0.03306710964416069
70.0,95.0,3.275,0.010592614337608764
70.0,95.0,3.3,-0.015029047394369091
70.0,95.0,3.325,-0.04473934835035489
70.0,95.0,3.35,-0.07987400355233268
70.0,95.0,3.375,-0.12239086236300975
70.0,95.0,3.4,-0.17529887141493466
70.0,95.0,3.425,-0.24336087650175842
70.0,95.0,3.45,-0.3342921153580758
70.0,95.0,3.475,-0.4607851103659748
70.0,95.0,3.5,-0.6405512712947029
70.0,95.0,3.525,-0.8599610424795868
70.0,95.0,3.55,-0.6999023643432993
70.0,95.0,3.575,0.7581602223613625
70.0,95.0,3.6,1.207607399664496
70.0,95.0,3.625,1.0189949687788282
70.0,95.0,3.65,0.8332528836099977
70.0,95.0,3.675,0.6997870683495181
70.0,95.0,3.7,0.6036007147905695
70.0,95.0,3.725,0.5315228517334258
70.0,95.0,3.75,0.47529834542784744
70.0,95.0,3.775,0.42984853046649296
70.0,95.0,3.8,0.39195567561648803
70.0,97.5,2.4,0.43827400596643007
70.0,97.5,2.425,0.4222864651512746
70.0,97.5,2.45,0.4072655651116978
70.0,97.5,2.475,0.3930758192889641
70.0,97.5,2.5,0.37959752329064567
70.0,97.5,2.525,0.36674276082428353
70.0,97.5,2.55,0.35445526721977494
70.0,97.5,2.575,0.34264194856894936
70.0,97.5,2.6,0.3312305058617411
70.0,97.5,2.625,0.3201653985850521
70.0,97.5,2.65,0.30939599355281505
70.0,97.5,2.675,0.2988753691474266
70.0,97.5,2.7,0.2885596646048174
70.0,97.5,2.725,0.27840742770150967
70.0,97.5,2.75,0.2683789559059745
70.0,97.5,2.775,0.25843557684297647
70.0,97.5,2.8,0.24853899426513304
70.0,97.5,2.825,0.2386506254860614
70.0,97.5,2.85,0.2287309078378618
70.0,97.5,2.875,0.21873854962545736
70.0,97.5,2.9,0.20862969390491115
70.0,97.5,2.925,0.1983569564025684
70.0,97.5,2.95,0.18786829431671154
70.0,97.5,2.975,0.1771052970268224
70.0,97.5,3.0,0.16600283755330505
70.0,97.5,3.025,0.1544845258762674
70.0,97.5,3.05,0.14246206897497865
70.0,97.5,3.075,0.1298307565860134
70.0,97.5,3.1,0.11646484113826312
70.0,97.5,3.125,0.10221113474408605
70.0,97.5,3.15,0.08688023897620933
70.0,97.5,3.175,0.07023431973415958
70.0,97.5,3.2,0.05196973081394871
70.0,97.5,3.225,0.031691786942794245
70.0,97.5,3.25,0.008877292231891834
70.0,97.5,3.275,-0.017182487425777885
70.0,97.5,3.3,-0.047470911073949455
70.0,97.5,3.325,-0.08339087241209898
70.0,97.5,3.35,-0.12702228097488452
70.0,97.5,3.375,-0.18157442522424033
70.0,97.5,3.4,-0.25212096440007553
70.0,97.5,3.425,-0.34699808069670784
70.0,97.5,3.45,-0.4799758342659657
70.0,97.5,3.475,-0.6694927289690525
70.0,97.5,3.5,-0.8879953310076338
70.0,97.5,3.525,-0.5795443577198447
70.0,97.5,3.55,0.9282845314986582
70.0,97.5,3.575,1.1951189909571422
70.0,97.5,3.6,0.9889028994835519
70.0,97.5,3.625,0.8095099226359932
70.0,97.5,3.65,0.6820013378204339
70.0,97.5,3.675,0.5898792986216396
70.0,97.5,3.7,0.5205199934956821
70.0,97.5,3.725,0.4661522178136668
70.0,97.5,3.75,0.4220059235886433
70.0,97.5,3.775,0.3850470719397672
70.0,97.5,3.8,0.353273906516605
70.0,100.0,2.4,0.422880088317814
70.0,100.0,2.425,0.40788601551448367
70.0,100.0,2.45,0.39371314511555977
70.0,100.0,2.475,0.3802437869461674
70.0,100.0,2.5,0.36739507590132303
70.0,100.0,2.525,0.3551038282701728
70.0,100.0,2.55,0.34328356346996064
70.0,100.0,2.575,0.3318623370888089
70.0,100.0,2.6,0.32078287566738595
70.0,100.0,2.625,0.30999552595793634
70.0,100.0,2.65,0.2994538384298196
70.0,100.0,2.675,0.2891142211588045
70.0,100.0,2.7,0.2789353479304518
70.0,100.0,2.725,0.2688775286203821
70.0,100.0,2.75,0.25890207099561907
70.0,100.0,2.775,0.24897058229637145
70.0,100.0,2.8,0.23904430640517124
70.0,100.0,2.825,0.22908342669151818
70.0,100.0,2.85,0.21904630829764568
70.0,100.0,2.875,0.20888865208632998
70.0,100.0,2.9,0.19856252699842153
70.0,100.0,2.925,0.18801489899298163
70.0,100.0,2.95,0.17718717546163157
70.0,100.0,2.975,0.16601212288206196
70.0,100.0,3.0,0.15441254502326113
70.0,100.0,3.025,0.14229816112594187
70.0,100.0,3.05,0.1295618946926477
70.0,100.0,3.075,0.11607492851580496
70.0,100.0,3.1,0.1016800304357556
70.0,100.0,3.125,0.08618239126679195
70.0,100.0,3.15,0.06933681529860482
70.0,100.0,3.175,0.050829453636814716
70.0,100.0,3.2,0.030251191102245285
70.0,100.0,3.225,0.007057966024845212
70.0,100.0,3.25,-0.01948988342588858
70.0,100.0,3.275,-0.050423182417947396
70.0,100.0,3.3,-0.08722335882973321
70.0,100.0,3.325,-0.13210576694995016
70.0,100.0,3.35,-0.18848788399612537
70.0,100.0,3.375,-0.26182270834152593
70.0,100.0,3.4,-0.36117152978839956
70.0,100.0,3.425,-0.5015423685767818
70.0,100.0,3.45,-0.7019542453583101
70.0,100.0,3.475,-0.9143221517423064
70.0,100.0,3.5,-0.41406930617219395
70.0,100.0,3.525,1.0656903405721323
70.0,100.0,3.55,1.175946028560284
70.0,100.0,3.575,0.9599933998238301
70.0,100.0,3.6,0.7873968875577355
70.0,100.0,3.625,0.665583811668893
70.0,100.0,3.65,0.5772891010709872
70.0,100.0,3.675,0.5104840569802067
70.0,100.0,3.7,0.4578772475703383
70.0,100.0,3.725,0.4149657725612503
70.0,100.0,3.75,0.3788945765251183
70.0,100.0,3.775,0.3477673888535513
70.0,100.0,3.8,0.32027720468641574
70.0,102.5,2.4,0.4088907542371653
70.0,102.5,2.425,0.3947063613761796
70.0,102.5,2.45,0.3812215172888259
70.0,102.5,2.475,0.36835622624255493
70.0,102.5,2.5,0.35604322542356215
70.0,102.5,2.525,0.3441950712473413
70.0,102.5,2.55,0.33274627617912533
70.0,102.5,2.575,0.3216381212549413
70.0,102.5,2.6,0.31081922036914467
70.0,102.5,2.625,0.30024377744808406
70.0,102.5,2.65,0.2898684162051898
70.0,102.5,2.675,0.27965186276174275
70.0,102.5,2.7,0.2695543624115374
70.0,102.5,2.725,0.25953706441591823
70.0,102.5,2.75,0.2495613865180536
70.0,102.5,2.775,0.23958830899251118
70.0,102.5,2.8,0.2295776730407875
70.0,102.5,2.825,0.2194874258156589
70.0,102.5,2.85,0.20927234528002614
70.0,102.5,2.875,0.1988846248286892
70.0,102.5,2.9,0.18827001092102832
70.0,102.5,2.925,0.177368594636337
70.0,102.5,2.95,0.16611208596406465
70.0,102.5,2.975,0.15442164267724234
70.0,102.5,3.0,0.14220491971646274
70.0,102.5,3.025,0.12935219872871473
70.0,102.5,3.05,0.11573123625815215
70.0,102.5,3.075,0.10118029299123397
70.0,102.5,3.1,0.0854985366644444
70.0,102.5,3.125,0.06843258145612587
70.0,102.5,3.15,0.04965722586605586
70.0,102.5,3.175,0.028747282150645856
70.0,102.5,3.2,0.005135394073040329
70.0,102.5,3.225,-0.02195280991738904
70.0,102.5,3.25,-0.05360214050643454
70.0,102.5,3.275,-0.09138367414081205
70.0,102.5,3.3,-0.13765819034589918
70.0,102.5,3.325,-0.19608166239806596
70.0,102.5,3.35,-0.272556672922158
70.0,102.5,3.375,-0.376986604941184
70.0,102.5,3.4,-0.5258142432781285
70.0,102.5,3.425,-0.7383414132353899
70.0,102.5,3.45,-0.9359122641848042
70.0,102.5,3.475,-0.19832319382616548
70.0,102.5,3.5,1.1680763711511704
70.0,102.5,3.525,1.1518922003868421
70.0,102.5,3.55,0.9322045867687528
70.0,102.5,3.575,0.7666794951467044
70.0,102.5,3.6,0.6503253822954029
70.0,102.5,3.625,0.5656777212434372
70.0,102.5,3.65,0.5013062950503102
70.0,102.5,3.675,0.45036065840857303
70.0,102.5,3.7,0.4086254326934452
70.0,102.5,3.725,0.3734043682562269
70.0,102.5,3.75,0.34290127913637836
70.0,102.5,3.775,0.31587272813093337
70.0,102.5,3.8,0.2914263300066568
70.0,105.0,2.4,0.39604419284236503
70.0,105.0,2.425,0.38252037774538816
70.0,105.0,2.45,0.36961589560666835
70.0,105.0,2.475,0.3572618870801004
70.0,105.0,2.5,0.3453712347909784
70.0,105.0,2.525,0.33387681771449934
70.0,105.0,2.55,0.32272463495470216
70.0,105.0,2.575,0.3118616406526819
70.0,105.0,2.6,0.30124047730750514
70.0,105.0,2.625,0.29081815455132903
70.0,105.0,2.65,0.28055340487180563
70.0,105.0,2.675,0.27040634747882325
70.0,105.0,2.7,0.26033790535956186
70.0,105.0,2.725,0.2503091863885631
70.0,105.0,2.75,0.24028082840596587
70.0,105.0,2.775,0.23021226008526
70.0,105.0,2.8,0.22006056436848828
70.0,105.0,2.825,0.20978085759300816
70.0,105.0,2.85,0.1993233512791297
70.0,105.0,2.875,0.18863353669578828
70.0,105.0,2.9,0.17765020423878367
70.0,105.0,2.925,0.16630360981504427
70.0,105.0,2.95,0.15451309991932796
70.0,105.0,2.975,0.1421840407873182
70.0,105.0,3.0,0.129203786623926
70.0,105.0,3.025,0.11543629984993951
70.0,105.0,3.05,0.10071485149695143
70.0,105.0,3.075,0.0848319404991109
70.0,105.0,3.1,0.06752510718776074
70.0,105.0,3.125,0.04845655707658414
70.0,105.0,3.15,0.027183237616435017
70.0,105.0,3.175,0.0031118141598784044
70.0,105.0,3.2,-0.024571030976633407
70.0,105.0,3.225,-0.05701123311369521
70.0,105.0,3.25,-0.09587988778806657
70.0,105.0,3.275,-0.14369825788950477
70.0,105.0,3.3,-0.20440179442875145
70.0,105.0,3.325,-0.2844167513639098
70.0,105.0,3.35,-0.3946313631774399
70.0,105.0,3.375,-0.5531587938880046
70.0,105.0,3.4,-0.7790245697559445
70.0,105.0,3.425,-0.9476587548310633
70.0,105.0,3.45,0.06508967094454371
70.0,105.0,3.475,1.2365551764696945
70.0,105.0,3.5,1.1243678603890441
70.0,105.0,3.525,0.9054468942605772
70.0,105.0,3.55,0.747194658131457
70.0,105.0,3.575,0.6361026777003821
70.0,105.0,3.6,0.5549104077636057
70.0,105.0,3.625,0.49285410878423147
70.0,105.0,3.65,0.44350359380014215
70.0,105.0,3.675,0.40289954510272963
70.0,105.0,3.7,0.3684999799562066
70.0,105.0,3.725,0.3386040311718495
70.0,105.0,3.75,0.3120288140077203
70.0,105.0,3.775,0.28792130540605515
70.0,105.0,3.8,0.26564448493673337
70.0,107.5,2.4,0.3841319058328964
70.0,107.5,2.425,0.37116677079258376
70.0,107.5,2.45,0.35875276496402614
70.0,107.5,2.475,0.3468034767757675
70.0,107.5,2.5,0.3352506431399055
70.0,107.5,2.525,0.32403858165248633
70.0,107.5,2.55,0.3131181116002132
70.0,107.5,2.575,0.30244012750878285
70.0,107.5,2.6,0.2919601997947345
70.0,107.5,2.625,0.28163722649231837
70.0,107.5,2.65,0.271431160650928
70.0,107.5,2.675,0.26130264741876225
70.0,107.5,2.7,0.25121242975994396
70.0,107.5,2.725,0.24112025050303704
70.0,107.5,2.75,0.230986007868675
70.0,107.5,2.775,0.2207657766713718
70.0,107.5,2.8,0.2104134355801538
70.0,107.5,2.825,0.19987874270223374
70.0,107.5,2.85,0.18910608944277374
70.0,107.5,2.875,0.17803297170926044
70.0,107.5,2.9,0.16658805089094175
70.0,107.5,2.925,0.15468868325660504
70.0,107.5,2.95,0.14223772129149018
70.0,107.5,2.975,0.12911930414770237
70.0,107.5,3.0,0.1151932256941256
70.0,107.5,3.025,0.10028727044314512
70.0,107.5,3.05,0.08418659567458799
70.0,107.5,3.075,0.06661873618586614
70.0,107.5,3.1,0.047231981660188764
70.0,107.5,3.125,0.025563481242968436
70.0,107.5,3.15,0.0009909934734308257
70.0,107.5,3.175,-0.02734239506239682
70.0,107.5,3.2,-0.060651309226669385
70.0,107.5,3.225,-0.10071789489332278
70.0,107.5,3.25,-0.1502453267336321
70.0,107.5,3.275,-0.21349438451931896
70.0,107.5,3.3,-0.2975005244209834
70.0,107.5,3.325,-0.41431120185239545
70.0,107.5,3.35,-0.5839881434680225
70.0,107.5,3.375,-0.8242753113316476
70.0,107.5,3.4,-0.9412540893430055
70.0,107.5,3.425,0.36155122523967714
70.0,107.5,3.45,1.2744195630888493
70.0,107.5,3.475,1.094555890370185
70.0,107.5,3.5,0.8797867285621351
70.0,107.5,3.525,0.7287895657166936
70.0,107.5,3.55,0.6227524671477191
70.0,107.5,3.575,0.5448749287232493
70.0,107.5,3.6,0.48503833266490676
70.0,107.5,3.625,0.437222734959557
70.0,107.5,3.65,0.39771234256054067
70.0,107.5,3.675,0.3641115994071451
70.0,107.5,3.7,0.3348103105575826
70.0,107.5,3.725,0.3086834587485699
70.0,107.5,3.75,0.28491587326523643
70.0,107.5,3.775,0.2628956520057624
70.0,107.5,3.8,0.24214685806546987
70.0,110.0,2.4,0.3730032511475969
70.0,110.0,2.425,0.36051099236778755
70.0,110.0,2.45,0.34848687654987814
70.0,110.0,2.475,0.3368615207269478
70.0,110.0,2.5,0.32557817206343886
70.0,110.0,2.525,0.31458616497411346
70.0,110.0,2.55,0.3038395421308588
70.0,110.0,2.575,0.2932920805781058
70.0,110.0,2.6,0.28290131950471087
70.0,110.0,2.625,0.272627194859732
70.0,110.0,2.65,0.2624300430156429
70.0,110.0,2.675,0.2522691079384804
70.0,110.0,2.7,0.2421069253163794
70.0,110.0,2.725,0.23189920435613923
70.0,110.0,2.75,0.22160276235085702
70.0,110.0,2.775,0.2111706174005341
70.0,110.0,2.8,0.20055153762330605
70.0,110.0,2.825,0.18968875402809918
70.0,110.0,2.85,0.17851835288736023
70.0,110.0,2.875,0.16696725896633668
70.0,110.0,2.9,0.15495066242032451
70.0,110.0,2.925,0.14236867980219892
70.0,110.0,2.95,0.12910194865549235
70.0,110.0,2.975,0.11500571725981046
70.0,110.0,3.0,0.09990177758364055
70.0,110.0,3.025,0.08356725195391833
70.0,110.0,3.05,0.0657186982493308
70.0,110.0,3.075,0.04598909475948038
70.0,110.0,3.1,0.023893728648700877
70.0,110.0,3.125,-0.001221707199161222
70.0,110.0,3.15,-0.03026275327823557
70.0,110.0,3.175,-0.0645207858501609
70.0,110.0,3.2,-0.1059018988144511
70.0,110.0,3.225,-0.15731740821661525
70.0,110.0,3.25,-0.22340462991708152
70.0,110.0,3.275,-0.31190984627653134
70.0,110.0,3.3,-0.4362519611040635
70.0,110.0,3.325,-0.6187648111566444
70.0,110.0,3.35,-0.8741381743493193
70.0,110.0,3.375,-0.9034394023195763
70.0,110.0,3.4,0.6631558300106063
70.0,110.0,3.425,1.2879319212093538
70.0,110.0,3.45,1.0634000559378638
70.0,110.0,3.475,0.8551089304377459
70.0,110.0,3.5,0.7113550266848851
70.0,110.0,3.525,0.6101825141424994
70.0,110.0,3.55,0.5354829071630485
70.0,110.0,3.575,0.4777799716990466
70.0,110.0,3.6,0.43144637417622494
70.0,110.0,3.625,0.39299759500478015
70.0,110.0,3.65,0.36017716122706844
70.0,110.0,3.675,0.33146124166840374
70.0,110.0,3.7,0.30578016698086824
70.0,110.0,3.725,0.2823551996362261
70.0,110.0,3.75,0.26059886031657026
70.0,110.0,3.775,0.24005163338512842
70.0,110.0,3.8,0.220340216365843
80.0,40.0,2.4,0.005833801892338798
80.0,40.0,2.425,-0.01854928208426415
80.0,40.0,2.45,-0.04607329536931286
80.0,40.0,2.475,-0.07753601390118323
80.0,40.0,2.5,-0.11402943468557757
80.0,40.0,2.525,-0.1570855988842473
80.0,40.0,2.55,-0.20891745982914545
80.0,40.0,2.575,-0.2728343505079736
80.0,40.0,2.6,-0.3539912752658431
80.0,40.0,2.625,-0.46081618424012205
80.0,40.0,2.65,-0.607867711873114
80.0,40.0,2.675,-0.8216692886420804
80.0,40.0,2.7,-1.1504105103994313
80.0,40.0,2.725,-1.6377247097747718
80.0,40.0,2.75,-1.5480474153882013
80.0,40.0,2.775,1.582467577503009
80.0,40.0,2.8,2.007440309324278
80.0,40.0,2.825,1.5702826814874913
80.0,40.0,2.85,1.2515245673804771
80.0,40.0,2.875,1.040822336096855
80.0,40.0,2.9,0.8950730988099224
80.0,40.0,2.925,0.7889134597447863
80.0,40.0,2.95,0.7081403852149946
80.0,40.0,2.975,0.6444590140384602
80.0,40.0,3.0,0.592770804078351
80.0,40.0,3.025,0.5497921316523886
80.0,40.0,3.05,0.5133223320931035
80.0,40.0,3.075,0.4818386283039726
80.0,40.0,3.1,0.4542644716349384
80.0,40.0,3.125,0.42983029401499967
80.0,40.0,3.15,0.4079635903192826
80.0,40.0,3.175,0.38817471716285046
80.0,40.0,3.2,0.3700230007140611
80.0,40.0,3.225,0.35317918564402667
80.0,40.0,3.25,0.33742229287290004
80.0,40.0,3.275,0.32258552788603106
80.0,40.0,3.3,0.30852741779790405
80.0,40.0,3.325,0.29512401051203613
80.0,40.0,3.35,0.28226630671683517
80.0,40.0,3.375,0.2698581212779711
80.0,40.0,3.4,0.2578138762193083
80.0,40.0,3.425,0.24605649051407005
80.0,40.0,3.45,0.2345154714418813
80.0,40.0,3.475,0.2231252213030279
80.0,40.0,3.5,0.21182352839795937
80.0,40.0,3.525,0.20055019521809517
80.0,40.0,3.55,0.18924575307890332
80.0,40.0,3.575,0.1778502123571687
80.0,40.0,3.6,0.16630179739131493
80.0,40.0,3.625,0.15453561574461686
80.0,40.0,3.65,0.14248201166523644
80.0,40.0,3.675,0.13006566640921363
80.0,40.0,3.7,0.11720231073307825
80.0,40.0,3.725,0.10379760426433426
80.0,40.0,3.75,0.08974379033583434
80.0,40.0,3.775,0.07491630999425397
80.0,40.0,3.8,0.05916954015300279
80.0,42.5,2.4,-0.03979037203941064
80.0,42.5,2.425,-0.07132862840356997
80.0,42.5,2.45,-0.10787688876762369
80.0,42.5,2.475,-0.1509624961171357
80.0,42.5,2.5,-0.2027929828818443
80.0,42.5,2.525,-0.266672508950551
80.0,42.5,2.55,-0.34775832353561004
80.0,42.5,2.575,-0.45451639736842125
80.0,42.5,2.6,-0.601680164522883
80.0,42.5,2.625,-0.8165500128745768
80.0,42.5,2.65,-1.1512284398991022
80.0,42.5,2.675,-1.673895205324049
80.0,42.5,2.7,-1.7682078680670332
80.0,42.5,2.725,1.6426360907794577
80.0,42.5,2.75,2.1127704533695937
80.0,42.5,2.775,1.6228971215277952
80.0,42.5,2.8,1.282340183077498
80.0,42.5,2.825,1.0618803993019192
80.0,42.5,2.85,0.9110826866511169
80.0,42.5,2.875,0.8019973249436544
80.0,42.5,2.9,0.719379998782437
80.0,42.5,2.925,0.6544611612837549
80.0,42.5,2.95,0.6019030225171735
80.0,42.5,2.975,0.5582911430206027
80.0,42.5,3.0,0.5213478958340357
80.0,42.5,3.025,0.48950099933388036
80.0,42.5,3.05,0.46163728701080436
80.0,42.5,3.075,0.43695780469491113
80.0,42.5,3.1,0.4148802629706303
80.0,42.5,3.125,0.39494104377188816
80.0,42.5,3.15,0.3767163689232937
80.0,42.5,3.175,0.3598482463077157
80.0,42.5,3.2,0.3440878554128473
80.0,42.5,3.225,0.3292614942269443
80.0,42.5,3.25,0.31522908773467395
80.0,42.5,3.275,0.3018686431427204
80.0,42.5,3.3,0.2890723247047442
80.0,42.5,3.325,0.2767446113503143
80.0,42.5,3.35,0.26480045957485543
80.0,42.5,3.375,0.2531634186034058
80.0,42.5,3.4,0.24176384580832735
80.0,42.5,3.425,0.23053728840312898
80.0,42.5,3.45,0.21942301266632086
80.0,42.5,3.475,0.20836262065847955
80.0,42.5,3.5,0.19729918935466348
80.0,42.5,3.525,0.18617542839494605
80.0,42.5,3.55,0.174933036773169
80.0,42.5,3.575,0.16351127739872195
80.0,42.5,3.6,0.15184566681493356
80.0,42.5,3.625,0.13986648815894825
80.0,42.5,3.65,0.12749707020725573
80.0,42.5,3.675,0.11465174345500917
80.0,42.5,3.7,0.10123335849732538
80.0,42.5,3.725,0.08713021821768936
80.0,42.5,3.75,0.07221223198697503
80.0,42.5,3.775,0.05632605288163304
80.0,42.5,3.8,0.03928891085587796
80.0,45.0,2.4,-0.1002307447900418
80.0,45.0,2.425,-0.1431070697532686
80.0,45.0,2.45,-0.19461117800492891
80.0,45.0,2.475,-0.25799643703079395
80.0,45.0,2.5,-0.33834177794884746
80.0,45.0,2.525,-0.44399158189899496
80.0,45.0,2.55,-0.5895248239858443
80.0,45.0,2.575,-0.8022700660217598
80.0,45.0,2.6,-1.1363319435410546
80.0,45.0,2.625,-1.681073178192373
80.0,45.0,2.65,-2.009833500845877
80.0,45.0,2.675,1.600317959714429
80.0,45.0,2.7,2.2361622226915796
80.0,45.0,2.725,1.6879272563580368
80.0,45.0,2.75,1.3204532116391807
80.0,45.0,2.775,1.0875833998833688
80.0,45.0,2.8,0.9302738232281913
80.0,45.0,2.825,0.8173863411247541
80.0,45.0,2.85,0.7323626624209258
80.0,45.0,2.875,0.6658253561991028
80.0,45.0,2.9,0.6121271185360682
80.0,45.0,2.925,0.5676831838609855
80.0,45.0,2.95,0.530115766566578
80.0,45.0,2.975,0.4977894918711013
80.0,45.0,3.0,0.4695473031831005
80.0,45.0,3.025,0.44455567946739155
80.0,45.0,3.05,0.4222089038346376
80.0,45.0,3.075,0.40204965518550784
80.0,45.0,3.1,0.38368208688551186
80.0,45.0,3.125,0.36674122248170965
80.0,45.0,3.15,0.35094446552273795
80.0,45.0,3.175,0.3361004130005641
80.0,45.0,3.2,0.32206684965553917
80.0,45.0,3.225,0.30872349225318285
80.0,45.0,3.25,0.29596390261051253
80.0,45.0,3.275,0.28369328954483525
80.0,45.0,3.3,0.27182682262740904
80.0,45.0,3.325,0.26028920942473216
80.0,45.0,3.35,0.24901077183721587
80.0,45.0,3.375,0.23792809389266223
80.0,45.0,3.4,0.226981653539781
80.0,45.0,3.425,0.21611470367891442
80.0,45.0,3.45,0.2052721004634985
80.0,45.0,3.475,0.19439918187938013
80.0,45.0,3.5,0.18344066072082282
80.0,45.0,3.525,0.17233948983851707
80.0,45.0,3.55,0.1610356534146519
80.0,45.0,3.575,0.149464831682171
80.0,45.0,3.6,0.1375568766110352
80.0,45.0,3.625,0.12523402135696135
80.0,45.0,3.65,0.11240872502291474
80.0,45.0,3.675,0.09898102416311003
80.0,45.0,3.7,0.08483522020768738
80.0,45.0,3.725,0.06983567331331014
80.0,45.0,3.75,0.05382139385470499
80.0,45.0,3.775,0.03659902577841778
80.0,45.0,3.8,0.017933691343065234
80.0,47.5,2.4,-0.18424473316931098
80.0,47.5,2.425,-0.24665250240124556
80.0,47.5,2.45,-0.32554871497129034
80.0,47.5,2.475,-0.42899682571513204
80.0,47.5,2.5,-0.5710874307031302
80.0,47.5,2.525,-0.7783538595984935
80.0,47.5,2.55,-1.1046120472073588
80.0,47.5,2.575,-1.6533507945962216
80.0,47.5,2.6,-2.223592339422274
80.0,47.5,2.625,1.359885712445476
80.0,47.5,2.65,2.3859156605709106
80.0,47.5,2.675,1.7707365770981196
80.0,47.5,2.7,1.3684873143984986
80.0,47.5,2.725,1.119387709676079
80.0,47.5,2.75,0.953548980000649
80.0,47.5,2.775,0.8356870771813993
80.0,47.5,2.8,0.747521437456437
80.0,47.5,2.825,0.6788754280734539
80.0,47.5,2.85,0.6236942780411263
80.0,47.5,2.875,0.5781689639111052
80.0,47.5,2.9,0.5397901791867121
80.0,47.5,2.925,0.5068407477087307
80.0,47.5,2.95,0.4781089756142659
80.0,47.5,2.975,0.45272082100787775
80.0,47.5,3.0,0.4300389292029809
80.0,47.5,3.025,0.4095927838316323
80.0,47.5,3.05,0.39100512292363004
80.0,47.5,3.075,0.3739261577359919
80.0,47.5,3.1,0.35804867341827934
80.0,47.5,3.125,0.34315263339188595
80.0,47.5,3.15,0.32908582287626453
80.0,47.5,3.175,0.31572996612931936
80.0,47.5,3.2,0.3029779492100581
80.0,47.5,3.225,0.2907365137763138
80.0,47.5,3.25,0.2789215170397152
80.0,47.5,3.275,0.26745726479355225
80.0,47.5,3.3,0.25627512737901775
80.0,47.5,3.325,0.2453121397848495
80.0,47.5,3.35,0.23450968203940747
80.0,47.5,3.375,0.22381226222860226
80.0,47.5,3.4,0.21316638891718753
80.0,47.5,3.425,0.2025195045696133
80.0,47.5,3.45,0.19181894548360692
80.0,47.5,3.475,0.1810108906338779
80.0,47.5,3.5,0.17003925861278255
80.0,47.5,3.525,0.15884450691477212
80.0,47.5,3.55,0.14736228001453996
80.0,47.5,3.575,0.13552184091124786
80.0,47.5,3.6,0.12324420360914984
80.0,47.5,3.625,0.11043985932029729
80.0,47.5,3.65,0.09700595399969797
80.0,47.5,3.675,0.08282272474019849
80.0,47.5,3.7,0.06774893112300788
80.0,47.5,3.725,0.05161591548736228
80.0,47.5,3.75,0.03421978218819196
80.0,47.5,3.775,0.015310998851014149
80.0,47.5,3.8,-0.005419563177620833
80.0,50.0,2.4,-0.3093429631155655
80.0,50.0,2.425,-0.40951962885246335
80.0,50.0,2.45,-0.5464013276273341
80.0,50.0,2.475,-0.7449692574473333
80.0,50.0,2.5,-1.0564983533748888
80.0,50.0,2.525,-1.5892206311442805
80.0,50.0,2.55,-2.3459211752851368
80.0,50.0,2.575,0.7518839075361495
80.0,50.0,2.6,2.5697763619347107
80.0,50.0,2.625,1.8787041864070964
80.0,50.0,2.65,1.4299011541596989
80.0,50.0,2.675,1.159131567047269
80.0,50.0,2.7,0.9820086883430249
80.0,50.0,2.725,0.8576191602031774
80.0,50.0,2.75,0.7653587301576831
80.0,50.0,2.775,0.6939800873482469
80.0,50.0,2.8,0.6368859227371616
80.0,50.0,2.825,0.5899701926569549
80.0,50.0,2.85,0.5505503479125493
80.0,50.0,2.875,0.5168024656434178
80.0,50.0,2.9,0.4874452556309674
80.0,50.0,2.925,0.46155567680006626
80.0,50.0,2.95,0.438458567531055
80.0,50.0,2.975,0.4176571328378739
80.0,50.0,3.0,0.3987731510061517
80.0,50.0,3.025,0.38147922243297944
80.0,50.0,3.05,0.3654629914350411
80.0,50.0,3.075,0.3504733043590913
80.0,50.0,3.1,0.3363388739175386
80.0,50.0,3.125,0.322935191748892
80.0,50.0,3.15,0.31015791997782155
80.0,50.0,3.175,0.2979140605510547
80.0,50.0,3.2,0.28611987625988694
80.0,50.0,3.225,0.27469986149287784
80.0,50.0,3.25,0.263585598902563
80.0,50.0,3.275,0.2527145118793899
80.0,50.0,3.3,0.2420286315550388
80.0,50.0,3.325,0.23147343603654033
80.0,50.0,3.35,0.2209967700944542
80.0,50.0,3.375,0.21054782848328318
80.0,50.0,3.4,0.2000761751313828
80.0,50.0,3.425,0.1895307655152826
80.0,50.0,3.45,0.1788589362188222
80.0,50.0,3.475,0.168005321671925
80.0,50.0,3.5,0.15691065200812082
80.0,50.0,3.525,0.14551037677353737
80.0,50.0,3.55,0.13373304563539606
80.0,50.0,3.575,0.12149835760162406
80.0,50.0,3.6,0.10871476214975138
80.0,50.0,3.625,0.09527645544731692
80.0,50.0,3.65,0.08105955707464804
80.0,50.0,3.675,0.06591716906607914
80.0,50.0,3.7,0.04967289682346635
80.0,50.0,3.725,0.03211222729653558
80.0,50.0,3.75,0.012970900528123436
80.0,50.0,3.775,-0.008080886953264784
80.0,50.0,3.8,-0.03146045020632166
80.0,52.5,2.4,-0.5158973019256717
80.0,52.5,2.425,-0.7029814986371317
80.0,52.5,2.45,-0.993818659846247
80.0,52.5,2.475,-1.492287564972893
80.0,52.5,2.5,-2.3352551375311736
80.0,52.5,2.525,-0.38905434001767075
80.0,52.5,2.55,2.7864527217841975
80.0,52.5,2.575,2.022516439035752
80.0,52.5,2.6,1.5095127973355689
80.0,52.5,2.625,1.209249354307326
80.0,52.5,2.65,1.017051183866902
80.0,52.5,2.675,0.8840681177297041
80.0,52.5,2.7,0.7864771822764774
80.0,52.5,2.725,0.7115722583398657
80.0,52.5,2.75,0.6520265265329979
80.0,52.5,2.775,0.6033384832236155
80.0,52.5,2.8,0.5625968696987921
80.0,52.5,2.825,0.5278381168255084
80.0,52.5,2.85,0.49769127775257166
80.0,52.5,2.875,0.4711722349882036
80.0,52.5,2.9,0.44756258607422006
80.0,52.5,2.925,0.4263274313695041
80.0,52.5,2.95,0.4070740280997061
80.0,52.5,2.975,0.38948352320125873
80.0,52.5,3.0,0.37325655093353993
80.0,52.5,3.025,0.35812099370145
80.0,52.5,3.05,0.3438772096718267
80.0,52.5,3.075,0.33038913874628417
80.0,52.5,3.1,0.31755095229068386
80.0,52.5,3.125,0.30527024405805
80.0,52.5,3.15,0.29346365180135614
80.0,52.5,3.175,0.28205573969548364
80.0,52.5,3.2,0.27097810996616356
80.0,52.5,3.225,0.2601683423312046
80.0,52.5,3.25,0.2495688649940221
80.0,52.5,3.275,0.23912585328172586
80.0,52.5,3.3,0.22878819227927866
80.0,52.5,3.325,0.21850650223897733
80.0,52.5,3.35,0.20823220743255946
80.0,52.5,3.375,0.197916620991276
80.0,52.5,3.4,0.1875100140491663
80.0,52.5,3.425,0.17696063391379593
80.0,52.5,3.45,0.1662136312524948
80.0,52.5,3.475,0.15520984920748188
80.0,52.5,3.5,0.14388441683188508
80.0,52.5,3.525,0.1321650739237855
80.0,52.5,3.55,0.11997013236886166
80.0,52.5,3.575,0.10720594787063749
80.0,52.5,3.6,0.09376373223544021
80.0,52.5,3.625,0.07951548099939114
80.0,52.5,3.65,0.06430877462057875
80.0,52.5,3.675,0.04795783031852218
80.0,52.5,3.7,0.030239738713609514
80.0,52.5,3.725,0.010874298536419582
80.0,52.5,3.75,-0.010489315343155349
80.0,52.5,3.775,-0.03429844357029311
80.0,52.5,3.8,-0.0611324926633343
80.0,55.0,2.4,-0.9196951410884417
80.0,55.0,2.425,-1.3705133753617826
80.0,55.0,2.45,-2.1966000506447045
80.0,55.0,2.475,-1.8326339108667138
80.0,55.0,2.5,2.98909655026257
80.0,55.0,2.525,2.2183130338310266
80.0,55.0,2.55,1.6143702886273166
80.0,55.0,2.575,1.2731188594222902
80.0,55.0,2.6,1.060532602496646
80.0,55.0,2.625,0.9161661748393772
80.0,55.0,2.65,0.811623986795862
80.0,55.0,2.675,0.732176024598151
80.0,55.0,2.7,0.6695011530208993
80.0,55.0,2.725,0.6185672635531856
80.0,55.0,2.75,0.5761601488548385
80.0,55.0,2.775,0.5401332730274305
80.0,55.0,2.8,0.5089998296459715
80.0,55.0,2.825,0.48169712531683834
80.0,55.0,2.85,0.4574517289029315
80.0,55.0,2.875,0.43569051913247564
80.0,55.0,2.9,0.4159887416703815
80.0,55.0,2.925,0.3980216983210673
80.0,55.0,2.95,0.3815041046306439
80.0,55.0,2.975,0.36615907196810343
80.0,55.0,3.0,0.35175791601622586
80.0,55.0,3.025,0.33814429275502733
80.0,55.0,3.05,0.3252066599743377
80.0,55.0,3.075,0.31285218529717185
80.0,55.0,3.1,0.30099765991779226
80.0,55.0,3.125,0.2895675396233604
80.0,55.0,3.15,0.2784932131270133
80.0,55.0,3.175,0.2677121521494118
80.0,55.0,3.2,0.25716690723694946
80.0,55.0,3.225,0.24680407113293118
80.0,55.0,3.25,0.23657327975121747
80.0,55.0,3.275,0.2264262701741635
80.0,55.0,3.3,0.21631598744149141
80.0,55.0,3.325,0.2061957189075351
80.0,55.0,3.35,0.19601822879296354
80.0,55.0,3.375,0.18573486174827403
80.0,55.0,3.4,0.1752945804098682
80.0,55.0,3.425,0.16464289678083052
80.0,55.0,3.45,0.15372065027945175
80.0,55.0,3.475,0.14246257831503387
80.0,55.0,3.5,0.13079563989752288
80.0,55.0,3.525,0.11863734446893137
80.0,55.0,3.55,0.10588678579695995
80.0,55.0,3.575,0.09244038807699492
80.0,55.0,3.6,0.07816144742078375
80.0,55.0,3.625,0.0628919631662049
80.0,55.0,3.65,0.04643987825207488
80.0,55.0,3.675,0.028569036538645332
80.0,55.0,3.7,0.008985103188478295
80.0,55.0,3.725,-0.012684138355525964
80.0,55.0,3.75,-0.03691679347209159
80.0,55.0,3.775,-0.06433738694888752
80.0,55.0,3.8,-0.09577658967513729
80.0,57.5,2.4,-1.9732955611382306
80.0,57.5,2.425,-2.771192156111066
80.0,57.5,2.45,2.9188809786182595
80.0,57.5,2.475,2.4914383798536686
80.0,57.5,2.5,1.755557095871062
80.0,57.5,2.525,1.3556184579222998
80.0,57.5,2.55,1.114998847506162
80.0,57.5,2.575,0.9554138566746978
80.0,57.5,2.6,0.8417598368661299
80.0,57.5,2.625,0.7564461724987015
80.0,57.5,2.65,0.6897793772980823
80.0,57.5,2.675,0.6360080879459973
80.0,57.5,2.7,0.5915124799053909
80.0,57.5,2.725,0.5539026882483925
80.0,57.5,2.75,0.521542932034998
80.0,57.5,2.775,0.49327206724198086
80.0,57.5,2.8,0.46824710008881665
80.0,57.5,2.825,0.44584524147743554
80.0,57.5,2.85,0.4256040050544746
80.0,57.5,2.875,0.40717769966182743
80.0,57.5,2.9,0.3902852278253406
80.0,57.5,2.925,0.37465628507933985
80.0,57.5,2.95,0.3600408445389915
80.0,57.5,2.975,0.34625541317821296
80.0,57.5,3.0,0.33317651243835883
80.0,57.5,3.025,0.32070878286121135
80.0,57.5,3.05,0.3087686312856628
80.0,57.5,3.075,0.2972801205905158
80.0,57.5,3.1,0.2861741223223227
80.0,57.5,3.125,0.2753876740661449
80.0,57.5,3.15,0.2648631233138596
80.0,57.5,3.175,0.2545471649133262
80.0,57.5,3.2,0.24438987756053418
80.0,57.5,3.225,0.23434380488756185
80.0,57.5,3.25,0.22436308753319678
80.0,57.5,3.275,0.21440263305047289
80.0,57.5,3.3,0.20441730169518973
80.0,57.5,3.325,0.1943610827444533
80.0,57.5,3.35,0.18418623833044576
80.0,57.5,3.375,0.17384242216514834
80.0,57.5,3.4,0.16327605988660684
80.0,57.5,3.425,0.15242004311219867
80.0,57.5,3.45,0.14122274063193224
80.0,57.5,3.475,0.12960164272091468
80.0,57.5,3.5,0.11747295151992002
80.0,57.5,3.525,0.10473890397728482
80.0,57.5,3.55,0.09128466184806328
80.0,57.5,3.575,0.07697376491766017
80.0,57.5,3.6,0.06164201282778788
80.0,57.5,3.625,0.04508925136551049
80.0,57.5,3.65,0.027068195653783603
80.0,57.5,3.675,0.007268970718463335
80.0,57.5,3.7,-0.014702656143357752
80.0,57.5,3.725,-0.03935651901560798
80.0,57.5,3.75,-0.06736382714557486
80.0,57.5,3.775,-0.0996256871507643
80.0,57.5,3.8,-0.137377943509014
80.0,60.0,2.4,1.5963915552192085
80.0,60.0,2.425,2.8756151445437736
80.0,60.0,2.45,1.9513962946284376
80.0,60.0,2.475,1.4644757385479692
80.0,60.0,2.5,1.1841582901452696
80.0,60.0,2.525,1.0038389280937428
80.0,60.0,2.55,0.8781441478229128
80.0,60.0,2.575,0.7852251728816435
80.0,60.0,2.6,0.7134543917301219
80.0,60.0,2.625,0.6560911171748539
80.0,60.0,2.65,0.6089773335629418
80.0,60.0,2.675,0.5694016544177359
80.0,60.0,2.7,0.5355267455899402
80.0,60.0,2.725,0.5060641970627028
80.0,60.0,2.75,0.48008489248496283
80.0,60.0,2.775,0.45690466642002775
80.0,60.0,2.8,0.43601498588131304
80.0,60.0,2.825,0.41703803156585084
80.0,60.0,2.85,0.3996829573876888
80.0,60.0,2.875,0.38368714988563557
80.0,60.0,2.9,0.3687905171182593
80.0,60.0,2.925,0.3547804037861557
80.0,60.0,2.95,0.3415142110716274
80.0,60.0,2.975,0.3288906478760328
80.0,60.0,3.0,0.31682473191835514
80.0,60.0,3.025,0.3052396947915534
80.0,60.0,3.05,0.29406549475622645
80.0,60.0,3.075,0.28323832701926677
80.0,60.0,3.1,0.2726999372198578
80.0,60.0,3.125,0.2623967468673102
80.0,60.0,3.15,0.25227892618678033
80.0,60.0,3.175,0.24229949166961004
80.0,60.0,3.2,0.232413454583552
80.0,60.0,3.225,0.22257702207645078
80.0,60.0,3.25,0.21274685536001692
80.0,60.0,3.275,0.20287948252594606
80.0,60.0,3.3,0.19293032613880673
80.0,60.0,3.325,0.18284145174679156
80.0,60.0,3.35,0.17258250494904764
80.0,60.0,3.375,0.16208829233897007
80.0,60.0,3.4,0.1513002127707122
80.0,60.0,3.425,0.14015210674919132
80.0,60.0,3.45,0.12856893805230796
80.0,60.0,3.475,0.11646456542307614
80.0,60.0,3.5,0.10373881739201675
80.0,60.0,3.525,0.09027370455792766
80.0,60.0,3.55,0.07592846513298109
80.0,60.0,3.575,0.06053299333201271
80.0,60.0,3.6,0.043878989086965824
80.0,60.0,3.625,0.025707843871317457
80.0,60.0,3.65,0.0056937679152200315
80.0,60.0,3.675,-0.0165801558591795
80.0,60.0,3.7,-0.041656655178716015
80.0,60.0,3.725,-0.07025562415705457
80.0,60.0,3.75,-0.10335199238134905
80.0,60.0,3.775,-0.14229678423129313
80.0,60.0,3.8,-0.18901008519746398
80.0,62.5,2.4,2.233676479794391
80.0,62.5,2.425,1.611964402648232
80.0,62.5,2.45,1.2737004496362958
80.0,62.5,2.475,1.064493935246056
80.0,62.5,2.5,0.9225152803411006
80.0,62.5,2.525,0.8195975536031355
80.0,62.5,2.55,0.7412681637570382
80.0,62.5,2.575,0.67936119015884
80.0,62.5,2.6,0.6289631530987458
80.0,62.5,2.625,0.5869402866012094
80.0,62.5,2.65,0.5511943919820496
80.0,62.5,2.675,0.5202699142977895
80.0,62.5,2.7,0.4931258827706617
80.0,62.5,2.725,0.4690012932096024
80.0,62.5,2.75,0.44733166031262506
80.0,62.5,2.775,0.4276975388742919
80.0,62.5,2.8,0.4097851111975603
80.0,62.5,2.825,0.3933322696036078
80.0,62.5,2.85,0.37807733767361035
80.0,62.5,2.875,0.3637815666505534
80.0,62.5,2.9,0.3502766605036211
80.0,62.5,2.925,0.3374507444727889
80.0,62.5,2.95,0.32521585666204855
80.0,62.5,2.975,0.3134937660258747
80.0,62.5,3.0,0.30221301654719623
80.0,62.5,3.025,0.29130846169029817
80.0,62.5,3.05,0.2807207630287227
80.0,62.5,3.075,0.2703956223281672
80.0,62.5,3.1,0.2602828985286912
80.0,62.5,3.125,0.25033572925984526
80.0,62.5,3.15,0.24050973186864452
80.0,62.5,3.175,0.23076242960015
80.0,62.5,3.2,0.2210519658381642
80.0,62.5,3.225,0.2113216821713955
80.0,62.5,3.25,0.20155667908510067
80.0,62.5,3.275,0.1916968535425259
80.0,62.5,3.3,0.18169694413253984
80.0,62.5,3.325,0.17150752834386507
80.0,62.5,3.35,0.1610746042414585
80.0,62.5,3.375,0.15033845125886225
80.0,62.5,3.4,0.1392321001806719
80.0,62.5,3.425,0.12767940932963512
80.0,62.5,3.45,0.11559263902846473
80.0,62.5,3.475,0.10286935535910559
80.0,62.5,3.5,0.08938842182352784
80.0,62.5,3.525,0.07500473433615323
80.0,62.5,3.55,0.059542201085291485
80.0,62.5,3.575,0.04278423389043735
80.0,62.5,3.6,0.02446065177054807
80.0,62.5,3.625,0.004229315391888336
80.0,62.5,3.65,-0.018350135712818613
80.0,62.5,3.675,-0.04385464830372934
80.0,62.5,3.7,-0.07305512065701093
80.0,62.5,3.725,-0.10700437702155854
80.0,62.5,3.75,-0.1471757876637387
80.0,62.5,3.775,-0.19568784384134824
80.0,62.5,3.8,-0.2556773314057907
80.0,65.0,2.4,1.3925322613417
80.0,65.0,2.425,1.1417788753473315
80.0,65.0,2.45,0.9774292842237349
80.0,65.0,2.475,0.861148845289014
80.0,65.0,2.5,0.7742210167390157
80.0,65.0,2.525,0.7064850929620559
80.0,65.0,2.55,0.6519698518758827
80.0,65.0,2.575,0.6069039547287792
80.0,65.0,2.6,0.5688453724847392
80.0,65.0,2.625,0.5361254260746686
80.0,65.0,2.65,0.5075607728406012
80.0,65.0,2.675,0.48229218295629056
80.0,65.0,2.7,0.459683985872029
80.0,65.0,2.725,0.4392653180107352
80.0,65.0,2.75,0.42068808939434893
80.0,65.0,2.775,0.4036795160296697
80.0,65.0,2.8,0.38797883880653405
80.0,65.0,2.825,0.3733270287473129
80.0,65.0,2.85,0.3595252753852568
80.0,65.0,2.875,0.34644548774437955
80.0,65.0,2.9,0.3339944788077296
80.0,65.0,2.925,0.3220917052546762
80.0,65.0,2.95,0.3106636858882644
80.0,65.0,2.975,0.2996433406752111
80.0,65.0,3.0,0.2889696841555067
80.0,65.0,3.025,0.2785871935020485
80.0,65.0,3.05,0.2684450067604987
80.0,65.0,3.075,0.25849618674211955
80.0,65.0,3.1,0.24869728852802736
80.0,65.0,3.125,0.23898802031556812
80.0,65.0,3.15,0.22935781745423392
80.0,65.0,3.175,0.21975272888108222
80.0,65.0,3.2,0.2101295847049876
80.0,65.0,3.225,0.20044739010071597
80.0,65.0,3.25,0.19066290966562988
80.0,65.0,3.275,0.180730211495584
80.0,65.0,3.3,0.17059980694239096
80.0,65.0,3.325,0.16021756601903875
80.0,65.0,3.35,0.14952339929654465
80.0,65.0,3.375,0.13844964305391583
80.0,65.0,3.4,0.1269190510693806
80.0,65.0,3.425,0.11484225838488783
80.0,65.0,3.45,0.10211452991649372
80.0,65.0,3.475,0.08861153068379093
80.0,65.0,3.5,0.07418374149845662
80.0,65.0,3.525,0.058648973293705164
80.0,65.0,3.55,0.04178217058587813
80.0,65.0,3.575,0.023301282091743498
80.0,65.0,3.6,0.0028473147576452717
80.0,65.0,3.625,-0.020044399321096154
80.0,65.0,3.65,-0.04598652338592688
80.0,65.0,3.675,-0.07580358647467014
80.0,65.0,3.7,-0.11063097723121826
80.0,65.0,3.725,-0.15207283121319873
80.0,65.0,3.75,-0.20246139868737142
80.0,65.0,3.775,-0.2652948159872742
80.0,65.0,3.8,-0.3459867139707026
80.0,67.5,2.4,1.0465202699493192
80.0,67.5,2.425,0.9120378597641997
80.0,67.5,2.45,0.8137552296911942
80.0,67.5,2.475,0.7384534373770539
80.0,67.5,2.5,0.6786328389606654
80.0,67.5,2.525,0.629740644681491
80.0,67.5,2.55,0.588841751932834
80.0,67.5,2.575,0.5539229674567014
80.0,67.5,2.6,0.5236233023524025
80.0,67.5,2.625,0.49696507248992183
80.0,67.5,2.65,0.47322627433371406
80.0,67.5,2.675,0.45187080836750193
80.0,67.5,2.7,0.43250253290220547
80.0,67.5,2.725,0.4148268557604623
80.0,67.5,2.75,0.3985813317805804
80.0,67.5,2.775,0.3834922920851906
80.0,67.5,2.8,0.3693274562010895
80.0,67.5,2.825,0.35593609599410697
80.0,67.5,2.85,0.34321683704151223
80.0,67.5,2.875,0.33108574461445767
80.0,67.5,2.9,0.31946659326238747
80.0,67.5,2.925,0.3082896877546738
80.0,67.5,2.95,0.29749176604239813
80.0,67.5,2.975,0.28701557184188
80.0,67.5,3.0,0.27680929820192063
80.0,67.5,3.025,0.26682522201161823
80.0,67.5,3.05,0.2569941900016643
80.0,67.5,3.075,0.24731923379061713
80.0,67.5,3.1,0.2377362251276187
80.0,67.5,3.125,0.22820505091720653
80.0,67.5,3.15,0.21868703151773716
80.0,67.5,3.175,0.209142578860044
80.0,67.5,3.2,0.19953080900409453
80.0,67.5,3.225,0.18980886959062504
80.0,67.5,3.25,0.1799311217056603
80.0,67.5,3.275,0.16984818290999162
80.0,67.5,3.3,0.15950579624861216
80.0,67.5,3.325,0.14884346828804362
80.0,67.5,3.35,0.1377927977702885
80.0,67.5,3.375,0.12627538863570772
80.0,67.5,3.4,0.11420020206647762
80.0,67.5,3.425,0.10146014569593041
80.0,67.5,3.45,0.08792761501171538
80.0,67.5,3.475,0.0734485777165738
80.0,67.5,3.5,0.05783460280712765
80.0,67.5,3.525,0.040851943227268234
80.0,67.5,3.55,0.02220631763625231
80.0,67.5,3.575,0.001521287412122267
80.0,67.5,3.6,-0.021693116839936046
80.0,67.5,3.625,-0.04808697682939815
80.0,67.5,3.65,-0.0785414239548669
80.0,67.5,3.675,-0.11427970753291021
80.0,67.5,3.7,-0.15704636903314115
80.0,67.5,3.725,-0.20940529482896117
80.0,67.5,3.75,-0.2752493404027779
80.0,67.5,3.775,-0.36068188207436186
80.0,67.5,3.8,-0.4754649622108171
80.0,70.0,2.4,0.8617757652714986
80.0,70.0,2.425,0.7765256780032657
80.0,70.0,2.45,0.7099017437174768
80.0,70.0,2.475,0.6561357985197598
80.0,70.0,2.5,0.61161529256754
80.0,70.0,2.525,0.5739788097759422
80.0,70.0,2.55,0.5415920067545102
80.0,70.0,2.575,0.5132542964576084
80.0,70.0,2.6,0.4881485714027502
80.0,70.0,2.625,0.4656677119918422
80.0,70.0,2.65,0.4453588008829539
80.0,70.0,2.675,0.4268881109911043
80.0,70.0,2.7,0.4099827628550403
80.0,70.0,2.725,0.39436200998969456
80.0,70.0,2.75,0.3797581642226313
80.0,70.0,2.775,0.36599008503475644
80.0,70.0,2.8,0.3529443133575803
80.0,70.0,2.825,0.34053220962347114
80.0,70.0,2.85,0.3286739909143426
80.0,70.0,2.875,0.31729657784790266
80.0,70.0,2.9,0.30633374906649163
80.0,70.0,2.925,0.2957260486607881
80.0,70.0,2.95,0.2854194063325267
80.0,70.0,2.975,0.2753376375967904
80.0,70.0,3.0,0.2654817435659367
80.0,70.0,3.025,0.25578990209795693
80.0,70.0,3.05,0.24621705227550975
80.0,70.0,3.075,0.23672491002763418
80.0,70.0,3.1,0.22727537535522893
80.0,70.0,3.125,0.21783020150662027
80.0,70.0,3.15,0.20835044299228073
80.0,70.0,3.175,0.1987957887481998
80.0,70.0,3.2,0.18912381157413136
80.0,70.0,3.225,0.1792891190709337
80.0,70.0,3.25,0.1692423725406708
80.0,70.0,3.275,0.15892912652581315
80.0,70.0,3.3,0.1482884259729178
80.0,70.0,3.325,0.13725107704796205
80.0,70.0,3.35,0.1257374782150165
80.0,70.0,3.375,0.1136548560132923
80.0,70.0,3.4,0.10089368854297094
80.0,70.0,3.425,0.08732300884064417
80.0,70.0,3.45,0.07278414381287855
80.0,70.0,3.475,0.057082235559072506
80.0,70.0,3.5,0.03997456618319651
80.0,70.0,3.525,0.021154188268060634
80.0,70.0,3.55,0.00022651719057529976
80.0,70.0,3.575,-0.023324872621325644
80.0,70.0,3.6,-0.05018943307588757
80.0,70.0,3.625,-0.0813082813691514
80.0,70.0,3.65,-0.11799854757360789
80.0,70.0,3.675,-0.16215617313293654
80.0,70.0,3.7,-0.21659721659060194
80.0,70.0,3.725,-0.2856479086374638
80.0,70.0,3.75,-0.37617066648710445
80.0,70.0,3.775,-0.49920710903358845
80.0,70.0,3.8,-0.6711945461247989
80.0,72.5,2.4,0.7469308725070047
80.0,72.5,2.425,0.6869246096597117
80.0,72.5,2.45,0.6378647409206873
80.0,72.5,2.475,0.5968013203652507
80.0,72.5,2.5,0.5617598240338264
80.0,72.5,2.525,0.5313886333490876
80.0,72.5,2.55,0.5046803094357056
80.0,72.5,2.575,0.4808550686195242
80.0,72.5,2.6,0.45941707297975476
80.0,72.5,2.625,0.43999562430313066
80.0,72.5,2.65,0.4222986363984863
80.0,72.5,2.675,0.4060334178004645
80.0,72.5,2.7,0.3909015130566797
80.0,72.5,2.725,0.3766828000212367
80.0,72.5,2.75,0.3632449303594122
80.0,72.5,2.775,0.35049289613689805
80.0,72.5,2.8,0.3383425140666718
80.0,72.5,2.825,0.3267164672230905
80.0,72.5,2.85,0.31554477800783276
80.0,72.5,2.875,0.3047647168115826
80.0,72.5,2.9,0.29430383416259387
80.0,72.5,2.925,0.28411711609004053
80.0,72.5,2.95,0.27418494322964565
80.0,72.5,2.975,0.2644406991599218
80.0,72.5,3.0,0.2548439500363701
80.0,72.5,3.025,0.24535610572844502
80.0,72.5,3.05,0.23593944433015532
80.0,72.5,3.075,0.22655664928896016
80.0,72.5,3.1,0.21717022826340562
80.0,72.5,3.125,0.20774187231980945
80.0,72.5,3.15,0.1982317620021778
80.0,72.5,3.175,0.18859780303476775
80.0,72.5,3.2,0.17879476266235042
80.0,72.5,3.225,0.16877326774819848
80.0,72.5,3.25,0.15847861395669188
80.0,72.5,3.275,0.14784931945111737
80.0,72.5,3.3,0.1368153342934803
80.0,72.5,3.325,0.125295785083413
80.0,72.5,3.35,0.11319608873256479
80.0,72.5,3.375,0.10040420252292528
80.0,72.5,3.4,0.08678567847033047
80.0,72.5,3.425,0.07217704030136202
80.0,72.5,3.45,0.05637677104024186
80.0,72.5,3.475,0.03913283772493088
80.0,72.5,3.5,0.020125099879950367
80.0,72.5,3.525,-0.0010600042941901011
80.0,72.5,3.55,-0.02496670592416582
80.0,72.5,3.575,-0.052326082029758476
80.0,72.5,3.6,-0.08414311669682309
80.0,72.5,3.625,-0.12183570568373847
80.0,72.5,3.65,-0.16746377218818523
80.0,72.5,3.675,-0.2241191141030943
80.0,72.5,3.7,-0.2966056945950357
80.0,72.5,3.725,-0.3926225497334635
80.0,72.5,3.75,-0.5245652866144216
80.0,72.5,3.775,-0.7097859807751248
80.0,72.5,3.8,-0.9441091942485361
80.0,75.0,2.4,0.668356823476823
80.0,75.0,2.425,0.6230018311576067
80.0,75.0,2.45,0.5846947638432772
80.0,75.0,2.475,0.5517511732462536
80.0,75.0,2.5,0.5229959157613819
80.0,75.0,2.525,0.49760798955887126
80.0,75.0,2.55,0.4748907508442819
80.0,75.0,2.575,0.4543298915716574
80.0,75.0,2.6,0.4356659018888282
80.0,75.0,2.625,0.4186193253152655
80.0,75.0,2.65,0.40285481519463434
80.0,75.0,2.675,0.38809906309960035
80.0,75.0,2.7,0.3741947942778159
80.0,75.0,2.725,0.361036555873319
80.0,75.0,2.75,0.3485345407605418
80.0,75.0,2.775,0.3366063434700273
80.0,75.0,2.8,0.325177147896771
80.0,75.0,2.825,0.31417774742108395
80.0,75.0,2.85,0.3035191435996063
80.0,75.0,2.875,0.2931961201645187
80.0,75.0,2.9,0.2831466713874275
80.0,75.0,2.925,0.27331494193569966
80.0,75.0,2.95,0.2636596129286787
80.0,75.0,2.975,0.25414149719901624
80.0,75.0,3.0,0.2447228344715037
80.0,75.0,3.025,0.2353667687253429
80.0,75.0,3.05,0.2260367616207389
80.0,75.0,3.075,0.2166959737844235
80.0,75.0,3.1,0.20730661400944603
80.0,75.0,3.125,0.19782924011671704
80.0,75.0,3.15,0.18822198663714626
80.0,75.0,3.175,0.17843968711300479
80.0,75.0,3.2,0.16843284995905444
80.0,75.0,3.225,0.15814643481577287
80.0,75.0,3.25,0.14751835951737255
80.0,75.0,3.275,0.13647764398024478
80.0,75.0,3.3,0.1249420632357239
80.0,75.0,3.325,0.11281513248442322
80.0,75.0,3.35,0.09998217460395974
80.0,75.0,3.375,0.08630511249592368
80.0,75.0,3.4,0.07161546468706799
80.0,75.0,3.425,0.05570476897402026
80.0,75.0,3.45,0.038311258380596354
80.0,75.0,3.475,0.019100966773496673
80.0,75.0,3.5,-0.002359629349597506
80.0,75.0,3.525,-0.02664414642766992
80.0,75.0,3.55,-0.0545279023038678
80.0,75.0,3.575,-0.08708422179341907
80.0,75.0,3.6,-0.12583967539322596
80.0,75.0,3.625,-0.17303259882245922
80.0,75.0,3.65,-0.23205748108252583
80.0,75.0,3.675,-0.308245936747332
80.0,75.0,3.7,-0.41021337152071685
80.0,75.0,3.725,-0.5517093930690419
80.0,75.0,3.75,-0.7495486604917785
80.0,75.0,3.775,-0.9719034471271025
80.0,75.0,3.8,-0.7247001176936974
80.0,77.5,2.4,0.610938608245688
80.0,77.5,2.425,0.5748428484188464
80.0,77.5,2.45,0.5435984719164796
80.0,77.5,2.475,0.5161719008670247
80.0,77.5,2.5,0.4918422266983385
80.0,77.5,2.525,0.4700801019513174
80.0,77.5,2.55,0.45031110309962796
80.0,77.5,2.575,0.43226631238861496
80.0,77.5,2.6,0.4157253712828412
80.0,77.5,2.625,0.4003360066352715
80.0,77.5,2.65,0.3858805482284314
80.0,77.5,2.675,0.3722403553382802
80.0,77.5,2.7,0.3593196967520581
80.0,77.5,2.725,0.3470292274740475
80.0,77.5,2.75,0.33528796666886046
80.0,77.5,2.775,0.3240182266448115
80.0,77.5,2.8,0.31312894254805523
80.0,77.5,2.825,0.3026181377735613
80.0,77.5,2.85,0.2924126628513614
80.0,77.5,2.875,0.2824566355714594
80.0,77.5,2.9,0.27270707061391913
80.0,77.5,2.925,0.26312375085106693
80.0,77.5,2.95,0.2536684059640995
80.0,77.5,2.975,0.24430415380354892
80.0,77.5,3.0,0.23499490943086357
80.0,77.5,3.025,0.22570477987203108
80.0,77.5,3.05,0.21639744355981422
80.0,77.5,3.075,0.20703549992450238
80.0,77.5,3.1,0.19757976754926285
80.0,77.5,3.125,0.18798850366527156
80.0,77.5,3.15,0.17821651114779494
80.0,77.5,3.175,0.1682140902011615
80.0,77.5,3.2,0.15792577930546053
80.0,77.5,3.225,0.14728881211356298
80.0,77.5,3.25,0.13623119148959995
80.0,77.5,3.275,0.12466924522974693
80.0,77.5,3.3,0.11250447472663509
80.0,77.5,3.325,0.09961942930040328
80.0,77.5,3.35,0.08587222127156635
80.0,77.5,3.375,0.07108911744045225
80.0,77.5,3.4,0.05505436361933526
80.0,77.5,3.425,0.03749595556866035
80.0,77.5,3.45,0.01806534884627143
80.0,77.5,3.475,-0.003692101973316876
80.0,77.5,3.5,-0.028381243896292655
80.0,77.5,3.525,-0.05682466734251426
80.0,77.5,3.55,-0.0901691883415453
80.0,77.5,3.575,-0.1300590919962639
80.0,77.5,3.6,-0.17892741128149486
80.0,77.5,3.625,-0.24050064147421474
80.0,77.5,3.65,-0.32068426613951456
80.0,77.5,3.675,-0.4290215459769664
80.0,77.5,3.7,-0.5801233088805934
80.0,77.5,3.725,-0.7894148297299246
80.0,77.5,3.75,-0.9851055191905154
80.0,77.5,3.775,-0.3910375927751666
80.0,77.5,3.8,1.1041369604322913
80.0,80.0,2.4,0.5668975354782663
80.0,80.0,2.425,0.5370316522495588
80.0,80.0,2.45,0.5107014275168363
80.0,80.0,2.475,0.4872750581711905
80.0,80.0,2.5,0.4662986003822166
80.0,80.0,2.525,0.4472523822708511
80.0,80.0,2.55,0.4296878765701657
80.0,80.0,2.575,0.41349693942302473
80.0,80.0,2.6,0.3983973915097026
80.0,80.0,2.625,0.3841927762270517
80.0,80.0,2.65,0.37077695649095366
80.0,80.0,2.675,0.3580559595953943
80.0,80.0,2.7,0.3459416469057838
80.0,80.0,2.725,0.3343489659961737
80.0,80.0,2.75,0.32318355057512016
80.0,80.0,2.775,0.3124343726978879
80.0,80.0,2.8,0.3020311745588615
80.0,80.0,2.825,0.2919117622037322
80.0,80.0,2.85,0.28203069372719963
80.0,80.0,2.875,0.2723462173495948
80.0,80.0,2.9,0.2628190549347109
80.0,80.0,2.925,0.2534118025985726
80.0,80.0,2.95,0.24408833021633036
80.0,80.0,2.975,0.23481317957084036
80.0,80.0,3.0,0.22555096138191563
80.0,80.0,3.025,0.21626573881891864
80.0,80.0,3.05,0.20692037848473988
80.0,80.0,3.075,0.19747584525825634
80.0,80.0,3.1,0.18789041241022444
80.0,80.0,3.125,0.17811875175938044
80.0,80.0,3.15,0.16811085925328045
80.0,80.0,3.175,0.1578107580055135
80.0,80.0,3.2,0.14715490178097096
80.0,80.0,3.225,0.13607017465466917
80.0,80.0,3.25,0.1244713432122001
80.0,80.0,3.275,0.11225776020251016
80.0,80.0,3.3,0.09930903348821468
80.0,80.0,3.325,0.08547924613138619
80.0,80.0,3.35,0.07058911727398993
80.0,80.0,3.375,0.05441518671950365
80.0,80.0,3.4,0.03667461583731376
80.0,80.0,3.425,0.01700339490310358
80.0,80.0,3.45,-0.005075600850798075
80.0,80.0,3.475,-0.030200591252184973
80.0,80.0,3.5,-0.059244927407084355
80.0,80.0,3.525,-0.09343476813703414
80.0,80.0,3.55,-0.13454199815718015
80.0,80.0,3.575,-0.18521101280637353
80.0,80.0,3.6,-0.24952108227839062
80.0,80.0,3.625,-0.333932471243072
80.0,80.0,3.65,-0.44891534066003597
80.0,80.0,3.675,-0.6114862508665575
80.0,80.0,3.7,-0.8323966758861387
80.0,80.0,3.725,-0.9584712197253563
80.0,80.0,3.75,0.037422187862058406
80.0,80.0,3.775,1.2281203375316259
80.0,80.0,3.8,1.1771233084731434
80.0,82.5,2.4,0.5318433095327463
80.0,82.5,2.425,0.506432162910212
80.0,82.5,2.45,0.48380632275724356
80.0,82.5,2.475,0.46350425106488086
80.0,82.5,2.5,0.4449830736606751
80.0,82.5,2.525,0.4278158090461126
80.0,82.5,2.55,0.41185566870727003
80.0,82.5,2.575,0.3969860719573327
80.0,82.5,2.6,0.3829952909556335
80.0,82.5,2.625,0.3697679935244647
80.0,82.5,2.65,0.3572116096563455
80.0,82.5,2.675,0.3452366799871986
80.0,82.5,2.7,0.3337448102875321
80.0,82.5,2.725,0.3227013655282307
80.0,82.5,2.75,0.3120542852073799
80.0,82.5,2.775,0.30172937960985996
80.0,82.5,2.8,0.29167720958784593
80.0,82.5,2.825,0.28185389765644114
80.0,82.5,2.85,0.2722186340275592
80.0,82.5,2.875,0.26273298497104836
80.0,82.5,2.9,0.2533602749756439
80.0,82.5,2.925,0.24406497810603012
80.0,82.5,2.95,0.2348121199540415
80.0,82.5,2.975,0.22556668075073466
80.0,82.5,3.0,0.21629298300423405
80.0,82.5,3.025,0.20695404276985252
80.0,82.5,3.05,0.19751085976454696
80.0,82.5,3.075,0.18792161659881057
80.0,82.5,3.1,0.1781407504570948
80.0,82.5,3.125,0.16811785063607193
80.0,82.5,3.15,0.1577963211716157
80.0,82.5,3.175,0.1471117275061796
80.0,82.5,3.2,0.13598971700687246
80.0,82.5,3.225,0.12434336091265993
80.0,82.5,3.25,0.11206970337146614
80.0,82.5,3.275,0.09904521114677813
80.0,82.5,3.3,0.08511967835176125
80.0,82.5,3.325,0.07010792613153416
80.0,82.5,3.35,0.053778300092486915
80.0,82.5,3.375,0.03583642629600358
80.0,82.5,3.4,0.015901793941306606
80.0,82.5,3.425,-0.006526775981476429
80.0,82.5,3.45,-0.03212333404044732
80.0,82.5,3.475,-0.06181594821434919
80.0,82.5,3.5,-0.09691645193097434
80.0,82.5,3.525,-0.13933414942410421
80.0,82.5,3.55,-0.1919341976320288
80.0,82.5,3.575,-0.2591442272613304
80.0,82.5,3.6,-0.3482084090852579
80.0,82.5,3.625,-0.47137770354021497
80.0,82.5,3.65,-0.646135239968109
80.0,82.5,3.675,-0.8725212231967159
80.0,82.5,3.7,-0.8696281133537153
80.0,82.5,3.725,0.4716978425705017
80.0,82.5,3.75,1.257353654241844
80.0,82.5,3.775,1.1045701041961276
80.0,82.5,3.8,0.9010190945236085
80.0,85.0,2.4,0.5032727052770404
80.0,85.0,2.425,0.4813622403195029
80.0,85.0,2.45,0.4615798841709566
80.0,85.0,2.475,0.4433939905793031
80.0,85.0,2.5,0.42651285553592805
80.0,85.0,2.525,0.4107722433257737
80.0,85.0,2.55,0.3960665571510337
80.0,85.0,2.575,0.3822533397959461
80.0,85.0,2.6,0.36918123452601964
80.0,85.0,2.625,0.35675540979464465
80.0,85.0,2.65,0.3448802082062747
80.0,85.0,2.675,0.3334839687642133
80.0,85.0,2.7,0.32253924690625346
80.0,85.0,2.725,0.31196271780551654
80.0,85.0,2.75,0.30169673746688824
80.0,85.0,2.775,0.29169444284548796
80.0,85.0,2.8,0.2819129268644568
80.0,85.0,2.825,0.2723121960502058
80.0,85.0,2.85,0.26285451802933923
80.0,85.0,2.875,0.2535037973097881
80.0,85.0,2.9,0.2442249701422236
80.0,85.0,2.925,0.234983413162299
80.0,85.0,2.95,0.22574435207034665
80.0,85.0,2.975,0.21647225181644533
80.0,85.0,3.0,0.2071301663506595
80.0,85.0,3.025,0.1976790222303249
80.0,85.0,3.05,0.18807680522951692
80.0,85.0,3.075,0.17827761173394688
80.0,85.0,3.1,0.16823051615302326
80.0,85.0,3.125,0.1578781904881385
80.0,85.0,3.15,0.14715519057398158
80.0,85.0,3.175,0.13598579235292985
80.0,85.0,3.2,0.12428121622607248
80.0,85.0,3.225,0.11193601081042616
80.0,85.0,3.25,0.09882326777007366
80.0,85.0,3.275,0.08478818799661794
80.0,85.0,3.3,0.06963928512163614
80.0,85.0,3.325,0.053136143009690384
80.0,85.0,3.35,0.03497200060406574
80.0,85.0,3.375,0.014748724926631849
80.0,85.0,3.4,-0.008060794323799149
80.0,85.0,3.425,-0.034169239573772006
80.0,85.0,3.45,-0.0645637256852088
80.0,85.0,3.475,-0.10064822023646655
80.0,85.0,3.5,-0.14447675003976143
80.0,85.0,3.525,-0.19914945704658352
80.0,85.0,3.55,-0.26963607620894825
80.0,85.0,3.575,-0.3641983945463659
80.0,85.0,3.6,-0.49608652524990265
80.0,85.0,3.625,-0.6832649858181006
80.0,85.0,3.65,-0.9061784624418637
80.0,85.0,3.675,-0.6935717559465236
80.0,85.0,3.7,0.8241736591059767
80.0,85.0,3.725,1.2341683326282995
80.0,85.0,3.75,1.0357321489115585
80.0,85.0,3.775,0.8464423521912502
80.0,85.0,3.8,0.710734525537131
80.0,87.5,2.4,0.4798297071294205
80.0,87.5,2.425,0.4603700609181777
80.0,87.5,2.45,0.44240450063040293
80.0,87.5,2.475,0.42573101009872183
80.0,87.5,2.5,0.41018700119485374
80.0,87.5,2.525,0.39562621667220016
80.0,87.5,2.55,0.38193654782231834
80.0,87.5,2.575,0.3689877616389751
80.0,87.5,2.6,0.3566598689259406
80.0,87.5,2.625,0.3448595527598015
80.0,87.5,2.65,0.333550817808633
80.0,87.5,2.675,0.3226703454020264
80.0,87.5,2.7,0.3121438527016514
80.0,87.5,2.725,0.3019191794692838
80.0,87.5,2.75,0.2919506423657745
80.0,87.5,2.775,0.28219613146840555
80.0,87.5,2.8,0.2726163237155046
80.0,87.5,2.825,0.2631740397859429
80.0,87.5,2.85,0.2538336231426738
80.0,87.5,2.875,0.2445603412465894
80.0,87.5,2.9,0.23531980021027538
80.0,87.5,2.925,0.2260773571759319
80.0,87.5,2.95,0.21679751089270366
80.0,87.5,2.975,0.2074432478138295
80.0,87.5,3.0,0.1979753171531513
80.0,87.5,3.025,0.18835140287083907
80.0,87.5,3.05,0.1785251526978621
80.0,87.5,3.075,0.16844501304805265
80.0,87.5,3.1,0.15805280256426346
80.0,87.5,3.125,0.1472819339536914
80.0,87.5,3.15,0.13605516042006954
80.0,87.5,3.175,0.12428167435100991
80.0,87.5,3.2,0.11185331406326218
80.0,87.5,3.225,0.09863952702413906
80.0,87.5,3.25,0.0844805875551955
80.0,87.5,3.275,0.06917812932313834
80.0,87.5,3.3,0.05248244696862812
80.0,87.5,3.325,0.03407345419535018
80.0,87.5,3.35,0.013533856717337147
80.0,87.5,3.375,-0.00969134890643412
80.0,87.5,3.4,-0.03635668227436646
80.0,87.5,3.425,-0.06751311176283811
80.0,87.5,3.45,-0.10466357026640634
80.0,87.5,3.475,-0.15002324010022933
80.0,87.5,3.5,-0.20703220253212434
80.0,87.5,3.525,-0.2812635422363182
80.0,87.5,3.55,-0.3817545624257411
80.0,87.5,3.575,-0.523185071087775
80.0,87.5,3.6,-0.7229826814171393
80.0,87.5,3.625,-0.9264854751049153
80.0,87.5,3.65,-0.4144549913018569
80.0,87.5,3.675,1.0553991132560152
80.0,87.5,3.7,1.1858275318672742
80.0,87.5,3.725,0.9727094830103983
80.0,87.5,3.75,0.7984218365635604
80.0,87.5,3.775,0.6746818049519527
80.0,87.5,3.8,0.5848764251477842
80.0,90.0,2.4,0.4597664949363941
80.0,90.0,2.425,0.44196660977446967
80.0,90.0,2.45,0.42545525762816455
80.0,90.0,2.475,0.4100607734033948
80.0,90.0,2.5,0.3956293970314649
80.0,90.0,2.525,0.3820306990169126
80.0,90.0,2.55,0.3691621253152127
80.0,90.0,2.575,0.35690477353568384
80.0,90.0,2.6,0.3451673285401282
80.0,90.0,2.625,0.3339182571906386
80.0,90.0,2.65,0.32307875951998494
80.0,90.0,2.675,0.3125841487503124
80.0,90.0,2.7,0.3023844333951884
80.0,90.0,2.725,0.29243467784893373
80.0,90.0,2.75,0.282693417793773
80.0,90.0,2.775,0.27312185635920116
80.0,90.0,2.8,0.26368322684245865
80.0,90.0,2.825,0.2543421815116631
80.0,90.0,2.85,0.24506419930711137
80.0,90.0,2.875,0.23581500468647962
80.0,90.0,2.9,0.22655998137999142
80.0,90.0,2.925,0.21726356097747218
80.0,90.0,2.95,0.20788856304739112
80.0,90.0,2.975,0.1983954593709568
80.0,90.0,3.0,0.18874152901658486
80.0,90.0,3.025,0.17887986256313743
80.0,90.0,3.05,0.1687581617391213
80.0,90.0,3.075,0.15831726353729664
80.0,90.0,3.1,0.14748929318701337
80.0,90.0,3.125,0.1361953147848381
80.0,90.0,3.15,0.12434229778022748
80.0,90.0,3.175,0.111819109699643
80.0,90.0,3.2,0.09849122505063532
80.0,90.0,3.225,0.08419361807640753
80.0,90.0,3.25,0.06872064798012911
80.0,90.0,3.275,0.051812298141825995
80.0,90.0,3.3,0.033134173732319736
80.0,90.0,3.325,0.01224829240556789
80.0,90.0,3.35,-0.011430708553924954
80.0,90.0,3.375,-0.038702848509705214
80.0,90.0,3.4,-0.07068869314453298
80.0,90.0,3.425,-0.10900221594068168
80.0,90.0,3.45,-0.15606823179276597
80.0,90.0,3.475,-0.2157054313103233
80.0,90.0,3.5,-0.2940126946032571
80.0,90.0,3.525,-0.4010719489315649
80.0,90.0,3.55,-0.5530788868808026
80.0,90.0,3.575,-0.7649657105025374
80.0,90.0,3.6,-0.9218263334076284
80.0,90.0,3.625,-0.04648691327022693
80.0,90.0,3.65,1.1755342374939783
80.0,90.0,3.675,1.127699069923765
80.0,90.0,3.7,0.9159622274444219
80.0,90.0,3.725,0.7561112827629827
80.0,90.0,3.75,0.6428640258008878
80.0,90.0,3.775,0.5599987840653108
80.0,90.0,3.8,0.4967706390610665
80.0,92.5,2.4,0.44205309725159336
80.0,92.5,2.425,0.42566463400475935
80.0,92.5,2.45,0.41037798750013643
80.0,92.5,2.475,0.39603835538390275
80.0,92.5,2.5,0.38251356757546057
80.0,92.5,2.525,0.36969146981241513
80.0,92.5,2.55,0.35747517446874405
80.0,92.5,2.575,0.345784306576017
80.0,92.5,2.6,0.3345690936895103
80.0,92.5,2.625,0.3237514509994825
80.0,92.5,2.65,0.313271975281957
80.0,92.5,2.675,0.30308191682787033
80.0,92.5,2.7,0.2931369737248574
80.0,92.5,2.725,0.2833961135858888
80.0,92.5,2.75,0.27382092860791385
80.0,92.5,2.775,0.26437493759054964
80.0,92.5,2.8,0.25502298266937523
80.0,92.5,2.825,0.24573064475010306
80.0,92.5,2.85,0.23646366471996216
80.0,92.5,2.875,0.22718735618477923
80.0,92.5,2.9,0.21786598961131354
80.0,92.5,2.925,0.20846212402701764
80.0,92.5,2.95,0.19893585797101684
80.0,92.5,2.975,0.1892439650976041
80.0,92.5,3.0,0.17933887082194375
80.0,92.5,3.025,0.1691674135543729
80.0,92.5,3.05,0.15866931593675448
80.0,92.5,3.075,0.1477752682465715
80.0,92.5,3.1,0.1364042584669227
80.0,92.5,3.125,0.1244613195747693
80.0,92.5,3.15,0.11183166625537692
80.0,92.5,3.175,0.09837660964543614
80.0,92.5,3.2,0.08392525674126078
80.0,92.5,3.225,0.06826407022160934
80.0,92.5,3.25,0.05112198872247099
80.0,92.5,3.275,0.03214900095738009
80.0,92.5,3.3,0.010884608479647628
80.0,92.5,3.325,-0.013289701093843784
80.0,92.5,3.35,-0.041223855678252506
80.0,92.5,3.375,-0.07411605780863423
80.0,92.5,3.4,-0.11371331423189938
80.0,92.5,3.425,-0.16268218569734388
80.0,92.5,3.45,-0.2251981993747493
80.0,92.5,3.475,-0.3080191178317981
80.0,92.5,3.5,-0.4224452248164184
80.0,92.5,3.525,-0.5861667674016316
80.0,92.5,3.55,-0.808216930398057
80.0,92.5,3.575,-0.8742076252482135
80.0,92.5,3.6,0.3549898497713159
80.0,92.5,3.625,1.216100282983029
80.0,92.5,3.65,1.0677964482650972
80.0,92.5,3.675,0.8652375090834341
80.0,92.5,3.7,0.7187301931181372
80.0,92.5,3.725,0.6146840188929631
80.0,92.5,3.75,0.5378855670162517
80.0,92.5,3.775,0.4787573523341546
80.0,92.5,3.8,0.4314907458527312
80.0,95.0,2.4,0.4263371986733977
80.0,95.0,2.425,0.41112000035527113
80.0,95.0,2.45,0.3968362552779584
80.0,95.0,2.475,0.383355148186461
80.0,95.0,2.5,0.3705630424931223
80.0,95.0,2.525,0.3583614543695159
80.0,95.0,2.55,0.34669219332110157
80.0,95.0,2.575,0.33549018571127365
80.0,95.0,2.6,0.32467726853700113
80.0,95.0,2.625,0.31419735970312196
80.0,95.0,2.65,0.3040026493729116
80.0,95.0,2.675,0.2940493690967629
80.0,95.0,2.7,0.2842968388938641
80.0,95.0,2.725,0.2747068579580295
80.0,95.0,2.75,0.2652431145488587
80.0,95.0,2.775,0.2558705339363992
80.0,95.0,2.8,0.24655469865402
80.0,95.0,2.825,0.2372612720750656
80.0,95.0,2.85,0.22795540806575457
80.0,95.0,2.875,0.21860112827526285
80.0,95.0,2.9,0.2091606429308269
80.0,95.0,2.925,0.1995935859343522
80.0,95.0,2.95,0.1898561283168669
80.0,95.0,2.975,0.17989992477781208
80.0,95.0,3.0,0.16967083772620675
80.0,95.0,3.025,0.15910702561466217
80.0,95.0,3.05,0.14813837616228848
80.0,95.0,3.075,0.13668130021045405
80.0,95.0,3.1,0.12463783590744426
80.0,95.0,3.125,0.11189012557980697
80.0,95.0,3.15,0.09829467903295823
80.0,95.0,3.175,0.08367428748641266
80.0,95.0,3.2,0.06780677781312242
80.0,95.0,3.225,0.05040907592294077
80.0,95.0,3.25,0.031114148043223353
80.0,95.0,3.275,0.009436878208364103
80.0,95.0,3.3,-0.015277653883147477
80.0,95.0,3.325,-0.043934713750319467
80.0,95.0,3.35,-0.07782119737023538
80.0,95.0,3.375,-0.1188386017194545
80.0,95.0,3.4,-0.16990059083891124
80.0,95.0,3.425,-0.23559423520329822
80.0,95.0,3.45,-0.3234670452156865
80.0,95.0,3.475,-0.44619778130645704
80.0,95.0,3.5,-0.6228330706461559
80.0,95.0,3.525,-0.8505615920429628
80.0,95.0,3.55,-0.7590682193893213
80.0,95.0,3.575,0.7147951118129566
80.0,95.0,3.6,1.20779878849655
80.0,95.0,3.625,1.0100251728732823
80.0,95.0,3.65,0.8200075284645958
80.0,95.0,3.675,0.6855941588936304
80.0,95.0,3.7,0.5896369916105497
80.0,95.0,3.725,0.5181736581222297
80.0,95.0,3.75,0.4626712175198322
80.0,95.0,3.775,0.41795359410933597
80.0,95.0,3.8,0.3807715450582276
80.0,97.5,2.4,0.4122684488315342
80.0,97.5,2.425,0.39800776882472266
80.0,97.5,2.45,0.3845409200854455
80.0,97.5,2.475,0.37175523450896086
80.0,97.5,2.5,0.3595540359147909
80.0,97.5,2.525,0.34788000173816724
80.0,97.5,2.55,0.3366703071831444
80.0,97.5,2.575,0.3258466474530109
80.0,97.5,2.6,0.31535181638972914
80.0,97.5,2.625,0.3051390401461334
80.0,97.5,2.65,0.29516503322420634
80.0,97.5,2.675,0.28538939037475275
80.0,97.5,2.7,0.2757740431613615
80.0,97.5,2.725,0.26628269755492934
80.0,97.5,2.75,0.2568802648572678
80.0,97.5,2.775,0.2475322385132782
80.0,97.5,2.8,0.23820411748592227
80.0,97.5,2.825,0.2288608124455902
80.0,97.5,2.85,0.21946601413944455
80.0,97.5,2.875,0.2099815009333068
80.0,97.5,2.9,0.20036635589662669
80.0,97.5,2.925,0.19057605866275987
80.0,97.5,2.95,0.18056141944353674
80.0,97.5,2.975,0.1702669532978119
80.0,97.5,3.0,0.1596300920162392
80.0,97.5,3.025,0.14857796734604628
80.0,97.5,3.05,0.13702545483868345
80.0,97.5,3.075,0.12487146040208762
80.0,97.5,3.1,0.11199427678045315
80.0,97.5,3.125,0.09824531137431194
80.0,97.5,3.15,0.08344048484383798
80.0,97.5,3.175,0.06734822141861461
80.0,97.5,3.2,0.04967234880601452
80.0,97.5,3.225,0.030027226641398928
80.0,97.5,3.25,0.00790072888360501
80.0,97.5,3.275,-0.01740225471141461
80.0,97.5,3.3,-0.04684885764979395
80.0,97.5,3.325,-0.08182709990086474
80.0,97.5,3.35,-0.12440734920373966
80.0,97.5,3.375,-0.17777304348418807
80.0,97.5,3.4,-0.24700296787348947
80.0,97.5,3.425,-0.3405601996358925
80.0,97.5,3.45,-0.47268930014590116
80.0,97.5,3.475,-0.6634101704616111
80.0,97.5,3.5,-0.8877441233116515
80.0,97.5,3.525,-0.5505759035777174
80.0,97.5,3.55,0.97963602527612
80.0,97.5,3.575,1.1728343453435772
80.0,97.5,3.6,0.9561078729184732
80.0,97.5,3.625,0.7796724575104554
80.0,97.5,3.65,0.6561174880230055
80.0,97.5,3.675,0.5672982342549406
80.0,97.5,3.7,0.500553427156974
80.0,97.5,3.725,0.44827450788442746
80.0,97.5,3.75,0.4058428205983046
80.0,97.5,3.775,0.3703239453879324
80.0,97.5,3.8,0.3397936385857208
80.0,100.0,2.4,0.3995389163302662
80.0,100.0,2.425,0.38605918477225715
80.0,100.0,2.45,0.37325636745717944
80.0,100.0,2.475,0.3610361309414466
80.0,100.0,2.5,0.34934018383307447
80.0,100.0,2.525,0.3381024222513725
80.0,100.0,2.55,0.32725121670507895
80.0,100.0,2.575,0.3167281636816935
80.0,100.0,2.6,0.30648473402808474
80.0,100.0,2.625,0.296478296349167
80.0,100.0,2.65,0.2866686768271647
80.0,100.0,2.675,0.27701787398957695
80.0,100.0,2.7,0.26748954527436836
80.0,100.0,2.725,0.2580484603691802
80.0,100.0,2.75,0.24865994068940933
80.0,100.0,2.775,0.23928924144786506
80.0,100.0,2.8,0.22990095230645266
80.0,100.0,2.825,0.22045835652010973
80.0,100.0,2.85,0.21092272491802383
80.0,100.0,2.875,0.20125253239474294
80.0,100.0,2.9,0.19140219978730544
80.0,100.0,2.925,0.18132200731189838
80.0,100.0,2.95,0.17095517512923833
80.0,100.0,2.975,0.16023729696760067
80.0,100.0,3.0,0.14909375173333353
80.0,100.0,3.025,0.1374369263594459
80.0,100.0,3.05,0.12516252628886332
80.0,100.0,3.075,0.11214465948800134
80.0,100.0,3.1,0.09822918261831905
80.0,100.0,3.125,0.08322453927499587
80.0,100.0,3.15,0.06688890989301613
80.0,100.0,3.175,0.04891182388096053
80.0,100.0,3.2,0.02888726761113525
80.0,100.0,3.225,0.006273408860803196
80.0,100.0,3.25,-0.019669370657125363
80.0,100.0,3.275,-0.04997749912106006
80.0,100.0,3.3,-0.08615231835423222
80.0,100.0,3.325,-0.13044864349620436
80.0,100.0,3.35,-0.18636118895272938
80.0,100.0,3.375,-0.2595441090762598
80.0,100.0,3.4,-0.35952440999139407
80.0,100.0,3.425,-0.5023227107151274
80.0,100.0,3.45,-0.7080920070185547
80.0,100.0,3.475,-0.9119248604130704
80.0,100.0,3.5,-0.23740160400339166
80.0,100.0,3.525,1.1385571556265708
80.0,100.0,3.55,1.125177315003901
80.0,100.0,3.575,0.9066446218285731
80.0,100.0,3.6,0.7436503900545726
80.0,100.0,3.625,0.6298025415939266
80.0,100.0,3.65,0.5473008204301958
80.0,100.0,3.675,0.4847650340884334
80.0,100.0,3.7,0.4353809166717849
80.0,100.0,3.725,0.39500375826427625
80.0,100.0,3.75,0.3609912036333855
80.0,100.0,3.775,0.3315895680686957
80.0,100.0,3.8,0.3055894113564321
80.0,102.5,2.4,0.38789971661156203
80.0,102.5,2.425,0.37505745173149535
80.0,102.5,2.45,0.36279788323448975
80.0,102.5,2.475,0.3510613117017363
80.0,102.5,2.5,0.33978158489164906
80.0,102.5,2.525,0.328885881547989
80.0,102.5,2.55,0.31832018626323194
80.0,102.5,2.575,0.3080344611221327
80.0,102.5,2.6,0.29798452250520935
80.0,102.5,2.625,0.2881305878956565
80.0,102.5,2.65,0.2784346839127234
80.0,102.5,2.675,0.26886036474697367
80.0,102.5,2.7,0.25937219973655745
80.0,102.5,2.725,0.2499352286031879
80.0,102.5,2.75,0.24051439011529785
80.0,102.5,2.775,0.23107388249019048
80.0,102.5,2.8,0.22157651718593865
80.0,102.5,2.825,0.21198237700770434
80.0,102.5,2.85,0.20225077536485828
80.0,102.5,2.875,0.1923341146631274
80.0,102.5,2.9,0.18218150043029713
80.0,102.5,2.925,0.17173514490013184
80.0,102.5,2.95,0.16092892520620988
80.0,102.5,2.975,0.14968610777751798
80.0,102.5,3.0,0.1379163892353352
80.0,102.5,3.025,0.1255120029811195
80.0,102.5,3.05,0.11234251571143575
80.0,102.5,3.075,0.09824775717967812
80.0,102.5,3.1,0.08302804348827593
80.0,102.5,3.125,0.0664304002043005
80.0,102.5,3.15,0.048128746176985676
80.0,102.5,3.175,0.02769474460934832
80.0,102.5,3.2,0.004553853529588759
80.0,102.5,3.225,-0.022082892658520727
80.0,102.5,3.25,-0.05332933988674393
80.0,102.5,3.275,-0.09081278864955875
80.0,102.5,3.3,-0.13699457981547067
80.0,102.5,3.325,-0.19573126796612236
80.0,102.5,3.35,-0.27334673575913515
80.0,102.5,3.375,-0.38061242470847834
80.0,102.5,3.4,-0.5355474833507171
80.0,102.5,3.425,-0.7567644038181496
80.0,102.5,3.45,-0.9094251281627322
80.0,102.5,3.475,0.15472324413744676
80.0,102.5,3.5,1.2106181114888688
80.0,102.5,3.525,1.0729548345306752
80.0,102.5,3.55,0.8616686579679087
80.0,102.5,3.575,0.7113979616304418
80.0,102.5,3.6,0.6062358595808107
80.0,102.5,3.625,0.5293726578704384
80.0,102.5,3.65,0.4705872365060019
80.0,102.5,3.675,0.4238047152466105
80.0,102.5,3.7,0.38529162395591415
80.0,102.5,3.725,0.35265281904179296
80.0,102.5,3.75,0.3242866535179859
80.0,102.5,3.775,0.2990803820283777
80.0,102.5,3.8,0.27623312009260975
80.0,105.0,2.4,0.37715092187264165
80.0,105.0,2.425,0.364832431552711
80.0,105.0,2.45,0.3530368052495682
80.0,105.0,2.475,0.3416995843452052
80.0,105.0,2.5,0.3307474714442671
80.0,105.0,2.525,0.3201243217073217
80.0,105.0,2.55,0.30978374165702094
80.0,105.0,2.575,0.2996799886241828
80.0,105.0,2.6,0.28977189002019943
80.0,105.0,2.625,0.280021647385323
80.0,105.0,2.65,0.2703926768923241
80.0,105.0,2.675,0.26084930100705483
80.0,105.0,2.7,0.2513562253370453
80.0,105.0,2.725,0.241877978080861
80.0,105.0,2.75,0.23237831574486037
80.0,105.0,2.775,0.2228191009074878
80.0,105.0,2.8,0.2131612120708262
80.0,105.0,2.825,0.20336094215473885
80.0,105.0,2.85,0.1933712797594129
80.0,105.0,2.875,0.1831397830049253
80.0,105.0,2.9,0.17260720121484852
80.0,105.0,2.925,0.16170560272191978
80.0,105.0,2.95,0.1503559760186521
80.0,105.0,2.975,0.13846511333828412
80.0,105.0,3.0,0.1259214976545076
80.0,105.0,3.025,0.11258978576446332
80.0,105.0,3.05,0.09830328230700484
80.0,105.0,3.075,0.08285348739197103
80.0,105.0,3.1,0.06597529658471121
80.0,105.0,3.125,0.04732559880266229
80.0,105.0,3.15,0.026451603729644793
80.0,105.0,3.175,0.002742748373327478
80.0,105.0,3.2,-0.024644634595676517
80.0,105.0,3.225,-0.056910673929149794
80.0,105.0,3.25,-0.09582309700174976
80.0,105.0,3.275,-0.1440781405227777
80.0,105.0,3.3,-0.205951984124935
80.0,105.0,3.325,-0.28855052629825145
80.0,105.0,3.35,-0.40410869211444217
80.0,105.0,3.375,-0.57285752699856
80.0,105.0,3.4,-0.8086838608421097
80.0,105.0,3.425,-0.8581146342843294
80.0,105.0,3.45,0.5575751336016419
80.0,105.0,3.475,1.2235713507061485
80.0,105.0,3.5,1.0205889080129014
80.0,105.0,3.525,0.8209836648267217
80.0,105.0,3.55,0.6824944963172778
80.0,105.0,3.575,0.585069904559378
80.0,105.0,3.6,0.5132360135018033
80.0,105.0,3.625,0.457828091646403
80.0,105.0,3.65,0.4134006878819689
80.0,105.0,3.675,0.37658564069932376
80.0,105.0,3.7,0.34520575560952765
80.0,105.0,3.725,0.3177942018297594
80.0,105.0,3.75,0.29332452260474823
80.0,105.0,3.775,0.2710526723977177
80.0,105.0,3.8,0.2504208822745778
80.0,107.5,2.4,0.3671345392373353
80.0,107.5,2.425,0.3552623077104668
80.0,107.5,2.45,0.34385192824708455
80.0,107.5,2.475,0.3328300578671881
80.0,107.5,2.5,0.3221388294908315
80.0,107.5,2.525,0.3117302713605178
80.0,107.5,2.55,0.3015616268467594
80.0,107.5,2.575,0.2915901286265661
80.0,107.5,2.6,0.2817766938362848
80.0,107.5,2.625,0.27208473492700663
80.0,107.5,2.65,0.2624782965639143
80.0,107.5,2.675,0.25292171290453086
80.0,107.5,2.7,0.24337904938908264
80.0,107.5,2.725,0.2338131840220048
80.0,107.5,2.75,0.22418642041963718
80.0,107.5,2.775,0.21445759554435476
80.0,107.5,2.8,0.20458286383644506
80.0,107.5,2.825,0.19451404739871533
80.0,107.5,2.85,0.184197431679639
80.0,107.5,2.875,0.1735722074965971
80.0,107.5,2.9,0.16256850363877828
80.0,107.5,2.925,0.15110486472893883
80.0,107.5,2.95,0.13908496498576636
80.0,107.5,2.975,0.12639325639766089
80.0,107.5,3.0,0.11288910986506015
80.0,107.5,3.025,0.09839879042403663
80.0,107.5,3.05,0.08270426245853832
80.0,107.5,3.075,0.06552725999935365
80.0,107.5,3.1,0.0465061232388836
80.0,107.5,3.125,0.02516130348351191
80.0,107.5,3.15,0.0008425982996628362
80.0,107.5,3.175,-0.027354249486564675
80.0,107.5,3.2,-0.060725465754265684
80.0,107.5,3.225,-0.1011962534431747
80.0,107.5,3.25,-0.15173152363085152
80.0,107.5,3.275,-0.21709399224210815
80.0,107.5,3.3,-0.30530708546211294
80.0,107.5,3.325,-0.4303340935883692
80.0,107.5,3.35,-0.6147788536945175
80.0,107.5,3.375,-0.8618772656607777
80.0,107.5,3.4,-0.7266845644322109
80.0,107.5,3.425,0.8928244731391937
80.0,107.5,3.45,1.2012744321841884
80.0,107.5,3.475,0.9705409214135162
80.0,107.5,3.5,0.7842532654923461
80.0,107.5,3.525,0.6565018162719718
80.0,107.5,3.55,0.5660077250715758
80.0,107.5,3.575,0.4986855508312775
80.0,107.5,3.6,0.4463271729758354
80.0,107.5,3.625,0.4040408318033654
80.0,107.5,3.65,0.36877955145691926
80.0,107.5,3.675,0.3385587376263664
80.0,107.5,3.7,0.3120314642305397
80.0,107.5,3.725,0.2882485601569781
80.0,107.5,3.75,0.26651727423427923
80.0,107.5,3.775,0.24631462371557977
80.0,107.5,3.8,0.2272322639094929
80.0,110.0,2.4,0.3577347645663084
80.0,110.0,2.425,0.34623589513227354
80.0,110.0,2.45,0.33513070830606057
80.0,110.0,2.475,0.3243596038329209
80.0,110.0,2.5,0.3138734581216938
80.0,110.0,2.525,0.3036281801109244
80.0,110.0,2.55,0.29358340103408326
80.0,110.0,2.575,0.28369842724136934
80.0,110.0,2.6,0.2739354524432948
80.0,110.0,2.625,0.26425836886192583
80.0,110.0,2.65,0.25463098640063914
80.0,110.0,2.675,0.24501688925267626
80.0,110.0,2.7,0.23537900458624114
80.0,110.0,2.725,0.22567793142493572
80.0,110.0,2.75,0.21587225099427462
80.0,110.0,2.775,0.20591712027602926
80.0,110.0,2.8,0.19576324028843653
80.0,110.0,2.825,0.1853555431856406
80.0,110.0,2.85,0.17463155832599267
80.0,110.0,2.875,0.1635193471829135
80.0,110.0,2.9,0.1519348485174509
80.0,110.0,2.925,0.13977840821917953
80.0,110.0,2.95,0.12693016807226812
80.0,110.0,2.975,0.11324383440241464
80.0,110.0,3.0,0.0985381080349084
80.0,110.0,3.025,0.08258467447935944
80.0,110.0,3.05,0.06509102773275872
80.0,110.0,3.075,0.045675351509740655
80.0,110.0,3.1,0.02382886890960281
80.0,110.0,3.125,-0.001142184947412092
80.0,110.0,3.15,-0.030209109952910967
80.0,110.0,3.175,-0.0647751914130452
80.0,110.0,3.2,-0.10694296065179958
80.0,110.0,3.225,-0.15998515528354798
80.0,110.0,3.25,-0.22922954881263344
80.0,110.0,3.275,-0.323781052590065
80.0,110.0,3.3,-0.45965016968333455
80.0,110.0,3.325,-0.6618332665486871
80.0,110.0,3.35,-0.9118883694584387
80.0,110.0,3.375,-0.48300184863163353
80.0,110.0,3.4,1.1195567175680774
80.0,110.0,3.425,1.1604990261752683
80.0,110.0,3.45,0.9237814321438319
80.0,110.0,3.475,0.751120315404963
80.0,110.0,3.5,0.633089278732378
80.0,110.0,3.525,0.5488041504747362
80.0,110.0,3.55,0.4855420451765281
80.0,110.0,3.575,0.4359471445870077
80.0,110.0,3.6,0.395614655120614
80.0,110.0,3.625,0.36178066832156874
80.0,110.0,3.65,0.33263130957982395
80.0,110.0,3.675,0.3069266287195873
80.0,110.0,3.7,0.2837868624951229
80.0,110.0,3.725,0.2625656544012275
80.0,110.0,3.75,0.24277176211545262
80.0,110.0,3.775,0.2240188494488077
80.0,110.0,3.8,0.20599213100724148
90.0,40.0,2.4,0.015407237578974817
90.0,40.0,2.425,-0.01067407519070914
90.0,40.0,2.45,-0.04049870113889836
90.0,40.0,2.475,-0.07513871745278601
90.0,40.0,2.5,-0.11610997771466992
90.0,40.0,2.525,-0.16562301225015852
90.0,40.0,2.55,-0.22702112953461207
90.0,40.0,2.575,-0.305584846378664
90.0,40.0,2.6,-0.4100862090711518
90.0,40.0,2.625,-0.5559417645253771
90.0,40.0,2.65,-0.7715553497663172
90.0,40.0,2.675,-1.1061784954292961
90.0,40.0,2.7,-1.549143406278517
90.0,40.0,2.725,-0.6917535838939675
90.0,40.0,2.75,1.8344027351124197
90.0,40.0,2.775,1.7014179398759783
90.0,40.0,2.8,1.3299234092912198
90.0,40.0,2.825,1.0788177935243264
90.0,40.0,2.85,0.9111826886623585
90.0,40.0,2.875,0.7932901217612662
90.0,40.0,2.9,0.7061278997894868
90.0,40.0,2.925,0.6389653528610018
90.0,40.0,2.95,0.5854440796295174
90.0,40.0,2.975,0.5416002958849568
90.0,40.0,3.0,0.5048489685691291
90.0,40.0,3.025,0.47343784724100985
90.0,40.0,3.05,0.4461401250119379
90.0,40.0,3.075,0.42207485323974914
90.0,40.0,3.1,0.40059985543144105
90.0,40.0,3.125,0.3812451657120007
90.0,40.0,3.15,0.36365530530468143
90.0,40.0,3.175,0.3475183227643606
90.0,40.0,3.2,0.33253811824447704
90.0,40.0,3.225,0.3184827425756838
90.0,40.0,3.25,0.3051963749734724
90.0,40.0,3.275,0.29256355975558485
90.0,40.0,3.3,0.28048591040495974
90.0,40.0,3.325,0.26887562139823346
90.0,40.0,3.35,0.257653945452782
90.0,40.0,3.375,0.24675014309907786
90.0,40.0,3.4,0.23610026066816442
90.0,40.0,3.425,0.22564584845133281
90.0,40.0,3.45,0.2153327330078524
90.0,40.0,3.475,0.20510988549322212
90.0,40.0,3.5,0.19492838449005703
90.0,40.0,3.525,0.18474045258953178
90.0,40.0,3.55,0.17449853865407702
90.0,40.0,3.575,0.16415441514855902
90.0,40.0,3.6,0.15365826021837947
90.0,40.0,3.625,0.14295738629652158
90.0,40.0,3.65,0.1319965460679982
90.0,40.0,3.675,0.12071413832723409
90.0,40.0,3.7,0.10904327707074585
90.0,40.0,3.725,0.09690899747025034
90.0,40.0,3.75,0.08422649562002613
90.0,40.0,3.775,0.07089875950503555
90.0,40.0,3.8,0.05681371563273929
90.0,42.5,2.4,-0.032047116566754075
90.0,42.5,2.425,-0.06649054919403347
90.0,42.5,2.45,-0.10716479406472139
90.0,42.5,2.475,-0.1562417356735223
90.0,42.5,2.5,-0.21700618772972383
90.0,42.5,2.525,-0.2946494427938147
90.0,42.5,2.55,-0.3978179299976158
90.0,42.5,2.575,-0.5418180045579272
90.0,42.5,2.6,-0.7554160957799002
90.0,42.5,2.625,-1.0924150328439945
90.0,42.5,2.65,-1.585174213980705
90.0,42.5,2.675,-0.9925643238537839
90.0,42.5,2.7,1.913842155856193
90.0,42.5,2.725,1.7839719308524242
90.0,42.5,2.75,1.3747413154583432
90.0,42.5,2.775,1.1064589368288804
90.0,42.5,2.8,0.9305153255003754
90.0,42.5,2.825,0.8081149556681675
90.0,42.5,2.85,0.7182662786782437
90.0,42.5,2.875,0.64938319454377
90.0,42.5,2.9,0.5946976276714501
90.0,42.5,2.925,0.550032034529042
90.0,42.5,2.95,0.5126817505719511
90.0,42.5,2.975,0.48082346357362854
90.0,42.5,3.0,0.45318554486998397
90.0,42.5,3.025,0.42885617030825907
90.0,42.5,3.05,0.4071683909689757
90.0,42.5,3.075,0.3876303606400787
90.0,42.5,3.1,0.36987769189482816
90.0,42.5,3.125,0.3536203752335907
90.0,42.5,3.15,0.3385854586022122
90.0,42.5,3.175,0.3245223875876753
90.0,42.5,3.2,0.3112478373523734
90.0,42.5,3.225,0.29863717422972497
90.0,42.5,3.25,0.28659275849870386
90.0,42.5,3.275,0.2750289393567008
90.0,42.5,3.3,0.2638684418722466
90.0,42.5,3.325,0.25304140959321625
90.0,42.5,3.35,0.24248453008535603
90.0,42.5,3.375,0.23213998985662337
90.0,42.5,3.4,0.22195438164085596
90.0,42.5,3.425,0.21187765012617174
90.0,42.5,3.45,0.2018619738036636
90.0,42.5,3.475,0.19186136210936358
90.0,42.5,3.5,0.18182995088741033
90.0,42.5,3.525,0.17172180035865936
90.0,42.5,3.55,0.1614897979623119
90.0,42.5,3.575,0.15108478311599957
90.0,42.5,3.6,0.14045457761457197
90.0,42.5,3.625,0.12954290257090806
90.0,42.5,3.65,0.11828813610622561
90.0,42.5,3.675,0.10662185431486039
90.0,42.5,3.7,0.09446708347719118
90.0,42.5,3.725,0.08173617266815393
90.0,42.5,3.75,0.06832817326461355
90.0,42.5,3.775,0.054125591955448485
90.0,42.5,3.8,0.03899036899902802
90.0,45.0,2.4,-0.09651243775495273
90.0,45.0,2.425,-0.14481082576461562
90.0,45.0,2.45,-0.20445144440474697
90.0,45.0,2.475,-0.2804414780631409
90.0,45.0,2.5,-0.3811159641149588
90.0,45.0,2.525,-0.5212599582763193
90.0,45.0,2.55,-0.7289939246619994
90.0,45.0,2.575,-1.0598312040946725
90.0,45.0,2.6,-1.5834525941836588
90.0,45.0,2.625,-1.3839991339617512
90.0,45.0,2.65,1.9407961862682745
90.0,45.0,2.675,1.8890473182378715
90.0,45.0,2.7,1.4333719436928805
90.0,45.0,2.725,1.1423395715303486
90.0,45.0,2.75,0.9552122830789579
90.0,45.0,2.775,0.8266990923866678
90.0,45.0,2.8,0.7331903845040646
90.0,45.0,2.825,0.6619548603465318
90.0,45.0,2.85,0.6056720798813017
90.0,45.0,2.875,0.5598747796061309
90.0,45.0,2.9,0.521695499116119
90.0,45.0,2.925,0.48921405998528006
90.0,45.0,2.95,0.46109815517129166
90.0,45.0,2.975,0.43639564093732963
90.0,45.0,3.0,0.4144100787094495
90.0,45.0,3.025,0.3946248414749346
90.0,45.0,3.05,0.3766558240157377
90.0,45.0,3.075,0.36021296544309467
90.0,45.0,3.1,0.3450492216741754
90.0,45.0,3.125,0.3309223266301644
90.0,45.0,3.15,0.3176228456822995
90.0,45.0,3.175,0.3050049081116147
90.0,45.0,3.2,0.2929660021025239
90.0,45.0,3.225,0.2814217743044758
90.0,45.0,3.25,0.2702966349723304
90.0,45.0,3.275,0.25952146183497143
90.0,45.0,3.3,0.2490344988967272
90.0,45.0,3.325,0.23877757915589432
90.0,45.0,3.35,0.22869808943318318
90.0,45.0,3.375,0.2187467077115478
90.0,45.0,3.4,0.20887669936020514
90.0,45.0,3.425,0.19904305069884679
90.0,45.0,3.45,0.1892016382091678
90.0,45.0,3.475,0.17930842091996751
90.0,45.0,3.5,0.16931863334934927
90.0,45.0,3.525,0.15918595248197406
90.0,45.0,3.55,0.14886160880905536
90.0,45.0,3.575,0.1382934069505744
90.0,45.0,3.6,0.1274246149430915
90.0,45.0,3.625,0.11619267211392309
90.0,45.0,3.65,0.10452765262986387
90.0,45.0,3.675,0.0923504040861438
90.0,45.0,3.7,0.07957025633700428
90.0,45.0,3.725,0.06608216333262033
90.0,45.0,3.75,0.051763099102528326
90.0,45.0,3.775,0.0364674851421716
90.0,45.0,3.8,0.020021372085767652
90.0,47.5,2.4,-0.18936844390112367
90.0,47.5,2.425,-0.2630057847332567
90.0,47.5,2.45,-0.3600853945452946
90.0,47.5,2.475,-0.49450034882891347
90.0,47.5,2.5,-0.6927771330421881
90.0,47.5,2.525,-1.0090134855788289
90.0,47.5,2.55,-1.5369515925294803
90.0,47.5,2.575,-1.7726003309338123
90.0,47.5,2.6,1.8329910687025477
90.0,47.5,2.625,2.024794610360988
90.0,47.5,2.65,1.510572691792776
90.0,47.5,2.675,1.188760201545596
90.0,47.5,2.7,0.9865218358117405
90.0,47.5,2.725,0.8497936542370724
90.0,47.5,2.75,0.7513891835470231
90.0,47.5,2.775,0.6770182650520161
90.0,47.5,2.8,0.6186121036100602
90.0,47.5,2.825,0.5713124564970461
90.0,47.5,2.85,0.5320328461134148
90.0,47.5,2.875,0.49872315412465007
90.0,47.5,2.9,0.4699701136901981
90.0,47.5,2.925,0.44476869713824885
90.0,47.5,2.95,0.4223857279235252
90.0,47.5,2.975,0.4022763177054694
90.0,47.5,3.0,0.3840323139689735
90.0,47.5,3.025,0.3673482392511515
90.0,47.5,3.05,0.3519856822281157
90.0,47.5,3.075,0.33772542175380843
90.0,47.5,3.1,0.324351826006002
90.0,47.5,3.125,0.311690970924497
90.0,47.5,3.15,0.29962843413002793
90.0,47.5,3.175,0.28807485393506466
90.0,47.5,3.2,0.2769569000198969
90.0,47.5,3.225,0.26620705487108015
90.0,47.5,3.25,0.25576336383621445
90.0,47.5,3.275,0.2455689633546056
90.0,47.5,3.3,0.23557141858003225
90.0,47.5,3.325,0.22572192305549474
90.0,47.5,3.35,0.21597446342705262
90.0,47.5,3.375,0.20628500155411555
90.0,47.5,3.4,0.1966106872404089
90.0,47.5,3.425,0.1869090942477126
90.0,47.5,3.45,0.17713746242411196
90.0,47.5,3.475,0.16725192367987685
90.0,47.5,3.5,0.15720668586875344
90.0,47.5,3.525,0.14695314462904366
90.0,47.5,3.55,0.13643888785757885
90.0,47.5,3.575,0.1256065498977279
90.0,47.5,3.6,0.11439246182434736
90.0,47.5,3.625,0.10272502924301066
90.0,47.5,3.65,0.09052274818663159
90.0,47.5,3.675,0.07769174074320084
90.0,47.5,3.7,0.0641226518611161
90.0,47.5,3.725,0.04968669295559302
90.0,47.5,3.75,0.03423054279473684
90.0,47.5,3.775,0.0175697334499744
90.0,47.5,3.8,-0.000519997272901865
90.0,50.0,2.4,-0.33505911751201195
90.0,50.0,2.425,-0.4621491805291694
90.0,50.0,2.45,-0.6479486062794684
90.0,50.0,2.475,-0.9424199394598668
90.0,50.0,2.5,-1.447496212656609
90.0,50.0,2.525,-2.023664009425531
90.0,50.0,2.55,1.3933080040881052
90.0,50.0,2.575,2.1999762333796378
90.0,50.0,2.6,1.6132914106344372
90.0,50.0,2.625,1.248966241365618
90.0,50.0,2.65,1.02613824826092
90.0,50.0,2.675,0.8783872663839871
90.0,50.0,2.7,0.773490748958049
90.0,50.0,2.725,0.6949988013506108
90.0,50.0,2.75,0.6338204478374928
90.0,50.0,2.775,0.5845691881554782
90.0,50.0,2.8,0.543865144655414
90.0,50.0,2.825,0.5094853308361502
90.0,50.0,2.85,0.4799094862432892
90.0,50.0,2.875,0.45406341422016
90.0,50.0,2.9,0.43116711788422646
90.0,50.0,2.925,0.4106418384322469
90.0,50.0,2.95,0.3920522880077706
90.0,50.0,2.975,0.37507047747344224
90.0,50.0,3.0,0.35944946322732535
90.0,50.0,3.025,0.3449842551164029
90.0,50.0,3.05,0.3314741505310545
90.0,50.0,3.075,0.31872894676732705
90.0,50.0,3.1,0.3066073357879299
90.0,50.0,3.125,0.2950135198831359
90.0,50.0,3.15,0.28387277754506096
90.0,50.0,3.175,0.27311876147140746
90.0,50.0,3.2,0.2626903762859001
90.0,50.0,3.225,0.2525312237475826
90.0,50.0,3.25,0.2425891893427126
90.0,50.0,3.275,0.23281583174531434
90.0,50.0,3.3,0.2231656592036618
90.0,50.0,3.325,0.2135953784683944
90.0,50.0,3.35,0.20406315484757784
90.0,50.0,3.375,0.1945278904517549
90.0,50.0,3.4,0.1849485113933266
90.0,50.0,3.425,0.175283246596155
90.0,50.0,3.45,0.16548887617383842
90.0,50.0,3.475,0.1555199234236496
90.0,50.0,3.5,0.14532775989928368
90.0,50.0,3.525,0.13485958680276122
90.0,50.0,3.55,0.12405724720889781
90.0,50.0,3.575,0.11285581138997247
90.0,50.0,3.6,0.10118186037340675
90.0,50.0,3.625,0.08895136889064394
90.0,50.0,3.65,0.07606705523417984
90.0,50.0,3.675,0.062415018128530945
90.0,50.0,3.7,0.04786041289375904
90.0,50.0,3.725,0.032241806622316
90.0,50.0,3.75,0.015363733842448693
90.0,50.0,3.775,-0.0030129835258221253
90.0,50.0,3.8,-0.02318466729385445
90.0,52.5,2.4,-0.5962729082864003
90.0,52.5,2.425,-0.8639373499231832
90.0,52.5,2.45,-1.3247418399302076
90.0,52.5,2.475,-2.0597097447503163
90.0,52.5,2.5,0.30945385549955895
90.0,52.5,2.525,2.41645210770794
90.0,52.5,2.55,1.752084267501846
90.0,52.5,2.575,1.3277308546791255
90.0,52.5,2.6,1.0764443884392836
90.0,52.5,2.625,0.9138195420731798
90.0,52.5,2.65,0.8003212976250683
90.0,52.5,2.675,0.716443399606908
90.0,52.5,2.7,0.6516791941958411
90.0,52.5,2.725,0.5999233465232197
90.0,52.5,2.75,0.5574022418998953
90.0,52.5,2.775,0.5216633148739704
90.0,52.5,2.8,0.4910454671720359
90.0,52.5,2.825,0.46438428419531774
90.0,52.5,2.85,0.44083960583803394
90.0,52.5,2.875,0.4197913992032107
90.0,52.5,2.9,0.40077078011604006
90.0,52.5,2.925,0.38342571636884915
90.0,52.5,2.95,0.36748876243121525
90.0,52.5,2.975,0.3527540998541417
90.0,52.5,3.0,0.3390380491574975
90.0,52.5,3.025,0.32615264516676584
90.0,52.5,3.05,0.31393345298310754
90.0,52.5,3.075,0.3022662728052399
90.0,52.5,3.1,0.291071300060751
90.0,52.5,3.125,0.2802824629665387
90.0,52.5,3.15,0.26983954674865246
90.0,52.5,3.175,0.2596866628517488
90.0,52.5,3.2,0.24977195649428355
90.0,52.5,3.225,0.24004721553570307
90.0,52.5,3.25,0.23046729063703444
90.0,52.5,3.275,0.22098942646349556
90.0,52.5,3.3,0.21157257303694338
90.0,52.5,3.325,0.20217670422420186
90.0,52.5,3.35,0.19276214509478268
90.0,52.5,3.375,0.1832888969509961
90.0,52.5,3.4,0.1737159420684221
90.0,52.5,3.425,0.16400050577750921
90.0,52.5,3.45,0.1540972493679326
90.0,52.5,3.475,0.14395736217622607
90.0,52.5,3.5,0.13352751422814702
90.0,52.5,3.525,0.12274862112977171
90.0,52.5,3.55,0.11155435980496853
90.0,52.5,3.575,0.09986935794674026
90.0,52.5,3.6,0.08760697997693516
90.0,52.5,3.625,0.0746667916411218
90.0,52.5,3.65,0.060927008777184745
90.0,52.5,3.675,0.04625086938260193
90.0,52.5,3.7,0.03046624480114827
90.0,52.5,3.725,0.013366281404679282
90.0,52.5,3.75,-0.005304032034460278
90.0,52.5,3.775,-0.025862948440115847
90.0,52.5,3.8,-0.04871284164716774
90.0,55.0,2.4,-1.182515822998243
90.0,55.0,2.425,-1.9131624909638665
90.0,55.0,2.45,-1.3028047949105828
90.0,55.0,2.475,2.628630713194433
90.0,55.0,2.5,1.9436856894943237
90.0,55.0,2.525,1.432374758704023
90.0,55.0,2.55,1.1409002900512315
90.0,55.0,2.575,0.9579591195823417
90.0,55.0,2.6,0.832996803972216
90.0,55.0,2.625,0.7420708331428051
90.0,55.0,2.65,0.6726793066536756
90.0,55.0,2.675,0.6177264479084719
90.0,55.0,2.7,0.5729052869669123
90.0,55.0,2.725,0.535457012442408
90.0,55.0,2.75,0.5035352084793056
90.0,55.0,2.775,0.47585725906935383
90.0,55.0,2.8,0.45150557268712593
90.0,55.0,2.825,0.429806487795121
90.0,55.0,2.85,0.4102546490483576
90.0,55.0,2.875,0.392466492298663
90.0,55.0,2.9,0.37615064231709905
90.0,55.0,2.925,0.36108675000842044
90.0,55.0,2.95,0.3470970722171396
90.0,55.0,2.975,0.3340073864772256
90.0,55.0,3.0,0.32164260825277896
90.0,55.0,3.025,0.3098649553367381
90.0,55.0,3.05,0.2985824392063027
90.0,55.0,3.075,0.28772674746237564
90.0,55.0,3.1,0.27723814713817607
90.0,55.0,3.125,0.2670612431611979
90.0,55.0,3.15,0.25714437697987325
90.0,55.0,3.175,0.24743942824244797
90.0,55.0,3.2,0.23790141026455255
90.0,55.0,3.225,0.22848790390179924
90.0,55.0,3.25,0.21915842650822617
90.0,55.0,3.275,0.20987378872337728
90.0,55.0,3.3,0.20059545604308537
90.0,55.0,3.325,0.1912849122850157
90.0,55.0,3.35,0.18190301191413452
90.0,55.0,3.375,0.17240930264571938
90.0,55.0,3.4,0.16276129607520062
90.0,55.0,3.425,0.15291366187908248
90.0,55.0,3.45,0.14281732703671926
90.0,55.0,3.475,0.13241855014949205
90.0,55.0,3.5,0.12165631673368399
90.0,55.0,3.525,0.1104610136596527
90.0,55.0,3.55,0.09876018808001463
90.0,55.0,3.575,0.08646115807578285
90.0,55.0,3.6,0.07345944614198423
90.0,55.0,3.625,0.05963131370927279
90.0,55.0,3.65,0.04482875330872259
90.0,55.0,3.675,0.028872704044407387
90.0,55.0,3.7,0.011543925805541814
90.0,55.0,3.725,-0.007429427226282874
90.0,55.0,3.75,-0.028388979096896416
90.0,55.0,3.775,-0.05177022629215676
90.0,55.0,3.8,-0.07813684739500769
90.0,57.5,2.4,-2.3342984085076144
90.0,57.5,2.425,2.5371903123121444
90.0,57.5,2.45,2.2139891666020506
90.0,57.5,2.475,1.5749370699324017
90.0,57.5,2.5,1.224801380727389
90.0,57.5,2.525,1.0134791764943603
90.0,57.5,2.55,0.8730543083051289
90.0,57.5,2.575,0.7728463717776473
90.0,57.5,2.6,0.6974654419577571
90.0,57.5,2.625,0.6384303081828708
90.0,57.5,2.65,0.590704203371751
90.0,57.5,2.675,0.5511153868558321
90.0,57.5,2.7,0.51757062050651
90.0,57.5,2.725,0.4886344356690024
90.0,57.5,2.75,0.4632882074096846
90.0,57.5,2.775,0.44079002631963926
90.0,57.5,2.8,0.42058695308123134
90.0,57.5,2.825,0.40225997285100806
90.0,57.5,2.85,0.3854894329493546
90.0,57.5,2.875,0.37003313327995
90.0,57.5,2.9,0.35570570688844005
90.0,57.5,2.925,0.34234398659215765
90.0,57.5,2.95,0.3297764939917652
90.0,57.5,2.975,0.3178452841386032
90.0,57.5,3.0,0.3064390539831218
90.0,57.5,3.025,0.295482761630019
90.0,57.5,3.05,0.28491596417150694
90.0,57.5,3.075,0.27468355919385057
90.0,57.5,3.1,0.2647339747256832
90.0,57.5,3.125,0.2550190149740434
90.0,57.5,3.15,0.2454936488287529
90.0,57.5,3.175,0.2361155714264312
90.0,57.5,3.2,0.22684464115831376
90.0,57.5,3.225,0.21764227467469915
90.0,57.5,3.25,0.2084708374881241
90.0,57.5,3.275,0.19929303970354867
90.0,57.5,3.3,0.19007133408867
90.0,57.5,3.325,0.1807673196727536
90.0,57.5,3.35,0.17134124738966075
90.0,57.5,3.375,0.16175156444244937
90.0,57.5,3.4,0.1519434743570889
90.0,57.5,3.425,0.14188274689442698
90.0,57.5,3.45,0.13150657223927076
90.0,57.5,3.475,0.12075420785450411
90.0,57.5,3.5,0.10955626515272826
90.0,57.5,3.525,0.09783301736843025
90.0,57.5,3.55,0.08549187449249508
90.0,57.5,3.575,0.07242409470739132
90.0,57.5,3.6,0.05850051080401191
90.0,57.5,3.625,0.04356591458764051
90.0,57.5,3.65,0.027431576867520048
90.0,57.5,3.675,0.009865136354807331
90.0,57.5,3.7,-0.009423284293738336
90.0,57.5,3.725,-0.030800464707234423
90.0,57.5,3.75,-0.054737640364718565
90.0,57.5,3.775,-0.08185039638048254
90.0,57.5,3.8,-0.1129575185945249
90.0,60.0,2.4,2.593510444039452
90.0,60.0,2.425,1.7757438032761719
90.0,60.0,2.45,1.3366398066354312
90.0,60.0,2.475,1.0844924483489355
90.0,60.0,2.5,0.9227047303964321
90.0,60.0,2.525,0.8100802179085458
90.0,60.0,2.55,0.7268928396995674
90.0,60.0,2.575,0.6626269977257869
90.0,60.0,2.6,0.6112211659938094
90.0,60.0,2.625,0.5689513696811568
90.0,60.0,2.65,0.5333925948085059
90.0,60.0,2.675,0.5029047977375494
90.0,60.0,2.7,0.4763383514322795
90.0,60.0,2.725,0.4528638670263801
90.0,60.0,2.75,0.4318680810261293
90.0,60.0,2.775,0.4128884240336842
90.0,60.0,2.8,0.3955719405619389
90.0,60.0,2.825,0.37964977070079575
90.0,60.0,2.85,0.364919120538435
90.0,60.0,2.875,0.3512174832146872
90.0,60.0,2.9,0.33838314332123587
90.0,60.0,2.925,0.32624787374894526
90.0,60.0,2.95,0.3146775132756628
90.0,60.0,2.975,0.30358441729830893
90.0,60.0,3.0,0.29290515137240186
90.0,60.0,3.025,0.28258437693931804
90.0,60.0,3.05,0.27257040725453757
90.0,60.0,3.075,0.26281475045859864
90.0,60.0,3.1,0.2532720752291428
90.0,60.0,3.125,0.2438999276600076
90.0,60.0,3.15,0.23465825362383236
90.0,60.0,3.175,0.22550884063089585
90.0,60.0,3.2,0.21641475245946734
90.0,60.0,3.225,0.20733982997589828
90.0,60.0,3.25,0.1982485883605799
90.0,60.0,3.275,0.18909476710645493
90.0,60.0,3.3,0.17985532937962434
90.0,60.0,3.325,0.17048511534109947
90.0,60.0,3.35,0.16093984476412695
90.0,60.0,3.375,0.15117428862120785
90.0,60.0,3.4,0.14113848371045248
90.0,60.0,3.425,0.1307768431385033
90.0,60.0,3.45,0.12002679867556401
90.0,60.0,3.475,0.10881707281467569
90.0,60.0,3.5,0.09706550263109429
90.0,60.0,3.525,0.08467627461075854
90.0,60.0,3.55,0.07153636756753637
90.0,60.0,3.575,0.05751091600437176
90.0,60.0,3.6,0.04243708211069439
90.0,60.0,3.625,0.02611583791611398
90.0,60.0,3.65,0.008300772926486802
90.0,60.0,3.675,-0.011317404732191432
90.0,60.0,3.7,-0.0331327188082568
90.0,60.0,3.725,-0.05765533275634831
90.0,60.0,3.75,-0.08555764741923774
90.0,60.0,3.775,-0.11774347763483214
90.0,60.0,3.8,-0.15545426577283356
90.0,62.5,2.4,1.490680182841392
90.0,62.5,2.425,1.1773342798118724
90.0,62.5,2.45,0.9852671906512915
90.0,62.5,2.475,0.8557081688638298
90.0,62.5,2.5,0.7621415948252154
90.0,62.5,2.525,0.691079341120087
90.0,62.5,2.55,0.6350041437799329
90.0,62.5,2.575,0.5893691791555353
90.0,62.5,2.6,0.551304720056757
90.0,62.5,2.625,0.5189024670767578
90.0,62.5,2.65,0.4908410257007884
90.0,62.5,2.675,0.46617736261090104
90.0,62.5,2.7,0.4442202347751309
90.0,62.5,2.725,0.4244524130081697
90.0,62.5,2.75,0.40648070576340545
90.0,62.5,2.775,0.3900046765005311
90.0,62.5,2.8,0.3747974742366892
90.0,62.5,2.825,0.3606864277515374
90.0,62.5,2.85,0.3475166004780789
90.0,62.5,2.875,0.3351191422171015
90.0,62.5,2.9,0.3233386436818247
90.0,62.5,2.925,0.312069076526385
90.0,62.5,2.95,0.30124062394550516
90.0,62.5,2.975,0.29079674092999647
90.0,62.5,3.0,0.280685295746687
90.0,62.5,3.025,0.27085721306721794
90.0,62.5,3.05,0.2612665496307901
90.0,62.5,3.075,0.2518703991550346
90.0,62.5,3.1,0.2426285448469054
90.0,62.5,3.125,0.2335030538198854
90.0,62.5,3.15,0.22445824732866348
90.0,62.5,3.175,0.21544880639219524
90.0,62.5,3.2,0.20644967051820395
90.0,62.5,3.225,0.1974293027050172
90.0,62.5,3.25,0.18834446954628886
90.0,62.5,3.275,0.17915835306202663
90.0,62.5,3.3,0.1698315567977965
90.0,62.5,3.325,0.1603217561165909
90.0,62.5,3.35,0.15058293041424606
90.0,62.5,3.375,0.14056437691141818
90.0,62.5,3.4,0.13020950379365656
90.0,62.5,3.425,0.11945434781123498
90.0,62.5,3.45,0.10822573146032245
90.0,62.5,3.475,0.09643894163324092
90.0,62.5,3.5,0.08399476639753446
90.0,62.5,3.525,0.07077566164446948
90.0,62.5,3.55,0.0566407240239117
90.0,62.5,3.575,0.04141900413921168
90.0,62.5,3.6,0.024900477327504836
90.0,62.5,3.625,0.006823653572596401
90.0,62.5,3.65,-0.013141723000844657
90.0,62.5,3.675,-0.03541929312875455
90.0,62.5,3.7,-0.060561848195128776
90.0,62.5,3.725,-0.08930447733047575
90.0,62.5,3.75,-0.12264550467775391
90.0,62.5,3.775,-0.1619730203916696
90.0,62.5,3.8,-0.20926807030856592
90.0,65.0,2.4,1.0657965606736837
90.0,65.0,2.425,0.9124926312714231
90.0,65.0,2.45,0.8049072574289727
90.0,65.0,2.475,0.724910210151023
90.0,65.0,2.5,0.6627801111798105
90.0,65.0,2.525,0.6128727440070718
90.0,65.0,2.55,0.5716890851985683
90.0,65.0,2.575,0.5369234591788711
90.0,65.0,2.6,0.5070279541805647
90.0,65.0,2.625,0.48091443341854706
90.0,65.0,2.65,0.457792279789628
90.0,65.0,2.675,0.43707453724762546
90.0,65.0,2.7,0.41831704499042077
90.0,65.0,2.725,0.4011814146539456
90.0,65.0,2.75,0.3854113075674228
90.0,65.0,2.775,0.37081513863391113
90.0,65.0,2.8,0.3572369348788589
90.0,65.0,2.825,0.3445119948310539
90.0,65.0,2.85,0.33246875627775374
90.0,65.0,2.875,0.3209785055710013
90.0,65.0,2.9,0.3099608307240082
90.0,65.0,2.925,0.29935653151067787
90.0,65.0,2.95,0.28911255743639436
90.0,65.0,2.975,0.2791788987352708
90.0,65.0,3.0,0.2695086571717636
90.0,65.0,3.025,0.26005822533700035
90.0,65.0,3.05,0.2507873686790001
90.0,65.0,3.075,0.2416585708630317
90.0,65.0,3.1,0.23261095828376208
90.0,65.0,3.125,0.22365257733579402
90.0,65.0,3.15,0.2147261153434906
90.0,65.0,3.175,0.20579787634877017
90.0,65.0,3.2,0.19683360559714477
90.0,65.0,3.225,0.18779776129715375
90.0,65.0,3.25,0.17865312273245237
90.0,65.0,3.275,0.16936017738050105
90.0,65.0,3.3,0.15987637777767694
90.0,65.0,3.325,0.15015526337024504
90.0,65.0,3.35,0.14014541274323716
90.0,65.0,3.375,0.1297891738335743
90.0,65.0,3.4,0.11902110083385808
90.0,65.0,3.425,0.10776600157927156
90.0,65.0,3.45,0.0959364642695825
90.0,65.0,3.475,0.08342968218751161
90.0,65.0,3.5,0.07012332180698691
90.0,65.0,3.525,0.05587007105954732
90.0,65.0,3.55,0.040490340803040877
90.0,65.0,3.575,0.023762341267545353
90.0,65.0,3.6,0.005408361945813336
90.0,65.0,3.625,-0.014924545599285475
90.0,65.0,3.65,-0.03769231207511475
90.0,65.0,3.675,-0.0634945795938168
90.0,65.0,3.7,-0.09313594916144106
90.0,65.0,3.725,-0.12772054512129632
90.0,65.0,3.75,-0.1688022468479868
90.0,65.0,3.775,-0.21863058632644233
90.0,65.0,3.8,-0.2805648287925351
90.0,67.5,2.4,0.8576138908462762
90.0,67.5,2.425,0.7656205975146055
90.0,67.5,2.45,0.6955886733923791
90.0,67.5,2.475,0.6401952584060097
90.0,67.5,2.5,0.5950384331363507
90.0,67.5,2.525,0.5573232240611332
90.0,67.5,2.55,0.5251842955328196
90.0,67.5,2.575,0.4973052212877557
90.0,67.5,2.6,0.4727693676273638
90.0,67.5,2.625,0.4509045841411802
90.0,67.5,2.65,0.4312042083772935
90.0,67.5,2.675,0.41328266062523306
90.0,67.5,2.7,0.39684635800971646
90.0,67.5,2.725,0.3816778858312237
90.0,67.5,2.75,0.36761167620780605
90.0,67.5,2.775,0.35448664070188435
90.0,67.5,2.8,0.34212068276674096
90.0,67.5,2.825,0.33035994501660687
90.0,67.5,2.85,0.319108735586018
90.0,67.5,2.875,0.30830330717553933
90.0,67.5,2.9,0.29788909152691784
90.0,67.5,2.925,0.28781476157186375
90.0,67.5,2.95,0.2780321977967121
90.0,67.5,2.975,0.2684973081555898
90.0,67.5,3.0,0.25916540996421034
90.0,67.5,3.025,0.24997475822319237
90.0,67.5,3.05,0.24093620531356486
90.0,67.5,3.075,0.2319886088138015
90.0,67.5,3.1,0.22309827761165613
90.0,67.5,3.125,0.21423207607672054
90.0,67.5,3.15,0.20535655365137281
90.0,67.5,3.175,0.19643758654839125
90.0,67.5,3.2,0.18743986489912343
90.0,67.5,3.225,0.1783262947299532
90.0,67.5,3.25,0.16905731889652928
90.0,67.5,3.275,0.1595901366688172
90.0,67.5,3.3,0.1498777889389001
90.0,67.5,3.325,0.13986806438853233
90.0,67.5,3.35,0.12950216764533937
90.0,67.5,3.375,0.11871307104612792
90.0,67.5,3.4,0.10742344438442265
90.0,67.5,3.425,0.09554301810634264
90.0,67.5,3.45,0.0829651790300797
90.0,67.5,3.475,0.06956251475922591
90.0,67.5,3.5,0.05518089914796398
90.0,67.5,3.525,0.0396315230728362
90.0,67.5,3.55,0.022679983548962893
90.0,67.5,3.575,0.004031083972630664
90.0,67.5,3.6,-0.016692745705117664
90.0,67.5,3.625,-0.039982732407107105
90.0,67.5,3.65,-0.06649016614027156
90.0,67.5,3.675,-0.09709701258622148
90.0,67.5,3.7,-0.1330264089147443
90.0,67.5,3.725,-0.17602090800810444
90.0,67.5,3.75,-0.22863931852524735
90.0,67.5,3.775,-0.2947661587910093
90.0,67.5,3.8,-0.38050209808207797
90.0,70.0,2.4,0.7348129034148818
90.0,70.0,2.425,0.6722781592871294
90.0,70.0,2.45,0.622065089705739
90.0,70.0,2.475,0.5806285454412374
90.0,70.0,2.5,0.5456625198724597
90.0,70.0,2.525,0.515611243019147
90.0,70.0,2.55,0.4893752057765763
90.0,70.0,2.575,0.46612992890965066
90.0,70.0,2.6,0.44529560470856666
90.0,70.0,2.625,0.4264334701918559
90.0,70.0,2.65,0.4092069853956565
90.0,70.0,2.675,0.3933641121271149
90.0,70.0,2.7,0.37871911331446295
90.0,70.0,2.725,0.36511206418129405
90.0,70.0,2.75,0.35235491894814086
90.0,70.0,2.775,0.3402672424609112
90.0,70.0,2.8,0.3287329010378194
90.0,70.0,2.825,0.3176812845120681
90.0,70.0,2.85,0.30705562649886475
90.0,70.0,2.875,0.2968029183169911
90.0,70.0,2.9,0.28687373388228987
90.0,70.0,2.925,0.27721990023768084
90.0,70.0,2.95,0.2677656180246726
90.0,70.0,2.975,0.2585303999519991
90.0,70.0,3.0,0.24944870453754422
90.0,70.0,3.025,0.24048282154985728
90.0,70.0,3.05,0.23159917626404372
90.0,70.0,3.075,0.22276478001939207
90.0,70.0,3.1,0.21394686419876718
90.0,70.0,3.125,0.20511242579388506
90.0,70.0,3.15,0.19622770807196752
90.0,70.0,3.175,0.18725763310896354
90.0,70.0,3.2,0.1781651775076864
90.0,70.0,3.225,0.16891067085571407
90.0,70.0,3.25,0.15945098823077353
90.0,70.0,3.275,0.14973859929961034
90.0,70.0,3.3,0.1397204253357781
90.0,70.0,3.325,0.12933644018763985
90.0,70.0,3.35,0.11851792986769429
90.0,70.0,3.375,0.10718529515020198
90.0,70.0,3.4,0.09524523804576039
90.0,70.0,3.425,0.08258710960335619
90.0,70.0,3.45,0.0690781026716648
90.0,70.0,3.475,0.054556832156770235
90.0,70.0,3.5,0.038824629272479344
90.0,70.0,3.525,0.02163353890011298
90.0,70.0,3.55,0.002669470832395387
90.0,70.0,3.575,-0.018471923774647583
90.0,70.0,3.6,-0.04232055328924774
90.0,70.0,3.625,-0.06958480537924938
90.0,70.0,3.65,-0.10123303054130144
90.0,70.0,3.675,-0.13862276312944508
90.0,70.0,3.7,-0.18371231315430106
90.0,70.0,3.725,-0.23941894891794205
90.0,70.0,3.75,-0.3102438234379777
90.0,70.0,3.775,-0.4033766150133735
90.0,70.0,3.8,-0.5305341597624086
90.0,72.5,2.4,0.6536580923084204
90.0,72.5,2.425,0.6074884476239996
90.0,72.5,2.45,0.5689968352880155
90.0,72.5,2.475,0.5362358814474572
90.0,72.5,2.5,0.5078659712354237
90.0,72.5,2.525,0.4829468195619764
90.0,72.5,2.55,0.4607754735160999
90.0,72.5,2.575,0.44079349144791996
90.0,72.5,2.6,0.4226240649620988
90.0,72.5,2.625,0.4059810984463672
90.0,72.5,2.65,0.3906528452792883
90.0,72.5,2.675,0.37646960690316783
90.0,72.5,2.7,0.3632411103573907
90.0,72.5,2.725,0.3507620064510625
90.0,72.5,2.75,0.3388886197779805
90.0,72.5,2.775,0.3275403681368444
90.0,72.5,2.8,0.3166575535379906
90.0,72.5,2.825,0.30618507044843
90.0,72.5,2.85,0.2960709066645081
90.0,72.5,2.875,0.2862392152147498
90.0,72.5,2.9,0.2766704914693492
90.0,72.5,2.925,0.26733740812074586
90.0,72.5,2.95,0.25818202218032305
90.0,72.5,2.975,0.24916804602078194
90.0,72.5,3.0,0.24026132164864758
90.0,72.5,3.025,0.23142878073639
90.0,72.5,3.05,0.22263800828866612
90.0,72.5,3.075,0.21385676118724598
90.0,72.5,3.1,0.20505245493112134
90.0,72.5,3.125,0.1961916217294726
90.0,72.5,3.15,0.18723932907689367
90.0,72.5,3.175,0.17815854027328418
90.0,72.5,3.2,0.1689093923015961
90.0,72.5,3.225,0.15944835970332352
90.0,72.5,3.25,0.14972726426613758
90.0,72.5,3.275,0.13969207826777708
90.0,72.5,3.3,0.12928145221967
90.0,72.5,3.325,0.11842487439106235
90.0,72.5,3.35,0.10704033567455443
90.0,72.5,3.375,0.09503132466603784
90.0,72.5,3.4,0.08228290650456857
90.0,72.5,3.425,0.06865653285435644
90.0,72.5,3.45,0.05398306964141936
90.0,72.5,3.475,0.0380532810674589
90.0,72.5,3.5,0.020604617629444072
90.0,72.5,3.525,0.0013025263068105006
90.0,72.5,3.55,-0.020286538305160005
90.0,72.5,3.575,-0.04473498539301626
90.0,72.5,3.6,-0.07281450002935543
90.0,72.5,3.625,-0.10559018337406324
90.0,72.5,3.65,-0.14457185924268234
90.0,72.5,3.675,-0.19196551306574844
90.0,72.5,3.7,-0.25110554688753745
90.0,72.5,3.725,-0.32721905113965805
90.0,72.5,3.75,-0.4287765260111441
90.0,72.5,3.775,-0.5695714587672449
90.0,72.5,3.8,-0.7686421986502339
90.0,75.0,2.4,0.5958035719561496
90.0,75.0,2.425,0.5596618790725235
90.0,75.0,2.45,0.5286766660240276
90.0,75.0,2.475,0.5016752850504351
90.0,75.0,2.5,0.4778196264351953
90.0,75.0,2.525,0.4565115753248551
90.0,75.0,2.55,0.4372618271637911
90.0,75.0,2.575,0.4196732302448183
90.0,75.0,2.6,0.4035280144603119
90.0,75.0,2.625,0.38865493932124007
90.0,75.0,2.65,0.3748619912462376
90.0,75.0,2.675,0.36191519277674516
90.0,75.0,2.7,0.34963895280945606
90.0,75.0,2.725,0.3379372201360379
90.0,75.0,2.75,0.3267458007441515
90.0,75.0,2.775,0.3160067861812545
90.0,75.0,2.8,0.3056613346578977
90.0,75.0,2.825,0.2956212428347866
90.0,75.0,2.85,0.2858981150592449
90.0,75.0,2.875,0.2764317310545318
90.0,75.0,2.9,0.2671708144022621
90.0,75.0,2.925,0.2580778569924864
90.0,75.0,2.95,0.24911779883249013
90.0,75.0,2.975,0.2402571312602818
90.0,75.0,3.0,0.23146341319972402
90.0,75.0,3.025,0.22270477504261288
90.0,75.0,3.05,0.21394940929708028
90.0,75.0,3.075,0.20516504679901534
90.0,75.0,3.1,0.19631840761175082
90.0,75.0,3.125,0.18737460993412855
90.0,75.0,3.15,0.17829651570776903
90.0,75.0,3.175,0.16904398640630303
90.0,75.0,3.2,0.1595730156347417
90.0,75.0,3.225,0.14983469572397012
90.0,75.0,3.25,0.13977396233242673
90.0,75.0,3.275,0.12932804256462704
90.0,75.0,3.3,0.11842450590991029
90.0,75.0,3.325,0.10697877977612524
90.0,75.0,3.35,0.09489093693857813
90.0,75.0,3.375,0.08204148201321337
90.0,75.0,3.4,0.0682857439375735
90.0,75.0,3.425,0.053446298263616555
90.0,75.0,3.45,0.03730255818325331
90.0,75.0,3.475,0.01957622056120946
90.0,75.0,3.5,-8.948296004524734e-05
90.0,75.0,3.525,-0.022160007996042636
90.0,75.0,3.55,-0.047254577343916596
90.0,75.0,3.575,-0.07621522451103226
90.0,75.0,3.6,-0.11021568379179202
90.0,75.0,3.625,-0.15093872208369344
90.0,75.0,3.65,-0.20087486140750588
90.0,75.0,3.675,-0.2638415503107353
90.0,75.0,3.7,-0.34589566506539493
90.0,75.0,3.725,-0.45680828726579126
90.0,75.0,3.75,-0.6121932836958057
90.0,75.0,3.775,-0.8328629979566999
90.0,75.0,3.8,-1.064261052767776
90.0,77.5,2.4,0.552256697561364
90.0,77.5,2.425,0.5227042038254003
90.0,77.5,2.45,0.49681359772511646
90.0,77.5,2.475,0.4738306250660423
90.0,77.5,2.5,0.4532113119598888
90.0,77.5,2.525,0.43457121566943974
90.0,77.5,2.55,0.41751661877015095
90.0,77.5,2.575,0.4018001963473685
90.0,77.5,2.6,0.38731241716269565
90.0,77.5,2.625,0.37380910313341714
90.0,77.5,2.65,0.361056974973164
90.0,77.5,2.675,0.3489364068157091
90.0,77.5,2.7,0.3373781160192233
90.0,77.5,2.725,0.32631940807168897
90.0,77.5,2.75,0.3156940055331055
90.0,77.5,2.775,0.30541365015806937
90.0,77.5,2.8,0.2954882721735514
90.0,77.5,2.825,0.28585229980114724
90.0,77.5,2.85,0.2764519090181782
90.0,77.5,2.875,0.26724758642626767
90.0,77.5,2.9,0.25820295520847314
90.0,77.5,2.925,0.24928365715521145
90.0,77.5,2.95,0.24045682069237817
90.0,77.5,2.975,0.23169054865346841
90.0,77.5,3.0,0.22295340675126923
90.0,77.5,3.025,0.21421390975593949
90.0,77.5,3.05,0.20543999509850208
90.0,77.5,3.075,0.19659846868928918
90.0,77.5,3.1,0.1876544040412045
90.0,77.5,3.125,0.17857047179964983
90.0,77.5,3.15,0.1693061715449714
90.0,77.5,3.175,0.15981693045408535
90.0,77.5,3.2,0.15005302318207345
90.0,77.5,3.225,0.1399582529258509
90.0,77.5,3.25,0.12946831327946787
90.0,77.5,3.275,0.11850872150419972
90.0,77.5,3.3,0.10699217211118933
90.0,77.5,3.325,0.0948150987826168
90.0,77.5,3.35,0.08185314247784027
90.0,77.5,3.375,0.06795508766235003
90.0,77.5,3.4,0.05293461989097927
90.0,77.5,3.425,0.03655893086467665
90.0,77.5,3.45,0.018532672860283896
90.0,77.5,3.475,-0.0015250962148627872
90.0,77.5,3.5,-0.02411478634065476
90.0,77.5,3.525,-0.04990729046754139
90.0,77.5,3.55,-0.07982294857917747
90.0,77.5,3.575,-0.11515748508585978
90.0,77.5,3.6,-0.15778921283790895
90.0,77.5,3.625,-0.2105290270200009
90.0,77.5,3.65,-0.27771007789750773
90.0,77.5,3.675,-0.366220522485399
90.0,77.5,3.7,-0.4880756374498598
90.0,77.5,3.725,-0.6620151715426639
90.0,77.5,3.75,-0.9010114877688894
90.0,77.5,3.775,-1.0341702969745956
90.0,77.5,3.8,0.09970239637477739
90.0,80.0,2.4,0.5180984736081156
90.0,80.0,2.425,0.4931054338481049
90.0,80.0,2.45,0.47083328372208016
90.0,80.0,2.475,0.4507901924887996
90.0,80.0,2.5,0.43264563630490227
90.0,80.0,2.525,0.41609740709859394
90.0,80.0,2.55,0.4007598070291311
90.0,80.0,2.575,0.38653765047930727
90.0,80.0,2.6,0.37322294261727895
90.0,80.0,2.625,0.3606129508530812
90.0,80.0,2.65,0.34862135363045615
90.0,80.0,2.675,0.33718291308220605
90.0,80.0,2.7,0.32622736480142833
90.0,80.0,2.725,0.3156639587682228
90.0,80.0,2.75,0.3054872481935361
90.0,80.0,2.775,0.2956418387760235
90.0,80.0,2.8,0.2860653445453532
90.0,80.0,2.825,0.27671518481134716
90.0,80.0,2.85,0.26755316939591844
90.0,80.0,2.875,0.25854364714026784
90.0,80.0,2.9,0.24965289133485088
90.0,80.0,2.925,0.24084856424862283
90.0,80.0,2.95,0.23209919559261888
90.0,80.0,2.975,0.2233736696896093
90.0,80.0,3.0,0.21464071205040264
90.0,80.0,3.025,0.20586836139930623
90.0,80.0,3.05,0.197023409972685
90.0,80.0,3.075,0.18807079179616804
90.0,80.0,3.1,0.17897289467510336
90.0,80.0,3.125,0.16968876609310585
90.0,80.0,3.15,0.1601731753646972
90.0,80.0,3.175,0.15037548327382982
90.0,80.0,3.2,0.140238254694645
90.0,80.0,3.225,0.1296955273294294
90.0,80.0,3.25,0.11867061767921235
90.0,80.0,3.275,0.10707329901340885
90.0,80.0,3.3,0.09479611810093039
90.0,80.0,3.325,0.08170951611041492
90.0,80.0,3.35,0.06765526534585999
90.0,80.0,3.375,0.05243749572833408
90.0,80.0,3.4,0.03581020943088518
90.0,80.0,3.425,0.017459575323872344
90.0,80.0,3.45,-0.0030217098864246867
90.0,80.0,3.475,-0.026172414536599974
90.0,80.0,3.5,-0.052720517962085066
90.0,80.0,3.525,-0.08367345533773295
90.0,80.0,3.55,-0.12046257318353207
90.0,80.0,3.575,-0.16518057740872907
90.0,80.0,3.6,-0.22097148056707158
90.0,80.0,3.625,-0.2928446392455652
90.0,80.0,3.65,-0.3893171515969294
90.0,80.0,3.675,-0.5241164912873554
90.0,80.0,3.7,-0.717263913435172
90.0,80.0,3.725,-0.9621685280111013
90.0,80.0,3.75,-0.8495296977984422
90.0,80.0,3.775,0.7420582768542017
90.0,80.0,3.8,1.3027560113021868
90.0,82.5,2.4,0.49041153861455805
90.0,82.5,2.425,0.46871807660572945
90.0,82.5,2.45,0.44917254093894493
90.0,82.5,2.475,0.4314872824156093
90.0,82.5,2.5,0.41534308401411846
90.0,82.5,2.525,0.4003208663409323
90.0,82.5,2.55,0.3862404426531649
90.0,82.5,2.575,0.3730450078427222
90.0,82.5,2.6,0.360551712173289
90.0,82.5,2.625,0.3486680415847507
90.0,82.5,2.65,0.33732357839329613
90.0,82.5,2.675,0.32643051027970454
90.0,82.5,2.7,0.31594829910974337
90.0,82.5,2.725,0.3058480167461026
90.0,82.5,2.75,0.2960553157349658
90.0,82.5,2.775,0.2865220903129359
90.0,82.5,2.8,0.27720767295296916
90.0,82.5,2.825,0.2680746338997045
90.0,82.5,2.85,0.25908794179256056
90.0,82.5,2.875,0.2502143894872264
90.0,82.5,2.9,0.24142205396746583
90.0,82.5,2.925,0.23267977495747855
90.0,82.5,2.95,0.22395664416226918
90.0,82.5,2.975,0.21522149258365672
90.0,82.5,3.0,0.20644236014148956
90.0,82.5,3.025,0.19758592920798632
90.0,82.5,3.05,0.18861690060999178
90.0,82.5,3.075,0.17949728645586757
90.0,82.5,3.1,0.17018558816075535
90.0,82.5,3.125,0.1606358195188874
90.0,82.5,3.15,0.15079632256505365
90.0,82.5,3.175,0.1406083067646019
90.0,82.5,3.2,0.13000401751520108
90.0,82.5,3.225,0.11890440459870337
90.0,82.5,3.25,0.10721610977009148
90.0,82.5,3.275,0.09482751673364029
90.0,82.5,3.3,0.08160349287387737
90.0,82.5,3.325,0.06737827823006269
90.0,82.5,3.35,0.051945706431199515
90.0,82.5,3.375,0.03504551152372264
90.0,82.5,3.4,0.016343773419931994
90.0,82.5,3.425,-0.004595597098340738
90.0,82.5,3.45,-0.02835356595589439
90.0,82.5,3.475,-0.055721073574573815
90.0,82.5,3.5,-0.08780161223336579
90.0,82.5,3.525,-0.12617469093433656
90.0,82.5,3.55,-0.17316824611722675
90.0,82.5,3.575,-0.23243606622451396
90.0,82.5,3.6,-0.3099353406842211
90.0,82.5,3.625,-0.4153245274915732
90.0,82.5,3.65,-0.5645549778410621
90.0,82.5,3.675,-0.7773494023378099
90.0,82.5,3.7,-0.9971005628162142
90.0,82.5,3.725,-0.4297211855577956
90.0,82.5,3.75,1.1262087683017614
90.0,82.5,3.775,1.226242017265177
90.0,82.5,3.8,0.9969521035974898
90.0,85.0,2.4,0.4674142824696703
90.0,85.0,2.425,0.44833328367302255
90.0,85.0,2.45,0.4310692471047253
90.0,85.0,2.475,0.41518549313098285
90.0,85.0,2.5,0.4003365631698607
90.0,85.0,2.525,0.3863764413842841
90.0,85.0,2.55,0.373248901598726
90.0,85.0,2.575,0.3608511473994984
90.0,85.0,2.6,0.34905384434556785
90.0,85.0,2.625,0.3377738874455769
90.0,85.0,2.65,0.32693561026944595
90.0,85.0,2.675,0.31652494605328474
90.0,85.0,2.7,0.3064711555986707
90.0,85.0,2.725,0.29671412561720434
90.0,85.0,2.75,0.287209402108045
90.0,85.0,2.775,0.27791721176433054
90.0,85.0,2.8,0.26880073519247155
90.0,85.0,2.825,0.2598254426512135
90.0,85.0,2.85,0.25095852646765643
90.0,85.0,2.875,0.24216836207401732
90.0,85.0,2.9,0.23342398938533698
90.0,85.0,2.925,0.22469460405716163
90.0,85.0,2.95,0.21594904437633106
90.0,85.0,2.975,0.20715525693684217
90.0,85.0,3.0,0.1982797217658572
90.0,85.0,3.025,0.18928681435405845
90.0,85.0,3.05,0.1801380774911217
90.0,85.0,3.075,0.17079136928337516
90.0,85.0,3.1,0.16119984443199487
90.0,85.0,3.125,0.15131071263178902
90.0,85.0,3.15,0.1410636991248403
90.0,85.0,3.175,0.13038910546659635
90.0,85.0,3.2,0.11920532954735814
90.0,85.0,3.225,0.10741564680816398
90.0,85.0,3.25,0.09490396981413865
90.0,85.0,3.275,0.08152917543742991
90.0,85.0,3.3,0.06711739254552687
90.0,85.0,3.325,0.05145134264962075
90.0,85.0,3.35,0.034255235399218376
90.0,85.0,3.375,0.015173334012475358
90.0,85.0,3.4,-0.006262041557353721
90.0,85.0,3.425,-0.030678167564546374
90.0,85.0,3.45,-0.058935528552941874
90.0,85.0,3.475,-0.09224345716254247
90.0,85.0,3.5,-0.1323517056049578
90.0,85.0,3.525,-0.18193213733030122
90.0,85.0,3.55,-0.24521073781340932
90.0,85.0,3.575,-0.32894558170045596
90.0,85.0,3.6,-0.4444710825727844
90.0,85.0,3.625,-0.6100180709453055
90.0,85.0,3.65,-0.8399174862188401
90.0,85.0,3.675,-0.965358410774955
90.0,85.0,3.7,0.17976819730738355
90.0,85.0,3.725,1.255538830662693
90.0,85.0,3.75,1.1285059481144293
90.0,85.0,3.775,0.9101208557117765
90.0,85.0,3.8,0.7513482248466026
90.0,87.5,2.4,0.4482681883696943
90.0,87.5,2.425,0.43128607068507485
90.0,87.5,2.45,0.41551332537910907
90.0,87.5,2.475,0.4007526678048564
90.0,87.5,2.5,0.3868939896781975
90.0,87.5,2.525,0.3738345484597772
90.0,87.5,2.55,0.3614929151160498
90.0,87.5,2.575,0.3497591475443074
90.0,87.5,2.6,0.33852272284666196
90.0,87.5,2.625,0.32773718091860055
90.0,87.5,2.65,0.3173686463275413
90.0,87.5,2.675,0.3073424226741767
90.0,87.5,2.7,0.29760588084259804
90.0,87.5,2.725,0.288115883839504
90.0,87.5,2.75,0.2788332960267968
90.0,87.5,2.775,0.26972178500138927
90.0,87.5,2.8,0.2607472016551877
90.0,87.5,2.825,0.25187702148764624
90.0,87.5,2.85,0.24307980949206692
90.0,87.5,2.875,0.2343247042253383
90.0,87.5,2.9,0.22558090975424888
90.0,87.5,2.925,0.21681718034842098
90.0,87.5,2.95,0.2080012803195018
90.0,87.5,2.975,0.19909939882685576
90.0,87.5,3.0,0.19007549598428913
90.0,87.5,3.025,0.18089055161401657
90.0,87.5,3.05,0.17150168084970366
90.0,87.5,3.075,0.16186107062046964
90.0,87.5,3.1,0.15191467658742788
90.0,87.5,3.125,0.14160059947138348
90.0,87.5,3.15,0.1308470300511843
90.0,87.5,3.175,0.11956960904586336
90.0,87.5,3.2,0.10766798485932982
90.0,87.5,3.225,0.09502125956821211
90.0,87.5,3.25,0.08148178061951293
90.0,87.5,3.275,0.0668670866580318
90.0,87.5,3.3,0.05094770709218922
90.0,87.5,3.325,0.03343111047574261
90.0,87.5,3.35,0.013937581748429741
90.0,87.5,3.375,-0.008035156447242212
90.0,87.5,3.4,-0.0331655544381522
90.0,87.5,3.425,-0.06239130592525512
90.0,87.5,3.45,-0.09704386078547186
90.0,87.5,3.475,-0.13909731576626988
90.0,87.5,3.5,-0.1915982746287102
90.0,87.5,3.525,-0.25932019798894956
90.0,87.5,3.55,-0.35013046739638815
90.0,87.5,3.575,-0.47730051976981197
90.0,87.5,3.6,-0.6608994338758715
90.0,87.5,3.625,-0.8984244673250978
90.0,87.5,3.65,-0.7985200537018309
90.0,87.5,3.675,0.7486987437246959
90.0,87.5,3.7,1.2423356093281237
90.0,87.5,3.725,1.0327467805173485
90.0,87.5,3.75,0.8357495088291811
90.0,87.5,3.775,0.6970720389538531
90.0,87.5,3.8,0.5983123398978306
90.0,90.0,2.4,0.4319932348875424
90.0,90.0,2.425,0.4162617737259839
90.0,90.0,2.45,0.401562118406117
90.0,90.0,2.475,0.3877735904775503
90.0,90.0,2.5,0.37477834780644415
90.0,90.0,2.525,0.36247205487281386
90.0,90.0,2.55,0.35076861357844785
90.0,90.0,2.575,0.33956408981738695
90.0,90.0,2.6,0.328813252096956
90.0,90.0,2.625,0.3184648436857125
90.0,90.0,2.65,0.30845018399389873
90.0,90.0,2.675,0.2987199282309737
90.0,90.0,2.7,0.289231754250371
90.0,90.0,2.725,0.27994693490672257
90.0,90.0,2.75,0.27082950356371954
90.0,90.0,2.775,0.26184557819503457
90.0,90.0,2.8,0.2529628088078503
90.0,90.0,2.825,0.24414984922846839
90.0,90.0,2.85,0.23537584308154552
90.0,90.0,2.875,0.2266099146474832
90.0,90.0,2.9,0.21782064933401324
90.0,90.0,2.925,0.20897554559890494
90.0,90.0,2.95,0.20004041732335445
90.0,90.0,2.975,0.19097872180145956
90.0,90.0,3.0,0.18175078302822992
90.0,90.0,3.025,0.172312872136062
90.0,90.0,3.05,0.16261609569394841
90.0,90.0,3.075,0.15260502675288146
90.0,90.0,3.1,0.14221599093987214
90.0,90.0,3.125,0.13137488773688277
90.0,90.0,3.15,0.11999438877723761
90.0,90.0,3.175,0.10797012519372634
90.0,90.0,3.2,0.09517616488732691
90.0,90.0,3.225,0.08145785939567822
90.0,90.0,3.25,0.06662311237466412
90.0,90.0,3.275,0.05042951199672004
90.0,90.0,3.3,0.03256615149860102
90.0,90.0,3.325,0.01262711341762037
90.0,90.0,3.35,-0.009928060031324085
90.0,90.0,3.375,-0.035834708300312726
90.0,90.0,3.4,-0.06611832636577195
90.0,90.0,3.425,-0.10225871256087508
90.0,90.0,3.45,-0.1464832135319882
90.0,90.0,3.475,-0.20221594958802153
90.0,90.0,3.5,-0.27494181493990644
90.0,90.0,3.525,-0.37385262013089643
90.0,90.0,3.55,-0.5143868214960609
90.0,90.0,3.575,-0.7170587908865594
90.0,90.0,3.6,-0.937763755488779
90.0,90.0,3.625,-0.42670763795055694
90.0,90.0,3.65,1.0895885069627584
90.0,90.0,3.675,1.1715580545240885
90.0,90.0,3.7,0.9466083650540253
90.0,90.0,3.725,0.7723519282611985
90.0,90.0,3.75,0.6506497457323037
90.0,90.0,3.775,0.5629252843615168
90.0,90.0,3.8,0.4968105955637275
90.0,92.5,2.4,0.41741610962060577
90.0,92.5,2.425,0.40275897347802986
90.0,92.5,2.45,0.3890132795339378
90.0,92.5,2.475,0.37605487825119205
90.0,92.5,2.5,0.36377471011210544
90.0,92.5,2.525,0.3520769572168301
90.0,92.5,2.55,0.3408847006355659
90.0,92.5,2.575,0.33014799500489356
90.0,92.5,2.6,0.31980224840889815
90.0,92.5,2.625,0.3097845254759588
90.0,92.5,2.65,0.3000472500158858
90.0,92.5,2.675,0.2905487029012968
90.0,92.5,2.7,0.2812505055610596
90.0,92.5,2.725,0.27211688309532983
90.0,92.5,2.75,0.26311411403575885
90.0,92.5,2.775,0.2542099246045089
90.0,92.5,2.8,0.2453729647742872
90.0,92.5,2.825,0.23657229689758663
90.0,92.5,2.85,0.22777688385322203
90.0,92.5,2.875,0.21895506322828137
90.0,92.5,2.9,0.21007398915408962
90.0,92.5,2.925,0.2010990199933487
90.0,92.5,2.95,0.19199302580964397
90.0,92.5,2.975,0.18271558352768538
90.0,92.5,3.0,0.17322201912835855
90.0,92.5,3.025,0.16346224413672833
90.0,92.5,3.05,0.15337931719572176
90.0,92.5,3.075,0.1429076578737688
90.0,92.5,3.1,0.1319705112750117
90.0,92.5,3.125,0.12047754626170083
90.0,92.5,3.15,0.10832013555616993
90.0,92.5,3.175,0.095366579852368
90.0,92.5,3.2,0.08145478703859009
90.0,92.5,3.225,0.06638236837400016
90.0,92.5,3.25,0.04989267985194995
90.0,92.5,3.275,0.03165476524411586
90.0,92.5,3.3,0.011233905594371258
90.0,92.5,3.325,-0.011952645618403852
90.0,92.5,3.35,-0.038704073922537975
90.0,92.5,3.375,-0.07014741573074305
90.0,92.5,3.4,-0.107933357981854
90.0,92.5,3.425,-0.15455599145204144
90.0,92.5,3.45,-0.21389742095437125
90.0,92.5,3.475,-0.2923031675221992
90.0,92.5,3.5,-0.40052139436895745
90.0,92.5,3.525,-0.5563167802219914
90.0,92.5,3.55,-0.7771368281463428
90.0,92.5,3.575,-0.9266916838091436
90.0,92.5,3.6,0.12337636399184124
90.0,92.5,3.625,1.2119763412434676
90.0,92.5,3.65,1.085371390583286
90.0,92.5,3.675,0.871614920552231
90.0,92.5,3.7,0.7182579814539244
90.0,92.5,3.725,0.6107608105325677
90.0,92.5,3.75,0.5322371945230974
90.0,92.5,3.775,0.4722605167623959
90.0,92.5,3.8,0.42461280916444305
90.0,95.0,2.4,0.4043344314606062
90.0,95.0,2.425,0.3906042992154231
90.0,95.0,2.45,0.37765559974133245
90.0,95.0,2.475,0.36537886137258063
90.0,95.0,2.5,0.3536767924080279
90.0,95.0,2.525,0.34247422901762564
90.0,95.0,2.55,0.33172949092722875
90.0,95.0,2.575,0.321371392954679
90.0,95.0,2.6,0.31133703412384883
90.0,95.0,2.625,0.30158023541514545
90.0,95.0,2.65,0.2920597974234042
90.0,95.0,2.675,0.2827376213651544
90.0,95.0,2.7,0.27357806583823113
90.0,95.0,2.725,0.26454742419645005
90.0,95.0,2.75,0.2556134087044044
90.0,95.0,2.775,0.24674458178207054
90.0,95.0,2.8,0.23790984476878085
90.0,95.0,2.825,0.22907792333100888
90.0,95.0,2.85,0.22021683355176966
90.0,95.0,2.875,0.2112933115200051
90.0,95.0,2.9,0.20227218400958294
90.0,95.0,2.925,0.19311565292355035
90.0,95.0,2.95,0.18378245967633175
90.0,95.0,2.975,0.17422688733131922
90.0,95.0,3.0,0.16439756597704006
90.0,95.0,3.025,0.15423570445820997
90.0,95.0,3.05,0.14367388677186524
90.0,95.0,3.075,0.13263266251948755
90.0,95.0,3.1,0.12101798673330375
90.0,95.0,3.125,0.10871678405834771
90.0,95.0,3.15,0.09559127118366942
90.0,95.0,3.175,0.08147118396103177
90.0,95.0,3.2,0.06614297006648474
90.0,95.0,3.225,0.04933447419598617
90.0,95.0,3.25,0.03069278079093298
90.0,95.0,3.275,0.009751426107415011
90.0,95.0,3.3,-0.014119357187320065
90.0,95.0,3.325,-0.04179077931146258
90.0,95.0,3.35,-0.07450597431015334
90.0,95.0,3.375,-0.11410399618106623
90.0,95.0,3.4,-0.16338404045087165
90.0,95.0,3.425,-0.22678159701398257
90.0,95.0,3.45,-0.3116621697913599
90.0,95.0,3.475,-0.43060281521221017
90.0,95.0,3.5,-0.6036197900764918
90.0,95.0,3.525,-0.8370854572880113
90.0,95.0,3.55,-0.8100594775667769
90.0,95.0,3.575,0.6673651599642122
90.0,95.0,3.6,1.2079347414514547
90.0,95.0,3.625,1.001114131300533
90.0,95.0,3.65,0.8071039969324239
90.0,95.0,3.675,0.6719441089953804
90.0,95.0,3.7,0.5763224083754346
90.0,95.0,3.725,0.505518798337556
90.0,95.0,3.75,0.4507459001548969
90.0,95.0,3.775,0.4067434368811434
90.0,95.0,3.8,0.37023608111362205
90.0,97.5,2.4,0.3925359302832797
90.0,97.5,2.425,0.3795714419132285
90.0,97.5,2.45,0.3672752696174584
90.0,97.5,2.475,0.35555119953645925
90.0,97.5,2.5,0.3443249230937283
90.0,97.5,2.525,0.33355090897914863
90.0,97.5,2.55,0.3231640641812261
90.0,97.5,2.575,0.31310060962339553
90.0,97.5,2.6,0.3033125309284605
90.0,97.5,2.625,0.29375929648871046
90.0,97.5,2.65,0.28440305382775233
90.0,97.5,2.675,0.2752082377157305
90.0,97.5,2.7,0.2661411005463737
90.0,97.5,2.725,0.25716921889361405
90.0,97.5,2.75,0.24826099099317575
90.0,97.5,2.775,0.23938508463671992
90.0,97.5,2.8,0.2305099177281972
90.0,97.5,2.825,0.22160311589163698
90.0,97.5,2.85,0.2126309279455629
90.0,97.5,2.875,0.20355757747771558
90.0,97.5,2.9,0.19434452293341475
90.0,97.5,2.925,0.18494960248984008
90.0,97.5,2.95,0.17532574607288232
90.0,97.5,2.975,0.16542051740270705
90.0,97.5,3.0,0.15517325533741166
90.0,97.5,3.025,0.14451401948000664
90.0,97.5,3.05,0.1333606147927166
90.0,97.5,3.075,0.1216152075714572
90.0,97.5,3.1,0.1091597776662665
90.0,97.5,3.125,0.09584997482531522
90.0,97.5,3.15,0.08150668133060514
90.0,97.5,3.175,0.06590421272928132
90.0,97.5,3.2,0.04875348868375459
90.0,97.5,3.225,0.029677508179212317
90.0,97.5,3.25,0.008174755808649369
90.0,97.5,3.275,-0.016436920999311624
90.0,97.5,3.3,-0.04510988349870227
90.0,97.5,3.325,-0.07921795874616892
90.0,97.5,3.35,-0.12081134982101928
90.0,97.5,3.375,-0.17304926509426152
90.0,97.5,3.4,-0.2410236371774573
90.0,97.5,3.425,-0.33331320545650533
90.0,97.5,3.45,-0.4646247939961428
90.0,97.5,3.475,-0.6565948653816691
90.0,97.5,3.5,-0.8871872985432872
90.0,97.5,3.525,-0.5197551603004505
90.0,97.5,3.55,1.0254607040736563
90.0,97.5,3.575,1.1492967935251186
90.0,97.5,3.6,0.9248096748851462
90.0,97.5,3.625,0.7517727829824405
90.0,97.5,3.65,0.6321173513447393
90.0,97.5,3.675,0.5464542584365059
90.0,97.5,3.7,0.4821619097012149
90.0,97.5,3.725,0.43184257592457864
90.0,97.5,3.75,0.3909862720714309
90.0,97.5,3.775,0.35677955818371215
90.0,97.5,3.8,0.3273702320450172
90.0,100.0,2.4,0.38179349978976485
90.0,100.0,2.425,0.3694563302734071
90.0,100.0,2.45,0.35769140111811115
90.0,100.0,2.475,0.3464244120196631
90.0,100.0,2.5,0.3356074798427738
90.0,100.0,2.525,0.32517547050735046
90.0,100.0,2.55,0.3150691411883025
90.0,100.0,2.575,0.30523888722943127
90.0,100.0,2.6,0.295642518636446
90.0,100.0,2.625,0.28624258545758335
90.0,100.0,2.65,0.2770035674738865
90.0,100.0,2.675,0.26789162725518045
90.0,100.0,2.7,0.258874154649915
90.0,100.0,2.725,0.24991928044452139
90.0,100.0,2.75,0.240995372260357
90.0,100.0,2.775,0.23207047560307184
90.0,100.0,2.8,0.2231117613190429
90.0,100.0,2.825,0.21408492703951576
90.0,100.0,2.85,0.20495353362691307
90.0,100.0,2.875,0.19567770991645567
90.0,100.0,2.9,0.18621561246701748
90.0,100.0,2.925,0.17651792441933192
90.0,100.0,2.95,0.16653061753625864
90.0,100.0,2.975,0.1561913740321028
90.0,100.0,3.0,0.14542775752481985
90.0,100.0,3.025,0.13415443290517098
90.0,100.0,3.05,0.12226950330117808
90.0,100.0,3.075,0.10964961789472444
90.0,100.0,3.1,0.09614333211870855
90.0,100.0,3.125,0.08156193876494801
90.0,100.0,3.15,0.0656665679232048
90.0,100.0,3.175,0.04814966421440806
90.0,100.0,3.2,0.028607790522943054
90.0,100.0,3.225,0.006500693916301664
90.0,100.0,3.25,-0.018912163616024796
90.0,100.0,3.275,-0.04867431498560963
90.0,100.0,3.3,-0.08430653012642082
90.0,100.0,3.325,-0.12810100908538696
90.0,100.0,3.35,-0.18364109185826777
90.0,100.0,3.375,-0.2567965294978956
90.0,100.0,3.4,-0.35759431117648
90.0,100.0,3.425,-0.5031721411574547
90.0,100.0,3.45,-0.7149307109940899
90.0,100.0,3.475,-0.9065374586127476
90.0,100.0,3.5,-0.041279460768353364
90.0,100.0,3.525,1.1782888711949298
90.0,100.0,3.55,1.073735664259861
90.0,100.0,3.575,0.8578178610645195
90.0,100.0,3.6,0.7042565359107706
90.0,100.0,3.625,0.5976898793043998
90.0,100.0,3.65,0.5204393539895941
90.0,100.0,3.675,0.46170931553124595
90.0,100.0,3.7,0.41520329604168793
90.0,100.0,3.725,0.37707731957672147
90.0,100.0,3.75,0.34488372922429156
90.0,100.0,3.775,0.3169965863655664
90.0,100.0,3.8,0.2922932578842069
90.0,102.5,2.4,0.37191527543726965
90.0,102.5,2.425,0.36009109048855215
90.0,102.5,2.45,0.348766158094127
90.0,102.5,2.475,0.3378910045725672
90.0,102.5,2.5,0.32740251226343053
90.0,102.5,2.525,0.31723924339205883
90.0,102.5,2.55,0.3073548746247872
90.0,102.5,2.575,0.29770571662933165
90.0,102.5,2.6,0.2882528998193603
90.0,102.5,2.625,0.2789610911097454
90.0,102.5,2.65,0.269796333916185
90.0,102.5,2.675,0.26072578941901325
90.0,102.5,2.7,0.2517172744938613
90.0,102.5,2.725,0.24273876718846976
90.0,102.5,2.75,0.23375788164247854
90.0,102.5,2.775,0.22474127776945224
90.0,102.5,2.8,0.21565406734685402
90.0,102.5,2.825,0.20645877231319182
90.0,102.5,2.85,0.1971156612482418
90.0,102.5,2.875,0.1875801318834044
90.0,102.5,2.9,0.1778027931120277
90.0,102.5,2.925,0.16772762326384835
90.0,102.5,2.95,0.15729022144696064
90.0,102.5,2.975,0.14641552373046482
90.0,102.5,3.0,0.13501483096866324
90.0,102.5,3.025,0.12298188376287555
90.0,102.5,3.05,0.11018759643277533
90.0,102.5,3.075,0.09647287319599866
90.0,102.5,3.1,0.0816386322627698
90.0,102.5,3.125,0.06543168334845967
90.0,102.5,3.15,0.047524309839158896
90.0,102.5,3.175,0.027484057171764695
90.0,102.5,3.2,0.004727852115978613
90.0,102.5,3.225,-0.021549907931517058
90.0,102.5,3.25,-0.052495104347439404
90.0,102.5,3.275,-0.08979473241185258
90.0,102.5,3.3,-0.13602089538987672
90.0,102.5,3.325,-0.19525569028486825
90.0,102.5,3.35,-0.27429401303729883
90.0,102.5,3.375,-0.38489406080331784
90.0,102.5,3.4,-0.5468616381980091
90.0,102.5,3.425,-0.7769004923963305
90.0,102.5,3.45,-0.8551093189604199
90.0,102.5,3.475,0.5017368883644997
90.0,102.5,3.5,1.1991990846030958
90.0,102.5,3.525,0.9978043948263469
90.0,102.5,3.55,0.7996951498897935
90.0,102.5,3.575,0.6633239208632358
90.0,102.5,3.6,0.567855099674131
90.0,102.5,3.625,0.49770310517248667
90.0,102.5,3.65,0.4437257461135511
90.0,102.5,3.675,0.40052775693998804
90.0,102.5,3.7,0.3647881683673319
90.0,102.5,3.725,0.33436846005634374
90.0,102.5,3.75,0.3078326650877136
90.0,102.5,3.775,0.28417927916360713
90.0,102.5,3.8,0.262685114016492
90.0,105.0,2.4,0.3627452822000397
90.0,105.0,2.425,0.35134598667809647
90.0,105.0,2.45,0.34039729930154417
90.0,105.0,2.475,0.32983932657477244
90.0,105.0,2.5,0.3196091597141736
90.0,105.0,2.525,0.3096582723525374
90.0,105.0,2.55,0.29994582886589344
90.0,105.0,2.575,0.2904314792320081
90.0,105.0,2.6,0.28107862020848395
90.0,105.0,2.625,0.271853303545308
90.0,105.0,2.65,0.2627224343720544
90.0,105.0,2.675,0.25365347920321424
90.0,105.0,2.7,0.24461398490309638
90.0,105.0,2.725,0.2355710615289851
90.0,105.0,2.75,0.2264903066902235
90.0,105.0,2.775,0.21733736432733713
90.0,105.0,2.8,0.20807321433815734
90.0,105.0,2.825,0.19865688435897194
90.0,105.0,2.85,0.18904296381477204
90.0,105.0,2.875,0.17918059373553125
90.0,105.0,2.9,0.16901198455339558
90.0,105.0,2.925,0.1584705250633894
90.0,105.0,2.95,0.14747835120584257
90.0,105.0,2.975,0.13594317223044297
90.0,105.0,3.0,0.12375406140781291
90.0,105.0,3.025,0.11077578189673049
90.0,105.0,3.05,0.09684100610150617
90.0,105.0,3.075,0.08173944942831025
90.0,105.0,3.1,0.06520239026658374
90.0,105.0,3.125,0.046880131580966676
90.0,105.0,3.15,0.02630838584994207
90.0,105.0,3.175,0.0028567590539022338
90.0,105.0,3.2,-0.024352851222923674
90.0,105.0,3.225,-0.0565813376782661
90.0,105.0,3.25,-0.09570477405827564
90.0,105.0,3.275,-0.14461994944536818
90.0,105.0,3.3,-0.2079962646306315
90.0,105.0,3.325,-0.29373362497007977
90.0,105.0,3.35,-0.41565764424919205
90.0,105.0,3.375,-0.5962757682194357
90.0,105.0,3.4,-0.8376981997506581
90.0,105.0,3.425,-0.6711724333330111
90.0,105.0,3.45,0.9214651504788325
90.0,105.0,3.475,1.1568020570895021
90.0,105.0,3.5,0.9278318340049203
90.0,105.0,3.525,0.7495485184186546
90.0,105.0,3.55,0.6279395047268634
90.0,105.0,3.575,0.5418471817333766
90.0,105.0,3.6,0.47776481870050064
90.0,105.0,3.625,0.4278855897803923
90.0,105.0,3.65,0.38756880619962014
90.0,105.0,3.675,0.353926413093744
90.0,105.0,3.7,0.32507803087844855
90.0,105.0,3.725,0.2997479563702506
90.0,105.0,3.75,0.27703787798680546
90.0,105.0,3.775,0.2562931285375419
90.0,105.0,3.8,0.23702080422136712
90.0,107.5,2.4,0.354160947207323
90.0,107.5,2.425,0.34312398266267635
90.0,107.5,2.45,0.33248318748507094
90.0,107.5,2.475,0.3221748313680772
90.0,107.5,2.5,0.31214841618843536
90.0,107.5,2.525,0.3023616115362669
90.0,107.5,2.55,0.29277638721003457
90.0,107.5,2.575,0.28335465781412444
90.0,107.5,2.6,0.27406129559694137
90.0,107.5,2.625,0.26486306414347893
90.0,107.5,2.65,0.2557270554463735
90.0,107.5,2.675,0.24662036016746625
90.0,107.5,2.7,0.23750887809414492
90.0,107.5,2.725,0.2283597285585377
90.0,107.5,2.75,0.21913512813545724
90.0,107.5,2.775,0.20979662699480212
90.0,107.5,2.8,0.2003020088255808
90.0,107.5,2.825,0.19060461011795315
90.0,107.5,2.85,0.18065206077359655
90.0,107.5,2.875,0.170384703043615
90.0,107.5,2.9,0.15973358498293241
90.0,107.5,2.925,0.14861787259281864
90.0,107.5,2.95,0.13694145801104304
90.0,107.5,2.975,0.12458844147244999
90.0,107.5,3.0,0.11141701199813869
90.0,107.5,3.025,0.09725101252987443
90.0,107.5,3.05,0.08186809210840415
90.0,107.5,3.075,0.06498271914750495
90.0,107.5,3.1,0.04622127112224644
90.0,107.5,3.125,0.025084579058431655
90.0,107.5,3.15,0.0008899919833361349
90.0,107.5,3.175,-0.02732136393690067
90.0,107.5,3.2,-0.06093979347070063
90.0,107.5,3.225,-0.10205714023475379
90.0,107.5,3.25,-0.15394738537442362
90.0,107.5,3.275,-0.22197335735024198
90.0,107.5,3.3,-0.3153597413775409
90.0,107.5,3.325,-0.45039057514011466
90.0,107.5,3.35,-0.6518102037745844
90.0,107.5,3.375,-0.8861307599674141
90.0,107.5,3.4,-0.3016914441936523
90.0,107.5,3.425,1.1423052313122475
90.0,107.5,3.45,1.0913779815680826
90.0,107.5,3.475,0.8656743168570445
90.0,107.5,3.5,0.706210688646709
90.0,107.5,3.525,0.5972286040740389
90.0,107.5,3.55,0.5191089761777706
90.0,107.5,3.575,0.4602349233275706
90.0,107.5,3.6,0.41390996386170237
90.0,107.5,3.625,0.37611665025970076
90.0,107.5,3.65,0.3443270186873122
90.0,107.5,3.675,0.3168775228716188
90.0,107.5,3.7,0.2926284163574422
90.0,107.5,3.725,0.2707697696012273
90.0,107.5,3.75,0.25070615827355264
90.0,107.5,3.775,0.2319853529348173
90.0,107.5,3.8,0.21425260187685352
90.0,110.0,2.4,0.346069746480089
90.0,110.0,2.425,0.3353328636957613
90.0,110.0,2.45,0.3249347080337379
90.0,110.0,2.475,0.31482269900955506
90.0,110.0,2.5,0.30495328722200077
90.0,110.0,2.525,0.29528720737708203
90.0,110.0,2.55,0.28578820623983225
90.0,110.0,2.575,0.2764196755573574
90.0,110.0,2.6,0.26714725164885433
90.0,110.0,2.625,0.25793775323778007
90.0,110.0,2.65,0.2487572428572957
90.0,110.0,2.675,0.23957302199675634
90.0,110.0,2.7,0.2303487216888467
90.0,110.0,2.725,0.22104750621173672
90.0,110.0,2.75,0.21162964351462848
90.0,110.0,2.775,0.20205182357528903
90.0,110.0,2.8,0.19226607966633227
90.0,110.0,2.825,0.18221845266149403
90.0,110.0,2.85,0.17184731860639407
90.0,110.0,2.875,0.16108125964260592
90.0,110.0,2.9,0.1498363078073428
90.0,110.0,2.925,0.1380123179062259
90.0,110.0,2.95,0.12548811483075595
90.0,110.0,2.975,0.1121148895934523
90.0,110.0,3.0,0.09770704856056359
90.0,110.0,3.025,0.08202928507780846
90.0,110.0,3.05,0.06477792257835017
90.0,110.0,3.075,0.04555335392662046
90.0,110.0,3.1,0.023818255283204054
90.0,110.0,3.125,-0.001167661610364408
90.0,110.0,3.15,-0.030453212002092733
90.0,110.0,3.175,-0.06557442777305855
90.0,110.0,3.2,-0.108869767650334
90.0,110.0,3.225,-0.16405195907904593
90.0,110.0,3.25,-0.23730489753291026
90.0,110.0,3.275,-0.33944629470514065
90.0,110.0,3.3,-0.4896549619283766
90.0,110.0,3.325,-0.7132775881476983
90.0,110.0,3.35,-0.8990065067931292
90.0,110.0,3.375,0.21694357952408777
90.0,110.0,3.4,1.2097885315244905
90.0,110.0,3.425,1.0215195866145377
90.0,110.0,3.45,0.8113178613668972
90.0,110.0,3.475,0.6687057456628291
90.0,110.0,3.5,0.5704800517029406
90.0,110.0,3.525,0.499170351078009
90.0,110.0,3.55,0.4447906413076061
90.0,110.0,3.575,0.4015651030593959
90.0,110.0,3.6,0.365993226917913
90.0,110.0,3.625,0.33584826043231675
90.0,110.0,3.65,0.30964983706612864
90.0,110.0,3.675,0.2863741680306069
90.0,110.0,3.7,0.26528737876139646
90.0,110.0,3.725,0.24584546906259205
90.0,110.0,3.75,0.22763185057230878
90.0,110.0,3.775,0.21031690039199946
90.0,110.0,3.8,0.19363077956175961
100.0,40.0,2.4,0.02057798966079416
100.0,40.0,2.425,-0.00774472568703918
100.0,40.0,2.45,-0.040662512219066145
100.0,40.0,2.475,-0.07966307933910492
100.0,40.0,2.5,-0.12693347537171223
100.0,40.0,2.525,-0.1858140867278835
100.0,40.0,2.55,-0.26164245502267486
100.0,40.0,2.575,-0.3634086812649827
100.0,40.0,2.6,-0.5071373016894997
100.0,40.0,2.625,-0.7225101144627053
100.0,40.0,2.65,-1.0569379001681476
100.0,40.0,2.675,-1.4107302463290883
100.0,40.0,2.7,0.1357699632420213
100.0,40.0,2.725,1.7601538630167213
100.0,40.0,2.75,1.4700114335069823
100.0,40.0,2.775,1.159924838752756
100.0,40.0,2.8,0.9551988084613697
100.0,40.0,2.825,0.816970525245967
100.0,40.0,2.85,0.7184405414782156
100.0,40.0,2.875,0.6447232643194717
100.0,40.0,2.9,0.5873428280223573
100.0,40.0,2.925,0.5412178096357287
100.0,40.0,2.95,0.5031456207612678
100.0,40.0,2.975,0.4710175138663529
100.0,40.0,3.0,0.44339198894791454
100.0,40.0,3.025,0.41925175029934614
100.0,40.0,3.05,0.3978594915973526
100.0,40.0,3.075,0.37866989202563317
100.0,40.0,3.1,0.3612756085613069
100.0,40.0,3.125,0.34537313567745015
100.0,40.0,3.15,0.33073047946993833
100.0,40.0,3.175,0.3171400602687984
100.0,40.0,3.2,0.3043945560798278
100.0,40.0,3.225,0.2923232505138136
100.0,40.0,3.25,0.28081083089921294
100.0,40.0,3.275,0.2697737711880879
100.0,40.0,3.3,0.2591409926135263
100.0,40.0,3.325,0.24884804197572172
100.0,40.0,3.35,0.2388360262475102
100.0,40.0,3.375,0.2290511281861926
100.0,40.0,3.4,0.21944394268460324
100.0,40.0,3.425,0.2099686857383834
100.0,40.0,3.45,0.20058238140555984
100.0,40.0,3.475,0.19124407888089412
100.0,40.0,3.5,0.18191411279529943
100.0,40.0,3.525,0.17255340026978885
100.0,40.0,3.55,0.163122759601581
100.0,40.0,3.575,0.15358223238764343
100.0,40.0,3.6,0.14389040060931219
100.0,40.0,3.625,0.1340034794617336
100.0,40.0,3.65,0.12387496851592936
100.0,40.0,3.675,0.11345413460135058
100.0,40.0,3.7,0.10268535762041256
100.0,40.0,3.725,0.09150678624324375
100.0,40.0,3.75,0.07984888758914761
100.0,40.0,3.775,0.06763271380477127
100.0,40.0,3.8,0.05476785106199091
100.0,42.5,2.4,-0.029826872999478043
100.0,42.5,2.425,-0.06822149771391618
100.0,42.5,2.45,-0.11463688667926807
100.0,42.5,2.475,-0.1722959353670609
100.0,42.5,2.5,-0.24634455365163033
100.0,42.5,2.525,-0.3454578391683458
100.0,42.5,2.55,-0.48519569546013247
100.0,42.5,2.575,-0.695079628029298
100.0,42.5,2.6,-1.0283179443346029
100.0,42.5,2.625,-1.4616652295067345
100.0,42.5,2.65,-0.2212716204200757
100.0,42.5,2.675,1.8436128742636675
100.0,42.5,2.7,1.5418599708671368
100.0,42.5,2.725,1.2009864029105963
100.0,42.5,2.75,0.9813365114213329
100.0,42.5,2.775,0.8355183918695194
100.0,42.5,2.8,0.7327369959035155
100.0,42.5,2.825,0.6564355022465909
100.0,42.5,2.85,0.5973799809935234
100.0,42.5,2.875,0.5501132570404904
100.0,42.5,2.9,0.511231744659544
100.0,42.5,2.925,0.47851218294706566
100.0,42.5,2.95,0.45044431002319746
100.0,42.5,2.975,0.4259675608860146
100.0,42.5,3.0,0.4043159243637555
100.0,42.5,3.025,0.38492325188358123
100.0,42.5,3.05,0.36736439582844527
100.0,42.5,3.075,0.3513187996928881
100.0,42.5,3.1,0.33654579070419255
100.0,42.5,3.125,0.32285470005506395
100.0,42.5,3.15,0.31006340340274424
100.0,42.5,3.175,0.29799162467607954
100.0,42.5,3.2,0.28649863612546683
100.0,42.5,3.225,0.2754898732926314
100.0,42.5,3.25,0.26489403188953736
100.0,42.5,3.275,0.2546487203458659
100.0,42.5,3.3,0.24469666016099845
100.0,42.5,3.325,0.23498505080778548
100.0,42.5,3.35,0.22546520186291275
100.0,42.5,3.375,0.2160919765553056
100.0,42.5,3.4,0.20682312103829012
100.0,42.5,3.425,0.1976183756400773
100.0,42.5,3.45,0.18843953927462245
100.0,42.5,3.475,0.17924851232979355
100.0,42.5,3.5,0.17000776214937122
100.0,42.5,3.525,0.16067922374404872
100.0,42.5,3.55,0.15122371201130497
100.0,42.5,3.575,0.14160023952125336
100.0,42.5,3.6,0.13176527528692727
100.0,42.5,3.625,0.12167191928253956
100.0,42.5,3.65,0.1112689604775087
100.0,42.5,3.675,0.10049977895239881
100.0,42.5,3.7,0.08930104346470445
100.0,42.5,3.725,0.07760114433368573
100.0,42.5,3.75,0.06531828862093723
100.0,42.5,3.775,0.05235817659711669
100.0,42.5,3.8,0.03861117642620078
100.0,45.0,2.4,-0.10035755061532704
100.0,45.0,2.425,-0.1563024362298666
100.0,45.0,2.45,-0.22782445603259965
100.0,45.0,2.475,-0.323080534073837
100.0,45.0,2.5,-0.45670683342229407
100.0,45.0,2.525,-0.6568253131344152
100.0,45.0,2.55,-0.9782926243789061
100.0,45.0,2.575,-1.4622073858152151
100.0,45.0,2.6,-0.7546875352434051
100.0,45.0,2.625,1.9051704822667284
100.0,45.0,2.65,1.6381758512191573
100.0,45.0,2.675,1.2565799791014511
100.0,45.0,2.7,1.0162521337745214
100.0,45.0,2.725,0.8598593867012508
100.0,45.0,2.75,0.751144320733634
100.0,45.0,2.775,0.6712295958811139
100.0,45.0,2.8,0.6098263659085335
100.0,45.0,2.825,0.560954355541145
100.0,45.0,2.85,0.5209300012805463
100.0,45.0,2.875,0.48737035735311535
100.0,45.0,2.9,0.45866915899019806
100.0,45.0,2.925,0.43370548232207223
100.0,45.0,2.95,0.4116737396788061
100.0,45.0,2.975,0.3919804352655458
100.0,45.0,3.0,0.3741796734660559
100.0,45.0,3.025,0.35793261251229014
100.0,45.0,3.05,0.34298219713289024
100.0,45.0,3.075,0.3291336223108247
100.0,45.0,3.1,0.3162250243222682
100.0,45.0,3.125,0.30409304701512957
100.0,45.0,3.15,0.2925805849450035
100.0,45.0,3.175,0.2815709219803199
100.0,45.0,3.2,0.27098510329384323
100.0,45.0,3.225,0.26076114463705746
100.0,45.0,3.25,0.25084215545957766
100.0,45.0,3.275,0.24118055881107323
100.0,45.0,3.3,0.2317245781957246
100.0,45.0,3.325,0.22243086204906865
100.0,45.0,3.35,0.2132577186310667
100.0,45.0,3.375,0.20416571814097903
100.0,45.0,3.4,0.19511708443944284
100.0,45.0,3.425,0.18607507890688396
100.0,45.0,3.45,0.17700339387674835
100.0,45.0,3.475,0.16786555071335663
100.0,45.0,3.5,0.15862428980395704
100.0,45.0,3.525,0.1492409355463076
100.0,45.0,3.55,0.13967471615632682
100.0,45.0,3.575,0.12988201456339143
100.0,45.0,3.6,0.11981552206940194
100.0,45.0,3.625,0.10942326024041298
100.0,45.0,3.65,0.09864742807455591
100.0,45.0,3.675,0.08742302014851773
100.0,45.0,3.7,0.0756761463812353
100.0,45.0,3.725,0.06332196444619523
100.0,45.0,3.75,0.05026211196647578
100.0,45.0,3.775,0.03638150542820555
100.0,45.0,3.8,0.021544347036258488
100.0,47.5,2.4,-0.20636348415466738
100.0,47.5,2.425,-0.2967505832247126
100.0,47.5,2.45,-0.4225099731034565
100.0,47.5,2.475,-0.6093382041894254
100.0,47.5,2.5,-0.9096392217069713
100.0,47.5,2.525,-1.403348915587526
100.0,47.5,2.55,-1.3335603651507095
100.0,47.5,2.575,1.8723835151612995
100.0,47.5,2.6,1.7670599139184793
100.0,47.5,2.625,1.331322601259514
100.0,47.5,2.65,1.0621646590370857
100.0,47.5,2.675,0.8911739320490258
100.0,47.5,2.7,0.774353208807303
100.0,47.5,2.725,0.689540552331038
100.0,47.5,2.75,0.6249718484548472
100.0,47.5,2.775,0.5739429485975787
100.0,47.5,2.8,0.5323860023630261
100.0,47.5,2.825,0.4977002207212384
100.0,47.5,2.85,0.4681489658625942
100.0,47.5,2.875,0.442529672332067
100.0,47.5,2.9,0.4199835722897861
100.0,47.5,2.925,0.3998811400975466
100.0,47.5,2.95,0.38175071396479276
100.0,47.5,2.975,0.3652331410113697
100.0,47.5,3.0,0.3500531662337402
100.0,47.5,3.025,0.3360012864147845
100.0,47.5,3.05,0.32291644662252356
100.0,47.5,3.075,0.3106563809513692
100.0,47.5,3.1,0.2990685484560981
100.0,47.5,3.125,0.28802597460968754
100.0,47.5,3.15,0.27742184351509835
100.0,47.5,3.175,0.2671922720425547
100.0,47.5,3.2,0.2572825409945426
100.0,47.5,3.225,0.24764254812552
100.0,47.5,3.25,0.23822534773266044
100.0,47.5,3.275,0.22898696689675754
100.0,47.5,3.3,0.21988616426944665
100.0,47.5,3.325,0.21088400603714594
100.0,47.5,3.35,0.2019433424026509
100.0,47.5,3.375,0.19302824961479914
100.0,47.5,3.4,0.18410346614033846
100.0,47.5,3.425,0.17513382865559926
100.0,47.5,3.45,0.16608370149601784
100.0,47.5,3.475,0.15691638682533537
100.0,47.5,3.5,0.14759349873676902
100.0,47.5,3.525,0.1380742809483606
100.0,47.5,3.55,0.12831484367111692
100.0,47.5,3.575,0.11826728990637239
100.0,47.5,3.6,0.10787869423139014
100.0,47.5,3.625,0.09708988732829582
100.0,47.5,3.65,0.08583398615725388
100.0,47.5,3.675,0.07403459151786931
100.0,47.5,3.7,0.06160355012008221
100.0,47.5,3.725,0.04843814481337462
100.0,47.5,3.75,0.03441753340599422
100.0,47.5,3.775,0.01939822234792578
100.0,47.5,3.8,0.003208268818445347
100.0,50.0,2.4,-0.3837459974256872
100.0,50.0,2.425,-0.5548316256431624
100.0,50.0,2.45,-0.8271945731142719
100.0,50.0,2.475,-1.2932004925829808
100.0,50.0,2.5,-1.7194380834046183
100.0,50.0,2.525,1.5342679995272213
100.0,50.0,2.55,1.9376649480212818
100.0,50.0,2.575,1.4322947200492828
100.0,50.0,2.6,1.122382587800927
100.0,50.0,2.625,0.9311651580615524
100.0,50.0,2.65,0.8033354616914162
100.0,50.0,2.675,0.7119696983543069
100.0,50.0,2.7,0.6432121752942239
100.0,50.0,2.725,0.5893521475033747
100.0,50.0,2.75,0.5457954653253443
100.0,50.0,2.775,0.5096464043049237
100.0,50.0,2.8,0.47899340022840486
100.0,50.0,2.825,0.4525251398882801
100.0,50.0,2.85,0.42931250303784435
100.0,50.0,2.875,0.40867879651510264
100.0,50.0,2.9,0.39011950097447334
100.0,50.0,2.925,0.3732512228791832
100.0,50.0,2.95,0.3577789203807276
100.0,50.0,2.975,0.3434757526236317
100.0,50.0,3.0,0.33016780305075644
100.0,50.0,3.025,0.31771913022234366
100.0,50.0,3.05,0.30599981186709363
100.0,50.0,3.075,0.29487187631572326
100.0,50.0,3.1,0.2842167731671691
100.0,50.0,3.125,0.27395354938882427
100.0,50.0,3.15,0.26402459045332205
100.0,50.0,3.175,0.2543807399148888
100.0,50.0,3.2,0.24497619970412568
100.0,50.0,3.225,0.23576772184436245
100.0,50.0,3.25,0.2267145257980492
100.0,50.0,3.275,0.21777807839595217
100.0,50.0,3.3,0.20892170329320672
100.0,50.0,3.325,0.2001101020125862
100.0,50.0,3.35,0.19130884119024097
100.0,50.0,3.375,0.1824838283925834
100.0,50.0,3.4,0.1736007794699879
100.0,50.0,3.425,0.16462467009867598
100.0,50.0,3.45,0.1555191583962197
100.0,50.0,3.475,0.14624596147616198
100.0,50.0,3.5,0.13676416497037946
100.0,50.0,3.525,0.12702943995625174
100.0,50.0,3.55,0.11699313567735291
100.0,50.0,3.575,0.10660120824415643
100.0,50.0,3.6,0.09579293429474144
100.0,50.0,3.625,0.08449934325373047
100.0,50.0,3.65,0.07264128083895972
100.0,50.0,3.675,0.06012698799534157
100.0,50.0,3.7,0.04684903955243931
100.0,50.0,3.725,0.03268033941151144
100.0,50.0,3.75,0.017469060701651423
100.0,50.0,3.775,0.00103244544238246
100.0,50.0,3.8,-0.016852662608574938
100.0,52.5,2.4,-0.7367056715589324
100.0,52.5,2.425,-1.1507506730185009
100.0,52.5,2.45,-1.7887187259445947
100.0,52.5,2.475,0.48053417839892243
100.0,52.5,2.5,2.1510471627167336
100.0,52.5,2.525,1.5706789197552191
100.0,52.5,2.55,1.2019815687677593
100.0,52.5,2.575,0.9823400062223104
100.0,52.5,2.6,0.8394756646053638
100.0,52.5,2.625,0.7393524932256512
100.0,52.5,2.65,0.6650869064777216
100.0,52.5,2.675,0.6075493908783105
100.0,52.5,2.7,0.5614191647416247
100.0,52.5,2.725,0.5234001742318914
100.0,52.5,2.75,0.4913466237929073
100.0,52.5,2.775,0.46380307526931136
100.0,52.5,2.8,0.4397479838851583
100.0,52.5,2.825,0.4184432535943092
100.0,52.5,2.85,0.3993429185970242
100.0,52.5,2.875,0.3820311436183931
100.0,52.5,2.9,0.36619231408006714
100.0,52.5,2.925,0.3515793055817329
100.0,52.5,2.95,0.33800217729192034
100.0,52.5,2.975,0.3253159490020243
100.0,52.5,3.0,0.31340103661427027
100.0,52.5,3.025,0.3021342840676587
100.0,52.5,3.05,0.29138775637128655
100.0,52.5,3.075,0.28106017155056173
100.0,52.5,3.1,0.27108407257153155
100.0,52.5,3.125,0.26140904232206214
100.0,52.5,3.15,0.251990248974045
100.0,52.5,3.175,0.24278530993740055
100.0,52.5,3.2,0.23375395965098644
100.0,52.5,3.225,0.22485801540954228
100.0,52.5,3.25,0.21606115740251794
100.0,52.5,3.275,0.2073285549182634
100.0,52.5,3.3,0.19862641645776435
100.0,52.5,3.325,0.18992150854323575
100.0,52.5,3.35,0.18118065968262087
100.0,52.5,3.375,0.17237024961654457
100.0,52.5,3.4,0.16345567517213117
100.0,52.5,3.425,0.15440077883220027
100.0,52.5,3.45,0.14516722215621763
100.0,52.5,3.475,0.13571378215408825
100.0,52.5,3.5,0.12599554388589093
100.0,52.5,3.525,0.11596295683527624
100.0,52.5,3.55,0.10556071886965204
100.0,52.5,3.575,0.09472648428191673
100.0,52.5,3.6,0.08338947324925589
100.0,52.5,3.625,0.07146379273209894
100.0,52.5,3.65,0.05885917225637611
100.0,52.5,3.675,0.04546044006722062
100.0,52.5,3.7,0.031133925515372904
100.0,52.5,3.725,0.015719009314800157
100.0,52.5,3.75,-0.0009792473920680789
100.0,52.5,3.775,-0.01920001978096327
100.0,52.5,3.8,-0.03924006981712452
100.0,55.0,2.4,-1.6275500570665953
100.0,55.0,2.425,-1.1647830011991025
100.0,55.0,2.45,2.342417930676687
100.0,55.0,2.475,1.7645858396041703
100.0,55.0,2.5,1.309121433114357
100.0,55.0,2.525,1.0484861899824593
100.0,55.0,2.55,0.8847783456854287
100.0,55.0,2.575,0.7728638156287293
100.0,55.0,2.6,0.6913377644768093
100.0,55.0,2.625,0.6290303772262036
100.0,55.0,2.65,0.5796037848819738
100.0,55.0,2.675,0.5392131958331967
100.0,55.0,2.7,0.5053968588018324
100.0,55.0,2.725,0.4765078646010246
100.0,55.0,2.75,0.4514028959132394
100.0,55.0,2.775,0.42926415126457884
100.0,55.0,2.8,0.4094908327924301
100.0,55.0,2.825,0.39163111911103066
100.0,55.0,2.85,0.37533924297007754
100.0,55.0,2.875,0.36034701556991316
100.0,55.0,2.9,0.3464458667297635
100.0,55.0,2.925,0.3334756267186601
100.0,55.0,2.95,0.32131298710297707
100.0,55.0,2.975,0.3098480452105294
100.0,55.0,3.0,0.2989600552325197
100.0,55.0,3.025,0.2885318879951856
100.0,55.0,3.05,0.2784788954192798
100.0,55.0,3.075,0.26874461970699753
100.0,55.0,3.1,0.25928402558098695
100.0,55.0,3.125,0.25005556014927677
100.0,55.0,3.15,0.24101953668458248
100.0,55.0,3.175,0.23213809812470806
100.0,55.0,3.2,0.22337518300646808
100.0,55.0,3.225,0.2146962877013418
100.0,55.0,3.25,0.2060680961007049
100.0,55.0,3.275,0.19745804666491967
100.0,55.0,3.3,0.18883387204767685
100.0,55.0,3.325,0.18016312224311506
100.0,55.0,3.35,0.1714126688802273
100.0,55.0,3.375,0.16254818162311468
100.0,55.0,3.4,0.15353356620108324
100.0,55.0,3.425,0.14433036835643162
100.0,55.0,3.45,0.13489732385547415
100.0,55.0,3.475,0.12518427665395612
100.0,55.0,3.5,0.11514836813026655
100.0,55.0,3.525,0.10472887084097851
100.0,55.0,3.55,0.09386127101684465
100.0,55.0,3.575,0.08247193826417572
100.0,55.0,3.6,0.07047542931485294
100.0,55.0,3.625,0.057771737825009724
100.0,55.0,3.65,0.04424264538944867
100.0,55.0,3.675,0.029746958177571396
100.0,55.0,3.7,0.014114232424195681
100.0,55.0,3.725,-0.0028635925307953065
100.0,55.0,3.75,-0.021443497032897763
100.0,55.0,3.775,-0.04194684624060069
100.0,55.0,3.8,-0.06478080232162281
100.0,57.5,2.4,2.0752275855273705
100.0,57.5,2.425,2.0408486500470477
100.0,57.5,2.45,1.4575103439983126
100.0,57.5,2.475,1.1356621699536789
100.0,57.5,2.5,0.9422556754687117
100.0,57.5,2.525,0.8141783664303616
100.0,57.5,2.55,0.7229924168327639
100.0,57.5,2.575,0.6544693530146442
100.0,57.5,2.6,0.6008133456464906
100.0,57.5,2.625,0.5574174414984036
100.0,57.5,2.65,0.5213894611821841
100.0,57.5,2.675,0.4908248306594003
100.0,57.5,2.7,0.4644214622782488
100.0,57.5,2.725,0.44125618974680003
100.0,57.5,2.75,0.42065788749917743
100.0,57.5,2.775,0.4021262732419396
100.0,57.5,2.8,0.3852807615620531
100.0,57.5,2.825,0.36982711759132714
100.0,57.5,2.85,0.3555358348420419
100.0,57.5,2.875,0.3422287690051812
100.0,57.5,2.9,0.32977008914434397
100.0,57.5,2.925,0.3180519083332305
100.0,57.5,2.95,0.3069665634185605
100.0,57.5,2.975,0.2963940585268126
100.0,57.5,3.0,0.28623077963469584
100.0,57.5,3.025,0.276407763338564
100.0,57.5,3.05,0.2668769939979267
100.0,57.5,3.075,0.257597236255252
100.0,57.5,3.1,0.24852936871096779
100.0,57.5,3.125,0.23963582829976773
100.0,57.5,3.15,0.23088070931301394
100.0,57.5,3.175,0.22222969008875823
100.0,57.5,3.2,0.21364976500099284
100.0,57.5,3.225,0.20510886974014478
100.0,57.5,3.25,0.1965754603877947
100.0,57.5,3.275,0.18801807809967322
100.0,57.5,3.3,0.1794049335498857
100.0,57.5,3.325,0.17070371352805447
100.0,57.5,3.35,0.16187765418341368
100.0,57.5,3.375,0.15288971071057408
100.0,57.5,3.4,0.14370829031680094
100.0,57.5,3.425,0.13428600145715597
100.0,57.5,3.45,0.12457676919266807
100.0,57.5,3.475,0.11452888098064885
100.0,57.5,3.5,0.10408397880152952
100.0,57.5,3.525,0.0931755509453148
100.0,57.5,3.55,0.08172700785702985
100.0,57.5,3.575,0.06964924477479373
100.0,57.5,3.6,0.05683752713219426
100.0,57.5,3.625,0.043167464138800966
100.0,57.5,3.65,0.028489737874137323
100.0,57.5,3.675,0.012623111273007526
100.0,57.5,3.7,-0.004654977413667671
100.0,57.5,3.725,-0.023621254503953148
100.0,57.5,3.75,-0.044624411778650015
100.0,57.5,3.775,-0.06811017947538144
100.0,57.5,3.8,-0.094657197988723
100.0,60.0,2.4,1.6712630270623552
100.0,60.0,2.425,1.2538237546764242
100.0,60.0,2.45,1.016612097205469
100.0,60.0,2.475,0.8658249796374068
100.0,60.0,2.5,0.7615198529240169
100.0,60.0,2.525,0.684786560066796
100.0,60.0,2.55,0.6256705641972967
100.0,60.0,2.575,0.5784514376421224
100.0,60.0,2.6,0.5396439422072816
100.0,60.0,2.625,0.5069957929040061
100.0,60.0,2.65,0.47898938457763435
100.0,60.0,2.675,0.4545649526893386
100.0,60.0,2.7,0.4329598202986967
100.0,60.0,2.725,0.41361113564614205
100.0,60.0,2.75,0.3960942692987614
100.0,60.0,2.775,0.38008281678731504
100.0,60.0,2.8,0.3653226177358592
100.0,60.0,2.825,0.35161522659229844
100.0,60.0,2.85,0.3388079904259728
100.0,60.0,2.875,0.32678490696779794
100.0,60.0,2.9,0.3154458352004521
100.0,60.0,2.925,0.30467839576343636
100.0,60.0,2.95,0.2943660640703968
100.0,60.0,2.975,0.2844222492182463
100.0,60.0,3.0,0.2747915572493341
100.0,60.0,3.025,0.2654317660152624
100.0,60.0,3.05,0.2563041145332873
100.0,60.0,3.075,0.2473712591816963
100.0,60.0,3.1,0.2385973234875392
100.0,60.0,3.125,0.22994800428445406
100.0,60.0,3.15,0.22139044136686198
100.0,60.0,3.175,0.21289294362294642
100.0,60.0,3.2,0.20442473997553767
100.0,60.0,3.225,0.19595638737013762
100.0,60.0,3.25,0.18744283708045298
100.0,60.0,3.275,0.1788769296392031
100.0,60.0,3.3,0.17021312777785802
100.0,60.0,3.325,0.16141767671481
100.0,60.0,3.35,0.15245456257963513
100.0,60.0,3.375,0.14328462503393627
100.0,60.0,3.4,0.13386498507951455
100.0,60.0,3.425,0.12414817389613463
100.0,60.0,3.45,0.11408104320272494
100.0,60.0,3.475,0.10360342308095967
100.0,60.0,3.5,0.09264645700116213
100.0,60.0,3.525,0.08113051356267043
100.0,60.0,3.55,0.06896253610899354
100.0,60.0,3.575,0.05603263757716917
100.0,60.0,3.6,0.04220967010269944
100.0,60.0,3.625,0.027335384205983658
100.0,60.0,3.65,0.011216620549423885
100.0,60.0,3.675,-0.006385284592209842
100.0,60.0,3.7,-0.025769105083888917
100.0,60.0,3.725,-0.04731420793543784
100.0,60.0,3.75,-0.07150980925421077
100.0,60.0,3.775,-0.09899757709866948
100.0,60.0,3.8,-0.13063491518270653
100.0,62.5,2.4,1.1154725758760107
100.0,62.5,2.425,0.9316212261867794
100.0,62.5,2.45,0.8090941246849367
100.0,62.5,2.475,0.7213260554565406
100.0,62.5,2.5,0.6550290099200258
100.0,62.5,2.525,0.6028964124053782
100.0,62.5,2.55,0.5605815589056709
100.0,62.5,2.575,0.5253335010108048
100.0,62.5,2.6,0.49534508141058187
100.0,62.5,2.625,0.4693757861030385
100.0,62.5,2.65,0.4465435378389465
100.0,62.5,2.675,0.42620438261411053
100.0,62.5,2.7,0.40787686195816525
100.0,62.5,2.725,0.39119404538903824
100.0,62.5,2.75,0.3758717538119952
100.0,62.5,2.775,0.36168789196199863
100.0,62.5,2.8,0.34847012718782594
100.0,62.5,2.825,0.33608805339652037
100.0,62.5,2.85,0.3244398609775227
100.0,62.5,2.875,0.31342268528345035
100.0,62.5,2.9,0.3029164770864766
100.0,62.5,2.925,0.2928160188262051
100.0,62.5,2.95,0.28305347762006683
100.0,62.5,2.975,0.2735834124363275
100.0,62.5,3.0,0.26436692701410824
100.0,62.5,3.025,0.25536675493614164
100.0,62.5,3.05,0.24654690476363356
100.0,62.5,3.075,0.2378729646492395
100.0,62.5,3.1,0.22931229901889796
100.0,62.5,3.125,0.22083474871429007
100.0,62.5,3.15,0.21239270629774107
100.0,62.5,3.175,0.20398163913263534
100.0,62.5,3.2,0.1955623229327336
100.0,62.5,3.225,0.18710150465386685
100.0,62.5,3.25,0.17856858108684165
100.0,62.5,3.275,0.1699312723985649
100.0,62.5,3.3,0.16115537302867552
100.0,62.5,3.325,0.1522042239209141
100.0,62.5,3.35,0.1430380447782458
100.0,62.5,3.375,0.1336131335522192
100.0,62.5,3.4,0.1238809050098297
100.0,62.5,3.425,0.11378672278372592
100.0,62.5,3.45,0.10326846229582977
100.0,62.5,3.475,0.09225472011097205
100.0,62.5,3.5,0.08066255505352317
100.0,62.5,3.525,0.06839460346124693
100.0,62.5,3.55,0.055335348887973375
100.0,62.5,3.575,0.04134623555230994
100.0,62.5,3.6,0.026259179238348942
100.0,62.5,3.625,0.009867823885592247
100.0,62.5,3.65,-0.008084425025041881
100.0,62.5,3.675,-0.02792105840251563
100.0,62.5,3.7,-0.050056083388847976
100.0,62.5,3.725,-0.07502819413481288
100.0,62.5,3.75,-0.10355129670827401
100.0,62.5,3.775,-0.13659098707582143
100.0,62.5,3.8,-0.17548319097911022
100.0,65.0,2.4,0.8689697974198195
100.0,65.0,2.425,0.7659863434210339
100.0,65.0,2.45,0.6901225424908422
100.0,65.0,2.475,0.6315830435719425
100.0,65.0,2.5,0.5847630679497504
100.0,65.0,2.525,0.5462368367347694
100.0,65.0,2.55,0.5137929617277484
100.0,65.0,2.575,0.4859259201055077
100.0,65.0,2.6,0.46159586810259573
100.0,65.0,2.625,0.44005505921730925
100.0,65.0,2.65,0.42074947832545495
100.0,65.0,2.675,0.4032604825729627
100.0,65.0,2.7,0.3872657872014316
100.0,65.0,2.725,0.37251472756780063
100.0,65.0,2.75,0.3588121408865017
100.0,65.0,2.775,0.3460091484581422
100.0,65.0,2.8,0.333994447272814
100.0,65.0,2.825,0.3226701713423712
100.0,65.0,2.85,0.31191961041266547
100.0,65.0,2.875,0.3016219485193817
100.0,65.0,2.9,0.2916925581733136
100.0,65.0,2.925,0.28207979210574774
100.0,65.0,2.95,0.2727438106905104
100.0,65.0,2.975,0.26364724332295886
100.0,65.0,3.0,0.2547539689831435
100.0,65.0,3.025,0.2460300404317294
100.0,65.0,3.05,0.2374424679420033
100.0,65.0,3.075,0.22893196379683423
100.0,65.0,3.1,0.22051596620921343
100.0,65.0,3.125,0.2121403334147962
100.0,65.0,3.15,0.20377603851313103
100.0,65.0,3.175,0.19539391706901663
100.0,65.0,3.2,0.1869640706039402
100.0,65.0,3.225,0.17845556466823845
100.0,65.0,3.25,0.1698359814393243
100.0,65.0,3.275,0.1610708880497767
100.0,65.0,3.3,0.15212322246702115
100.0,65.0,3.325,0.14295257804678566
100.0,65.0,3.35,0.13351435680707666
100.0,65.0,3.375,0.12375875107308577
100.0,65.0,3.4,0.1136295002898262
100.0,65.0,3.425,0.10306235241373393
100.0,65.0,3.45,0.0919831350315501
100.0,65.0,3.475,0.08030530693156798
100.0,65.0,3.5,0.06792681135270653
100.0,65.0,3.525,0.05472597997226341
100.0,65.0,3.55,0.0405561298997427
100.0,65.0,3.575,0.02523833528630338
100.0,65.0,3.6,0.00855160907497172
100.0,65.0,3.625,-0.009780653996163045
100.0,65.0,3.65,-0.03010973545877933
100.0,65.0,3.675,-0.05288891621380911
100.0,65.0,3.7,-0.07871350479841045
100.0,65.0,3.725,-0.1083808889897264
100.0,65.0,3.75,-0.14298300069242442
100.0,65.0,3.775,-0.1840527390952455
100.0,65.0,3.8,-0.23380269955127256
100.0,67.5,2.4,0.7326824626383975
100.0,67.5,2.425,0.6656345585890949
100.0,67.5,2.45,0.6129815735544378
100.0,67.5,2.475,0.5702768137164463
100.0,67.5,2.5,0.53472992989756
100.0,67.5,2.525,0.5045069767410344
100.0,67.5,2.55,0.47835015165986366
100.0,67.5,2.575,0.45535165145317097
100.0,67.5,2.6,0.4348644238247395
100.0,67.5,2.625,0.4164060089467986
100.0,67.5,2.65,0.39960693412786513
100.0,67.5,2.675,0.38418096016458797
100.0,67.5,2.7,0.3699047267511569
100.0,67.5,2.725,0.3566072743294715
100.0,67.5,2.75,0.34416218904356016
100.0,67.5,2.775,0.3324699273489384
100.0,67.5,2.8,0.32141931513259436
100.0,67.5,2.825,0.3108786042158009
100.0,67.5,2.85,0.3007434450037751
100.0,67.5,2.875,0.29095260500558834
100.0,67.5,2.9,0.2814642830893792
100.0,67.5,2.925,0.27224097620336746
100.0,67.5,2.95,0.26324730532524143
100.0,67.5,2.975,0.2544423408510416
100.0,67.5,3.0,0.24576832944632346
100.0,67.5,3.025,0.23724459085551108
100.0,67.5,3.05,0.22881331937173796
100.0,67.5,3.075,0.2204445880007819
100.0,67.5,3.1,0.21210953842290536
100.0,67.5,3.125,0.20377934820528407
100.0,67.5,3.15,0.19542492188045135
100.0,67.5,3.175,0.18701649416557625
100.0,67.5,3.2,0.1785231774989004
100.0,67.5,3.225,0.1699124596508633
100.0,67.5,3.25,0.16114964046320635
100.0,67.5,3.275,0.15219718806331303
100.0,67.5,3.3,0.14301398782400238
100.0,67.5,3.325,0.13355444934789348
100.0,67.5,3.35,0.12376742640711258
100.0,67.5,3.375,0.11359489068578164
100.0,67.5,3.4,0.10297028058260399
100.0,67.5,3.425,0.09181641868266477
100.0,67.5,3.45,0.08004285198426049
100.0,67.5,3.475,0.067542411712374
100.0,67.5,3.5,0.05418670541180091
100.0,67.5,3.525,0.03982012840191611
100.0,67.5,3.55,0.024251790867935125
100.0,67.5,3.575,0.007244461455819537
100.0,67.5,3.6,-0.011500838731663065
100.0,67.5,3.625,-0.03236671294028636
100.0,67.5,3.65,-0.05585110902114607
100.0,67.5,3.675,-0.08261438559487555
100.0,67.5,3.7,-0.1135509548502233
100.0,67.5,3.725,-0.14990145151089623
100.0,67.5,3.75,-0.19343382760178895
100.0,67.5,3.775,-0.2467453403107802
100.0,67.5,3.8,-0.3137820004504201
100.0,70.0,2.4,0.6462993694036482
100.0,70.0,2.425,0.5981931794026755
100.0,70.0,2.45,0.5587180840795587
100.0,70.0,2.475,0.5255415631770216
100.0,70.0,2.5,0.49710106504713686
100.0,70.0,2.525,0.4723157783641188
100.0,70.0,2.55,0.45040822568516475
100.0,70.0,2.575,0.4307863617711137
100.0,70.0,2.6,0.41302343426102406
100.0,70.0,2.625,0.39679198349582817
100.0,70.0,2.65,0.38183569063588785
100.0,70.0,2.675,0.3679564498511725
100.0,70.0,2.7,0.35500652606717564
100.0,70.0,2.725,0.3428787650370539
100.0,70.0,2.75,0.33146649639340453
100.0,70.0,2.775,0.32063105235181016
100.0,70.0,2.8,0.31024648382141784
100.0,70.0,2.825,0.3002384309881766
100.0,70.0,2.85,0.2905620866315652
100.0,70.0,2.875,0.281180249896212
100.0,70.0,2.9,0.272054195567102
100.0,70.0,2.925,0.2631048763067924
100.0,70.0,2.95,0.2543677088128312
100.0,70.0,2.975,0.2457803543761663
100.0,70.0,3.0,0.23730775642824745
100.0,70.0,3.025,0.22891999875741587
100.0,70.0,3.05,0.22058803083415285
100.0,70.0,3.075,0.21228325288499908
100.0,70.0,3.1,0.20397714112648932
100.0,70.0,3.125,0.19564083479592412
100.0,70.0,3.15,0.18724469320153883
100.0,70.0,3.175,0.1787578190019101
100.0,70.0,3.2,0.1701475355822866
100.0,70.0,3.225,0.1613788007247246
100.0,70.0,3.25,0.15241353336254504
100.0,70.0,3.275,0.14320982375451968
100.0,70.0,3.3,0.13372098895090984
100.0,70.0,3.325,0.12389442392475852
100.0,70.0,3.35,0.1136701828379964
100.0,70.0,3.375,0.10297920262088231
100.0,70.0,3.4,0.0917410494024802
100.0,70.0,3.425,0.07986102282253725
100.0,70.0,3.45,0.06722638687354712
100.0,70.0,3.475,0.05370139759917936
100.0,70.0,3.5,0.039120649885569014
100.0,70.0,3.525,0.023280038417623543
100.0,70.0,3.55,0.005924272348933918
100.0,70.0,3.575,-0.013270685523081839
100.0,70.0,3.6,-0.03472281624955093
100.0,70.0,3.625,-0.05898100755582837
100.0,70.0,3.65,-0.08678062250405644
100.0,70.0,3.675,-0.11912934920678918
100.0,70.0,3.7,-0.15744389726454786
100.0,70.0,3.725,-0.20377494194088402
100.0,70.0,3.75,-0.26119026522141825
100.0,70.0,3.775,-0.3344483732053171
100.0,70.0,3.8,-0.4311995520752324
100.0,72.5,2.4,0.5864721301177516
100.0,72.5,2.425,0.5495565205881082
100.0,72.5,2.45,0.5182777117816082
100.0,72.5,2.475,0.4912784327256692
100.0,72.5,2.5,0.46760468144965417
100.0,72.5,2.525,0.44657323709252666
100.0,72.5,2.55,0.4276701138359255
100.0,72.5,2.575,0.4104813460164537
100.0,72.5,2.6,0.3947158746314127
100.0,72.5,2.625,0.38014779083112665
100.0,72.5,2.65,0.36660524232674147
100.0,72.5,2.675,0.353965038128377
100.0,72.5,2.7,0.34212078928869416
100.0,72.5,2.725,0.33093181924835263
100.0,72.5,2.75,0.32024859131697436
100.0,72.5,2.775,0.3099794276764943
100.0,72.5,2.8,0.30007537498345593
100.0,72.5,2.825,0.29049882057307985
100.0,72.5,2.85,0.28117921970356685
100.0,72.5,2.875,0.27209774162716105
100.0,72.5,2.9,0.26324640916370057
100.0,72.5,2.925,0.25456702881253696
100.0,72.5,2.95,0.24602600011066617
100.0,72.5,2.975,0.23759260812477911
100.0,72.5,3.0,0.22923738228864088
100.0,72.5,3.025,0.22093166596689562
100.0,72.5,3.05,0.21264721389499466
100.0,72.5,3.075,0.2043557731623002
100.0,72.5,3.1,0.19602864794347907
100.0,72.5,3.125,0.1876362420093795
100.0,72.5,3.15,0.1791475674345337
100.0,72.5,3.175,0.17052970365289596
100.0,72.5,3.2,0.1617471867439305
100.0,72.5,3.225,0.15276130362084778
100.0,72.5,3.25,0.1435292588987166
100.0,72.5,3.275,0.13400317283396063
100.0,72.5,3.3,0.12412885578355436
100.0,72.5,3.325,0.11384428659412617
100.0,72.5,3.35,0.10307769691065376
100.0,72.5,3.375,0.09174512711447
100.0,72.5,3.4,0.07974726710230663
100.0,72.5,3.425,0.06696531800254757
100.0,72.5,3.45,0.0532554957884948
100.0,72.5,3.475,0.03844162277904294
100.0,72.5,3.5,0.022304981938435234
100.0,72.5,3.525,0.004570179950773505
100.0,72.5,3.55,-0.015114929522397213
100.0,72.5,3.575,-0.03720836441804536
100.0,72.5,3.6,-0.062317245380552465
100.0,72.5,3.625,-0.09126367095868142
100.0,72.5,3.65,-0.12518804387399945
100.0,72.5,3.675,-0.1657163845778525
100.0,72.5,3.7,-0.21524059415104854
100.0,72.5,3.725,-0.2774029645961515
100.0,72.5,3.75,-0.3579406123396829
100.0,72.5,3.775,-0.46601557838596486
100.0,72.5,3.8,-0.6171151902675761
100.0,75.0,2.4,0.5423926643472707
100.0,75.0,2.425,0.5126386101141667
100.0,75.0,2.45,0.48680446576272457
100.0,75.0,2.475,0.4640364533334285
100.0,75.0,2.5,0.44371314624965136
100.0,75.0,2.525,0.4253821849980138
100.0,75.0,2.55,0.4086807052176893
100.0,75.0,2.575,0.39330136954057415
100.0,75.0,2.6,0.3790566452073862
100.0,75.0,2.625,0.36581049956218464
100.0,75.0,2.65,0.3534541594172207
100.0,75.0,2.675,0.341842696293843
100.0,75.0,2.7,0.3308040234874375
100.0,75.0,2.725,0.32022390034848774
100.0,75.0,2.75,0.3100464605121178
100.0,75.0,2.775,0.30022963897257327
100.0,75.0,2.8,0.29068662922856087
100.0,75.0,2.825,0.28143533544090826
100.0,75.0,2.85,0.2724357300997313
100.0,75.0,2.875,0.26363443121197666
100.0,75.0,2.9,0.2549964448758288
100.0,75.0,2.925,0.24648989484391975
100.0,75.0,2.95,0.2380845608121032
100.0,75.0,2.975,0.22975140034522942
100.0,75.0,3.0,0.22146212380190602
100.0,75.0,3.025,0.21318876758655372
100.0,75.0,3.05,0.20490326182107502
100.0,75.0,3.075,0.19657698580682367
100.0,75.0,3.1,0.1881803003300204
100.0,75.0,3.125,0.17968204246816352
100.0,75.0,3.15,0.17104896518901413
100.0,75.0,3.175,0.16224509990955166
100.0,75.0,3.2,0.15323101466447672
100.0,75.0,3.225,0.14396293295737567
100.0,75.0,3.25,0.1343916678850105
100.0,75.0,3.275,0.12446131153574143
100.0,75.0,3.3,0.1141075992005315
100.0,75.0,3.325,0.10325583892745013
100.0,75.0,3.35,0.09181825530948481
100.0,75.0,3.375,0.07969053574962516
100.0,75.0,3.4,0.06674727771790874
100.0,75.0,3.425,0.052835900457476714
100.0,75.0,3.45,0.03776837748708538
100.0,75.0,3.475,0.021309822147334418
100.0,75.0,3.5,0.003162439931072109
100.0,75.0,3.525,-0.017057488386050302
100.0,75.0,3.55,-0.03985335807279257
100.0,75.0,3.575,-0.06589896308668519
100.0,75.0,3.6,-0.09611682156874948
100.0,75.0,3.625,-0.13180272649906893
100.0,75.0,3.65,-0.17482958002382773
100.0,75.0,3.675,-0.2279858459180094
100.0,75.0,3.7,-0.29552071236970595
100.0,75.0,3.725,-0.38440511157306656
100.0,75.0,3.75,-0.5068755031877056
100.0,75.0,3.775,-0.6818895030750699
100.0,75.0,3.8,-0.9292559796758484
100.0,77.5,2.4,0.5083916048268884
100.0,77.5,2.425,0.48349680931418865
100.0,77.5,2.45,0.46146111833940445
100.0,77.5,2.475,0.4417146959134351
100.0,77.5,2.5,0.4238361465864945
100.0,77.5,2.525,0.40752429052005174
100.0,77.5,2.55,0.39249500729502573
100.0,77.5,2.575,0.37852952796726724
100.0,77.5,2.6,0.36555267828429294
100.0,77.5,2.625,0.3534360624517726
100.0,77.5,2.65,0.3419765281351839
100.0,77.5,2.675,0.33102724830116403
100.0,77.5,2.7,0.3205235539542658
100.0,77.5,2.725,0.3104175061012355
100.0,77.5,2.75,0.3006227807649774
100.0,77.5,2.775,0.29115414434985754
100.0,77.5,2.8,0.28197091190901846
100.0,77.5,2.825,0.27301540758410153
100.0,77.5,2.85,0.26425008009687956
100.0,77.5,2.875,0.2556414545430021
100.0,77.5,2.9,0.24715818203389903
100.0,77.5,2.925,0.23877047607589874
100.0,77.5,2.95,0.2304496590419621
100.0,77.5,2.975,0.22216772211098806
100.0,77.5,3.0,0.2138968896969449
100.0,77.5,3.025,0.20560918132830341
100.0,77.5,3.05,0.19727596048811083
100.0,77.5,3.075,0.18886745708363134
100.0,77.5,3.1,0.18035224754299634
100.0,77.5,3.125,0.17169667332677788
100.0,77.5,3.15,0.16286417431703032
100.0,77.5,3.175,0.1538145075359574
100.0,77.5,3.2,0.144502813257375
100.0,77.5,3.225,0.13487847885449814
100.0,77.5,3.25,0.12488373429630191
100.0,77.5,3.275,0.11445189000523269
100.0,77.5,3.3,0.10350509469417123
100.0,77.5,3.325,0.09195144298233111
100.0,77.5,3.35,0.079681192469905
100.0,77.5,3.375,0.0665617454273677
100.0,77.5,3.4,0.05243089163206091
100.0,77.5,3.425,0.03708756343780592
100.0,77.5,3.45,0.02027896629756987
100.0,77.5,3.475,0.0016823209838889217
100.0,77.5,3.5,-0.019121584417846504
100.0,77.5,3.525,-0.04268759606159717
100.0,77.5,3.55,-0.0697657633808856
100.0,77.5,3.575,-0.10139418309778228
100.0,77.5,3.6,-0.13904652234850026
100.0,77.5,3.625,-0.18486616226574634
100.0,77.5,3.65,-0.24209609792926814
100.0,77.5,3.675,-0.31615290223847503
100.0,77.5,3.7,-0.4157276590432776
100.0,77.5,3.725,-0.5552920061978829
100.0,77.5,3.75,-0.7570664492495784
100.0,77.5,3.775,-1.0212881888583418
100.0,77.5,3.8,-0.9472402630984431
100.0,80.0,2.4,0.48121053909195866
100.0,80.0,2.425,0.45976041730170963
100.0,80.0,2.45,0.440475809485928
100.0,80.0,2.475,0.42296541827088724
100.0,80.0,2.5,0.4069567319842054
100.0,80.0,2.525,0.3922515449106632
100.0,80.0,2.55,0.3785656307152318
100.0,80.0,2.575,0.3658022954912545
100.0,80.0,2.6,0.35383615181931516
100.0,80.0,2.625,0.34245454350241916
100.0,80.0,2.65,0.3315647057093279
100.0,80.0,2.675,0.3211175685945904
100.0,80.0,2.7,0.31103376228425383
100.0,80.0,2.725,0.3012983923738957
100.0,80.0,2.75,0.2918918251787407
100.0,80.0,2.775,0.2827467756370455
100.0,80.0,2.8,0.2738212897976532
100.0,80.0,2.825,0.26507972138932534
100.0,80.0,2.85,0.25648916860151133
100.0,80.0,2.875,0.2480187148582427
100.0,80.0,2.9,0.23963893113431856
100.0,80.0,2.925,0.23132141475727644
100.0,80.0,2.95,0.22303834317892485
100.0,80.0,2.975,0.21476203488751588
100.0,80.0,3.0,0.20646450735598654
100.0,80.0,3.025,0.19811701938870502
100.0,80.0,3.05,0.18968958302419262
100.0,80.0,3.075,0.1811504276497275
100.0,80.0,3.1,0.1724653956349763
100.0,80.0,3.125,0.1635972440915057
100.0,80.0,3.15,0.15450482073764038
100.0,80.0,3.175,0.14514207252514838
100.0,80.0,3.2,0.13545683257762617
100.0,80.0,3.225,0.1253893124962867
100.0,80.0,3.25,0.11487020080478967
100.0,80.0,3.275,0.10381823055701073
100.0,80.0,3.3,0.09213702421334379
100.0,80.0,3.325,0.07971094277737434
100.0,80.0,3.35,0.06639954434502186
100.0,80.0,3.375,0.05203007079899377
100.0,80.0,3.4,0.036387090415683665
100.0,80.0,3.425,0.01919796027733358
100.0,80.0,3.45,0.00011201646872630681
100.0,80.0,3.475,-0.021329857492733136
100.0,80.0,3.5,-0.045740754265104246
100.0,80.0,3.525,-0.07395726717137918
100.0,80.0,3.55,-0.10714764707805785
100.0,80.0,3.575,-0.14698320913059926
100.0,80.0,3.6,-0.1959974714109531
100.0,80.0,3.625,-0.25822595721572283
100.0,80.0,3.65,-0.3399995752715714
100.0,80.0,3.675,-0.45196084887809235
100.0,80.0,3.7,-0.611958071082061
100.0,80.0,3.725,-0.8421865501024571
100.0,80.0,3.75,-1.0710477990511396
100.0,80.0,3.775,-0.3401866597083913
100.0,80.0,3.8,1.2332234356290506
100.0,82.5,2.4,0.45883857119883037
100.0,82.5,2.425,0.43991684320228996
100.0,82.5,2.45,0.42270666112025845
100.0,82.5,2.475,0.4069760370801053
100.0,82.5,2.5,0.39255558797457013
100.0,82.5,2.525,0.37913711558938773
100.0,82.5,2.55,0.3664856958690051
100.0,82.5,2.575,0.35457401103602143
100.0,82.5,2.6,0.3432372616258108
100.0,82.5,2.625,0.33239184360249796
100.0,82.5,2.65,0.321971894550719
100.0,82.5,2.675,0.3119214088245086
100.0,82.5,2.7,0.3022442105082896
100.0,82.5,2.725,0.2928702265955001
100.0,82.5,2.75,0.28374866032577956
100.0,82.5,2.775,0.2748407238747057
100.0,82.5,2.8,0.2661114654490045
100.0,82.5,2.825,0.25752841748421196
100.0,82.5,2.85,0.24906101124520014
100.0,82.5,2.875,0.24068008407402441
100.0,82.5,2.9,0.23235741434651302
100.0,82.5,2.925,0.22406527315933053
100.0,82.5,2.95,0.21577598310163923
100.0,82.5,2.975,0.20746147212196406
100.0,82.5,3.0,0.19909280850134517
100.0,82.5,3.025,0.19063970092542828
100.0,82.5,3.05,0.1820699450494374
100.0,82.5,3.075,0.1733487942969719
100.0,82.5,3.1,0.16443822743613962
100.0,82.5,3.125,0.15529607811433616
100.0,82.5,3.15,0.14587498114294167
100.0,82.5,3.175,0.13612107565068102
100.0,82.5,3.2,0.12597238440746522
100.0,82.5,3.225,0.11535675884790988
100.0,82.5,3.25,0.1041892362747644
100.0,82.5,3.275,0.0923685926439218
100.0,82.5,3.3,0.07977278047329962
100.0,82.5,3.325,0.06625279933894132
100.0,82.5,3.35,0.05162432729220069
100.0,82.5,3.375,0.03565609678508263
100.0,82.5,3.4,0.018053445449963464
100.0,82.5,3.425,-0.0015654340994701505
100.0,82.5,3.45,-0.02370452488175524
100.0,82.5,3.475,-0.04904267666181731
100.0,82.5,3.5,-0.07851435916863546
100.0,82.5,3.525,-0.11344002883128096
100.0,82.5,3.55,-0.15578705335902274
100.0,82.5,3.575,-0.20858002339431192
100.0,82.5,3.6,-0.27650067513332405
100.0,82.5,3.625,-0.3672903141639858
100.0,82.5,3.65,-0.494128396720105
100.0,82.5,3.675,-0.6781515348202043
100.0,82.5,3.7,-0.9304710506807639
100.0,82.5,3.725,-0.9708205689716258
100.0,82.5,3.75,0.5358256724491968
100.0,82.5,3.775,1.31185520061517
100.0,82.5,3.8,1.1071415318667546
100.0,85.0,2.4,0.43997931679695235
100.0,85.0,2.425,0.42303506176713845
100.0,85.0,2.45,0.40759765890956345
100.0,85.0,2.475,0.39341286697788913
100.0,85.0,2.5,0.38011795682341115
100.0,85.0,2.525,0.36752645746912793
100.0,85.0,2.55,0.35561274119140523
100.0,85.0,2.575,0.34430751616187866
100.0,85.0,2.6,0.3334918530402091
100.0,85.0,2.625,0.32308832978554014
100.0,85.0,2.65,0.3130821216917946
100.0,85.0,2.675,0.30343333548446416
100.0,85.0,2.7,0.2940758200004244
100.0,85.0,2.725,0.28496487200507853
100.0,85.0,2.75,0.2760627861079726
100.0,85.0,2.775,0.26733507733861805
100.0,85.0,2.8,0.2587496165248295
100.0,85.0,2.825,0.25027608969315956
100.0,85.0,2.85,0.24188550680757157
100.0,85.0,2.875,0.23354973592279407
100.0,85.0,2.9,0.2252410538528725
100.0,85.0,2.925,0.21693170241943657
100.0,85.0,2.95,0.20859343714261883
100.0,85.0,2.975,0.2001970534118409
100.0,85.0,3.0,0.19171187309800988
100.0,85.0,3.025,0.18310517172297158
100.0,85.0,3.05,0.17434152223567045
100.0,85.0,3.075,0.16538202564511595
100.0,85.0,3.1,0.15618339054439231
100.0,85.0,3.125,0.14669681194829687
100.0,85.0,3.15,0.13686658341656863
100.0,85.0,3.175,0.12662835298399816
100.0,85.0,3.2,0.1159068996811035
100.0,85.0,3.225,0.10461325832367732
100.0,85.0,3.25,0.09264094778778881
100.0,85.0,3.275,0.0798609494047086
100.0,85.0,3.3,0.06611491716013464
100.0,85.0,3.325,0.05120581139214507
100.0,85.0,3.35,0.034884938460805134
100.0,85.0,3.375,0.016833133495226017
100.0,85.0,3.4,-0.0033662492905273816
100.0,85.0,3.425,-0.026267729033981047
100.0,85.0,3.45,-0.052624940689949475
100.0,85.0,3.475,-0.08348838302376253
100.0,85.0,3.5,-0.12038640542941112
100.0,85.0,3.525,-0.1656169322699285
100.0,85.0,3.55,-0.22267812267303042
100.0,85.0,3.575,-0.29721384179826077
100.0,85.0,3.6,-0.3987292522790683
100.0,85.0,3.625,-0.5433949267550561
100.0,85.0,3.65,-0.7540970680103594
100.0,85.0,3.675,-0.9975940768808169
100.0,85.0,3.7,-0.5347695150318863
100.0,85.0,3.725,1.111870230132306
100.0,85.0,3.75,1.2221740913173087
100.0,85.0,3.775,0.9817841718672148
100.0,85.0,3.8,0.7964579983678252
100.0,87.5,2.4,0.42398240157078937
100.0,87.5,2.425,0.4088140692224092
100.0,87.5,2.45,0.3947137063806316
100.0,87.5,2.475,0.38142487840369077
100.0,87.5,2.5,0.36886209161261185
100.0,87.5,2.525,0.35695862707134435
100.0,87.5,2.55,0.34565749943261803
100.0,87.5,2.575,0.33485859337402635
100.0,87.5,2.6,0.3244736749998514
100.0,87.5,2.625,0.3144918023266103
100.0,87.5,2.65,0.3048524424228981
100.0,87.5,2.675,0.2954977628907312
100.0,87.5,2.7,0.28638539038773286
100.0,87.5,2.725,0.277478123892085
100.0,87.5,2.75,0.2687418222836059
100.0,87.5,2.775,0.260144601550985
100.0,87.5,2.8,0.2516563081355333
100.0,87.5,2.825,0.24324803345517962
100.0,87.5,2.85,0.2348916486493659
100.0,87.5,2.875,0.22655935381093326
100.0,87.5,2.9,0.21822323048138836
100.0,87.5,2.925,0.20985478357778364
100.0,87.5,2.95,0.2014244569924199
100.0,87.5,2.975,0.19290110482819114
100.0,87.5,3.0,0.18425139704709484
100.0,87.5,3.025,0.17543913374665554
100.0,87.5,3.05,0.16642443578334998
100.0,87.5,3.075,0.1571627702683198
100.0,87.5,3.1,0.1476037564549824
100.0,87.5,3.125,0.1376896790633099
100.0,87.5,3.15,0.12735360964356354
100.0,87.5,3.175,0.11651699836782403
100.0,87.5,3.2,0.10508654299136978
100.0,87.5,3.225,0.09295006838181585
100.0,87.5,3.25,0.07997088760539348
100.0,87.5,3.275,0.06598054567624724
100.0,87.5,3.3,0.05076802330818707
100.0,87.5,3.325,0.03406525330569153
100.0,87.5,3.35,0.01552587284247995
100.0,87.5,3.375,-0.005305879069589147
100.0,87.5,3.4,-0.029041895240802997
100.0,87.5,3.425,-0.05652311325560098
100.0,87.5,3.45,-0.0889450398489694
100.0,87.5,3.475,-0.1280709620519539
100.0,87.5,3.5,-0.1765438226034548
100.0,87.5,3.525,-0.23851164152862991
100.0,87.5,3.55,-0.3208152202418075
100.0,87.5,3.575,-0.43512956016205506
100.0,87.5,3.6,-0.6009121270328511
100.0,87.5,3.625,-0.8367430637507999
100.0,87.5,3.65,-0.9754816167012873
100.0,87.5,3.675,0.24658847396133618
100.0,87.5,3.7,1.2644135818014421
100.0,87.5,3.725,1.0967478867275868
100.0,87.5,3.75,0.8761896368481799
100.0,87.5,3.775,0.7208969259506031
100.0,87.5,3.8,0.6123561830212371
100.0,90.0,2.4,0.4104898603211979
100.0,90.0,2.425,0.39634828098013547
100.0,90.0,2.45,0.3830402123088814
100.0,90.0,2.475,0.3704868498649899
100.0,90.0,2.5,0.35859915749421434
100.0,90.0,2.525,0.3472917327617416
100.0,90.0,2.55,0.33648861332769986
100.0,90.0,2.575,0.32611428691644523
100.0,90.0,2.6,0.3161361486731707
100.0,90.0,2.625,0.30649134619031315
100.0,90.0,2.65,0.29712693180273003
100.0,90.0,2.675,0.28800168768115686
100.0,90.0,2.7,0.2790788046718237
100.0,90.0,2.725,0.27032431323402095
100.0,90.0,2.75,0.2617064802245024
100.0,90.0,2.775,0.25319522359901575
100.0,90.0,2.8,0.24476163008385143
100.0,90.0,2.825,0.23637749276975473
100.0,90.0,2.85,0.22801485810967578
100.0,90.0,2.875,0.21964557307716076
100.0,90.0,2.9,0.21124081849040954
100.0,90.0,2.925,0.20277061205652827
100.0,90.0,2.95,0.19420326208389854
100.0,90.0,2.975,0.18550474921612742
100.0,90.0,3.0,0.17663800841363891
100.0,90.0,3.025,0.16756207612935844
100.0,90.0,3.05,0.15823105732992404
100.0,90.0,3.075,0.14859285244920628
100.0,90.0,3.1,0.13858756372104078
100.0,90.0,3.125,0.12814547185166042
100.0,90.0,3.15,0.11718448881125569
100.0,90.0,3.175,0.10560634100715043
100.0,90.0,3.2,0.09329294822186564
100.0,90.0,3.225,0.08009930298968616
100.0,90.0,3.25,0.06584565749852007
100.0,90.0,3.275,0.05030570808403492
100.0,90.0,3.3,0.0331899826394835
100.0,90.0,3.325,0.014121722893229398
100.0,90.0,3.35,-0.007398917441004219
100.0,90.0,3.375,-0.03204959258597981
100.0,90.0,3.4,-0.06077455149377281
100.0,90.0,3.425,-0.09493722701417219
100.0,90.0,3.45,-0.13655538595165528
100.0,90.0,3.475,-0.18871248522909334
100.0,90.0,3.5,-0.2563644139372992
100.0,90.0,3.525,-0.3478303485918314
100.0,90.0,3.55,-0.4774265229295457
100.0,90.0,3.575,-0.6674528239585009
100.0,90.0,3.6,-0.913681566693083
100.0,90.0,3.625,-0.7220566214261243
100.0,90.0,3.65,0.9215918833993078
100.0,90.0,3.675,1.2120242402887473
100.0,90.0,3.7,0.9787408398940253
100.0,90.0,3.725,0.7892144879321588
100.0,90.0,3.75,0.6585988607918235
100.0,90.0,3.775,0.5658670891557966
100.0,90.0,3.8,0.49683954127782815
100.0,92.5,2.4,0.39829674835554635
100.0,92.5,2.425,0.38496934414128015
100.0,92.5,2.45,0.37241077729977196
100.0,92.5,2.475,0.3605198727516005
100.0,92.5,2.5,0.349203823647216
100.0,92.5,2.525,0.3383797820001002
100.0,92.5,2.55,0.3279957820445292
100.0,92.5,2.575,0.3180049728885549
100.0,92.5,2.6,0.30834155127930246
100.0,92.5,2.625,0.29895559771949093
100.0,92.5,2.65,0.2898066420653312
100.0,92.5,2.675,0.28085817899643856
100.0,92.5,2.7,0.2720763744633605
100.0,92.5,2.725,0.2634295039132191
100.0,92.5,2.75,0.254887472597328
100.0,92.5,2.775,0.24642128391471732
100.0,92.5,2.8,0.23800257744813638
100.0,92.5,2.825,0.2296031743176688
100.0,92.5,2.85,0.2211946175367411
100.0,92.5,2.875,0.21274769481662467
100.0,92.5,2.9,0.20423192694712414
100.0,92.5,2.925,0.19561500166897822
100.0,92.5,2.95,0.18686212886865447
100.0,92.5,2.975,0.17793528717965834
100.0,92.5,3.0,0.16879232396324959
100.0,92.5,3.025,0.15938585935971022
100.0,92.5,3.05,0.14966193150508145
100.0,92.5,3.075,0.13955807854985944
100.0,92.5,3.1,0.12900205486557548
100.0,92.5,3.125,0.11790735351120303
100.0,92.5,3.15,0.10617098807554369
100.0,92.5,3.175,0.09366783338307748
100.0,92.5,3.2,0.08024398641330305
100.0,92.5,3.225,0.065707447262663
100.0,92.5,3.25,0.0498150144671316
100.0,92.5,3.275,0.03225349019194235
100.0,92.5,3.3,0.012612132367070561
100.0,92.5,3.325,-0.009658749757305456
100.0,92.5,3.35,-0.03531239392057323
100.0,92.5,3.375,-0.0654127302737249
100.0,92.5,3.4,-0.10151132231467401
100.0,92.5,3.425,-0.14593084896534775
100.0,92.5,3.45,-0.20230007451979637
100.0,92.5,3.475,-0.2765657205514277
100.0,92.5,3.5,-0.3788802672074097
100.0,92.5,3.525,-0.5266466412385196
100.0,92.5,3.55,-0.7423504672868573
100.0,92.5,3.575,-0.948273668277214
100.0,92.5,3.6,-0.11633664349016576
100.0,92.5,3.625,1.1962527244906653
100.0,92.5,3.65,1.102996608385352
100.0,92.5,3.675,0.8780456827576493
100.0,92.5,3.7,0.7177693769899511
100.0,92.5,3.725,0.6068790591910489
100.0,92.5,3.75,0.5267063621931186
100.0,92.5,3.775,0.4659423326504022
100.0,92.5,3.8,0.4179543087943207
100.0,95.0,2.4,0.3872153650530384
100.0,95.0,2.425,0.3746333206423182
100.0,95.0,2.45,0.36271875863658704
100.0,95.0,2.475,0.35137739262242174
100.0,95.0,2.5,0.34052580428968027
100.0,95.0,2.525,0.3301106994463155
100.0,95.0,2.55,0.3200898652530511
100.0,95.0,2.575,0.31039589596544803
100.0,95.0,2.6,0.3009772926710474
100.0,95.0,2.625,0.291794339013082
100.0,95.0,2.65,0.28281079858699254
100.0,95.0,2.675,0.27399292389711
100.0,95.0,2.7,0.26530895633015705
100.0,95.0,2.725,0.2567286688204876
100.0,95.0,2.75,0.24822290869127203
100.0,95.0,2.775,0.2397630933529964
100.0,95.0,2.8,0.2313207518677413
100.0,95.0,2.825,0.2228670583915505
100.0,95.0,2.85,0.21437234273934763
100.0,95.0,2.875,0.20580556197206581
100.0,95.0,2.9,0.19713371202864208
100.0,95.0,2.925,0.1883211536808525
100.0,95.0,2.95,0.1793288209306342
100.0,95.0,2.975,0.17011327403912122
100.0,95.0,3.0,0.16062522847606603
100.0,95.0,3.025,0.150809464502584
100.0,95.0,3.05,0.14060046896258102
100.0,95.0,3.075,0.1299224190809414
100.0,95.0,3.1,0.11868502962175305
100.0,95.0,3.125,0.10677966653052327
100.0,95.0,3.15,0.09407387976234952
100.0,95.0,3.175,0.08040393065656873
100.0,95.0,3.2,0.06556440252384538
100.0,95.0,3.225,0.04929347787421962
100.0,95.0,3.25,0.03125163483131238
100.0,95.0,3.275,0.010990098002763918
100.0,95.0,3.3,-0.012097213699050778
100.0,95.0,3.325,-0.03885002193391074
100.0,95.0,3.35,-0.07046888571563953
100.0,95.0,3.375,-0.10872301208763853
100.0,95.0,3.4,-0.15630543100629443
100.0,95.0,3.425,-0.21750856440269367
100.0,95.0,3.45,-0.29950153575173927
100.0,95.0,3.475,-0.41469610263083617
100.0,95.0,3.5,-0.5837666607102614
100.0,95.0,3.525,-0.8207054669309439
100.0,95.0,3.55,-0.8525716804435504
100.0,95.0,3.575,0.6163053072461497
100.0,95.0,3.6,1.2080343534440912
100.0,95.0,3.625,0.992274912524969
100.0,95.0,3.65,0.7945451511864331
100.0,95.0,3.675,0.6588172695685552
100.0,95.0,3.7,0.5636182947428385
100.0,95.0,3.725,0.493507371565657
100.0,95.0,3.75,0.43946560578175853
100.0,95.0,3.775,0.3961605433539628
100.0,95.0,3.8,0.36029992279938555
100.0,97.5,2.4,0.3771494238114164
100.0,97.5,2.425,0.36519108965976177
100.0,97.5,2.45,0.3538063036316357
100.0,97.5,2.475,0.34291257187332097
100.0,97.5,2.5,0.33245404988078386
100.0,97.5,2.525,0.32238626845974433
100.0,97.5,2.55,0.31264822241723444
100.0,97.5,2.575,0.3031866634293564
100.0,97.5,2.6,0.2939599470834254
100.0,97.5,2.625,0.28493225494074526
100.0,97.5,2.65,0.27606990360746503
100.0,97.5,2.675,0.267341057408174
100.0,97.5,2.7,0.25871531372327977
100.0,97.5,2.725,0.2501632629772948
100.0,97.5,2.75,0.24165603717368006
100.0,97.5,2.775,0.2331648123034147
100.0,97.5,2.8,0.22466033301478533
100.0,97.5,2.825,0.2161124104226639
100.0,97.5,2.85,0.20748937504897616
100.0,97.5,2.875,0.19875746424150031
100.0,97.5,2.9,0.18988011929206916
100.0,97.5,2.925,0.18081717601876254
100.0,97.5,2.95,0.17152356253076603
100.0,97.5,2.975,0.16194888449222006
100.0,97.5,3.0,0.15203481317291284
100.0,97.5,3.025,0.14171378242013458
100.0,97.5,3.05,0.13090625106462458
100.0,97.5,3.075,0.11951736633888481
100.0,97.5,3.1,0.10743251323254165
100.0,97.5,3.125,0.09451129531717894
100.0,97.5,3.15,0.08057925678706346
100.0,97.5,3.175,0.06541628858914916
100.0,97.5,3.2,0.04874006399366058
100.0,97.5,3.225,0.030181848778933023
100.0,97.5,3.25,0.009250294020014546
100.0,97.5,3.275,-0.014724433984638425
100.0,97.5,3.3,-0.04268066647164231
100.0,97.5,3.325,-0.07597567113105642
100.0,97.5,3.35,-0.11663542109497194
100.0,97.5,3.375,-0.16779946621258204
100.0,97.5,3.4,-0.23456933318587256
100.0,97.5,3.425,-0.3256266616774543
100.0,97.5,3.45,-0.45612002288450404
100.0,97.5,3.475,-0.6493057492457875
100.0,97.5,3.5,-0.8864074251063975
100.0,97.5,3.525,-0.48723629315091727
100.0,97.5,3.55,1.0650655640290811
100.0,97.5,3.575,1.124844428953895
100.0,97.5,3.6,0.8950154861241757
100.0,97.5,3.625,0.7256871879436689
100.0,97.5,3.65,0.6098355598667743
100.0,97.5,3.675,0.5271672981250594
100.0,97.5,3.7,0.4651977887283151
100.0,97.5,3.725,0.41668308916428576
100.0,97.5,3.75,0.3772824802765973
100.0,97.5,3.775,0.344277866367624
100.0,97.5,3.8,0.31588659793772483
100.0,100.0,2.4,0.367931296643479
100.0,100.0,2.425,0.35648538921324974
100.0,100.0,2.45,0.34553347642288035
100.0,100.0,2.475,0.3350169095896431
100.0,100.0,2.5,0.32489111072489313
100.0,100.0,2.525,0.31509526922610726
100.0,100.0,2.55,0.3055792000117995
100.0,100.0,2.575,0.2962995915204594
100.0,100.0,2.6,0.28721906753579624
100.0,100.0,2.625,0.27830415136159403
100.0,100.0,2.65,0.269522907054696
100.0,100.0,2.675,0.26084471847390156
100.0,100.0,2.7,0.2522398779577348
100.0,100.0,2.725,0.243679145681943
100.0,100.0,2.75,0.23513328836913033
100.0,100.0,2.775,0.22657256553834637
100.0,100.0,2.8,0.21796621314333986
100.0,100.0,2.825,0.20928187874471005
100.0,100.0,2.85,0.20048500327672594
100.0,100.0,2.875,0.19153778372676178
100.0,100.0,2.9,0.18239922905242897
100.0,100.0,2.925,0.17302273413902297
100.0,100.0,2.95,0.16335575277020564
100.0,100.0,2.975,0.15333779390683622
100.0,100.0,3.0,0.14289832682115114
100.0,100.0,3.025,0.13195402278575236
100.0,100.0,3.05,0.12040511681810916
100.0,100.0,3.075,0.10813053673791036
100.0,100.0,3.1,0.0949812750574812
100.0,100.0,3.125,0.0807712110303917
100.0,100.0,3.15,0.06526415899196
100.0,100.0,3.175,0.04815520836147493
100.0,100.0,3.2,0.029043215681151608
100.0,100.0,3.225,0.0073891844472379386
100.0,100.0,3.25,-0.01754876292240128
100.0,100.0,3.275,-0.046821433970153925
100.0,100.0,3.3,-0.08196730411528921
100.0,100.0,3.325,-0.12531656335927432
100.0,100.0,3.35,-0.1805464027988859
100.0,100.0,3.375,-0.2537489150332301
100.0,100.0,3.4,-0.3554765359835572
100.0,100.0,3.425,-0.5040724925175731
100.0,100.0,3.45,-0.7222624332432889
100.0,100.0,3.475,-0.8966920880025979
100.0,100.0,3.5,0.16468467306639284
100.0,100.0,3.525,1.1910354331877258
100.0,100.0,3.55,1.0232791047789567
100.0,100.0,3.575,0.8132702014124461
100.0,100.0,3.6,0.6686884199241191
100.0,100.0,3.625,0.5688302552320572
100.0,100.0,3.65,0.49626342874048673
100.0,100.0,3.675,0.44094665584251325
100.0,100.0,3.7,0.39701215926382233
100.0,100.0,3.725,0.3608921781564146
100.0,100.0,3.75,0.33031389267544514
100.0,100.0,3.775,0.3037655122001621
100.0,100.0,3.8,0.2802016916422668
100.0,102.5,2.4,0.35941010226738934
100.0,102.5,2.425,0.3483842729105395
100.0,102.5,2.45,0.33779511843079996
100.0,102.5,2.475,0.32759836177158697
100.0,102.5,2.5,0.3177352055914654
100.0,102.5,2.525,0.30815270495652286
100.0,102.5,2.55,0.2988101119973419
100.0,102.5,2.575,0.2896685779403147
100.0,102.5,2.6,0.28069330471540915
100.0,102.5,2.625,0.27185238264592676
100.0,102.5,2.65,0.2631149587594833
100.0,102.5,2.675,0.2544509936045547
100.0,102.5,2.7,0.24583083686713567
100.0,102.5,2.725,0.23722477058431796
100.0,102.5,2.75,0.2286025191418101
100.0,102.5,2.775,0.21993269903323956
100.0,102.5,2.8,0.211181564769177
100.0,102.5,2.825,0.2023153913814119
100.0,102.5,2.85,0.19329395747777053
100.0,102.5,2.875,0.18407501163687234
100.0,102.5,2.9,0.1746106349371946
100.0,102.5,2.925,0.16484626581454248
100.0,102.5,2.95,0.15471892595882006
100.0,102.5,2.975,0.14415493066804258
100.0,102.5,3.0,0.1330669000696066
100.0,102.5,3.025,0.12134979820360088
100.0,102.5,3.05,0.10887559955415767
100.0,102.5,3.075,0.09548598554965426
100.0,102.5,3.1,0.08098216097348647
100.0,102.5,3.125,0.06511037252026965
100.0,102.5,3.15,0.04754086567025227
100.0,102.5,3.175,0.02783656414613462
100.0,102.5,3.2,0.005405163023166547
100.0,102.5,3.225,-0.020576636550885534
100.0,102.5,3.25,-0.051288193102763134
100.0,102.5,3.275,-0.08847853470772372
100.0,102.5,3.3,-0.13483864850134122
100.0,102.5,3.325,-0.1946945049250308
100.0,102.5,3.35,-0.2753551722814839
100.0,102.5,3.375,-0.3896768827148072
100.0,102.5,3.4,-0.5594368309154808
100.0,102.5,3.425,-0.7974688413265856
100.0,102.5,3.45,-0.7599867365768818
100.0,102.5,3.475,0.7886465842234421
100.0,102.5,3.5,1.1568567054985246
100.0,102.5,3.525,0.9284815635260429
100.0,102.5,3.55,0.7453890613670427
100.0,102.5,3.575,0.6213408398144342
100.0,102.5,3.6,0.5342700760712844
100.0,102.5,3.625,0.4699053130130409
100.0,102.5,3.65,0.4200778903721952
100.0,102.5,3.675,0.3799785313666083
100.0,102.5,3.7,0.3466384751233413
100.0,102.5,3.725,0.31813799770102913
100.0,102.5,3.75,0.2931825108530999
100.0,102.5,3.775,0.2708655209547529
100.0,102.5,3.8,0.2505301753833025
100.0,105.0,2.4,0.35146187814362134
100.0,105.0,2.425,0.34078635299989496
100.0,105.0,2.45,0.33050546558886806
100.0,105.0,2.475,0.3205638380527221
100.0,105.0,2.5,0.3109063930464148
100.0,105.0,2.525,0.301490225251615
100.0,105.0,2.55,0.2922787371470884
100.0,105.0,2.575,0.2832357131214415
100.0,105.0,2.6,0.27432805763832685
100.0,105.0,2.625,0.26552479198716095
100.0,105.0,2.65,0.256795522211392
100.0,105.0,2.675,0.24811015768095737
100.0,105.0,2.7,0.23943846172843772
100.0,105.0,2.725,0.23074957127465384
100.0,105.0,2.75,0.22201109069925143
100.0,105.0,2.775,0.2131898134261734
100.0,105.0,2.8,0.20424882334566585
100.0,105.0,2.825,0.19514846419473877
100.0,105.0,2.85,0.1858446614417296
100.0,105.0,2.875,0.17628779987718904
100.0,105.0,2.9,0.16642122228788417
100.0,105.0,2.925,0.15617931729507747
100.0,105.0,2.95,0.14548505029837858
100.0,105.0,2.975,0.13424672554372374
100.0,105.0,3.0,0.12235367215020786
100.0,105.0,3.025,0.10967040140251585
100.0,105.0,3.05,0.09602855486512485
100.0,105.0,3.075,0.08121559829350757
100.0,105.0,3.1,0.06495861829649671
100.0,105.0,3.125,0.046900571221520214
100.0,105.0,3.15,0.026564584084067824
100.0,105.0,3.175,0.0032987448439226125
100.0,105.0,3.2,-0.02381228197017433
100.0,105.0,3.225,-0.05609503320096379
100.0,105.0,3.25,-0.09554375861815634
100.0,105.0,3.275,-0.14527787286303798
100.0,105.0,3.3,-0.21040860313817913
100.0,105.0,3.325,-0.29974378897366766
100.0,105.0,3.35,-0.4289461672052873
100.0,105.0,3.375,-0.6227467287868355
100.0,105.0,3.4,-0.85933051711963
100.0,105.0,3.425,-0.35805974734739215
100.0,105.0,3.45,1.1084977122503612
100.0,105.0,3.475,1.072157498288535
100.0,105.0,3.5,0.84713087579973
100.0,105.0,3.525,0.689053287099086
100.0,105.0,3.55,0.5816378681935223
100.0,105.0,3.575,0.5049491591414236
100.0,105.0,3.6,0.44731580295185563
100.0,105.0,3.625,0.40206021059623753
100.0,105.0,3.65,0.3651975618211316
100.0,105.0,3.675,0.3342305762263893
100.0,105.0,3.7,0.30752136194509166
100.0,105.0,3.725,0.28395109588627127
100.0,105.0,3.75,0.26272708196996275
100.0,105.0,3.775,0.24326850917549056
100.0,105.0,3.8,0.225136087386553
100.0,107.5,2.4,0.3439892161418345
100.0,107.5,2.425,0.333611410950948
100.0,107.5,2.45,0.32357967397498216
100.0,107.5,2.475,0.3138375372395323
100.0,107.5,2.5,0.30434000460458477
100.0,107.5,2.525,0.29504904561028106
100.0,107.5,2.55,0.28593025127085675
100.0,107.5,2.575,0.27694912803420924
100.0,107.5,2.6,0.26807358793725106
100.0,107.5,2.625,0.2592729809199182
100.0,107.5,2.65,0.25051675713328453
100.0,107.5,2.675,0.24177410782144076
100.0,107.5,2.7,0.23301332059144375
100.0,107.5,2.725,0.2242020539946864
100.0,107.5,2.75,0.2153052318738441
100.0,107.5,2.775,0.20628550225301337
100.0,107.5,2.8,0.1971019271792616
100.0,107.5,2.825,0.1877089837617328
100.0,107.5,2.85,0.17805528445986107
100.0,107.5,2.875,0.1680819684718254
100.0,107.5,2.9,0.1577206488743332
100.0,107.5,2.925,0.14689075022853984
100.0,107.5,2.95,0.135495999888586
100.0,107.5,2.975,0.12341972827581416
100.0,107.5,3.0,0.11051846658925009
100.0,107.5,3.025,0.09661306718627423
100.0,107.5,3.05,0.08147614667693343
100.0,107.5,3.075,0.06481394735828096
100.0,107.5,3.1,0.046239512713398816
100.0,107.5,3.125,0.025231963731359355
100.0,107.5,3.15,0.001072805250816815
100.0,107.5,3.175,-0.02725731659590244
100.0,107.5,3.2,-0.06125359888617804
100.0,107.5,3.225,-0.10319622829841381
100.0,107.5,3.25,-0.15671413294118797
100.0,107.5,3.275,-0.22787173451520426
100.0,107.5,3.3,-0.3273246265246398
100.0,107.5,3.325,-0.47407905924684146
100.0,107.5,3.35,-0.693408648463562
100.0,107.5,3.375,-0.8685447547257026
100.0,107.5,3.4,0.2738414397708053
100.0,107.5,3.425,1.1790361390447748
100.0,107.5,3.45,0.9816095653260152
100.0,107.5,3.475,0.7786435731581951
100.0,107.5,3.5,0.6420891212452862
100.0,107.5,3.525,0.5481537786929578
100.0,107.5,3.55,0.4799376007696952
100.0,107.5,3.575,0.4278785780845992
100.0,107.5,3.6,0.3864630709168294
100.0,107.5,3.625,0.35235298661913256
100.0,107.5,3.65,0.3234257073260178
100.0,107.5,3.675,0.2982704113979895
100.0,107.5,3.7,0.27591172952187787
100.0,107.5,3.725,0.25565095528176335
100.0,107.5,3.75,0.23697079608941002
100.0,107.5,3.775,0.21947596978230427
100.0,107.5,3.8,0.2028548346970635
100.0,110.0,2.4,0.33691611869346744
100.0,110.0,2.425,0.3267825233601713
100.0,110.0,2.45,0.3169455529634715
100.0,110.0,2.475,0.3073579088960052
100.0,110.0,2.5,0.2979802823524431
100.0,110.0,2.525,0.2887770943186172
100.0,110.0,2.55,0.27971524707843304
100.0,110.0,2.575,0.2707612660845849
100.0,110.0,2.6,0.2618834313930763
100.0,110.0,2.625,0.2530505467411508
100.0,110.0,2.65,0.24423179971802847
100.0,110.0,2.675,0.23539472574112755
100.0,110.0,2.7,0.2265056539442892
100.0,110.0,2.725,0.2175289977169358
100.0,110.0,2.75,0.20842631477155063
100.0,110.0,2.775,0.19915541810867568
100.0,110.0,2.8,0.1896692767097145
100.0,110.0,2.825,0.17991465151694272
100.0,110.0,2.85,0.16983037604064424
100.0,110.0,2.875,0.1593451529328724
100.0,110.0,2.9,0.14837468317991892
100.0,110.0,2.925,0.13681786405953972
100.0,110.0,2.95,0.12455166926511615
100.0,110.0,2.975,0.1114241335151467
100.0,110.0,3.0,0.09724455989796979
100.0,110.0,3.025,0.08176957256679102
100.0,110.0,3.05,0.06468280791648871
100.0,110.0,3.075,0.045564608421169835
100.0,110.0,3.1,0.023845540708543757
100.0,110.0,3.125,-0.001267148953178813
100.0,110.0,3.15,-0.030910284592350033
100.0,110.0,3.175,-0.06677236406664386
100.0,110.0,3.2,-0.11146717506757252
100.0,110.0,3.225,-0.16923045998694233
100.0,110.0,3.25,-0.24728645208820318
100.0,110.0,3.275,-0.35856620019534463
100.0,110.0,3.3,-0.5258719839815146
100.0,110.0,3.325,-0.7679504368459399
100.0,110.0,3.35,-0.7459174850993646
100.0,110.0,3.375,0.8360243483413876
100.0,110.0,3.4,1.135305222182514
100.0,110.0,3.425,0.899460926558277
100.0,110.0,3.45,0.721475731032203
100.0,110.0,3.475,0.602714483237728
100.0,110.0,3.5,0.5197457795952973
100.0,110.0,3.525,0.45850366812776727
100.0,110.0,3.55,0.41110079822991363
100.0,110.0,3.575,0.3729360584440779
100.0,110.0,3.6,0.34118320413970504
100.0,110.0,3.625,0.31402015192928606
100.0,110.0,3.65,0.2902206583273014
100.0,110.0,3.675,0.26892738643693875
100.0,110.0,3.7,0.24951981515490235
100.0,110.0,3.725,0.23153403385845914
100.0,110.0,3.75,0.21461213539186605
100.0,110.0,3.775,0.19846914119647588
100.0,110.0,3.8,0.182870622207732
110.0,40.0,2.4,0.021977706554909618
110.0,40.0,2.425,-0.009242939633181188
110.0,40.0,2.45,-0.0462546092587865
110.0,40.0,2.475,-0.09118744729787652
110.0,40.0,2.5,-0.14731945819305756
110.0,40.0,2.525,-0.21993624951307178
110.0,40.0,2.55,-0.3180339550402454
110.0,40.0,2.575,-0.4578202820299149
110.0,40.0,2.6,-0.6693408170428667
110.0,40.0,2.625,-0.9956269519432999
110.0,40.0,2.65,-1.233467966896992
110.0,40.0,2.675,0.6620876298284075
110.0,40.0,2.7,1.6166726222831855
110.0,40.0,2.725,1.3027924708792598
110.0,40.0,2.75,1.0390116997216021
110.0,40.0,2.775,0.8659120573673251
110.0,40.0,2.8,0.747930020719645
110.0,40.0,2.825,0.662985003339901
110.0,40.0,2.85,0.5988677337134289
110.0,40.0,2.875,0.5485767573167697
110.0,40.0,2.9,0.5078793076912422
110.0,40.0,2.925,0.47408705227363057
110.0,40.0,2.95,0.44541793306108074
110.0,40.0,2.975,0.4206466507645642
110.0,40.0,3.0,0.3989039431435197
110.0,40.0,3.025,0.3795563928702654
110.0,40.0,3.05,0.3621319935046932
110.0,40.0,3.075,0.34627319363757664
110.0,40.0,3.1,0.33170759282723977
110.0,40.0,3.125,0.3182294291158245
110.0,40.0,3.15,0.3056805214197408
110.0,40.0,3.175,0.2939173273751292
110.0,40.0,3.2,0.2827893563953955
110.0,40.0,3.225,0.2721661439581038
110.0,40.0,3.25,0.2619586428673766
110.0,40.0,3.275,0.25210390988223713
110.0,40.0,3.3,0.24254875651301325
110.0,40.0,3.325,0.23324430438952082
110.0,40.0,3.35,0.22414509649010111
110.0,40.0,3.375,0.21520890650119565
110.0,40.0,3.4,0.2063964000528644
110.0,40.0,3.425,0.19767064417222172
110.0,40.0,3.45,0.1889965555332176
110.0,40.0,3.475,0.18034034167193166
110.0,40.0,3.5,0.17166895538836582
110.0,40.0,3.525,0.1629495638401221
110.0,40.0,3.55,0.15414902503221953
110.0,40.0,3.575,0.1452333643052947
110.0,40.0,3.6,0.13616710634726953
110.0,40.0,3.625,0.1269131141123139
110.0,40.0,3.65,0.11743126586836576
110.0,40.0,3.675,0.10767828167902384
110.0,40.0,3.7,0.09760668293180659
110.0,40.0,3.725,0.08716385564032118
110.0,40.0,3.75,0.07629091894373365
110.0,40.0,3.775,0.06492139061951112
110.0,40.0,3.8,0.052979628737963635
110.0,42.5,2.4,-0.03265799777797694
110.0,42.5,2.425,-0.07635634443117655
110.0,42.5,2.45,-0.13072542176395002
110.0,42.5,2.475,-0.20075439656742722
110.0,42.5,2.5,-0.29492749303721294
110.0,42.5,2.525,-0.42860510931601137
110.0,42.5,2.55,-0.6310735649814763
110.0,42.5,2.575,-0.9528997619741651
110.0,42.5,2.6,-1.313206920562562
110.0,42.5,2.625,0.29259347960218585
110.0,42.5,2.65,1.7005181164869128
110.0,42.5,2.675,1.3698838410797154
110.0,42.5,2.7,1.0785556505458285
110.0,42.5,2.725,0.89155929785914
110.0,42.5,2.75,0.766283725798651
110.0,42.5,2.775,0.6771682714082313
110.0,42.5,2.8,0.610482329161306
110.0,42.5,2.825,0.558512274394641
110.0,42.5,2.85,0.5166642131325724
110.0,42.5,2.875,0.4820533706429539
110.0,42.5,2.9,0.45278436305807085
110.0,42.5,2.925,0.4275632370678699
110.0,42.5,2.95,0.4054773744469294
110.0,42.5,2.975,0.3858648943701928
110.0,42.5,3.0,0.36823416983799445
110.0,42.5,3.025,0.3522128161494226
110.0,42.5,3.05,0.33751507935807035
110.0,42.5,3.075,0.32392149867266157
110.0,42.5,3.1,0.31126547103985625
110.0,42.5,3.125,0.29941591439547993
110.0,42.5,3.15,0.28824720304973195
110.0,42.5,3.175,0.27762646261309665
110.0,42.5,3.2,0.2674422231517376
110.0,42.5,3.225,0.25761922201531884
110.0,42.5,3.25,0.24810301108471597
110.0,42.5,3.275,0.23884653615039575
110.0,42.5,3.3,0.22980600450069444
110.0,42.5,3.325,0.22094029293823123
110.0,42.5,3.35,0.21221083805280536
110.0,42.5,3.375,0.20358137102625515
110.0,42.5,3.4,0.19501673084615231
110.0,42.5,3.425,0.18648613289598925
110.0,42.5,3.45,0.17795536452963193
110.0,42.5,3.475,0.16939341548563838
110.0,42.5,3.5,0.16076853953325893
110.0,42.5,3.525,0.15204840664996083
110.0,42.5,3.55,0.14319959859119588
110.0,42.5,3.575,0.13418706896548718
110.0,42.5,3.6,0.12497355621177246
110.0,42.5,3.625,0.11551893017580818
110.0,42.5,3.65,0.10577944874834617
110.0,42.5,3.675,0.09570689602376972
110.0,42.5,3.7,0.08524756716574941
110.0,42.5,3.725,0.07434105760860514
110.0,42.5,3.75,0.06291880635435698
110.0,42.5,3.775,0.05090234070566895
110.0,42.5,3.8,0.03820117274964564
110.0,45.0,2.4,-0.1118243896725941
110.0,45.0,2.425,-0.17856322404696337
110.0,45.0,2.45,-0.2676669966809504
110.0,45.0,2.475,-0.3931782364628552
110.0,45.0,2.5,-0.5822340203520239
110.0,45.0,2.525,-0.8870860099225201
110.0,45.0,2.55,-1.3231830272472778
110.0,45.0,2.575,-0.3247331351676453
110.0,45.0,2.6,1.7759872690214387
110.0,45.0,2.625,1.4626057757076711
110.0,45.0,2.65,1.1332022592103936
110.0,45.0,2.675,0.9263894999800528
110.0,45.0,2.7,0.7907355503730302
110.0,45.0,2.725,0.695702992885844
110.0,45.0,2.75,0.625376330506198
110.0,45.0,2.775,0.5710246201167248
110.0,45.0,2.8,0.5275407174313097
110.0,45.0,2.825,0.491761620643618
110.0,45.0,2.85,0.46163173401559715
110.0,45.0,2.875,0.43576009424083856
110.0,45.0,2.9,0.4131728157797179
110.0,45.0,2.925,0.39316788850176126
110.0,45.0,2.95,0.37522645007663663
110.0,45.0,2.975,0.3589567256409014
110.0,45.0,3.0,0.34405783041629845
110.0,45.0,3.025,0.330296470414895
110.0,45.0,3.05,0.3174925020779829
110.0,45.0,3.075,0.30550858904208905
110.0,45.0,3.1,0.29423348098919166
110.0,45.0,3.125,0.2835546840161251
110.0,45.0,3.15,0.27335349050234187
110.0,45.0,3.175,0.2635337499171707
110.0,45.0,3.2,0.2540310421744567
110.0,45.0,3.225,0.24479744356313882
110.0,45.0,3.25,0.23579106424012786
110.0,45.0,3.275,0.22697202766537394
110.0,45.0,3.3,0.21830258337077418
110.0,45.0,3.325,0.20974713472852022
110.0,45.0,3.35,0.20127185967698596
110.0,45.0,3.375,0.1928443878239969
110.0,45.0,3.4,0.18443338060343958
110.0,45.0,3.425,0.17600808455322814
110.0,45.0,3.45,0.16753787581767982
110.0,45.0,3.475,0.15899179759732163
110.0,45.0,3.5,0.1503380842167175
110.0,45.0,3.525,0.14154366099069488
110.0,45.0,3.55,0.1325736059022413
110.0,45.0,3.575,0.12339055609671659
110.0,45.0,3.6,0.11395403867610737
110.0,45.0,3.625,0.10421970077043247
110.0,45.0,3.65,0.0941384079436104
110.0,45.0,3.675,0.08365517221950995
110.0,45.0,3.7,0.07270786094073933
110.0,45.0,3.725,0.061225624924691587
110.0,45.0,3.75,0.04912696961012769
110.0,45.0,3.775,0.03631738419476808
110.0,45.0,3.8,0.02268643058295353
110.0,47.5,2.4,-0.23705804800049896
110.0,47.5,2.425,-0.3529542341448932
110.0,47.5,2.45,-0.5255269679396104
110.0,47.5,2.475,-0.8035701932135669
110.0,47.5,2.5,-1.2548223428622243
110.0,47.5,2.525,-1.0348539629493259
110.0,47.5,2.55,1.7691436242235241
110.0,47.5,2.575,1.5892477808519085
110.0,47.5,2.6,1.2077628525468365
110.0,47.5,2.625,0.9727098536263108
110.0,47.5,2.65,0.8224943115091314
110.0,47.5,2.675,0.7192806878923065
110.0,47.5,2.7,0.64397335317813
110.0,47.5,2.725,0.5863870497874788
110.0,47.5,2.75,0.5406921357010602
110.0,47.5,2.775,0.5033385330146358
110.0,47.5,2.8,0.47204973072715256
110.0,47.5,2.825,0.44530188140319504
110.0,47.5,2.85,0.42203758601567687
110.0,47.5,2.875,0.401500367287853
110.0,47.5,2.9,0.3831346582060337
110.0,47.5,2.925,0.3665231060434282
110.0,47.5,2.95,0.3513461216991533
110.0,47.5,2.975,0.33735540622518545
110.0,47.5,3.0,0.32435692554085205
110.0,47.5,3.025,0.3122004585843909
110.0,47.5,3.05,0.30077097573485206
110.0,47.5,3.075,0.2899714440963227
110.0,47.5,3.1,0.27969896813129946
110.0,47.5,3.125,0.2698464572062305
110.0,47.5,3.15,0.2603303070051178
110.0,47.5,3.175,0.25109501243356247
110.0,47.5,3.2,0.24209813728592466
110.0,47.5,3.225,0.2333013472133489
110.0,47.5,3.25,0.22466812124164262
110.0,47.5,3.275,0.21616356222812502
110.0,47.5,3.3,0.20775438194292328
110.0,47.5,3.325,0.1994087166081855
110.0,47.5,3.35,0.19109581064393047
110.0,47.5,3.375,0.1827856340284051
110.0,47.5,3.4,0.17444847034445163
110.0,47.5,3.425,0.166054489480777
110.0,47.5,3.45,0.15757330568799455
110.0,47.5,3.475,0.14897351446574483
110.0,47.5,3.5,0.14022219741139638
110.0,47.5,3.525,0.13128438083687485
110.0,47.5,3.55,0.12212243062088235
110.0,47.5,3.575,0.11269536176163675
110.0,47.5,3.6,0.10295803592537067
110.0,47.5,3.625,0.09286021343684168
110.0,47.5,3.65,0.08234541702467706
110.0,47.5,3.675,0.07134955245897269
110.0,47.5,3.7,0.05979921504107904
110.0,47.5,3.725,0.04760958918883895
110.0,47.5,3.75,0.03468182124178118
110.0,47.5,3.775,0.020899737508685033
110.0,47.5,3.8,0.006125706096486182
110.0,50.0,2.4,-0.4639830820640507
110.0,50.0,2.425,-0.7095917775550983
110.0,50.0,2.45,-1.1280796645581073
110.0,50.0,2.475,-1.4858266095379402
110.0,50.0,2.5,1.4360398146290188
110.0,50.0,2.525,1.75879053546996
110.0,50.0,2.55,1.3098912465689774
110.0,50.0,2.575,1.0341070888222808
110.0,50.0,2.6,0.8633857655605103
110.0,50.0,2.625,0.7489250668307176
110.0,50.0,2.65,0.6668934345156989
110.0,50.0,2.675,0.6049980952591776
110.0,50.0,2.7,0.5563865225160791
110.0,50.0,2.725,0.5169708397343694
110.0,50.0,2.75,0.4841721010672824
110.0,50.0,2.775,0.45628657217968077
110.0,50.0,2.8,0.43214479928818056
110.0,50.0,2.825,0.41091774469609804
110.0,50.0,2.85,0.3920012708942886
110.0,50.0,2.875,0.37494452253055705
110.0,50.0,2.9,0.3594040379943354
110.0,50.0,2.925,0.3451136398315316
110.0,50.0,2.95,0.3318651693252519
110.0,50.0,2.975,0.31949298453809094
110.0,50.0,3.0,0.3078718084301474
110.0,50.0,3.025,0.29690332308567985
110.0,50.0,3.05,0.28650063491829353
110.0,50.0,3.075,0.2765667346664218
110.0,50.0,3.1,0.26700430794976865
110.0,50.0,3.125,0.2577412355671777
110.0,50.0,3.15,0.24872932617688276
110.0,50.0,3.175,0.23993041664324916
110.0,50.0,3.2,0.23130922839507403
110.0,50.0,3.225,0.22283180578234166
110.0,50.0,3.25,0.2144654703323965
110.0,50.0,3.275,0.2061788251439105
110.0,50.0,3.3,0.1979415862800018
110.0,50.0,3.325,0.18972429104851934
110.0,50.0,3.35,0.181497942598783
110.0,50.0,3.375,0.17323362283507726
110.0,50.0,3.4,0.16490208499701314
110.0,50.0,3.425,0.1564733254300283
110.0,50.0,3.45,0.14791612744993318
110.0,50.0,3.475,0.13919756598924113
110.0,50.0,3.5,0.13028245825345122
110.0,50.0,3.525,0.12113274196329887
110.0,50.0,3.55,0.11170675828284458
110.0,50.0,3.575,0.10195841070100278
110.0,50.0,3.6,0.09183616338331038
110.0,50.0,3.625,0.08128183220002078
110.0,50.0,3.65,0.0702291082794629
110.0,50.0,3.675,0.05860173910969531
110.0,50.0,3.7,0.046311269308872687
110.0,50.0,3.725,0.03325356051063517
110.0,50.0,3.75,0.019306751840170493
110.0,50.0,3.775,0.004324791894525785
110.0,50.0,3.8,-0.011867839896875504
110.0,52.5,2.4,-0.9733777568497701
110.0,52.5,2.425,-1.5357346670185343
110.0,52.5,2.45,0.2978912233941928
110.0,52.5,2.475,1.9658148455518776
110.0,52.5,2.5,1.4520558228279221
110.0,52.5,2.525,1.1162884682916883
110.0,52.5,2.55,0.9161927323841446
110.0,52.5,2.575,0.7861489502478438
110.0,52.5,2.6,0.6950332830945307
110.0,52.5,2.625,0.6274256603392956
110.0,52.5,2.65,0.5750025210622713
110.0,52.5,2.675,0.5329214929314503
110.0,52.5,2.7,0.498187391545229
110.0,52.5,2.725,0.46885286601749293
110.0,52.5,2.75,0.4435986762877724
110.0,52.5,2.775,0.4214997531029769
110.0,52.5,2.8,0.40188822959334797
110.0,52.5,2.825,0.3842700191595789
110.0,52.5,2.85,0.36826973929756307
110.0,52.5,2.875,0.3536002349224821
110.0,52.5,2.9,0.34003525408963603
110.0,52.5,2.925,0.3273964388241077
110.0,52.5,2.95,0.3155434754671797
110.0,52.5,2.975,0.3043681810235657
110.0,52.5,3.0,0.29378591069328164
110.0,52.5,3.025,0.2837157053620872
110.0,52.5,3.05,0.27406425133423834
110.0,52.5,3.075,0.26474335041128905
110.0,52.5,3.1,0.2556911277444731
110.0,52.5,3.125,0.24686563731483338
110.0,52.5,3.15,0.2382321203956338
110.0,52.5,3.175,0.22975769223227993
110.0,52.5,3.2,0.22141042694800842
110.0,52.5,3.225,0.21315942195591267
110.0,52.5,3.25,0.2049748037462858
110.0,52.5,3.275,0.19682756063289966
110.0,52.5,3.3,0.18868926294621388
110.0,52.5,3.325,0.1805317242142255
110.0,52.5,3.35,0.1723266301736705
110.0,52.5,3.375,0.16404514406102588
110.0,52.5,3.4,0.15565748618918138
110.0,52.5,3.425,0.1471324798259832
110.0,52.5,3.45,0.13843705140874343
110.0,52.5,3.475,0.12953566984315906
110.0,52.5,3.5,0.12038970683215998
110.0,52.5,3.525,0.11095670118864298
110.0,52.5,3.55,0.10118955296877967
110.0,52.5,3.575,0.09103602088783164
110.0,52.5,3.6,0.080431143735247
110.0,52.5,3.625,0.06931288885292718
110.0,52.5,3.65,0.057598611041527276
110.0,52.5,3.675,0.04519581495800729
110.0,52.5,3.7,0.031995543150431724
110.0,52.5,3.725,0.017868400320290814
110.0,52.5,3.75,0.002659278131450967
110.0,52.5,3.775,-0.013819564930528622
110.0,52.5,3.8,-0.031797620526305435
110.0,55.0,2.4,-1.2480351555848128
110.0,55.0,2.425,2.09104703024417
110.0,55.0,2.45,1.6542030071398064
110.0,55.0,2.475,1.2287767072953792
110.0,55.0,2.5,0.9852992201617286
110.0,55.0,2.525,0.8332151508981489
110.0,55.0,2.55,0.7296918736113699
110.0,55.0,2.575,0.6544756405588935
110.0,55.0,2.6,0.5970693929655155
110.0,55.0,2.625,0.5515538801377734
110.0,55.0,2.65,0.5143542778231786
110.0,55.0,2.675,0.4831905094402498
110.0,55.0,2.7,0.4565418609084542
110.0,55.0,2.725,0.4333561404004086
110.0,55.0,2.75,0.4128804378565608
110.0,55.0,2.775,0.394565477919622
110.0,55.0,2.8,0.3779969239143441
110.0,55.0,2.825,0.3628580732433971
110.0,55.0,2.85,0.34890221096510265
110.0,55.0,2.875,0.3359346234346327
110.0,55.0,2.9,0.3238008744749422
110.0,55.0,2.925,0.3123797976634902
110.0,55.0,2.95,0.3015785525378967
110.0,55.0,2.975,0.2913220158205452
110.0,55.0,3.0,0.2815310889909175
110.0,55.0,3.025,0.27211469747266365
110.0,55.0,3.05,0.26299411170335113
110.0,55.0,3.075,0.25411701900001926
110.0,55.0,3.1,0.2454466337062667
110.0,55.0,3.125,0.2369508049942566
110.0,55.0,3.15,0.22859847657253518
110.0,55.0,3.175,0.22035931141092474
110.0,55.0,3.2,0.21220382283401315
110.0,55.0,3.225,0.2041033625750521
110.0,55.0,3.25,0.19602994212667252
110.0,55.0,3.275,0.18795595454780759
110.0,55.0,3.3,0.1798538438646731
110.0,55.0,3.325,0.17169574395144066
110.0,55.0,3.35,0.16345309352168297
110.0,55.0,3.375,0.15509622848234844
110.0,55.0,3.4,0.1465939688455777
110.0,55.0,3.425,0.13791342660999661
110.0,55.0,3.45,0.1290134332247239
110.0,55.0,3.475,0.11986366469637341
110.0,55.0,3.5,0.11041576080202653
110.0,55.0,3.525,0.10062127676065795
110.0,55.0,3.55,0.09042566711762577
110.0,55.0,3.575,0.079766654264214
110.0,55.0,3.6,0.06857261908013687
110.0,55.0,3.625,0.05676046576282406
110.0,55.0,3.65,0.04423289560280104
110.0,55.0,3.675,0.030874908635693133
110.0,55.0,3.7,0.016549268549920646
110.0,55.0,3.725,0.0010905572593572078
110.0,55.0,3.75,-0.015702708763358872
110.0,55.0,3.775,-0.03407864563401129
110.0,55.0,3.8,-0.054346298822927186
110.0,57.5,2.4,1.9415159506694313
110.0,57.5,2.425,1.388001170808336
110.0,57.5,2.45,1.0778936684021596
110.0,57.5,2.475,0.8936633868738818
110.0,57.5,2.5,0.7727993049968753
110.0,57.5,2.525,0.6872960021218892
110.0,57.5,2.55,0.6233249588264702
110.0,57.5,2.575,0.5733679571057083
110.0,57.5,2.6,0.5330248500299859
110.0,57.5,2.625,0.4995559531580839
110.0,57.5,2.65,0.4711644714102493
110.0,57.5,2.675,0.44663082607606114
110.0,57.5,2.7,0.42509171786906436
110.0,57.5,2.725,0.4059221682106775
110.0,57.5,2.75,0.38865767618485714
110.0,57.5,2.775,0.37294547241945486
110.0,57.5,2.8,0.35851262585976185
110.0,57.5,2.825,0.3451446800261958
110.0,57.5,2.85,0.3326713772222195
110.0,57.5,2.875,0.32095763111943587
110.0,57.5,2.9,0.30989838868287845
110.0,57.5,2.925,0.29941349615835733
110.0,57.5,2.95,0.2894331717563999
110.0,57.5,2.975,0.27987609510352024
110.0,57.5,3.0,0.27065377786374395
110.0,57.5,3.025,0.2616982287654777
110.0,57.5,3.05,0.2529658730002488
110.0,57.5,3.075,0.24442391277195594
110.0,57.5,3.1,0.23604205921678878
110.0,57.5,3.125,0.22779060473077445
110.0,57.5,3.15,0.21964044238087466
110.0,57.5,3.175,0.21156321247773777
110.0,57.5,3.2,0.20353125595422267
110.0,57.5,3.225,0.19551741858007793
110.0,57.5,3.25,0.18749478066627281
110.0,57.5,3.275,0.17943638492919786
110.0,57.5,3.3,0.1713152304521611
110.0,57.5,3.325,0.16309964574470498
110.0,57.5,3.35,0.1547601801208331
110.0,57.5,3.375,0.1462720042988871
110.0,57.5,3.4,0.13759629436451112
110.0,57.5,3.425,0.12869684643844218
110.0,57.5,3.45,0.11953355446631421
110.0,57.5,3.475,0.1100618310863796
110.0,57.5,3.5,0.10023165560225117
110.0,57.5,3.525,0.08998636953702197
110.0,57.5,3.55,0.0792611808713568
110.0,57.5,3.575,0.06798129568014617
110.0,57.5,3.6,0.05605956100973048
110.0,57.5,3.625,0.043393458228767334
110.0,57.5,3.65,0.029861223384226823
110.0,57.5,3.675,0.015316780532277266
110.0,57.5,3.7,-0.0004169587804128837
110.0,57.5,3.725,-0.017557073715190046
110.0,57.5,3.75,-0.03637282847450792
110.0,57.5,3.775,-0.05720246201686156
110.0,57.5,3.8,-0.08047660558949601
110.0,60.0,2.4,1.2063685550834486
110.0,60.0,2.425,0.9731498253464723
110.0,60.0,2.45,0.8273144253172836
110.0,60.0,2.475,0.7275988113588393
110.0,60.0,2.5,0.6548204618595539
110.0,60.0,2.525,0.599049749400735
110.0,60.0,2.55,0.5546741027462853
110.0,60.0,2.575,0.5182892923170768
110.0,60.0,2.6,0.4877214643638926
110.0,60.0,2.625,0.4615181628029485
110.0,60.0,2.65,0.4386707113032611
110.0,60.0,2.675,0.4184569510270461
110.0,60.0,2.7,0.40034598594494347
110.0,60.0,2.725,0.3839386667066775
110.0,60.0,2.75,0.3689288385884592
110.0,60.0,2.775,0.35507751064347254
110.0,60.0,2.8,0.3421956011530312
110.0,60.0,2.825,0.3301325667971757
110.0,60.0,2.85,0.31876963878569725
110.0,60.0,2.875,0.30801594693311374
110.0,60.0,2.9,0.2978011687027033
110.0,60.0,2.925,0.288055191922687
110.0,60.0,2.95,0.27869144392069556
110.0,60.0,2.975,0.2696270974265633
110.0,60.0,3.0,0.26080629810741895
110.0,60.0,3.025,0.2521927818098179
110.0,60.0,3.05,0.24375644838585314
110.0,60.0,3.075,0.23546820220864045
110.0,60.0,3.1,0.22729930665979073
110.0,60.0,3.125,0.21922163183577698
110.0,60.0,3.15,0.2112078004621291
110.0,60.0,3.175,0.20323125370693818
110.0,60.0,3.2,0.19526709250889263
110.0,60.0,3.225,0.18727304918831597
110.0,60.0,3.25,0.179248528017384
110.0,60.0,3.275,0.17115282238049484
110.0,60.0,3.3,0.16295778698571337
110.0,60.0,3.325,0.1546339481091527
110.0,60.0,3.35,0.14614963490838342
110.0,60.0,3.375,0.13747063125426598
110.0,60.0,3.4,0.12855959409070722
110.0,60.0,3.425,0.11937532873740493
110.0,60.0,3.45,0.10987191129272295
110.0,60.0,3.475,0.0999976216804809
110.0,60.0,3.5,0.08969363377800288
110.0,60.0,3.525,0.07889238973853932
110.0,60.0,3.55,0.06751555981535864
110.0,60.0,3.575,0.05547145292370472
110.0,60.0,3.6,0.042651691745003543
110.0,60.0,3.625,0.02892689173389917
110.0,60.0,3.65,0.014140974052281803
110.0,60.0,3.675,-0.0018964205581847161
110.0,60.0,3.7,-0.019420196764593386
110.0,60.0,3.725,-0.03872390773074125
110.0,60.0,3.75,-0.06017944708928238
110.0,60.0,3.775,-0.0842650124840068
110.0,60.0,3.8,-0.11160549636733932
110.0,62.5,2.4,0.8979118815466652
110.0,62.5,2.425,0.7779337558109705
110.0,62.5,2.45,0.693096580479478
110.0,62.5,2.475,0.6295894910918656
110.0,62.5,2.5,0.5799603866030096
110.0,62.5,2.525,0.5398499558975515
110.0,62.5,2.55,0.5065473223496463
110.0,62.5,2.575,0.47827039251924996
110.0,62.5,2.6,0.4538118982053869
110.0,62.5,2.625,0.43232187798353244
110.0,62.5,2.65,0.41318284896014296
110.0,62.5,2.675,0.3959355702894515
110.0,62.5,2.7,0.3802310325966934
110.0,62.5,2.725,0.3657992233886555
110.0,62.5,2.75,0.3524279246054045
110.0,62.5,2.775,0.33994844028563787
110.0,62.5,2.8,0.3282267334795198
110.0,62.5,2.825,0.3171586804352231
110.0,62.5,2.85,0.3066662044397757
110.0,62.5,2.875,0.29668404421627387
110.0,62.5,2.9,0.28713436752451865
110.0,62.5,2.925,0.27792625096624696
110.0,62.5,2.95,0.2689881449108384
110.0,62.5,2.975,0.26027636464132897
110.0,62.5,3.0,0.2517597593422362
110.0,62.5,3.025,0.24340969355462527
110.0,62.5,3.05,0.23519784667355145
110.0,62.5,3.075,0.22709658001981503
110.0,62.5,3.1,0.21908045942132262
110.0,62.5,3.125,0.21110436871177582
110.0,62.5,3.15,0.20316752591896817
110.0,62.5,3.175,0.1952371391413519
110.0,62.5,3.2,0.1872830798731967
110.0,62.5,3.225,0.17927939076374588
110.0,62.5,3.25,0.17119897881506757
110.0,62.5,3.275,0.1630134590954421
110.0,62.5,3.3,0.15469278634297645
110.0,62.5,3.325,0.14620478436404993
110.0,62.5,3.35,0.1375145894615652
110.0,62.5,3.375,0.128583994584205
110.0,62.5,3.4,0.1193706686477163
110.0,62.5,3.425,0.10982721564048623
110.0,62.5,3.45,0.09990002659303657
110.0,62.5,3.475,0.08952786218791856
110.0,62.5,3.5,0.07864008267048837
110.0,62.5,3.525,0.0671544120591882
110.0,62.5,3.55,0.054974081425792826
110.0,62.5,3.575,0.04198413509311248
110.0,62.5,3.6,0.028046594444304455
110.0,62.5,3.625,0.012994041544889852
110.0,62.5,3.65,-0.0033790154317334085
110.0,62.5,3.675,-0.021327940952150543
110.0,62.5,3.7,-0.04117436374173279
110.0,62.5,3.725,-0.06332936148182794
110.0,62.5,3.75,-0.08832689600853975
110.0,62.5,3.775,-0.11687304208333617
110.0,62.5,3.8,-0.1499200594550252
110.0,65.0,2.4,0.7404304441248551
110.0,65.0,2.425,0.6663924149533551
110.0,65.0,2.45,0.609818798687848
110.0,65.0,2.475,0.5648856606120097
110.0,65.0,2.5,0.5280926417462759
110.0,65.0,2.525,0.4972137610066562
110.0,65.0,2.55,0.4707661047277204
110.0,65.0,2.575,0.447713574752395
110.0,65.0,2.6,0.42732400516841923
110.0,65.0,2.625,0.40906103917587383
110.0,65.0,2.65,0.3925208271059233
110.0,65.0,2.675,0.377393720736438
110.0,65.0,2.7,0.36343804404350727
110.0,65.0,2.725,0.35046291627848747
110.0,65.0,2.75,0.3383166302672365
110.0,65.0,2.775,0.32687993447777003
110.0,65.0,2.8,0.31606290757685007
110.0,65.0,2.825,0.3057977788448294
110.0,65.0,2.85,0.2960151054693725
110.0,65.0,2.875,0.28662353388645295
110.0,65.0,2.9,0.2775359896672322
110.0,65.0,2.925,0.2686972768410829
110.0,65.0,2.95,0.2600733723038527
110.0,65.0,2.975,0.2516359709537275
110.0,65.0,3.0,0.24335814912190915
110.0,65.0,3.025,0.23521427789793914
110.0,65.0,3.05,0.22713994493463657
110.0,65.0,3.075,0.21916620003520965
110.0,65.0,3.1,0.21124056648997375
110.0,65.0,3.125,0.20333700725406298
110.0,65.0,3.15,0.1954302399909973
110.0,65.0,3.175,0.18749459605823354
110.0,65.0,3.2,0.17950378639257947
110.0,65.0,3.225,0.17143056910856785
110.0,65.0,3.25,0.16324635599003248
110.0,65.0,3.275,0.1549207649841172
110.0,65.0,3.3,0.14642110939838904
110.0,65.0,3.325,0.1377118063152431
110.0,65.0,3.35,0.12875368022548853
110.0,65.0,3.375,0.11950313062325604
110.0,65.0,3.4,0.10991112297718518
110.0,65.0,3.425,0.0999219498767601
110.0,65.0,3.45,0.08947169170772835
110.0,65.0,3.475,0.07848628175574107
110.0,65.0,3.5,0.06687904593900032
110.0,65.0,3.525,0.054547537522521096
110.0,65.0,3.55,0.04136941456643131
110.0,65.0,3.575,0.02719700052519443
110.0,65.0,3.6,0.011850007081812875
110.0,65.0,3.625,-0.004894348595966743
110.0,65.0,3.65,-0.023314985280895997
110.0,65.0,3.675,-0.043766124946251796
110.0,65.0,3.7,-0.06670475394026762
110.0,65.0,3.725,-0.09273081696841146
110.0,65.0,3.75,-0.12264744077078593
110.0,65.0,3.775,-0.15755349054220574
110.0,65.0,3.8,-0.19898970775541944
110.0,67.5,2.4,0.645564875363148
110.0,67.5,2.425,0.5942756110518549
110.0,67.5,2.45,0.5529887080036644
110.0,67.5,2.475,0.5188103230374635
110.0,67.5,2.5,0.4898627928139312
110.0,67.5,2.525,0.4648778245257978
110.0,67.5,2.55,0.442966188634497
110.0,67.5,2.575,0.42347430744048653
110.0,67.5,2.6,0.405927428511603
110.0,67.5,2.625,0.3899665997050381
110.0,67.5,2.65,0.3753133839065725
110.0,67.5,2.675,0.36174912819918636
110.0,67.5,2.7,0.34910023328226836
110.0,67.5,2.725,0.3372299112372848
110.0,67.5,2.75,0.32603379345086175
110.0,67.5,2.775,0.3154360085732441
110.0,67.5,2.8,0.3053712030496721
110.0,67.5,2.825,0.2957522666087427
110.0,67.5,2.85,0.286479343200515
110.0,67.5,2.875,0.27748246701664964
110.0,67.5,2.9,0.26872283143179465
110.0,67.5,2.925,0.2601735475099215
110.0,67.5,2.95,0.25180581678558184
110.0,67.5,2.975,0.2435483200927399
110.0,67.5,3.0,0.23544389296686238
110.0,67.5,3.025,0.22743477976951265
110.0,67.5,3.05,0.21949314279037677
110.0,67.5,3.075,0.21159344412019887
110.0,67.5,3.1,0.2037104212039411
110.0,67.5,3.125,0.19581879293226867
110.0,67.5,3.15,0.18789295056492075
110.0,67.5,3.175,0.17990660834543423
110.0,67.5,3.2,0.1718324197807382
110.0,67.5,3.225,0.16364155525415403
110.0,67.5,3.25,0.15530322974600913
110.0,67.5,3.275,0.14678416435796482
110.0,67.5,3.3,0.13804796031837796
110.0,67.5,3.325,0.12905435814886543
110.0,67.5,3.35,0.11975834687083146
110.0,67.5,3.375,0.1101090775977695
110.0,67.5,3.4,0.10004852136348971
110.0,67.5,3.425,0.08950979081214767
110.0,67.5,3.45,0.07841501681612088
110.0,67.5,3.475,0.0666726302531288
110.0,67.5,3.5,0.05417384000961266
110.0,67.5,3.525,0.04078801129745092
110.0,67.5,3.55,0.0263565184368407
110.0,67.5,3.575,0.010684448713926232
110.0,67.5,3.6,-0.006470772241927741
110.0,67.5,3.625,-0.025415247692883523
110.0,67.5,3.65,-0.04654116844138309
110.0,67.5,3.675,-0.07035956413828771
110.0,67.5,3.7,-0.09754896865242618
110.0,67.5,3.725,-0.12902961348308875
110.0,67.5,3.75,-0.16607978740368798
110.0,67.5,3.775,-0.21052402423610153
110.0,67.5,3.8,-0.2650474014595211
110.0,70.0,2.4,0.5820853214213156
110.0,70.0,2.425,0.5436629200331268
110.0,70.0,2.45,0.511562326806198
110.0,70.0,2.475,0.4841650782570051
110.0,70.0,2.5,0.46036115095668445
110.0,70.0,2.525,0.43936710238971627
110.0,70.0,2.55,0.4206108264237893
110.0,70.0,2.575,0.4036512535489243
110.0,70.0,2.6,0.3881642646725847
110.0,70.0,2.625,0.37389836497563905
110.0,70.0,2.65,0.3606538916941845
110.0,70.0,2.675,0.34827283084677396
110.0,70.0,2.7,0.3366327870217148
110.0,70.0,2.725,0.32564591799373604
110.0,70.0,2.75,0.31524611611506426
110.0,70.0,2.775,0.3053517226991604
110.0,70.0,2.8,0.2958533136834955
110.0,70.0,2.825,0.28666395550626034
110.0,70.0,2.85,0.2777388990123168
110.0,70.0,2.875,0.2690524958402201
110.0,70.0,2.9,0.26051717127992197
110.0,70.0,2.925,0.2521816704509458
110.0,70.0,2.95,0.2439974056504293
110.0,70.0,2.975,0.23592817114028417
110.0,70.0,3.0,0.22794681494691196
110.0,70.0,3.025,0.2200273882959606
110.0,70.0,3.05,0.21214452978015957
110.0,70.0,3.075,0.20427315023244622
110.0,70.0,3.1,0.19638810449477767
110.0,70.0,3.125,0.1884638402312738
110.0,70.0,3.15,0.18047402370912902
110.0,70.0,3.175,0.17239113678601956
110.0,70.0,3.2,0.16418603458913045
110.0,70.0,3.225,0.15582744937308357
110.0,70.0,3.25,0.14728142186834017
110.0,70.0,3.275,0.13851063636629618
110.0,70.0,3.3,0.12947362919192176
110.0,70.0,3.325,0.12012383135165275
110.0,70.0,3.35,0.11040839402253225
110.0,70.0,3.375,0.10026672874520848
110.0,70.0,3.4,0.08962867059892018
110.0,70.0,3.425,0.07841213911307024
110.0,70.0,3.45,0.06652012337866388
110.0,70.0,3.475,0.053836747254748
110.0,70.0,3.5,0.040222065823045876
110.0,70.0,3.525,0.02550508610688983
110.0,70.0,3.55,0.009474261816887276
110.0,70.0,3.575,-0.008135670031686998
110.0,70.0,3.6,-0.02766225598529916
110.0,70.0,3.625,-0.049542050774221795
110.0,70.0,3.65,-0.07434995872494161
110.0,70.0,3.675,-0.10285861542344799
110.0,70.0,3.7,-0.1361305468279129
110.0,70.0,3.725,-0.1756656617618763
110.0,70.0,3.75,-0.22364523504828207
110.0,70.0,3.775,-0.2833486806811845
110.0,70.0,3.8,-0.35987527013459186
110.0,72.5,2.4,0.5364577356716911
110.0,72.5,2.425,0.5060166742357095
110.0,72.5,2.45,0.47986622236707005
110.0,72.5,2.475,0.45701884827259226
110.0,72.5,2.5,0.4367682163754554
110.0,72.5,2.525,0.4186001285508246
110.0,72.5,2.55,0.40212488668553953
110.0,72.5,2.575,0.3870259189823145
110.0,72.5,2.6,0.37307408175732226
110.0,72.5,2.625,0.3600886932473815
110.0,72.5,2.65,0.34792744623015615
110.0,72.5,2.675,0.33648596185442814
110.0,72.5,2.7,0.32569146841205604
110.0,72.5,2.725,0.31546811112477646
110.0,72.5,2.75,0.30569934908473484
110.0,72.5,2.775,0.29627915554356327
110.0,72.5,2.8,0.28715537967424803
110.0,72.5,2.825,0.2782737591307895
110.0,72.5,2.85,0.26957883403473626
110.0,72.5,2.875,0.26111678227641405
110.0,72.5,2.9,0.25282473996214716
110.0,72.5,2.925,0.2446698598848456
110.0,72.5,2.95,0.23662411001663128
110.0,72.5,2.975,0.2286608753930733
110.0,72.5,3.0,0.22075443929332655
110.0,72.5,3.025,0.21287964648700397
110.0,72.5,3.05,0.20501156305734952
110.0,72.5,3.075,0.19712512278810598
110.0,72.5,3.1,0.18919475858979282
110.0,72.5,3.125,0.18119401324290266
110.0,72.5,3.15,0.17309511984883313
110.0,72.5,3.175,0.16486853905888546
110.0,72.5,3.2,0.1564824366798671
110.0,72.5,3.225,0.14790208102163077
110.0,72.5,3.25,0.13908913381409901
110.0,72.5,3.275,0.13000080107115486
110.0,72.5,3.3,0.12058880011495199
110.0,72.5,3.325,0.11079808495796281
110.0,72.5,3.35,0.10056525268808238
110.0,72.5,3.375,0.08981652589450523
110.0,72.5,3.4,0.0784651666639073
110.0,72.5,3.425,0.06640812032646115
110.0,72.5,3.45,0.05352160259030535
110.0,72.5,3.475,0.03965521698823399
110.0,72.5,3.5,0.024623996159374145
110.0,72.5,3.525,0.008197459410408938
110.0,72.5,3.55,-0.00991569995140857
110.0,72.5,3.575,-0.030089464114108646
110.0,72.5,3.6,-0.05281234711592248
110.0,72.5,3.625,-0.07873496561407349
110.0,72.5,3.65,-0.10874297628937867
110.0,72.5,3.675,-0.1440721158785972
110.0,72.5,3.7,-0.1864944599095093
110.0,72.5,3.725,-0.23862041036074863
110.0,72.5,3.75,-0.30435735590111257
110.0,72.5,3.775,-0.3902629966719945
110.0,72.5,3.8,-0.5075235899378303
110.0,75.0,2.4,0.5019186478459233
110.0,75.0,2.425,0.4767697280093127
110.0,75.0,2.45,0.4546932808091841
110.0,75.0,2.475,0.4350449359219112
110.0,75.0,2.5,0.41734890048315976
110.0,75.0,2.525,0.4012531130865298
110.0,75.0,2.55,0.38647761761667754
110.0,75.0,2.575,0.37278096199493693
110.0,75.0,2.6,0.36000399144979195
110.0,75.0,2.625,0.34802765499466426
110.0,75.0,2.65,0.3367702648071821
110.0,75.0,2.675,0.32615674718227294
110.0,75.0,2.7,0.3160658874680078
110.0,75.0,2.725,0.3063703992608045
110.0,75.0,2.75,0.29700426728343676
110.0,75.0,2.775,0.28788679602261896
110.0,75.0,2.8,0.27900636723380784
110.0,75.0,2.825,0.2703821228962831
110.0,75.0,2.85,0.26195328682597335
110.0,75.0,2.875,0.2536855604452598
110.0,75.0,2.9,0.2455495232952847
110.0,75.0,2.925,0.23751756376593547
110.0,75.0,2.95,0.22956330375488124
110.0,75.0,2.975,0.22166123237057136
110.0,75.0,3.0,0.21378635033221893
110.0,75.0,3.025,0.20591380971728543
110.0,75.0,3.05,0.1980185464171689
110.0,75.0,3.075,0.19007489960059604
110.0,75.0,3.1,0.18205620915180737
110.0,75.0,3.125,0.17393437926897545
110.0,75.0,3.15,0.16567939357653622
110.0,75.0,3.175,0.15725876365744673
110.0,75.0,3.2,0.14863688835690123
110.0,75.0,3.225,0.13977429502642605
110.0,75.0,3.25,0.13062672540777095
110.0,75.0,3.275,0.12114401717670727
110.0,75.0,3.3,0.11126871593539604
110.0,75.0,3.325,0.10093432964779753
110.0,75.0,3.35,0.09006310511015064
110.0,75.0,3.375,0.07856315934425974
110.0,75.0,3.4,0.06632473046070599
110.0,75.0,3.425,0.053215210894137804
110.0,75.0,3.45,0.039072472046706656
110.0,75.0,3.475,0.023695751981917035
110.0,75.0,3.5,0.006833003925302182
110.0,75.0,3.525,-0.011836998661419228
110.0,75.0,3.55,-0.03273049638716697
110.0,75.0,3.575,-0.05639688269695068
110.0,75.0,3.6,-0.0835763525186506
110.0,75.0,3.625,-0.11528892113705196
110.0,75.0,3.65,-0.1529723386393125
110.0,75.0,3.675,-0.19869176686566478
110.0,75.0,3.7,-0.2556671149885435
110.0,75.0,3.725,-0.329159819206142
110.0,75.0,3.75,-0.4273853383534436
110.0,75.0,3.775,-0.56442407200937
110.0,75.0,3.8,-0.76308861646352
110.0,77.5,2.4,0.4747211428575216
110.0,77.5,2.425,0.45326063696517327
110.0,77.5,2.45,0.43409329286979526
110.0,77.5,2.475,0.4167757854702174
110.0,77.5,2.5,0.4009744804575927
110.0,77.5,2.525,0.3864458461330715
110.0,77.5,2.55,0.37297322881313344
110.0,77.5,2.575,0.3603696707770743
110.0,77.5,2.6,0.3485606121540556
110.0,77.5,2.625,0.33748294676813506
110.0,77.5,2.65,0.3270103866410492
110.0,77.5,2.675,0.31698586752588714
110.0,77.5,2.7,0.30732539598804587
110.0,77.5,2.725,0.29794667212451814
110.0,77.5,2.75,0.2888339790102233
110.0,77.5,2.775,0.28001129602546676
110.0,77.5,2.8,0.2714140132624322
110.0,77.5,2.825,0.26300410871512514
110.0,77.5,2.85,0.2547502043971878
110.0,77.5,2.875,0.24662330669345375
110.0,77.5,2.9,0.23859603674256685
110.0,77.5,2.925,0.23064221437091198
110.0,77.5,2.95,0.22273647912063355
110.0,77.5,2.975,0.21485391722563044
110.0,77.5,3.0,0.20696968958690887
110.0,77.5,3.025,0.19905865474118298
110.0,77.5,3.05,0.19109497800239342
110.0,77.5,3.075,0.18305171560706593
110.0,77.5,3.1,0.174900360410454
110.0,77.5,3.125,0.16661033293459623
110.0,77.5,3.15,0.15814839790930146
110.0,77.5,3.175,0.14947798141406501
110.0,77.5,3.2,0.1405583567656079
110.0,77.5,3.225,0.1313436576448996
110.0,77.5,3.25,0.12178166353225701
110.0,77.5,3.275,0.11181228371431613
110.0,77.5,3.3,0.10136563952587092
110.0,77.5,3.325,0.09035960639447507
110.0,77.5,3.35,0.07869662192325336
110.0,77.5,3.375,0.06625948460686176
110.0,77.5,3.4,0.052905745257323535
110.0,77.5,3.425,0.038460105966579346
110.0,77.5,3.45,0.022703949659682986
110.0,77.5,3.475,0.005360659464214521
110.0,77.5,3.5,-0.013925364333703196
110.0,77.5,3.525,-0.035619314462273205
110.0,77.5,3.55,-0.06034153126675865
110.0,77.5,3.575,-0.08893618887981473
110.0,77.5,3.6,-0.12257477678176988
110.0,77.5,3.625,-0.16294635458646436
110.0,77.5,3.65,-0.21269259274369443
110.0,77.5,3.675,-0.27578131067208195
110.0,77.5,3.7,-0.35857310951967064
110.0,77.5,3.725,-0.4718654458568265
110.0,77.5,3.75,-0.634037717963266
110.0,77.5,3.775,-0.87055869287138
110.0,77.5,3.8,-1.1350488965426704
110.0,80.0,2.4,0.4526216419936971
110.0,80.0,2.425,0.43383061672715745
110.0,80.0,2.45,0.41680763836916884
110.0,80.0,2.475,0.4012369337484952
110.0,80.0,2.5,0.3868883713833298
110.0,80.0,2.525,0.3736067652091367
110.0,80.0,2.55,0.3611884547589973
110.0,80.0,2.575,0.34953465179543375
110.0,80.0,2.6,0.3385964435434032
110.0,80.0,2.625,0.3281832634637511
110.0,80.0,2.65,0.318172561558024
110.0,80.0,2.675,0.30849622643690394
110.0,80.0,2.7,0.2991063574065571
110.0,80.0,2.725,0.2900432828575024
110.0,80.0,2.75,0.2812423824135162
110.0,80.0,2.775,0.2726582450599739
110.0,80.0,2.8,0.26425666129020314
110.0,80.0,2.825,0.2560067991089835
110.0,80.0,2.85,0.24787990455454414
110.0,80.0,2.875,0.23984878961023848
110.0,80.0,2.9,0.23188741771542545
110.0,80.0,2.925,0.223970510369368
110.0,80.0,2.95,0.21607316402748206
110.0,80.0,2.975,0.2081704705136039
110.0,80.0,3.0,0.20023713211832386
110.0,80.0,3.025,0.19224706054146992
110.0,80.0,3.05,0.1841729469751022
110.0,80.0,3.075,0.17598578845322543
110.0,80.0,3.1,0.1676543526948006
110.0,80.0,3.125,0.15914455963038107
110.0,80.0,3.15,0.15041875215642325
110.0,80.0,3.175,0.14143482077476946
110.0,80.0,3.2,0.13214513575981607
110.0,80.0,3.225,0.12249522505686884
110.0,80.0,3.25,0.11242211432436018
110.0,80.0,3.275,0.1018522144678719
110.0,80.0,3.3,0.09069859717653479
110.0,80.0,3.325,0.07885743331497604
110.0,80.0,3.35,0.06620327132949785
110.0,80.0,3.375,0.05258268492531008
110.0,80.0,3.4,0.037805591246806845
110.0,80.0,3.425,0.02163318275553268
110.0,80.0,3.45,0.003760844722191479
110.0,80.0,3.475,-0.016206487830118604
110.0,80.0,3.5,-0.038790530082211644
110.0,80.0,3.525,-0.06469342527629159
110.0,80.0,3.55,-0.09488093665082127
110.0,80.0,3.575,-0.13074599220945812
110.0,80.0,3.6,-0.17438035160784524
110.0,80.0,3.625,-0.22887788034089937
110.0,80.0,3.65,-0.29916038782037285
110.0,80.0,3.675,-0.39343021632805353
110.0,80.0,3.7,-0.5257647609380068
110.0,80.0,3.725,-0.719250201743575
110.0,80.0,3.75,-0.9885807815366061
110.0,80.0,3.775,-1.0376477297185136
110.0,80.0,3.8,0.5855175016178512
110.0,82.5,2.4,0.4341891742099042
110.0,82.5,2.425,0.41738591658314395
110.0,82.5,2.45,0.40198880866425307
110.0,82.5,2.475,0.3877918695750649
110.0,82.5,2.5,0.37467882136466396
110.0,82.5,2.525,0.36247303606931397
110.0,82.5,2.55,0.350928901354318
110.0,82.5,2.575,0.3400245774953575
110.0,82.5,2.6,0.3296076643662363
110.0,82.5,2.625,0.31958117212754605
110.0,82.5,2.65,0.30987902587458593
110.0,82.5,2.675,0.3005241754978608
110.0,82.5,2.7,0.2914793095688881
110.0,82.5,2.725,0.28268541401079395
110.0,82.5,2.75,0.2741034936058837
110.0,82.5,2.775,0.26570026452340184
110.0,82.5,2.8,0.25744517472435074
110.0,82.5,2.825,0.24930965823254514
110.0,82.5,2.85,0.24126666337539382
110.0,82.5,2.875,0.2332902301835006
110.0,82.5,2.9,0.2253550888036594
110.0,82.5,2.925,0.21743627032069263
110.0,82.5,2.95,0.2095087211128246
110.0,82.5,2.975,0.20154691011901038
110.0,82.5,3.0,0.193524416805763
110.0,82.5,3.025,0.18541348588158194
110.0,82.5,3.05,0.17718453251504332
110.0,82.5,3.075,0.16880557859619966
110.0,82.5,3.1,0.16024159603630087
110.0,82.5,3.125,0.15145372670520932
110.0,82.5,3.15,0.14239833963448403
110.0,82.5,3.175,0.13302587351548956
110.0,82.5,3.2,0.12327939474987042
110.0,82.5,3.225,0.1130927760409537
110.0,82.5,3.25,0.1023883642110107
110.0,82.5,3.275,0.09107395310014423
110.0,82.5,3.3,0.07903879939147211
110.0,82.5,3.325,0.06614830212842618
110.0,82.5,3.35,0.05223678791834293
110.0,82.5,3.375,0.03709756604974034
110.0,82.5,3.4,0.020468980910849078
110.0,82.5,3.425,0.0020144731230648917
110.0,82.5,3.45,-0.018706385579868715
110.0,82.5,3.475,-0.042280863208512195
110.0,82.5,3.5,-0.06950990871163186
110.0,82.5,3.525,-0.10153180890434645
110.0,82.5,3.55,-0.1400124432303485
110.0,82.5,3.575,-0.18739616441625284
110.0,82.5,3.6,-0.247495923003656
110.0,82.5,3.625,-0.32654090438799005
110.0,82.5,3.65,-0.4351203545812082
110.0,82.5,3.675,-0.5914616888036133
110.0,82.5,3.7,-0.8210774733830468
110.0,82.5,3.725,-1.071909012265836
110.0,82.5,3.75,-0.3896059265271401
110.0,82.5,3.775,1.2412504092886356
110.0,82.5,3.8,1.2262054285791433
110.0,85.0,2.4,0.41846374923974056
110.0,85.0,2.425,0.4032007317801685
110.0,85.0,2.45,0.3891672365196984
110.0,85.0,2.475,0.37624759398145735
110.0,85.0,2.5,0.36415992534509506
110.0,85.0,2.525,0.352650864190874
110.0,85.0,2.55,0.3416971005772827
110.0,85.0,2.575,0.3312571490027442
110.0,85.0,2.6,0.32120887685545174
110.0,85.0,2.625,0.3115117872878265
110.0,85.0,2.65,0.3021726670977679
110.0,85.0,2.675,0.2931286066918497
110.0,85.0,2.7,0.2843301547967854
110.0,85.0,2.725,0.2757401739203679
110.0,85.0,2.75,0.26732579608620194
110.0,85.0,2.775,0.2590566718554748
110.0,85.0,2.8,0.2509043643658297
110.0,85.0,2.825,0.2428418905026138
110.0,85.0,2.85,0.2348432942721776
110.0,85.0,2.875,0.22688324065547993
110.0,85.0,2.9,0.218936621690696
110.0,85.0,2.925,0.21097816465464084
110.0,85.0,2.95,0.20298203058961212
110.0,85.0,2.975,0.1949213899225393
110.0,85.0,3.0,0.18676796008452964
110.0,85.0,3.025,0.17849148747658633
110.0,85.0,3.05,0.17005915247654166
110.0,85.0,3.075,0.1614348710083665
110.0,85.0,3.1,0.15257845890839672
110.0,85.0,3.125,0.14344461507809955
110.0,85.0,3.15,0.13398166496888056
110.0,85.0,3.175,0.12412998545236982
110.0,85.0,3.2,0.11382000279423228
110.0,85.0,3.225,0.10296961297820066
110.0,85.0,3.25,0.0914808113229961
110.0,85.0,3.275,0.07923522564249706
110.0,85.0,3.3,0.06608810912983046
110.0,85.0,3.325,0.051860084771069556
110.0,85.0,3.35,0.03632584131399032
110.0,85.0,3.375,0.01919778094686984
110.0,85.0,3.4,0.00010280501505644717
110.0,85.0,3.425,-0.02145212621701239
110.0,85.0,3.45,-0.04613280700553185
110.0,85.0,3.475,-0.07486833216141084
110.0,85.0,3.5,-0.10899634012746436
110.0,85.0,3.525,-0.15046122075621465
110.0,85.0,3.55,-0.20222900753476372
110.0,85.0,3.575,-0.26904605701968237
110.0,85.0,3.6,-0.35884122657919904
110.0,85.0,3.625,-0.4853388630038828
110.0,85.0,3.65,-0.6713415351932689
110.0,85.0,3.675,-0.9315047694123911
110.0,85.0,3.7,-0.9561425589663104
110.0,85.0,3.725,0.6667825705070508
110.0,85.0,3.75,1.2974069945612345
110.0,85.0,3.775,1.0616638702019718
110.0,85.0,3.8,0.8466878614224915
110.0,87.5,2.4,0.40489171911336425
110.0,87.5,2.425,0.39107249809392897
110.0,87.5,2.45,0.3782646583574369
110.0,87.5,2.475,0.3661423253157233
110.0,87.5,2.5,0.35460520333209705
110.0,87.5,2.525,0.3436156159760347
110.0,87.5,2.55,0.33313654821074934
110.0,87.5,2.575,0.32307410934483033
110.0,87.5,2.6,0.3133813068724571
110.0,87.5,2.625,0.3040379274180303
110.0,87.5,2.65,0.29498182449190974
110.0,87.5,2.675,0.2861679811574863
110.0,87.5,2.7,0.27756011084244187
110.0,87.5,2.725,0.2691255132452634
110.0,87.5,2.75,0.26083396988154645
110.0,87.5,2.775,0.25265710562532967
110.0,87.5,2.8,0.244567932756177
110.0,87.5,2.825,0.23654042593526747
110.0,87.5,2.85,0.22854911313151247
110.0,87.5,2.875,0.22056867679050546
110.0,87.5,2.9,0.21257355482250612
110.0,87.5,2.925,0.20453752891945562
110.0,87.5,2.95,0.19643328605391874
110.0,87.5,2.975,0.18823193693723475
110.0,87.5,3.0,0.17990247228269288
110.0,87.5,3.025,0.17141113353950457
110.0,87.5,3.05,0.16272066884694772
110.0,87.5,3.075,0.15378943662804204
110.0,87.5,3.1,0.14457030751108835
110.0,87.5,3.125,0.1350092986715485
110.0,87.5,3.15,0.1250438510295509
110.0,87.5,3.175,0.11460062572287338
110.0,87.5,3.2,0.10359264748595921
110.0,87.5,3.225,0.09191562932591134
110.0,87.5,3.25,0.07944247711824877
110.0,87.5,3.275,0.06601750678991451
110.0,87.5,3.3,0.05144597662321159
110.0,87.5,3.325,0.03548149721078711
110.0,87.5,3.35,0.0178070662893032
110.0,87.5,3.375,-0.0019924598773197284
110.0,87.5,3.4,-0.024471869162925
110.0,87.5,3.425,-0.05039252604232683
110.0,87.5,3.45,-0.08083334545465067
110.0,87.5,3.475,-0.11735008870899702
110.0,87.5,3.5,-0.16226347345366965
110.0,87.5,3.525,-0.21920791558541158
110.0,87.5,3.55,-0.294130315863725
110.0,87.5,3.575,-0.39719858785129475
110.0,87.5,3.6,-0.546095784776645
110.0,87.5,3.625,-0.7661901460211522
110.0,87.5,3.65,-1.008335140099107
110.0,87.5,3.675,-0.32091263230555434
110.0,87.5,3.7,1.213581934893415
110.0,87.5,3.725,1.1629630684991543
110.0,87.5,3.75,0.9199990631646919
110.0,87.5,3.775,0.7462909421795969
110.0,87.5,3.8,0.6270534076984946
110.0,90.0,2.4,0.39345765346025224
110.0,90.0,2.425,0.3805752657855802
110.0,90.0,2.45,0.3683680681390229
110.0,90.0,2.475,0.3567908580639886
110.0,90.0,2.5,0.3457794950286356
110.0,90.0,2.525,0.33526269846198214
110.0,90.0,2.55,0.32517620844418166
110.0,90.0,2.575,0.3154733557186757
110.0,90.0,2.6,0.3061107805516094
110.0,90.0,2.625,0.29703115871112307
110.0,90.0,2.65,0.28819163224744604
110.0,90.0,2.675,0.2795564002047627
110.0,90.0,2.7,0.2710929122974763
110.0,90.0,2.725,0.2627709447727218
110.0,90.0,2.75,0.2545621109315351
110.0,90.0,2.775,0.24643934721948138
110.0,90.0,2.8,0.23837648797066066
110.0,90.0,2.825,0.23034785555362594
110.0,90.0,2.85,0.2223278559696487
110.0,90.0,2.875,0.21429057120260717
110.0,90.0,2.9,0.20620933554635196
110.0,90.0,2.925,0.19805628094541655
110.0,90.0,2.95,0.18980183395210434
110.0,90.0,2.975,0.18141414352598226
110.0,90.0,3.0,0.17285841410918604
110.0,90.0,3.025,0.16409611164208132
110.0,90.0,3.05,0.15508400065791111
110.0,90.0,3.075,0.1457729571814015
110.0,90.0,3.1,0.13610648333106568
110.0,90.0,3.125,0.1260188261509394
110.0,90.0,3.15,0.11543245231023641
110.0,90.0,3.175,0.10425521959839905
110.0,90.0,3.2,0.09237563433348048
110.0,90.0,3.225,0.07965763846447324
110.0,90.0,3.25,0.06593271869967911
110.0,90.0,3.275,0.05098918669519209
110.0,90.0,3.3,0.03455695588189188
110.0,90.0,3.325,0.016285509749151307
110.0,90.0,3.35,-0.004288799729938384
110.0,90.0,3.375,-0.02779333261721036
110.0,90.0,3.4,-0.055101829786501515
110.0,90.0,3.425,-0.0874633555411122
110.0,90.0,3.45,-0.12670749834802714
110.0,90.0,3.475,-0.17563368392560655
110.0,90.0,3.5,-0.23872347403258512
110.0,90.0,3.525,-0.32348818791572687
110.0,90.0,3.55,-0.44301778373158707
110.0,90.0,3.575,-0.6194371235761956
110.0,90.0,3.6,-0.8693246727758102
110.0,90.0,3.625,-0.9061697951025891
110.0,90.0,3.65,0.6571522024720803
110.0,90.0,3.675,1.2452870324120837
110.0,90.0,3.7,1.0123394556699945
110.0,90.0,3.725,0.8067387338122665
110.0,90.0,3.75,0.6667241645557872
110.0,90.0,3.775,0.5688294171005144
110.0,90.0,3.8,0.4968611532164749
110.0,92.5,2.4,0.38312616415670664
110.0,92.5,2.425,0.3708489192747754
110.0,92.5,2.45,0.35922967355355345
110.0,92.5,2.475,0.3481853548891344
110.0,92.5,2.5,0.33763514734712596
110.0,92.5,2.525,0.3275106543243884
110.0,92.5,2.55,0.31777797309707256
110.0,92.5,2.575,0.30838385782154953
110.0,92.5,2.6,0.29927002265641073
110.0,92.5,2.625,0.29039500141185376
110.0,92.5,2.65,0.2817233467873616
110.0,92.5,2.675,0.2732226125564605
110.0,92.5,2.7,0.26486254908424545
110.0,92.5,2.725,0.2566146393864615
110.0,92.5,2.75,0.24845167515603883
110.0,92.5,2.775,0.24034728465561306
110.0,92.5,2.8,0.23227552004052485
110.0,92.5,2.825,0.2242104478667007
110.0,92.5,2.85,0.21612573139195387
110.0,92.5,2.875,0.20799419300580083
110.0,92.5,2.9,0.1997873412100369
110.0,92.5,2.925,0.19147484352805164
110.0,92.5,2.95,0.1830239228136939
110.0,92.5,2.975,0.17439864895755386
110.0,92.5,3.0,0.1655590903261737
110.0,92.5,3.025,0.15646027889412067
110.0,92.5,3.05,0.14705093675897873
110.0,92.5,3.075,0.1372717152351393
110.0,92.5,3.1,0.12705357120939764
110.0,92.5,3.125,0.11631444844452044
110.0,92.5,3.15,0.10495622393340506
110.0,92.5,3.175,0.0928598480021713
110.0,92.5,3.2,0.07987899124067677
110.0,92.5,3.225,0.06583126707414703
110.0,92.5,3.25,0.050485908333283674
110.0,92.5,3.275,0.03354611709407721
110.0,92.5,3.3,0.014623205899923076
110.0,92.5,3.325,-0.006802403714593393
110.0,92.5,3.35,-0.03144263384327815
110.0,92.5,3.375,-0.06030150979334443
110.0,92.5,3.4,-0.0948317192224692
110.0,92.5,3.425,-0.13720562895572314
110.0,92.5,3.45,-0.1908215287323128
110.0,92.5,3.475,-0.2612465208688401
110.0,92.5,3.5,-0.35803363521804754
110.0,92.5,3.525,-0.4979680234536336
110.0,92.5,3.55,-0.7062689889206698
110.0,92.5,3.575,-0.9471647359971042
110.0,92.5,3.6,-0.3452547842143157
110.0,92.5,3.625,1.166078159658775
110.0,92.5,3.65,1.120604934632224
110.0,92.5,3.675,0.8845382211377715
110.0,92.5,3.7,0.7172701231944462
110.0,92.5,3.725,0.6030415061045122
110.0,92.5,3.75,0.5212914557135462
110.0,92.5,3.775,0.4597971842446041
110.0,92.5,3.8,0.4115071923774266
110.0,95.0,2.4,0.3736002531287426
110.0,95.0,2.425,0.3619287289182736
110.0,95.0,2.45,0.35083647291474696
110.0,95.0,2.475,0.34024066127416713
110.0,95.0,2.5,0.3300717049601955
110.0,95.0,2.525,0.320290621547617
110.0,95.0,2.55,0.31085085598739076
110.0,95.0,2.575,0.30169290464973597
110.0,95.0,2.6,0.2927730529138758
110.0,95.0,2.625,0.28405630072688137
110.0,95.0,2.65,0.27551029010242195
110.0,95.0,2.675,0.26710470998339164
110.0,95.0,2.7,0.25881088075085396
110.0,95.0,2.725,0.25060134811191753
110.0,95.0,2.75,0.24244947282737025
110.0,95.0,2.775,0.2343289775408741
110.0,95.0,2.8,0.22621353028595229
110.0,95.0,2.825,0.21807631647026726
110.0,95.0,2.85,0.20988958563447355
110.0,95.0,2.875,0.2016241578162809
110.0,95.0,2.9,0.1932488697661952
110.0,95.0,2.925,0.18472993670095347
110.0,95.0,2.95,0.17603019964807795
110.0,95.0,2.975,0.16710822994615795
110.0,95.0,3.0,0.1579170343911087
110.0,95.0,3.025,0.1484032390468989
110.0,95.0,3.05,0.13850447586368347
110.0,95.0,3.075,0.128147749935467
110.0,95.0,3.1,0.11724625638770218
110.0,95.0,3.125,0.10569548769774903
110.0,95.0,3.15,0.09336797275208693
110.0,95.0,3.175,0.08010608824566162
110.0,95.0,3.2,0.06571206390146973
110.0,95.0,3.225,0.04993381699601326
110.0,95.0,3.25,0.032444444940433886
110.0,95.0,3.275,0.012811802771963397
110.0,95.0,3.3,-0.009548064612364465
110.0,95.0,3.325,-0.03544522524424102
110.0,95.0,3.35,-0.06603668375149405
110.0,95.0,3.375,-0.10302292500019783
110.0,95.0,3.4,-0.149000278107151
110.0,95.0,3.425,-0.2081204965549906
110.0,95.0,3.45,-0.28734940497812167
110.0,95.0,3.475,-0.39888759848444977
110.0,95.0,3.5,-0.5638118539152196
110.0,95.0,3.525,-0.802327966275565
110.0,95.0,3.55,-0.8868111843591676
110.0,95.0,3.575,0.5619753691558637
110.0,95.0,3.6,1.2081093253557966
110.0,95.0,3.625,0.9835160696242822
110.0,95.0,3.65,0.782328168049546
110.0,95.0,3.675,0.6461915039531251
110.0,95.0,3.7,0.5514874782932684
110.0,95.0,3.725,0.48209295154217335
110.0,95.0,3.75,0.42877944803207435
110.0,95.0,3.775,0.3861540650206223
110.0,95.0,3.8,0.35091698642950364
110.0,97.5,2.4,0.364887342606037
110.0,97.5,2.425,0.35373101137006474
110.0,97.5,2.45,0.3430746495992908
110.0,97.5,2.475,0.33284815862377665
110.0,97.5,2.5,0.32300815494075963
110.0,97.5,2.525,0.31350868576501906
110.0,97.5,2.55,0.30429512987732577
110.0,97.5,2.575,0.29532171249888445
110.0,97.5,2.6,0.2865515583842253
110.0,97.5,2.625,0.2779525399194963
110.0,97.5,2.65,0.26949426897315115
110.0,97.5,2.675,0.26114786963005604
110.0,97.5,2.7,0.25288560618209627
110.0,97.5,2.725,0.2446804854812024
110.0,97.5,2.75,0.236505845759352
110.0,97.5,2.775,0.22833490222873395
110.0,97.5,2.8,0.22014030699940712
110.0,97.5,2.825,0.21189367942538562
110.0,97.5,2.85,0.20356508988901406
110.0,97.5,2.875,0.1951224774827633
110.0,97.5,2.9,0.18653098233263793
110.0,97.5,2.925,0.17775191302921364
110.0,97.5,2.95,0.16874265234267644
110.0,97.5,2.975,0.15945397971095945
110.0,97.5,3.0,0.14982980941181412
110.0,97.5,3.025,0.13980475218007857
110.0,97.5,3.05,0.12930169681627868
110.0,97.5,3.075,0.11822854387330628
110.0,97.5,3.1,0.10647384926579076
110.0,97.5,3.125,0.09390092553469588
110.0,97.5,3.15,0.08033971878158092
110.0,97.5,3.175,0.06557541505303076
110.0,97.5,3.2,0.049332133867934176
110.0,97.5,3.225,0.031249061054345283
110.0,97.5,3.25,0.010844599246452608
110.0,97.5,3.275,-0.01253926243883737
110.0,97.5,3.3,-0.03982676963957831
110.0,97.5,3.325,-0.07235643357162694
110.0,97.5,3.35,-0.11213023299605814
110.0,97.5,3.375,-0.162269036016519
110.0,97.5,3.4,-0.22787819970139947
110.0,97.5,3.425,-0.3177292785740334
110.0,97.5,3.45,-0.4473869888531509
110.0,97.5,3.475,-0.6417095113236181
110.0,97.5,3.5,-0.8854560851849124
110.0,97.5,3.525,-0.4531291984994355
110.0,97.5,3.55,1.0982815893536642
110.0,97.5,3.575,1.0998337029075047
110.0,97.5,3.6,0.8667085608908118
110.0,97.5,3.625,0.7012875698989204
110.0,97.5,3.65,0.5891169311404307
110.0,97.5,3.675,0.5092806492078868
110.0,97.5,3.7,0.4494868575092744
110.0,97.5,3.725,0.40265632409671515
110.0,97.5,3.75,0.36460267914543165
110.0,97.5,3.775,0.33270328955334644
110.0,97.5,3.8,0.3052416556427321
110.0,100.0,2.4,0.35686552154492585
110.0,100.0,2.425,0.3461334560593149
110.0,100.0,2.45,0.3358354188404249
110.0,100.0,2.475,0.3259239449003327
110.0,100.0,2.5,0.31635543468047267
110.0,100.0,2.525,0.3070745194035994
110.0,100.0,2.55,0.2980376390798505
110.0,100.0,2.575,0.2892062588141526
110.0,100.0,2.6,0.2805467807597956
110.0,100.0,2.625,0.27202886944702764
110.0,100.0,2.65,0.2636234341409998
110.0,100.0,2.675,0.25530242657186186
110.0,100.0,2.7,0.24703846437478333
110.0,100.0,2.725,0.2388044263182061
110.0,100.0,2.75,0.230573024751414
110.0,100.0,2.775,0.2223163276238531
110.0,100.0,2.8,0.21400527128665112
110.0,100.0,2.825,0.2056091244478259
110.0,100.0,2.85,0.1970947294482136
110.0,100.0,2.875,0.18842629786241957
110.0,100.0,2.9,0.17956380370549674
110.0,100.0,2.925,0.17046241560419526
110.0,100.0,2.95,0.16107112208483687
110.0,100.0,2.975,0.1513310494694825
110.0,100.0,3.0,0.1411733683639612
110.0,100.0,3.025,0.13051655862348668
110.0,100.0,3.05,0.11926279472734115
110.0,100.0,3.075,0.10729309525761747
110.0,100.0,3.1,0.09446070647441515
110.0,100.0,3.125,0.08058191651076134
110.0,100.0,3.15,0.06542305496726379
110.0,100.0,3.175,0.048681700312843676
110.0,100.0,3.2,0.029958865398635813
110.0,100.0,3.225,0.008716695595157158
110.0,100.0,3.25,-0.01578805920857509
110.0,100.0,3.275,-0.044612919428539975
110.0,100.0,3.3,-0.07931262357021049
110.0,100.0,3.325,-0.12225599506408444
110.0,100.0,3.35,-0.17721530530358634
110.0,100.0,3.375,-0.25050806954306065
110.0,100.0,3.4,-0.35323134976283593
110.0,100.0,3.425,-0.5050117320614792
110.0,100.0,3.45,-0.7299477412781906
110.0,100.0,3.475,-0.8809321871935694
110.0,100.0,3.5,0.36862038156688703
110.0,100.0,3.525,1.1837769129620168
110.0,100.0,3.55,0.9748834435761127
110.0,100.0,3.575,0.7726816869899089
110.0,100.0,3.6,0.6366211846540673
110.0,100.0,3.625,0.5427598137774408
110.0,100.0,3.65,0.47441919324131543
110.0,100.0,3.675,0.422164851756889
110.0,100.0,3.7,0.38053403523635415
110.0,100.0,3.725,0.3462083068749717
110.0,100.0,3.75,0.31707158446588524
110.0,100.0,3.775,0.29171412371740535
110.0,100.0,3.8,0.2691595331151688
110.0,102.5,2.4,0.3494140688240411
110.0,102.5,2.425,0.33903084995441163
110.0,102.5,2.45,0.3290354611344278
110.0,102.5,2.475,0.3193866193799207
110.0,102.5,2.5,0.3100301366670675
110.0,102.5,2.525,0.30091948619686365
110.0,102.5,2.55,0.2920181754250513
110.0,102.5,2.575,0.2832911650801796
110.0,102.5,2.6,0.27470687249324094
110.0,102.5,2.625,0.26623610459313496
110.0,102.5,2.65,0.25785048063586163
110.0,102.5,2.675,0.2495222003302823
110.0,102.5,2.7,0.24122364882825087
110.0,102.5,2.725,0.23292696942020708
110.0,102.5,2.75,0.22460360153607736
110.0,102.5,2.775,0.21622376854239705
110.0,102.5,2.8,0.20775560441339475
110.0,102.5,2.825,0.19916557763328385
110.0,102.5,2.85,0.1904160586607952
110.0,102.5,2.875,0.1814657115849274
110.0,102.5,2.9,0.1722678830873615
110.0,102.5,2.925,0.16276925369775852
110.0,102.5,2.95,0.1529080596907761
110.0,102.5,2.975,0.1426117967195738
110.0,102.5,3.0,0.13179421279502046
110.0,102.5,3.025,0.12035131000037018
110.0,102.5,3.05,0.10815594229388935
110.0,102.5,3.075,0.09505039109379917
110.0,102.5,3.1,0.08083597235366431
110.0,102.5,3.125,0.06525819284530268
110.0,102.5,3.15,0.047985073586314105
110.0,102.5,3.175,0.0285746998195984
110.0,102.5,3.2,0.006425241204866107
110.0,102.5,3.225,-0.019304733980345073
110.0,102.5,3.25,-0.049828654378499676
110.0,102.5,3.275,-0.08695926789327937
110.0,102.5,3.3,-0.13351249096513446
110.0,102.5,3.325,-0.19407270896497872
110.0,102.5,3.35,-0.2765024641589397
110.0,102.5,3.375,-0.3948641135602381
110.0,102.5,3.4,-0.573067636153743
110.0,102.5,3.425,-0.8170903859912109
110.0,102.5,3.45,-0.6120286582637957
110.0,102.5,3.475,0.9869221581825879
110.0,102.5,3.5,1.0999064218404915
110.0,102.5,3.525,0.8662142695351328
110.0,102.5,3.55,0.6976902609134938
110.0,102.5,3.575,0.58451037536843
110.0,102.5,3.6,0.5047126358733297
110.0,102.5,3.625,0.4453544263381099
110.0,102.5,3.65,0.3991246322141555
110.0,102.5,3.675,0.3617175218858654
110.0,102.5,3.7,0.3304654144816899
110.0,102.5,3.725,0.3036356808237966
110.0,102.5,3.75,0.2800548497724795
110.0,102.5,3.775,0.2588979671391338
110.0,102.5,3.8,0.23956515531316383
110.0,105.0,2.4,0.34243272996733864
110.0,105.0,2.425,0.3323416789416689
110.0,105.0,2.45,0.3226008320032371
110.0,105.0,2.475,0.3131590046941748
110.0,105.0,2.5,0.3039671535487908
110.0,105.0,2.525,0.2949867028225412
110.0,105.0,2.55,0.28618439475269214
110.0,105.0,2.575,0.2775272803970593
110.0,105.0,2.6,0.2689850406289518
110.0,105.0,2.625,0.26052905909471374
110.0,105.0,2.65,0.2521310974567779
110.0,105.0,2.675,0.2437630214851334
110.0,105.0,2.7,0.23539637719697254
110.0,105.0,2.725,0.2270018291795518
110.0,105.0,2.75,0.2185488405870829
110.0,105.0,2.775,0.21000504309275309
110.0,105.0,2.8,0.20133514619637044
110.0,105.0,2.825,0.19250060794396978
110.0,105.0,2.85,0.18345844889476148
110.0,105.0,2.875,0.17416006250196733
110.0,105.0,2.9,0.1645496999254157
110.0,105.0,2.925,0.15456253440441473
110.0,105.0,2.95,0.1441221513660575
110.0,105.0,2.975,0.13313724297327867
110.0,105.0,3.0,0.12149718522274304
110.0,105.0,3.025,0.10906602076975369
110.0,105.0,3.05,0.09567412666842208
110.0,105.0,3.075,0.0811064529516491
110.0,105.0,3.1,0.0650855678439146
110.0,105.0,3.125,0.04724664013286686
110.0,105.0,3.15,0.02709954910112924
110.0,105.0,3.175,0.003969763612064447
110.0,105.0,3.2,-0.023097265722392468
110.0,105.0,3.225,-0.05549755528468765
110.0,105.0,3.25,-0.09535204434959318
110.0,105.0,3.275,-0.14602271930393446
110.0,105.0,3.3,-0.21310985032978727
110.0,105.0,3.325,-0.30644639125993167
110.0,105.0,3.35,-0.44378473174161354
110.0,105.0,3.375,-0.6516812528528076
110.0,105.0,3.4,-0.8631492207039504
110.0,105.0,3.425,0.05864447366012705
110.0,105.0,3.45,1.161096411121531
110.0,105.0,3.475,0.9867918023777495
110.0,105.0,3.5,0.7777334723424472
110.0,105.0,3.525,0.6375770723651571
110.0,105.0,3.55,0.542041599270929
110.0,105.0,3.575,0.47319072168568777
110.0,105.0,3.6,0.42095803934298387
110.0,105.0,3.625,0.3795970763146509
110.0,105.0,3.65,0.34565871099090184
110.0,105.0,3.675,0.31696544093264806
110.0,105.0,3.7,0.2920787742746934
110.0,105.0,3.725,0.27000957034747947
110.0,105.0,3.75,0.2500528396591262
110.0,105.0,3.775,0.2316893080122618
110.0,105.0,3.8,0.21452442287460954
110.0,107.5,2.4,0.33584229214214356
110.0,107.5,2.425,0.3259980388785968
110.0,107.5,2.45,0.3164605112878696
110.0,107.5,2.475,0.30717888599828036
110.0,107.5,2.5,0.2981124351540483
110.0,107.5,2.525,0.2892265129039844
110.0,107.5,2.55,0.2804895743498025
110.0,107.5,2.575,0.2718699661202916
110.0,107.5,2.6,0.2633380090609286
110.0,107.5,2.625,0.25486511175440024
110.0,107.5,2.65,0.2464226058007742
110.0,107.5,2.675,0.23798054479957007
110.0,107.5,2.7,0.22951130296020486
110.0,107.5,2.725,0.22098129330641456
110.0,107.5,2.75,0.2123576748307495
110.0,107.5,2.775,0.20360419648093853
110.0,107.5,2.8,0.1946809311877191
110.0,107.5,2.825,0.1855432393223066
110.0,107.5,2.85,0.1761404699722827
110.0,107.5,2.875,0.1664143211811594
110.0,107.5,2.9,0.15629673632185728
110.0,107.5,2.925,0.14570716175922824
110.0,107.5,2.95,0.13454891419525242
110.0,107.5,2.975,0.12270428918299203
110.0,107.5,3.0,0.11002786044028848
110.0,107.5,3.025,0.09633713040325415
110.0,107.5,3.05,0.08139922136459948
110.0,107.5,3.075,0.0649115085302703
110.0,107.5,3.1,0.046472739191467154
110.0,107.5,3.125,0.025538766746267705
110.0,107.5,3.15,0.001352550326679419
110.0,107.5,3.175,-0.02717073331974586
110.0,107.5,3.2,-0.06164101271636665
110.0,107.5,3.225,-0.1045476651091143
110.0,107.5,3.25,-0.15992097991860932
110.0,107.5,3.275,-0.23463526689519093
110.0,107.5,3.3,-0.3410292660181879
110.0,107.5,3.325,-0.5011979641761442
110.0,107.5,3.35,-0.7368874671764863
110.0,107.5,3.375,-0.7616524746677624
110.0,107.5,3.4,0.7732755994692397
110.0,107.5,3.425,1.1185761709876327
110.0,107.5,3.45,0.8840482149686609
110.0,107.5,3.475,0.7066220027525568
110.0,107.5,3.5,0.5889357963991382
110.0,107.5,3.525,0.5070897988477977
110.0,107.5,3.55,0.4468685431809216
110.0,107.5,3.575,0.4003618169724058
110.0,107.5,3.6,0.3629812304407127
110.0,107.5,3.625,0.3319204565764918
110.0,107.5,3.65,0.30537646585634787
110.0,107.5,3.675,0.2821393838855902
110.0,107.5,3.7,0.26136558898092277
110.0,107.5,3.725,0.24244613378644214
110.0,107.5,3.75,0.22492711837555737
110.0,107.5,3.775,0.20845962486900305
110.0,107.5,3.8,0.19276714510712925
110.0,110.0,2.4,0.3295790481023569
110.0,110.0,2.425,0.31993520913831375
110.0,110.0,2.45,0.3105547889065465
110.0,110.0,2.475,0.30139460908939464
110.0,110.0,2.5,0.29241869174505947
110.0,110.0,2.525,0.28359436389799364
110.0,110.0,2.55,0.27489102496963014
110.0,110.0,2.575,0.26627767725288054
110.0,110.0,2.6,0.2577246892680139
110.0,110.0,2.625,0.24920231492195738
110.0,110.0,2.65,0.24068244519806722
110.0,110.0,2.675,0.23213289155003303
110.0,110.0,2.7,0.2235217655190121
110.0,110.0,2.725,0.21481459940397504
110.0,110.0,2.75,0.2059739461582508
110.0,110.0,2.775,0.19695845922653749
110.0,110.0,2.8,0.18772177272398805
110.0,110.0,2.825,0.17821110449235114
110.0,110.0,2.85,0.1683654841178055
110.0,110.0,2.875,0.15811346816406957
110.0,110.0,2.9,0.14737014558543393
110.0,110.0,2.925,0.13603314783465903
110.0,110.0,2.95,0.12397724240258912
110.0,110.0,2.975,0.11104687539754685
110.0,110.0,3.0,0.09704568653935033
110.0,110.0,3.025,0.08172145640325394
110.0,110.0,3.05,0.06474399173356576
110.0,110.0,3.075,0.04567178959074861
110.0,110.0,3.1,0.02390031439024357
110.0,110.0,3.125,-0.0014209339193101181
110.0,110.0,3.15,-0.03152664559064901
110.0,110.0,3.175,-0.06827730179920553
110.0,110.0,3.2,-0.11460296637755528
110.0,110.0,3.225,-0.1753530887887893
110.0,110.0,3.25,-0.2590019583558705
110.0,110.0,3.275,-0.38104574413340925
110.0,110.0,3.3,-0.5680538583672982
110.0,110.0,3.325,-0.8130212638093839
110.0,110.0,3.35,-0.34193039993752317
110.0,110.0,3.375,1.1068109730875024
110.0,110.0,3.4,1.0207441686495433
110.0,110.0,3.425,0.7987146318461789
110.0,110.0,3.45,0.6493256157645262
110.0,110.0,3.475,0.5491867445739698
110.0,110.0,3.5,0.4780746898597482
110.0,110.0,3.525,0.42474502124498664
110.0,110.0,3.55,0.3828947411955136
110.0,110.0,3.575,0.3488023886965608
110.0,110.0,3.6,0.3201507287795792
110.0,110.0,3.625,0.29542667549858803
110.0,110.0,3.65,0.27360024061226856
110.0,110.0,3.675,0.25394395604853864
110.0,110.0,3.7,0.235926518443548
110.0,110.0,3.725,0.21914750026482047
110.0,110.0,3.75,0.20329574492660324
110.0,110.0,3.775,0.18812193727970264
110.0,110.0,3.8,0.1734198885440105
120.0,40.0,2.4,0.019935848907605018
120.0,40.0,2.425,-0.015018245312661846
120.0,40.0,2.45,-0.05745546889598096
120.0,40.0,2.475,-0.11052384173314161
120.0,40.0,2.5,-0.17932988777668804
120.0,40.0,2.525,-0.27262639706496183
120.0,40.0,2.55,-0.4062925479677838
120.0,40.0,2.575,-0.6097506443388424
120.0,40.0,2.6,-0.9209801178515331
120.0,40.0,2.625,-1.0576850236763824
120.0,40.0,2.65,0.8968183328467144
120.0,40.0,2.675,1.4849378508975661
120.0,40.0,2.7,1.1836796077469367
120.0,40.0,2.725,0.9525066873010751
120.0,40.0,2.75,0.8009505938066225
120.0,40.0,2.775,0.6969928586581197
120.0,40.0,2.8,0.6216485112140419
120.0,40.0,2.825,0.5644372378833823
120.0,40.0,2.85,0.5193232135888944
120.0,40.0,2.875,0.48263928872928774
120.0,40.0,2.9,0.4520456821136986
120.0,40.0,2.925,0.42598516053242297
120.0,40.0,2.95,0.40338328720916067
120.0,40.0,2.975,0.38347549259670194
120.0,40.0,3.0,0.3657030203618026
120.0,40.0,3.025,0.34964802829214564
120.0,40.0,3.05,0.33499199737782015
120.0,40.0,3.075,0.32148883824531344
120.0,40.0,3.1,0.30894801096814856
120.0,40.0,3.125,0.2972240744509225
120.0,40.0,3.15,0.2862050070837314
120.0,40.0,3.175,0.2757881836384356
120.0,40.0,3.2,0.2658609150396739
120.0,40.0,3.225,0.25632026814768116
120.0,40.0,3.25,0.24709491204071984
120.0,40.0,3.275,0.23813563033496601
120.0,40.0,3.3,0.22940132986528075
120.0,40.0,3.325,0.2208538411912775
120.0,40.0,3.35,0.21245707203142977
120.0,40.0,3.375,0.20417696474277994
120.0,40.0,3.4,0.19598135068373457
120.0,40.0,3.425,0.18783964941473894
120.0,40.0,3.45,0.1797224871249634
120.0,40.0,3.475,0.17160128677389516
120.0,40.0,3.5,0.1634478534135339
120.0,40.0,3.525,0.15523396078064897
120.0,40.0,3.55,0.14693093724932668
120.0,40.0,3.575,0.13850923133262666
120.0,40.0,3.6,0.12993792971179943
120.0,40.0,3.625,0.12118446560832337
120.0,40.0,3.65,0.11221379048771236
120.0,40.0,3.675,0.1029880051455669
120.0,40.0,3.7,0.09346561379618996
120.0,40.0,3.725,0.08360074531269203
120.0,40.0,3.75,0.07334223824671779
120.0,40.0,3.775,0.06263257072220217
120.0,40.0,3.8,0.05140662325793463
120.0,42.5,2.4,-0.04050267530304718
120.0,42.5,2.425,-0.09134858981144724
120.0,42.5,2.45,-0.15687228293680364
120.0,42.5,2.475,-0.24513174152210684
120.0,42.5,2.5,-0.37079323068465675
120.0,42.5,2.525,-0.5618910141021469
120.0,42.5,2.55,-0.8653599510322632
120.0,42.5,2.575,-1.166162533087944
120.0,42.5,2.6,0.5225345386450142
120.0,42.5,2.625,1.5681836411991446
120.0,42.5,2.65,1.2494465143020064
120.0,42.5,2.675,0.9919899903299949
120.0,42.5,2.7,0.8268141103494933
120.0,42.5,2.725,0.7155709026099686
120.0,42.5,2.75,0.6360091899092684
120.0,42.5,2.775,0.5761797101360606
120.0,42.5,2.8,0.529345461110241
120.0,42.5,2.825,0.491478749755494
120.0,42.5,2.85,0.4600416401596481
120.0,42.5,2.875,0.433361690631736
120.0,42.5,2.9,0.410294257006161
120.0,42.5,2.925,0.3900302639858551
120.0,42.5,2.95,0.3719817638855603
120.0,42.5,2.975,0.35571111765550256
120.0,42.5,3.0,0.34088574159154267
120.0,42.5,3.025,0.3272485485811665
120.0,42.5,3.05,0.3145986525704136
120.0,42.5,3.075,0.3027793480975082
120.0,42.5,3.1,0.29167055283082854
120.0,42.5,3.125,0.28117854422366656
120.0,42.5,3.15,0.2712139974894184
120.0,42.5,3.175,0.26167687758066366
120.0,42.5,3.2,0.25247673471625914
120.0,42.5,3.225,0.24355129106319148
120.0,42.5,3.25,0.23485721421702213
120.0,42.5,3.275,0.22635785125142832
120.0,42.5,3.3,0.21801876933112466
120.0,42.5,3.325,0.2098070713224693
120.0,42.5,3.35,0.20169140555144266
120.0,42.5,3.375,0.19364187743451491
120.0,42.5,3.4,0.1856296641686102
120.0,42.5,3.425,0.1776272093864546
120.0,42.5,3.45,0.16960702759703228
120.0,42.5,3.475,0.16154198651763832
120.0,42.5,3.5,0.1534046746874154
120.0,42.5,3.525,0.1451670336636676
120.0,42.5,3.55,0.13679994729135955
120.0,42.5,3.575,0.1282728023246432
120.0,42.5,3.6,0.11955300923049654
120.0,42.5,3.625,0.1106054684254185
120.0,42.5,3.65,0.10139196407761325
120.0,42.5,3.675,0.09187046388543804
120.0,42.5,3.7,0.0819942987016968
120.0,42.5,3.725,0.07171119059363565
120.0,42.5,3.75,0.06096209283576598
120.0,42.5,3.775,0.049679805617170204
120.0,42.5,3.8,0.037787336071798315
120.0,45.0,2.4,-0.13176531061476054
120.0,45.0,2.425,-0.2140024915982183
120.0,45.0,2.45,-0.329861569395846
120.0,45.0,2.475,-0.5045532508725945
120.0,45.0,2.5,-0.7863208259608279
120.0,45.0,2.525,-1.1797020198250854
120.0,45.0,2.55,-0.14730881342784605
120.0,45.0,2.575,1.6452234189530541
120.0,45.0,2.6,1.3419982259561265
120.0,45.0,2.625,1.0472714795671243
120.0,45.0,2.65,0.8622857393971347
120.0,45.0,2.675,0.7405278850645325
120.0,45.0,2.7,0.6549220543031783
120.0,45.0,2.725,0.5913547904712821
120.0,45.0,2.75,0.5420676961487568
120.0,45.0,2.775,0.5025129200740195
120.0,45.0,2.8,0.4698686520174385
120.0,45.0,2.825,0.4422981710464172
120.0,45.0,2.85,0.4185569850468576
120.0,45.0,2.875,0.39777278685703454
120.0,45.0,2.9,0.3793161692879993
120.0,45.0,2.925,0.362721467315118
120.0,45.0,2.95,0.34763655836371005
120.0,45.0,2.975,0.3337901139570406
120.0,45.0,3.0,0.32096988255858366
120.0,45.0,3.025,0.30900845519291537
120.0,45.0,3.05,0.2977745314386059
120.0,45.0,3.075,0.2871672643168327
120.0,45.0,3.1,0.2771067720491097
120.0,45.0,3.125,0.2675136854950878
120.0,45.0,3.15,0.2582977235802742
120.0,45.0,3.175,0.2493783876315006
120.0,45.0,3.2,0.24070070927721768
120.0,45.0,3.225,0.23222573152228312
120.0,45.0,3.25,0.223921360684675
120.0,45.0,3.275,0.21575520723178282
120.0,45.0,3.3,0.2076971690314548
120.0,45.0,3.325,0.1997180547069866
120.0,45.0,3.35,0.19178976377785442
120.0,45.0,3.375,0.18388509126156366
120.0,45.0,3.4,0.17597744029579035
120.0,45.0,3.425,0.1680404923905919
120.0,45.0,3.45,0.16004785692089654
120.0,45.0,3.475,0.15197270607711144
120.0,45.0,3.5,0.1437873931732339
120.0,45.0,3.525,0.1354630475234862
120.0,45.0,3.55,0.12696913598444018
120.0,45.0,3.575,0.11827297859361566
120.0,45.0,3.6,0.10933920287844404
120.0,45.0,3.625,0.10012911794860017
120.0,45.0,3.65,0.0905999850885581
120.0,45.0,3.675,0.08070415593407433
120.0,45.0,3.7,0.07038804218112041
120.0,45.0,3.725,0.05959087197063794
120.0,45.0,3.75,0.04824317837304466
120.0,45.0,3.775,0.036264962662403935
120.0,45.0,3.8,0.023563467606286845
120.0,47.5,2.4,-0.2853538097418039
120.0,47.5,2.425,-0.4413732141007607
120.0,47.5,2.45,-0.6920846905702759
120.0,47.5,2.475,-1.098040426833502
120.0,47.5,2.5,-0.9092733031472595
120.0,47.5,2.525,1.6251368468008727
120.0,47.5,2.55,1.4698903247748358
120.0,47.5,2.575,1.1236424936385685
120.0,47.5,2.6,0.9099032428695107
120.0,47.5,2.625,0.7731782206824356
120.0,47.5,2.65,0.6791262733071691
120.0,47.5,2.675,0.6104059768760268
120.0,47.5,2.7,0.5577691100439431
120.0,47.5,2.725,0.5159237463856409
120.0,47.5,2.75,0.48164817912769725
120.0,47.5,2.775,0.45287693078869673
120.0,47.5,2.8,0.4282276901522136
120.0,47.5,2.825,0.4067414413638194
120.0,47.5,2.85,0.3877321979676415
120.0,47.5,2.875,0.37069620880203735
120.0,47.5,2.9,0.355254991493032
120.0,47.5,2.925,0.34111843494679017
120.0,47.5,2.95,0.32806030798506497
120.0,47.5,2.975,0.3159018369190899
120.0,47.5,3.0,0.30450096852151715
120.0,47.5,3.025,0.2937459440404982
120.0,47.5,3.05,0.283550879236783
120.0,47.5,3.075,0.2738460272885085
120.0,47.5,3.1,0.2645602562893245
120.0,47.5,3.125,0.2556097332622733
120.0,47.5,3.15,0.24692244063328753
120.0,47.5,3.175,0.2384496448656444
120.0,47.5,3.2,0.2301566920129431
120.0,47.5,3.225,0.22201331665211205
120.0,47.5,3.25,0.21399041435866814
120.0,47.5,3.275,0.20605964870470797
120.0,47.5,3.3,0.19819353273797236
120.0,47.5,3.325,0.19036539653865633
120.0,47.5,3.35,0.18254921254294582
120.0,47.5,3.375,0.17471933513402516
120.0,47.5,3.4,0.16685019538955234
120.0,47.5,3.425,0.15891597029852855
120.0,47.5,3.45,0.15089023195149637
120.0,47.5,3.475,0.14274557442073807
120.0,47.5,3.5,0.13445321146306835
120.0,47.5,3.525,0.12598253496397235
120.0,47.5,3.55,0.11730062115072833
120.0,47.5,3.575,0.10837166841349069
120.0,47.5,3.6,0.09915634665030044
120.0,47.5,3.625,0.08961103300553656
120.0,47.5,3.65,0.0796869022792484
120.0,47.5,3.675,0.06932883166034788
120.0,47.5,3.7,0.058474068176863105
120.0,47.5,3.725,0.04705059215547624
120.0,47.5,3.75,0.03497509141569583
120.0,47.5,3.775,0.02215046932575903
120.0,47.5,3.8,0.0084627397453873
120.0,50.0,2.4,-0.5917295189561721
120.0,50.0,2.425,-0.9579436917538501
120.0,50.0,2.45,-1.3175070223744176
120.0,50.0,2.475,1.1937226919618706
120.0,50.0,2.5,1.6404624402673347
120.0,50.0,2.525,1.2297590564989889
120.0,50.0,2.55,0.973741892669233
120.0,50.0,2.575,0.8155741587429363
120.0,50.0,2.6,0.7097557377988257
120.0,50.0,2.625,0.6340086436172351
120.0,50.0,2.65,0.576875868713402
120.0,50.0,2.675,0.5319923012253273
120.0,50.0,2.7,0.49557189689843306
120.0,50.0,2.725,0.46523200403795667
120.0,50.0,2.75,0.4394018852387693
120.0,50.0,2.775,0.41700524358997154
120.0,50.0,2.8,0.3972802143564804
120.0,50.0,2.825,0.37967231885820946
120.0,50.0,2.85,0.36376818967488783
120.0,50.0,2.875,0.34925310091685985
120.0,50.0,2.9,0.33588296162496706
120.0,50.0,2.925,0.3234655192627875
120.0,50.0,2.95,0.3118473382938365
120.0,50.0,2.975,0.3009061177163504
120.0,50.0,3.0,0.29054551156644276
120.0,50.0,3.025,0.2806915212146643
120.0,50.0,3.05,0.2712827449551445
120.0,50.0,3.075,0.26225160052135726
120.0,50.0,3.1,0.2535207085759467
120.0,50.0,3.125,0.24502503535873613
120.0,50.0,3.15,0.23672140004683948
120.0,50.0,3.175,0.22857849035120523
120.0,50.0,3.2,0.2205683260970904
120.0,50.0,3.225,0.21266366645961587
120.0,50.0,3.25,0.20483777589496505
120.0,50.0,3.275,0.19706453131600807
120.0,50.0,3.3,0.18931840071484143
120.0,50.0,3.325,0.18157428401683362
120.0,50.0,3.35,0.17380727047849853
120.0,50.0,3.375,0.16599235000097354
120.0,50.0,3.4,0.15810409559462846
120.0,50.0,3.425,0.15011632146629802
120.0,50.0,3.45,0.142001713896862
120.0,50.0,3.475,0.13373142762757184
120.0,50.0,3.5,0.1252746371916952
120.0,50.0,3.525,0.11659802953698742
120.0,50.0,3.55,0.10766522078305575
120.0,50.0,3.575,0.09843607560987673
120.0,50.0,3.6,0.08886590221870339
120.0,50.0,3.625,0.07890448890632136
120.0,50.0,3.65,0.06849494170774309
120.0,50.0,3.675,0.05757229500393618
120.0,50.0,3.7,0.04606133353251292
120.0,50.0,3.725,0.033874819442594295
120.0,50.0,3.75,0.020911652886204696
120.0,50.0,3.775,0.007051001668155723
120.0,50.0,3.8,-0.00785025377731741
120.0,52.5,2.4,-1.2956309928059855
120.0,52.5,2.425,-0.1130856280807808
120.0,52.5,2.45,1.8295429408181363
120.0,52.5,2.475,1.379895254251104
120.0,52.5,2.5,1.0605258071062955
120.0,52.5,2.525,0.8709424948866247
120.0,52.5,2.55,0.7485333682074027
120.0,52.5,2.575,0.6631675589383756
120.0,52.5,2.6,0.6000141597317048
120.0,52.5,2.625,0.5511292424823072
120.0,52.5,2.65,0.5119200948926032
120.0,52.5,2.675,0.4795608807870746
120.0,52.5,2.7,0.4522222174225377
120.0,52.5,2.725,0.42866925995235583
120.0,52.5,2.75,0.4080388399787727
120.0,52.5,2.775,0.3897094025120301
120.0,52.5,2.8,0.373221884664703
120.0,52.5,2.825,0.3582291861267512
120.0,52.5,2.85,0.3444646578499553
120.0,52.5,2.875,0.3317189009302179
120.0,52.5,2.9,0.3198255727226869
120.0,52.5,2.925,0.3086512373694852
120.0,52.5,2.95,0.29808900211872774
120.0,52.5,2.975,0.28805503649702646
120.0,52.5,3.0,0.2784850505055063
120.0,52.5,3.025,0.26932322561214606
120.0,52.5,3.05,0.2605041864261252
120.0,52.5,3.075,0.2519547810707526
120.0,52.5,3.1,0.24361680452183782
120.0,52.5,3.125,0.23545225180475385
120.0,52.5,3.15,0.22743266868420672
120.0,52.5,3.175,0.21953188568870996
120.0,52.5,3.2,0.2117241114523968
120.0,52.5,3.225,0.20398386512153277
120.0,52.5,3.25,0.19628610041578287
120.0,52.5,3.275,0.18860618314145328
120.0,52.5,3.3,0.1809197365056196
120.0,52.5,3.325,0.17320240727512515
120.0,52.5,3.35,0.1654295864587411
120.0,52.5,3.375,0.15757609927579522
120.0,52.5,3.4,0.14961586749474373
120.0,52.5,3.425,0.14152154053966912
120.0,52.5,3.45,0.1332640877566767
120.0,52.5,3.475,0.12481234192201568
120.0,52.5,3.5,0.11613248576657775
120.0,52.5,3.525,0.10718750748071296
120.0,52.5,3.55,0.09793725361859132
120.0,52.5,3.575,0.08833040244358868
120.0,52.5,3.6,0.07832266884654578
120.0,52.5,3.625,0.06785144092608009
120.0,52.5,3.65,0.05684929220052583
120.0,52.5,3.675,0.045237993548258214
120.0,52.5,3.7,0.03292624617580109
120.0,52.5,3.725,0.01980662840506872
120.0,52.5,3.75,0.0057516627490529736
120.0,52.5,3.775,-0.009391256995696465
120.0,52.5,3.8,-0.02580643284234388
120.0,55.0,2.4,1.7845720252369386
120.0,55.0,2.425,1.5955244529427903
120.0,55.0,2.45,1.1817642342063723
120.0,55.0,2.475,0.9445556568383022
120.0,55.0,2.5,0.7981310465337358
120.0,55.0,2.525,0.6993773839499684
120.0,55.0,2.55,0.6280934430067302
120.0,55.0,2.575,0.5739227002725372
120.0,55.0,2.6,0.5310906492222238
120.0,55.0,2.625,0.4961425216531037
120.0,55.0,2.65,0.46689009878681337
120.0,55.0,2.675,0.44188253945586053
120.0,55.0,2.7,0.4201208419955681
120.0,55.0,2.725,0.4008933522725571
120.0,55.0,2.75,0.3836825554231365
120.0,55.0,2.775,0.36809936577014407
120.0,55.0,2.8,0.3538471645567103
120.0,55.0,2.825,0.340695188257487
120.0,55.0,2.85,0.3284610235572725
120.0,55.0,2.875,0.316998610784729
120.0,55.0,2.9,0.30619021251766054
120.0,55.0,2.925,0.2959415779242177
120.0,55.0,2.95,0.28617941023372956
120.0,55.0,2.975,0.27684734329114813
120.0,55.0,3.0,0.26789262117808516
120.0,55.0,3.025,0.2592497238187228
120.0,55.0,3.05,0.25084929138801937
120.0,55.0,3.075,0.2426401110209786
120.0,55.0,3.1,0.23458903815370657
120.0,55.0,3.125,0.2266699904707958
120.0,55.0,3.15,0.2188581740515593
120.0,55.0,3.175,0.21112889066332347
120.0,55.0,3.2,0.2034576246745757
120.0,55.0,3.225,0.19582016949020573
120.0,55.0,3.25,0.18819259166652771
120.0,55.0,3.275,0.1805510710998307
120.0,55.0,3.3,0.17287166909526736
120.0,55.0,3.325,0.16513005504089878
120.0,55.0,3.35,0.1573012080814717
120.0,55.0,3.375,0.14935911790185083
120.0,55.0,3.4,0.14127667348364475
120.0,55.0,3.425,0.1330213537649173
120.0,55.0,3.45,0.12456496534330055
120.0,55.0,3.475,0.1158737607074686
120.0,55.0,3.5,0.10690778091232774
120.0,55.0,3.525,0.09762499920889908
120.0,55.0,3.55,0.0879780300851687
120.0,55.0,3.575,0.07791317087807438
120.0,55.0,3.6,0.06736907053750738
120.0,55.0,3.625,0.05627505275678488
120.0,55.0,3.65,0.044549008303032704
120.0,55.0,3.675,0.03209472459894695
120.0,55.0,3.7,0.018798468969222517
120.0,55.0,3.725,0.004524572095702249
120.0,55.0,3.75,-0.010890338764164932
120.0,55.0,3.775,-0.027644938732745886
120.0,55.0,3.8,-0.04598329106834202
120.0,57.5,2.4,1.357928998558853
120.0,57.5,2.425,1.0453330223920456
120.0,57.5,2.45,0.8628282668546589
120.0,57.5,2.475,0.7449400278494167
120.0,57.5,2.5,0.662455631621653
120.0,57.5,2.525,0.601211042354966
120.0,57.5,2.55,0.5536414415986451
120.0,57.5,2.575,0.5153645747938904
120.0,57.5,2.6,0.48368377986218375
120.0,57.5,2.625,0.45684903535773785
120.0,57.5,2.65,0.43367889050972575
120.0,57.5,2.675,0.4133430061222467
120.0,57.5,2.7,0.39524318593571217
120.0,57.5,2.725,0.3789367880177067
120.0,57.5,2.75,0.3640890027075959
120.0,57.5,2.775,0.3504415599678925
120.0,57.5,2.8,0.3377917849971975
120.0,57.5,2.825,0.3259782545443236
120.0,57.5,2.85,0.31487096573877604
120.0,57.5,2.875,0.3043649116445592
120.0,57.5,2.9,0.2943765276196381
120.0,57.5,2.925,0.2848417588531057
120.0,57.5,2.95,0.2757103932995256
120.0,57.5,2.975,0.2669295457607078
120.0,57.5,3.0,0.2584316112763839
120.0,57.5,3.025,0.25015186307066234
120.0,57.5,3.05,0.2420465954549702
120.0,57.5,3.075,0.23408705620201922
120.0,57.5,3.1,0.22624897486010684
120.0,57.5,3.125,0.21850851977572677
120.0,57.5,3.15,0.21084178090281286
120.0,57.5,3.175,0.2032249725896605
120.0,57.5,3.2,0.19563454585716847
120.0,57.5,3.225,0.1880471404598649
120.0,57.5,3.25,0.18043946402335406
120.0,57.5,3.275,0.172788365373059
120.0,57.5,3.3,0.1650701949052713
120.0,57.5,3.325,0.15724893815929722
120.0,57.5,3.35,0.14931664332602057
120.0,57.5,3.375,0.14123627319407134
120.0,57.5,3.4,0.1329785777518116
120.0,57.5,3.425,0.12451142252008567
120.0,57.5,3.45,0.11579952467915201
120.0,57.5,3.475,0.10680383273835245
120.0,57.5,3.5,0.09748073180908075
120.0,57.5,3.525,0.08778106998109611
120.0,57.5,3.55,0.0776489645250064
120.0,57.5,3.575,0.0670203261042137
120.0,57.5,3.6,0.0558210164449873
120.0,57.5,3.625,0.043964524595899286
120.0,57.5,3.65,0.031349004588294836
120.0,57.5,3.675,0.01785345716203025
120.0,57.5,3.7,0.003332751721135129
120.0,57.5,3.725,-0.01238894080330171
120.0,57.5,3.75,-0.029526916281150378
120.0,57.5,3.775,-0.048347783437734625
120.0,57.5,3.8,-0.0691856390970411
120.0,60.0,2.4,0.9497808605045557
120.0,60.0,2.425,0.8034580381907303
120.0,60.0,2.45,0.7051308756008099
120.0,60.0,2.475,0.6342338744648855
120.0,60.0,2.5,0.5803659657202286
120.0,60.0,2.525,0.5377612973640286
120.0,60.0,2.55,0.5029802152907347
120.0,60.0,2.575,0.47384718459038166
120.0,60.0,2.6,0.4489223240359201
120.0,60.0,2.625,0.42721677779145717
120.0,60.0,2.65,0.4080270801243905
120.0,60.0,2.675,0.39083924105539436
120.0,60.0,2.7,0.3752686840737394
120.0,60.0,2.725,0.361021740165541
120.0,60.0,2.75,0.3478699982546573
120.0,60.0,2.775,0.3356328348429285
120.0,60.0,2.8,0.32416547886255276
120.0,60.0,2.825,0.31335089695686946
120.0,60.0,2.85,0.3030947643888415
120.0,60.0,2.875,0.29332307547898306
120.0,60.0,2.9,0.28398015105537683
120.0,60.0,2.925,0.27501934030036834
120.0,60.0,2.95,0.26638342338740084
120.0,60.0,2.975,0.25800229386399387
120.0,60.0,3.0,0.24981824435564284
120.0,60.0,3.025,0.24179540381410175
120.0,60.0,3.05,0.2339085730177007
120.0,60.0,3.075,0.22613465406183553
120.0,60.0,3.1,0.21845042456723363
120.0,60.0,3.125,0.21083259282420416
120.0,60.0,3.15,0.20325820267850955
120.0,60.0,3.175,0.19570573938655367
120.0,60.0,3.2,0.18813810864687544
120.0,60.0,3.225,0.18055319528147734
120.0,60.0,3.25,0.1729196907293313
120.0,60.0,3.275,0.16521160012987027
120.0,60.0,3.3,0.1574042528842972
120.0,60.0,3.325,0.14947135661600314
120.0,60.0,3.35,0.14138482197686122
120.0,60.0,3.375,0.13311436711367194
120.0,60.0,3.4,0.12462701544616704
120.0,60.0,3.425,0.11588649378887353
120.0,60.0,3.45,0.10685251257313648
120.0,60.0,3.475,0.09747989819524094
120.0,60.0,3.5,0.08771753661222487
120.0,60.0,3.525,0.07750707376932835
120.0,60.0,3.55,0.06678130019864183
120.0,60.0,3.575,0.05546212185804033
120.0,60.0,3.6,0.04345798373422577
120.0,60.0,3.625,0.03066056208217935
120.0,60.0,3.65,0.016940468046975653
120.0,60.0,3.675,0.0021415984233181086
120.0,60.0,3.7,-0.01392638934505109
120.0,60.0,3.725,-0.031498239128514384
120.0,60.0,3.75,-0.050867018040403125
120.0,60.0,3.775,-0.07240347372695871
120.0,60.0,3.8,-0.0965833426494517
120.0,62.5,2.4,0.7592686705484909
120.0,62.5,2.425,0.6748196716414862
120.0,62.5,2.45,0.6124181450381276
120.0,62.5,2.475,0.564098386970572
120.0,62.5,2.5,0.5253049235572491
120.0,62.5,2.525,0.4932471008116527
120.0,62.5,2.55,0.46612657524779155
120.0,62.5,2.575,0.4427252966048697
120.0,62.5,2.6,0.42219746128423835
120.0,62.5,2.625,0.40393516927832385
120.0,62.5,2.65,0.38748888824775485
120.0,62.5,2.675,0.3725190592901943
120.0,62.5,2.7,0.35876405383651705
120.0,62.5,2.725,0.3460188889272654
120.0,62.5,2.75,0.3341204917081363
120.0,62.5,2.775,0.3229375075705712
120.0,62.5,2.8,0.31236367859665753
120.0,62.5,2.825,0.30231418444597524
120.0,62.5,2.85,0.292724249466597
120.0,62.5,2.875,0.2835454550901447
120.0,62.5,2.9,0.27472988826015976
120.0,62.5,2.925,0.26621160123135984
120.0,62.5,2.95,0.25792105241899677
120.0,62.5,2.975,0.2498107917521366
120.0,62.5,3.0,0.24185213627737742
120.0,62.5,3.025,0.23402228112886908
120.0,62.5,3.05,0.22629904569980863
120.0,62.5,3.075,0.21866148611570013
120.0,62.5,3.1,0.21107434209673767
120.0,62.5,3.125,0.20352084734295833
120.0,62.5,3.15,0.195991493177949
120.0,62.5,3.175,0.18845265995394464
120.0,62.5,3.2,0.18088190630538314
120.0,62.5,3.225,0.17325602866989634
120.0,62.5,3.25,0.16555093794065603
120.0,62.5,3.275,0.1577414045841412
120.0,62.5,3.3,0.14980071829857716
120.0,62.5,3.325,0.1417002863615747
120.0,62.5,3.35,0.13340916698761837
120.0,62.5,3.375,0.12489352351222231
120.0,62.5,3.4,0.11611597854051416
120.0,62.5,3.425,0.10703484045139766
120.0,62.5,3.45,0.09760316626421305
120.0,62.5,3.475,0.08776761369649004
120.0,62.5,3.5,0.0774670199381263
120.0,62.5,3.525,0.06663062341556068
120.0,62.5,3.55,0.05517581495409798
120.0,62.5,3.575,0.043005262269904254
120.0,62.5,3.6,0.03000319052096624
120.0,62.5,3.625,0.01603051221265974
120.0,62.5,3.65,0.0009183670721971332
120.0,62.5,3.675,-0.015540567532590463
120.0,62.5,3.7,-0.033603941770920874
120.0,62.5,3.725,-0.053596198699195866
120.0,62.5,3.75,-0.07593182317091347
120.0,62.5,3.775,-0.10114877866644711
120.0,62.5,3.8,-0.12995751890736165
120.0,65.0,2.4,0.651488185745025
120.0,65.0,2.425,0.5954623764760462
120.0,65.0,2.45,0.5513977957273594
120.0,65.0,2.475,0.5155738064790372
120.0,65.0,2.5,0.48566409097101093
120.0,65.0,2.525,0.4601425766451962
120.0,65.0,2.55,0.4379665548752078
120.0,65.0,2.575,0.41839194339129454
120.0,65.0,2.6,0.40088295478326674
120.0,65.0,2.625,0.3850409667399986
120.0,65.0,2.65,0.3705617359608507
120.0,65.0,2.675,0.3572090994711425
120.0,65.0,2.7,0.3447966132514732
120.0,65.0,2.725,0.33317522990702264
120.0,65.0,2.75,0.3222246917107941
120.0,65.0,2.775,0.31184819177961987
120.0,65.0,2.8,0.3019702486818182
120.0,65.0,2.825,0.2925355480379631
120.0,65.0,2.85,0.28349964022332114
120.0,65.0,2.875,0.2748050934455385
120.0,65.0,2.9,0.26637661879549096
120.0,65.0,2.925,0.2581528463783137
120.0,65.0,2.95,0.25009858390150014
120.0,65.0,2.975,0.24219144383965024
120.0,65.0,3.0,0.2344154004339451
120.0,65.0,3.025,0.2267022637854203
120.0,65.0,3.05,0.21909046727961193
120.0,65.0,3.075,0.2115350647076298
120.0,65.0,3.1,0.20401064552793746
120.0,65.0,3.125,0.1964949308143252
120.0,65.0,3.15,0.1889655106450502
120.0,65.0,3.175,0.18139961834767504
120.0,65.0,3.2,0.17377388423505621
120.0,65.0,3.225,0.1660640400933594
120.0,65.0,3.25,0.15824458359519797
120.0,65.0,3.275,0.1502884002051184
120.0,65.0,3.3,0.14216633305521376
120.0,65.0,3.325,0.1338466863446703
120.0,65.0,3.35,0.12529464313687197
120.0,65.0,3.375,0.11647157295575698
120.0,65.0,3.4,0.10733419753672072
120.0,65.0,3.425,0.09783357363664623
120.0,65.0,3.45,0.08791383887416243
120.0,65.0,3.475,0.07751064864152313
120.0,65.0,3.5,0.06654920699230821
120.0,65.0,3.525,0.05494175875675207
120.0,65.0,3.55,0.04258435893360994
120.0,65.0,3.575,0.029352660844690872
120.0,65.0,3.6,0.015096354298649476
120.0,65.0,3.625,-0.0003682806962781217
120.0,65.0,3.65,-0.01726849272031588
120.0,65.0,3.675,-0.03588903391340204
120.0,65.0,3.7,-0.05659180488119888
120.0,65.0,3.725,-0.0798440086681832
120.0,65.0,3.75,-0.10625935906495877
120.0,65.0,3.775,-0.13665978930742678
120.0,65.0,3.8,-0.17217013151851648
120.0,67.5,2.4,0.5822994558955207
120.0,67.5,2.425,0.5415396380376379
120.0,67.5,2.45,0.5080536928219593
120.0,67.5,2.475,0.47985360096013296
120.0,67.5,2.5,0.4556144586504216
120.0,67.5,2.525,0.43442126247958807
120.0,67.5,2.55,0.4156207171034765
120.0,67.5,2.575,0.3987253337741148
120.0,67.5,2.6,0.3833754111708031
120.0,67.5,2.625,0.369295743292586
120.0,67.5,2.65,0.35627053993118113
120.0,67.5,2.675,0.3441284875878437
120.0,67.5,2.7,0.33273183925183264
120.0,67.5,2.725,0.32196980822744453
120.0,67.5,2.75,0.31175489128749345
120.0,67.5,2.775,0.30202203756985424
120.0,67.5,2.8,0.2927245894091413
120.0,67.5,2.825,0.2838127120034735
120.0,67.5,2.85,0.2752113371746177
120.0,67.5,2.875,0.2668457603230168
120.0,67.5,2.9,0.25867289845531355
120.0,67.5,2.925,0.2506757044370096
120.0,67.5,2.95,0.24276624649570921
120.0,67.5,2.975,0.23500389691458046
120.0,67.5,3.0,0.22734226335783775
120.0,67.5,3.025,0.21975259857115334
120.0,67.5,3.05,0.21221195035799698
120.0,67.5,3.075,0.20469789274133418
120.0,67.5,3.1,0.19718812239657915
120.0,67.5,3.125,0.18966022088008921
120.0,67.5,3.15,0.18209138914468714
120.0,67.5,3.175,0.17445815183229554
120.0,67.5,3.2,0.1667360326134083
120.0,67.5,3.225,0.15889919606928804
120.0,67.5,3.25,0.15092004694805242
120.0,67.5,3.275,0.14276877371567842
120.0,67.5,3.3,0.13441281932755259
120.0,67.5,3.325,0.12581625741016267
120.0,67.5,3.35,0.11693904596999412
120.0,67.5,3.375,0.10773612265547426
120.0,67.5,3.4,0.09815629458882934
120.0,67.5,3.425,0.08814086059249886
120.0,67.5,3.45,0.07762188241485707
120.0,67.5,3.475,0.06651999157156066
120.0,67.5,3.5,0.054741575508173435
120.0,67.5,3.525,0.04217512455360237
120.0,67.5,3.55,0.02868642952023305
120.0,67.5,3.575,0.014112182731359117
120.0,67.5,3.6,-0.0017486735253078281
120.0,67.5,3.625,-0.01914683137155029
120.0,67.5,3.65,-0.03839922914614474
120.0,67.5,3.675,-0.05991272010470974
120.0,67.5,3.7,-0.08421851648109428
120.0,67.5,3.725,-0.11202350019878075
120.0,67.5,3.75,-0.14428865785647374
120.0,67.5,3.775,-0.18235241374429578
120.0,67.5,3.8,-0.22813050300325707
120.0,70.0,2.4,0.5339962444589604
120.0,70.0,2.425,0.502363351385348
120.0,70.0,2.45,0.4755289291735522
120.0,70.0,2.475,0.4523213124854907
120.0,70.0,2.5,0.43192128372041877
120.0,70.0,2.525,0.41374093021618247
120.0,70.0,2.55,0.3973453603167243
120.0,70.0,2.575,0.38239580578926213
120.0,70.0,2.6,0.36863941699667846
120.0,70.0,2.625,0.35587814903300125
120.0,70.0,2.65,0.34395310737123724
120.0,70.0,2.675,0.3327364904179723
120.0,70.0,2.7,0.322126258759604
120.0,70.0,2.725,0.31204565972375653
120.0,70.0,2.75,0.30244185931757644
120.0,70.0,2.775,0.29326934765552587
120.0,70.0,2.8,0.2844568792705764
120.0,70.0,2.825,0.27591941609219356
120.0,70.0,2.85,0.26760996758770955
120.0,70.0,2.875,0.2594437422781629
120.0,70.0,2.9,0.25143002680880455
120.0,70.0,2.925,0.2435765714737974
120.0,70.0,2.95,0.23583935263739
120.0,70.0,2.975,0.22819299748049357
120.0,70.0,3.0,0.22061412554498802
120.0,70.0,3.025,0.21308000315952294
120.0,70.0,3.05,0.20556825402845266
120.0,70.0,3.075,0.1980566145385192
120.0,70.0,3.1,0.1905226635832234
120.0,70.0,3.125,0.18294352835411495
120.0,70.0,3.15,0.1752955673464673
120.0,70.0,3.175,0.16755402666963953
120.0,70.0,3.2,0.15969266158703524
120.0,70.0,3.225,0.15168331172093755
120.0,70.0,3.25,0.14349541482584457
120.0,70.0,3.275,0.13509543988275355
120.0,70.0,3.3,0.12644621498382944
120.0,70.0,3.325,0.11750611848703423
120.0,70.0,3.35,0.10822809247669324
120.0,70.0,3.375,0.09855842461409249
120.0,70.0,3.4,0.0884352264716699
120.0,70.0,3.425,0.07778651114144043
120.0,70.0,3.45,0.06652773686474664
120.0,70.0,3.475,0.05455863139038801
120.0,70.0,3.5,0.041759035524414984
120.0,70.0,3.525,0.02798339083968452
120.0,70.0,3.55,0.013053324594186901
120.0,70.0,3.575,-0.0032524805295990914
120.0,70.0,3.6,-0.021212362715568815
120.0,70.0,3.625,-0.04118160908730466
120.0,70.0,3.65,-0.06362125697577911
120.0,70.0,3.675,-0.08914068316766384
120.0,70.0,3.7,-0.11856219543741658
120.0,70.0,3.725,-0.15302171178565113
120.0,70.0,3.75,-0.19412991250629522
120.0,70.0,3.775,-0.24423190611210166
120.0,70.0,3.8,-0.3067773193914927
120.0,72.5,2.4,0.49821405887886555
120.0,72.5,2.425,0.47247065951727224
120.0,72.5,2.45,0.450090321532543
120.0,72.5,2.475,0.4303291408531681
120.0,72.5,2.5,0.4126472785262817
120.0,72.5,2.525,0.3966463663861743
120.0,72.5,2.55,0.38202222017088727
120.0,72.5,2.575,0.3685261753477738
120.0,72.5,2.6,0.3559743251566665
120.0,72.5,2.625,0.3442200575843898
120.0,72.5,2.65,0.33314505404194955
120.0,72.5,2.675,0.3226582759831142
120.0,72.5,2.7,0.3126966811301896
120.0,72.5,2.725,0.3032162151535368
120.0,72.5,2.75,0.2941510521916565
120.0,72.5,2.775,0.2854091999176426
120.0,72.5,2.8,0.27692742355107364
120.0,72.5,2.825,0.268563682676121
120.0,72.5,2.85,0.26041607840539116
120.0,72.5,2.875,0.2524414214201656
120.0,72.5,2.9,0.2446037623897711
120.0,72.5,2.925,0.23687711018918595
120.0,72.5,2.95,0.2292372758386836
120.0,72.5,2.975,0.2216609571279597
120.0,72.5,3.0,0.2141254594718227
120.0,72.5,3.025,0.20660844228778064
120.0,72.5,3.05,0.19908764248675467
120.0,72.5,3.075,0.19154057855307885
120.0,72.5,3.1,0.18394423716647754
120.0,72.5,3.125,0.17627473913840055
120.0,72.5,3.15,0.16850697748789573
120.0,72.5,3.175,0.1606142173437697
120.0,72.5,3.2,0.15256764428483457
120.0,72.5,3.225,0.14433584415027442
120.0,72.5,3.25,0.1358841927945492
120.0,72.5,3.275,0.12717412823137864
120.0,72.5,3.3,0.11816226948462841
120.0,72.5,3.325,0.10879933537038246
120.0,72.5,3.35,0.09902880110953113
120.0,72.5,3.375,0.08878520924010003
120.0,72.5,3.4,0.0779920209391727
120.0,72.5,3.425,0.06655885026385247
120.0,72.5,3.45,0.054377860283993086
120.0,72.5,3.475,0.04131900602608353
120.0,72.5,3.5,0.02722366753720122
120.0,72.5,3.525,0.011895999192385057
120.0,72.5,3.55,-0.004909018445599131
120.0,72.5,3.575,-0.023502381064351225
120.0,72.5,3.6,-0.044285161598230385
120.0,72.5,3.625,-0.06778383215428095
120.0,72.5,3.65,-0.09470320123642205
120.0,72.5,3.675,-0.12600719767804527
120.0,72.5,3.7,-0.16304057453196688
120.0,72.5,3.725,-0.20770146417020577
120.0,72.5,3.75,-0.26299541104860213
120.0,72.5,3.775,-0.33368715804730903
120.0,72.5,3.8,-0.42707659103795864
120.0,75.0,2.4,0.4705082294505589
120.0,75.0,2.425,0.4487865969804907
120.0,75.0,2.45,0.42953416385792215
120.0,75.0,2.475,0.4122501309674374
120.0,75.0,2.5,0.3965603432528965
120.0,75.0,2.525,0.38218422146752157
120.0,75.0,2.55,0.36889926683214885
120.0,75.0,2.575,0.3565121255763666
120.0,75.0,2.6,0.344888601896098
120.0,75.0,2.625,0.33392431186445604
120.0,75.0,2.65,0.323545065896222
120.0,75.0,2.675,0.3137033915282436
120.0,75.0,2.7,0.3043384916821768
120.0,75.0,2.725,0.2953517534968573
120.0,75.0,2.75,0.28664357371482996
120.0,75.0,2.775,0.2780728444253838
120.0,75.0,2.8,0.26975011936026333
120.0,75.0,2.825,0.2616249313974592
120.0,75.0,2.85,0.2536601247305873
120.0,75.0,2.875,0.24582810623578558
120.0,75.0,2.9,0.23810348528629144
120.0,75.0,2.925,0.2304620784408384
120.0,75.0,2.95,0.2228805933740697
120.0,75.0,2.975,0.21533635528627926
120.0,75.0,3.0,0.20780701781506866
120.0,75.0,3.025,0.20027026052508548
120.0,75.0,3.05,0.19270347486854103
120.0,75.0,3.075,0.18508343558433152
120.0,75.0,3.1,0.17738595080286185
120.0,75.0,3.125,0.16958548134782803
120.0,75.0,3.15,0.16165471712526203
120.0,75.0,3.175,0.1535640954926797
120.0,75.0,3.2,0.1452812426605407
120.0,75.0,3.225,0.13677031405064588
120.0,75.0,3.25,0.1279912025916373
120.0,75.0,3.275,0.11889857444313577
120.0,75.0,3.3,0.1094406785673812
120.0,75.0,3.325,0.09955785836852206
120.0,75.0,3.35,0.08918066798247144
120.0,75.0,3.375,0.07822745919759755
120.0,75.0,3.4,0.06660125197152458
120.0,75.0,3.425,0.054185623525392045
120.0,75.0,3.45,0.0408392343775516
120.0,75.0,3.475,0.02638843219426276
120.0,75.0,3.5,0.010617099213786502
120.0,75.0,3.525,-0.006747525282367145
120.0,75.0,3.55,-0.02605501148727132
120.0,75.0,3.575,-0.04776097058751205
120.0,75.0,3.6,-0.07247008459784211
120.0,75.0,3.625,-0.10099926800743787
120.0,75.0,3.65,-0.13446975796516022
120.0,75.0,3.675,-0.17453613350718572
120.0,75.0,3.7,-0.2237326387166624
120.0,75.0,3.725,-0.2857396038442803
120.0,75.0,3.75,-0.3665481425334428
120.0,75.0,3.775,-0.4762315475121036
120.0,75.0,3.8,-0.6320890135578376
120.0,77.5,2.4,0.44830323370767855
120.0,77.5,2.425,0.4294488596936164
120.0,77.5,2.45,0.4124746020639304
120.0,77.5,2.475,0.397026929496773
120.0,77.5,2.5,0.38283635895587476
120.0,77.5,2.525,0.36970236223933794
120.0,77.5,2.55,0.3574527933834386
120.0,77.5,2.575,0.3459304652860208
120.0,77.5,2.6,0.3350580892133227
120.0,77.5,2.625,0.32479055551230795
120.0,77.5,2.65,0.31507232474488583
120.0,77.5,2.675,0.30578790567130265
120.0,77.5,2.7,0.2968127436000439
120.0,77.5,2.725,0.2880035131740475
120.0,77.5,2.75,0.27946550402694287
120.0,77.5,2.775,0.2711575829976637
120.0,77.5,2.8,0.26303654686116984
120.0,77.5,2.825,0.25507217539327764
120.0,77.5,2.85,0.2472374091474676
120.0,77.5,2.875,0.23950683099847292
120.0,77.5,2.9,0.23185624461110407
120.0,77.5,2.925,0.22426236281511477
120.0,77.5,2.95,0.21670249707782246
120.0,77.5,2.975,0.20915424222168294
120.0,77.5,3.0,0.20159515677909823
120.0,77.5,3.025,0.19400243556216892
120.0,77.5,3.05,0.18635256771190487
120.0,77.5,3.075,0.1786209710821209
120.0,77.5,3.1,0.1707815916590001
120.0,77.5,3.125,0.16280645427324542
120.0,77.5,3.15,0.15466514770416367
120.0,77.5,3.175,0.14632422300481365
120.0,77.5,3.2,0.137746478029737
120.0,77.5,3.225,0.12889009310747218
120.0,77.5,3.25,0.11970757169893234
120.0,77.5,3.275,0.11014442444931556
120.0,77.5,3.3,0.10013751337953321
120.0,77.5,3.325,0.08961294219845288
120.0,77.5,3.35,0.07848333442923462
120.0,77.5,3.375,0.06664427633460702
120.0,77.5,3.4,0.05396960556829771
120.0,77.5,3.425,0.040305081507082
120.0,77.5,3.45,0.02545975077479259
120.0,77.5,3.475,0.009193975191768079
120.0,77.5,3.5,-0.008797452944914158
120.0,77.5,3.525,-0.02890951365199941
120.0,77.5,3.55,-0.05166202022764709
120.0,77.5,3.575,-0.07775066785707248
120.0,77.5,3.6,-0.10813664466069432
120.0,77.5,3.625,-0.14424092411972653
120.0,77.5,3.65,-0.18808475629599392
120.0,77.5,3.675,-0.24269601659979448
120.0,77.5,3.7,-0.31291367789316216
120.0,77.5,3.725,-0.4067548076479536
120.0,77.5,3.75,-0.538021168435124
120.0,77.5,3.775,-0.7301010886945724
120.0,77.5,3.8,-1.0067123696247888
120.0,80.0,2.4,0.43000273449057375
120.0,80.0,2.425,0.4132608883175884
120.0,80.0,2.45,0.39799214317312254
120.0,80.0,2.475,0.3839377620551803
120.0,80.0,2.5,0.3709028668586378
120.0,80.0,2.525,0.3587547040057436
120.0,80.0,2.55,0.3473409030883072
120.0,80.0,2.575,0.33656133798200727
120.0,80.0,2.6,0.3264124264401077
120.0,80.0,2.625,0.316771205546053
120.0,80.0,2.65,0.3074793944978086
120.0,80.0,2.675,0.298401656191916
120.0,80.0,2.7,0.28960206549924083
120.0,80.0,2.725,0.28107480208625796
120.0,80.0,2.75,0.2727654181552433
120.0,80.0,2.775,0.2646392397291039
120.0,80.0,2.8,0.256666922193637
120.0,80.0,2.825,0.24882141461671356
120.0,80.0,2.85,0.24107728143655174
120.0,80.0,2.875,0.23341032275385298
120.0,80.0,2.9,0.22579723122618983
120.0,80.0,2.925,0.2182152567554406
120.0,80.0,2.95,0.2106418753623925
120.0,80.0,2.975,0.2030544578670068
120.0,80.0,3.0,0.19542993133937717
120.0,80.0,3.025,0.18774442423380006
120.0,80.0,3.05,0.17997288434816167
120.0,80.0,3.075,0.1720886567829283
120.0,80.0,3.1,0.1640630065178656
120.0,80.0,3.125,0.15586456672187887
120.0,80.0,3.15,0.1474586890586629
120.0,80.0,3.175,0.13880666552045828
120.0,80.0,3.2,0.12986478198091617
120.0,80.0,3.225,0.12058315064578559
120.0,80.0,3.25,0.11090425033314327
120.0,80.0,3.275,0.10076107768230204
120.0,80.0,3.3,0.09007477538433069
120.0,80.0,3.325,0.0787515497868016
120.0,80.0,3.35,0.06667861100399684
120.0,80.0,3.375,0.05371875003090786
120.0,80.0,3.4,0.039702986917109155
120.0,80.0,3.425,0.024420445936587386
120.0,80.0,3.45,0.0076041825904135715
120.0,80.0,3.475,-0.011088972323405404
120.0,80.0,3.5,-0.03210751033605589
120.0,80.0,3.525,-0.056048477034047445
120.0,80.0,3.55,-0.0837369448599327
120.0,80.0,3.575,-0.11635510307135315
120.0,80.0,3.6,-0.15556698696627166
120.0,80.0,3.625,-0.20386129835014496
120.0,80.0,3.65,-0.26513974017821834
120.0,80.0,3.675,-0.3457669236135767
120.0,80.0,3.7,-0.45660311889668626
120.0,80.0,3.725,-0.6165883795542076
120.0,80.0,3.75,-0.8539764679247561
120.0,80.0,3.775,-1.1321529568909503
120.0,80.0,3.8,-0.5204782568017033
120.0,82.5,2.4,0.4145597235813734
120.0,82.5,2.425,0.39941219381668563
120.0,82.5,2.45,0.3854471654149394
120.0,82.5,2.475,0.3724818289380447
120.0,82.5,2.5,0.36041063224247616
120.0,82.5,2.525,0.3491404779529752
120.0,82.5,2.55,0.3384647426578233
120.0,82.5,2.575,0.3283617810465734
120.0,82.5,2.6,0.31869513436933306
120.0,82.5,2.625,0.3093167708526521
120.0,82.5,2.65,0.30020924636589474
120.0,82.5,2.675,0.2914181917633198
120.0,82.5,2.7,0.28288425557988445
120.0,82.5,2.725,0.2745636982331344
120.0,82.5,2.75,0.2664238028709852
120.0,82.5,2.775,0.2584354032138729
120.0,82.5,2.8,0.2505714514145043
120.0,82.5,2.825,0.2428065060274304
120.0,82.5,2.85,0.23511634169784443
120.0,82.5,2.875,0.2274775859254676
120.0,82.5,2.9,0.21986736983712835
120.0,82.5,2.925,0.21226298697344795
120.0,82.5,2.95,0.20464155265872283
120.0,82.5,2.975,0.19697965479950572
120.0,82.5,3.0,0.18925298548168423
120.0,82.5,3.025,0.18143594114734124
120.0,82.5,3.05,0.1735011770710272
120.0,82.5,3.075,0.16541909899993382
120.0,82.5,3.1,0.15715727082230482
120.0,82.5,3.125,0.14867971153831946
120.0,82.5,3.15,0.139946047008974
120.0,82.5,3.175,0.13091047106437995
120.0,82.5,3.2,0.12152045526554135
120.0,82.5,3.225,0.11171512499938915
120.0,82.5,3.25,0.10142318871864119
120.0,82.5,3.275,0.09056026251647853
120.0,82.5,3.3,0.0790253668215589
120.0,82.5,3.325,0.066696274676643
120.0,82.5,3.35,0.05342324398243878
120.0,82.5,3.375,0.039020440583506726
120.0,82.5,3.4,0.023254042047016338
120.0,82.5,3.425,0.005825192604435674
120.0,82.5,3.45,-0.013653967276578048
120.0,82.5,3.475,-0.03569716598724809
120.0,82.5,3.5,-0.06100610287957226
120.0,82.5,3.525,-0.09056705123891509
120.0,82.5,3.55,-0.12576504328778604
120.0,82.5,3.575,-0.16864258000877103
120.0,82.5,3.6,-0.22234893039651127
120.0,82.5,3.625,-0.29193729089328607
120.0,82.5,3.65,-0.38590583602023004
120.0,82.5,3.675,-0.519116953580929
120.0,82.5,3.7,-0.7166515177289575
120.0,82.5,3.725,-0.9949384304841464
120.0,82.5,3.75,-0.9930510620998351
120.0,82.5,3.775,0.785438725366517
120.0,82.5,3.8,1.331632805377959
120.0,85.0,2.4,0.4012502311078246
120.0,85.0,2.425,0.3873353059564032
120.0,85.0,2.45,0.3744345430864237
120.0,85.0,2.475,0.36248576161397406
120.0,85.0,2.5,0.3513370630804788
120.0,85.0,2.525,0.34070216872096637
120.0,85.0,2.55,0.33052578417881456
120.0,85.0,2.575,0.32078381861260746
120.0,85.0,2.6,0.3113486005426276
120.0,85.0,2.625,0.30223869952793675
120.0,85.0,2.65,0.2934368536597872
120.0,85.0,2.675,0.28488518849693173
120.0,85.0,2.7,0.2765444435625477
120.0,85.0,2.725,0.26838241487642095
120.0,85.0,2.75,0.260370013771295
120.0,85.0,2.775,0.25248019819663076
120.0,85.0,2.8,0.24468749624418493
120.0,85.0,2.825,0.23696761149661674
120.0,85.0,2.85,0.22929704990680594
120.0,85.0,2.875,0.22165276222521166
120.0,85.0,2.9,0.21401179491687755
120.0,85.0,2.925,0.20635094055481798
120.0,85.0,2.95,0.19864637725607895
120.0,85.0,2.975,0.19087328538290696
120.0,85.0,3.0,0.1830054280570198
120.0,85.0,3.025,0.17501467970806972
120.0,85.0,3.05,0.16687048358557535
120.0,85.0,3.075,0.15853921452941527
120.0,85.0,3.1,0.1499834168019616
120.0,85.0,3.125,0.14116087770122918
120.0,85.0,3.15,0.13202348492334454
120.0,85.0,3.175,0.12251579763280276
120.0,85.0,3.2,0.11257323553674072
120.0,85.0,3.225,0.10211975329198521
120.0,85.0,3.25,0.0910648136522361
120.0,85.0,3.275,0.07929939316270482
120.0,85.0,3.3,0.0666906438274249
120.0,85.0,3.325,0.053074541271895315
120.0,85.0,3.35,0.038246020720084206
120.0,85.0,3.375,0.021944607378533636
120.0,85.0,3.4,0.0038342529107222227
120.0,85.0,3.425,-0.01652681824625402
120.0,85.0,3.45,-0.03973432281328974
120.0,85.0,3.475,-0.06661454381302084
120.0,85.0,3.5,-0.09832446425665456
120.0,85.0,3.525,-0.13654192544342186
120.0,85.0,3.55,-0.18381262152076905
120.0,85.0,3.575,-0.24415322475371604
120.0,85.0,3.6,-0.32420235277342874
120.0,85.0,3.625,-0.4354567082644217
120.0,85.0,3.65,-0.598131003188005
120.0,85.0,3.675,-0.8401348162528627
120.0,85.0,3.7,-1.0742925319153542
120.0,85.0,3.725,-0.0526803858354597
120.0,85.0,3.75,1.307951707245929
120.0,85.0,3.775,1.148589797272762
120.0,85.0,3.8,0.9026926066614599
120.0,87.5,2.4,0.38960196798836316
120.0,87.5,2.425,0.3768260680979741
120.0,87.5,2.45,0.3650166410506739
120.0,87.5,2.475,0.3538383246987526
120.0,87.5,2.5,0.3431334541471936
120.0,87.5,2.525,0.3328820832715904
120.0,87.5,2.55,0.323063738695698
120.0,87.5,2.575,0.3136006403699188
120.0,87.5,2.6,0.3044758384938557
120.0,87.5,2.625,0.29564986542123506
120.0,87.5,2.65,0.2870706491116574
120.0,87.5,2.675,0.2787007992955874
120.0,87.5,2.7,0.27050840566448187
120.0,87.5,2.725,0.26246433502198596
120.0,87.5,2.75,0.25454151629872435
120.0,87.5,2.775,0.24671440119364468
120.0,87.5,2.8,0.23895856504116686
120.0,87.5,2.825,0.23125033128323574
120.0,87.5,2.85,0.22356640793570629
120.0,87.5,2.875,0.21588353086108972
120.0,87.5,2.9,0.20817810436862744
120.0,87.5,2.925,0.20042582787194524
120.0,87.5,2.95,0.19260129583808713
120.0,87.5,2.975,0.1846775563443198
120.0,87.5,3.0,0.17662561085271852
120.0,87.5,3.025,0.16841383397431658
120.0,87.5,3.05,0.16000728659285077
120.0,87.5,3.075,0.15136688814780488
120.0,87.5,3.1,0.14244840325734462
120.0,87.5,3.125,0.1332011828957336
120.0,87.5,3.15,0.12356657908879343
120.0,87.5,3.175,0.11347592171432554
120.0,87.5,3.2,0.10284790394452166
120.0,87.5,3.225,0.09158508632553904
120.0,87.5,3.25,0.07956955612398331
120.0,87.5,3.275,0.06665638763835316
120.0,87.5,3.3,0.05266546894130493
120.0,87.5,3.325,0.0373695387289075
120.0,87.5,3.35,0.020477319541678984
120.0,87.5,3.375,0.001608817707835319
120.0,87.5,3.4,-0.01974251505424515
120.0,87.5,3.425,-0.04427015791571651
120.0,87.5,3.45,-0.07294174208069464
120.0,87.5,3.475,-0.1071393600755057
120.0,87.5,3.5,-0.14892395580299717
120.0,87.5,3.525,-0.20149364632191458
120.0,87.5,3.55,-0.2700364046698535
120.0,87.5,3.575,-0.3633915181150825
120.0,87.5,3.6,-0.4972021769775528
120.0,87.5,3.625,-0.6975289216834075
120.0,87.5,3.65,-0.9691076193619015
120.0,87.5,3.675,-0.7619375626513002
120.0,87.5,3.7,1.0338273747816549
120.0,87.5,3.725,1.2275053115552224
120.0,87.5,3.75,0.9673801516087521
120.0,87.5,3.775,0.7733959862649588
120.0,87.5,3.8,0.6424510252783707
120.0,90.0,2.4,0.37971406720644557
120.0,90.0,2.425,0.36785007678498227
120.0,90.0,2.45,0.3565358601896732
120.0,90.0,2.475,0.3457475492874555
120.0,90.0,2.5,0.3354439021637752
120.0,90.0,2.525,0.3255655678503918
120.0,90.0,2.55,0.3160660422260397
120.0,90.0,2.575,0.3069119245383569
120.0,90.0,2.6,0.2980507625362163
120.0,90.0,2.625,0.2894345939271478
120.0,90.0,2.65,0.2810269736158977
120.0,90.0,2.675,0.27279616649921073
120.0,90.0,2.7,0.26471302029853555
120.0,90.0,2.725,0.2567503258832998
120.0,90.0,2.75,0.24888240078008556
120.0,90.0,2.775,0.24108463304092406
120.0,90.0,2.8,0.23333310249986253
120.0,90.0,2.825,0.2256042135106284
120.0,90.0,2.85,0.21787433005541038
120.0,90.0,2.875,0.21011940517402608
120.0,90.0,2.9,0.20231459303037758
120.0,90.0,2.925,0.19443382992292116
120.0,90.0,2.95,0.1864493682586689
120.0,90.0,2.975,0.17833124433584974
120.0,90.0,3.0,0.1700466562968178
120.0,90.0,3.025,0.1615592223126355
120.0,90.0,3.05,0.15282808023086425
120.0,90.0,3.075,0.143806777547992
120.0,90.0,3.1,0.13444188349385255
120.0,90.0,3.125,0.12467124306510093
120.0,90.0,3.15,0.11442157629792403
120.0,90.0,3.175,0.10360589346990287
120.0,90.0,3.2,0.09211911967399689
120.0,90.0,3.225,0.07983316720339079
120.0,90.0,3.25,0.06658970209409358
120.0,90.0,3.275,0.052190242331802875
120.0,90.0,3.3,0.03638214834258006
120.0,90.0,3.325,0.01883836470158925
120.0,90.0,3.35,-0.0008727872259538161
120.0,90.0,3.375,-0.023334624089560642
120.0,90.0,3.4,-0.049355151756048946
120.0,90.0,3.425,-0.08007711953895383
120.0,90.0,3.45,-0.11717279239098048
120.0,90.0,3.475,-0.16319324064814256
120.0,90.0,3.5,-0.2221991864644625
120.0,90.0,3.525,-0.3009755140958603
120.0,90.0,3.55,-0.4114114803842577
120.0,90.0,3.575,-0.5745210670952605
120.0,90.0,3.6,-0.8167510210811322
120.0,90.0,3.625,-0.9935434724905751
120.0,90.0,3.65,0.30709017650438486
120.0,90.0,3.675,1.2655415650105977
120.0,90.0,3.7,1.0473173652758683
120.0,90.0,3.725,0.8249615585514761
120.0,90.0,3.75,0.6750361976038247
120.0,90.0,3.775,0.5718157032792479
120.0,90.0,3.8,0.49687770187063135
120.0,92.5,2.4,0.3708671898649901
120.0,92.5,2.425,0.35943842592433317
120.0,92.5,2.45,0.3485786541886857
120.0,92.5,2.475,0.338219840152206
120.0,92.5,2.5,0.3282911801668235
120.0,92.5,2.525,0.3187404745001345
120.0,92.5,2.55,0.30954026862611467
120.0,92.5,2.575,0.3006340146974641
120.0,92.5,2.6,0.291971882101125
120.0,92.5,2.625,0.2835181185402246
120.0,92.5,2.65,0.2752411249169309
120.0,92.5,2.675,0.2671117063581159
120.0,92.5,2.7,0.2591025053063024
120.0,92.5,2.725,0.2511876034638128
120.0,92.5,2.75,0.24334214279258337
120.0,92.5,2.775,0.2355419018719844
120.0,92.5,2.8,0.2277629231791992
120.0,92.5,2.825,0.21998114038276134
120.0,92.5,2.85,0.21217199515885796
120.0,92.5,2.875,0.20431003266849326
120.0,92.5,2.9,0.19636846123172588
120.0,92.5,2.925,0.18831865883943666
120.0,92.5,2.95,0.18012960540732761
120.0,92.5,2.975,0.17176721447092178
120.0,92.5,3.0,0.16319353080162505
120.0,92.5,3.025,0.15436575117904508
120.0,92.5,3.05,0.14523504962940587
120.0,92.5,3.075,0.13574474185243704
120.0,92.5,3.1,0.1258290535901431
120.0,92.5,3.125,0.1154097273895142
120.0,92.5,3.15,0.1043931971394302
120.0,92.5,3.175,0.09266601269154244
120.0,92.5,3.2,0.08008882889854502
120.0,92.5,3.225,0.06648812328691148
120.0,92.5,3.25,0.051644581425290284
120.0,92.5,3.275,0.035276472758343023
120.0,92.5,3.3,0.0170152692867526
120.0,92.5,3.325,-0.0036312847000597114
120.0,92.5,3.35,-0.027337076052657863
120.0,92.5,3.375,-0.05504784730749837
120.0,92.5,3.4,-0.08812613679211226
120.0,92.5,3.425,-0.12861135387792755
120.0,92.5,3.45,-0.1796889367379558
120.0,92.5,3.475,-0.24657145345723036
120.0,92.5,3.5,-0.33823072327123926
120.0,92.5,3.525,-0.470697945875733
120.0,92.5,3.55,-0.6704024226324061
120.0,92.5,3.575,-0.9305916513714846
120.0,92.5,3.6,-0.54730876859521
120.0,92.5,3.625,1.118344438091535
120.0,92.5,3.65,1.1381069708748501
120.0,92.5,3.675,0.8910979878108315
120.0,92.5,3.7,0.7167637665785089
120.0,92.5,3.725,0.5992494442489287
120.0,92.5,3.75,0.5159900772225957
120.0,92.5,3.775,0.4538190726116191
120.0,92.5,3.8,0.40526299329097887
120.0,95.0,2.4,0.3625752442621168
120.0,95.0,2.425,0.3516416659213313
120.0,95.0,2.45,0.3412173038882368
120.0,95.0,2.475,0.3312287709930373
120.0,95.0,2.5,0.32161994598670585
120.0,95.0,2.525,0.3123581516918165
120.0,95.0,2.55,0.30339481199364465
120.0,95.0,2.575,0.2946782477621209
120.0,95.0,2.6,0.2861702981239381
120.0,95.0,2.625,0.27783961838908383
120.0,95.0,2.65,0.26965696507582276
120.0,95.0,2.675,0.2615948053447852
120.0,95.0,2.7,0.2536269589317805
120.0,95.0,2.725,0.24572823324698873
120.0,95.0,2.75,0.23787405118499835
120.0,95.0,2.775,0.23004003940512768
120.0,95.0,2.8,0.22220164604207088
120.0,95.0,2.825,0.2143337444180922
120.0,95.0,2.85,0.20641021000750293
120.0,95.0,2.875,0.19840345628713524
120.0,95.0,2.9,0.1902839107847776
120.0,95.0,2.925,0.1820194082845188
120.0,95.0,2.95,0.17357447337538026
120.0,95.0,2.975,0.16490949575857214
120.0,95.0,3.0,0.15597932287098012
120.0,95.0,3.025,0.14673276152712375
120.0,95.0,3.05,0.13710987212467893
120.0,95.0,3.075,0.1270404005091286
120.0,95.0,3.1,0.11644076619975571
120.0,95.0,3.125,0.10521030024086202
120.0,95.0,3.15,0.09322617949684717
120.0,95.0,3.175,0.08033650522060541
120.0,95.0,3.2,0.06635067880674
120.0,95.0,3.225,0.05102575732772164
120.0,95.0,3.25,0.03404668307063544
120.0,95.0,3.275,0.014996888263076782
120.0,95.0,3.3,-0.006686849667263713
120.0,95.0,3.325,-0.031785934210867096
120.0,95.0,3.35,-0.06141399947909294
120.0,95.0,3.375,-0.09720783342423774
120.0,95.0,3.4,-0.1416729647475266
120.0,95.0,3.425,-0.19882337283433169
120.0,95.0,3.45,-0.2754198367499073
120.0,95.0,3.475,-0.3834196455892845
120.0,95.0,3.5,-0.5440970674308028
120.0,95.0,3.525,-0.7826503210680078
120.0,95.0,3.55,-0.9132976627387774
120.0,95.0,3.575,0.5047084884174685
120.0,95.0,3.6,1.208167071092587
120.0,95.0,3.625,0.9748435536650769
120.0,95.0,3.65,0.7704471456282681
120.0,95.0,3.675,0.6340440067706614
120.0,95.0,3.7,0.5398948913118695
120.0,95.0,3.725,0.47123309641102007
120.0,95.0,3.75,0.4186422569461963
120.0,95.0,3.775,0.3766822369516874
120.0,95.0,3.8,0.34204010461415985
120.0,97.5,2.4,0.3549393940227566
120.0,97.5,2.425,0.3444362138615093
120.0,97.5,2.45,0.33437471766288435
120.0,97.5,2.475,0.3246959418678467
120.0,97.5,2.5,0.31536360782651524
120.0,97.5,2.525,0.3063311075066086
120.0,97.5,2.55,0.29755013176251693
120.0,97.5,2.575,0.28898041437811967
120.0,97.5,2.6,0.2805888190609647
120.0,97.5,2.625,0.2723461870143596
120.0,97.5,2.65,0.26422479810105376
120.0,97.5,2.675,0.25619818211660567
120.0,97.5,2.7,0.24824078087138846
120.0,97.5,2.725,0.2403275848628692
120.0,97.5,2.75,0.23243375478220543
120.0,97.5,2.775,0.22453420216671346
120.0,97.5,2.8,0.216603178319625
120.0,97.5,2.825,0.20861383172239326
120.0,97.5,2.85,0.20053771791019426
120.0,97.5,2.875,0.19234424354044719
120.0,97.5,2.9,0.18400004022718708
120.0,97.5,2.925,0.17546793449925077
120.0,97.5,2.95,0.16670673985610937
120.0,97.5,2.975,0.15766908759502912
120.0,97.5,3.0,0.1483006457480933
120.0,97.5,3.025,0.1385380227666369
120.0,97.5,3.05,0.12830635204107146
120.0,97.5,3.075,0.11751609621206922
120.0,97.5,3.1,0.10605878174701579
120.0,97.5,3.125,0.09380121674281641
120.0,97.5,3.15,0.08057751832693287
120.0,97.5,3.175,0.06617791411782185
120.0,97.5,3.2,0.050332687015471896
120.0,97.5,3.225,0.03268862068051172
120.0,97.5,3.25,0.012773499227743457
120.0,97.5,3.275,-0.010059180931203475
120.0,97.5,3.3,-0.036719173512421065
120.0,97.5,3.325,-0.06852532262896989
120.0,97.5,3.35,-0.1074566192472043
120.0,97.5,3.375,-0.156614162068554
120.0,97.5,3.4,-0.22110148474830357
120.0,97.5,3.425,-0.30976715244165937
120.0,97.5,3.45,-0.43856371179986137
120.0,97.5,3.475,-0.6339185492804392
120.0,97.5,3.5,-0.8843673072255844
120.0,97.5,3.525,-0.417524053568661
120.0,97.5,3.55,1.1252628461014698
120.0,97.5,3.575,1.0745865062014521
120.0,97.5,3.6,0.839852476708334
120.0,97.5,3.625,0.6784481088362101
120.0,97.5,3.65,0.5698164856073388
120.0,97.5,3.675,0.4926757001467398
120.0,97.5,3.7,0.43490262133906726
120.0,97.5,3.725,0.3896418065561546
120.0,97.5,3.75,0.3528367734407948
120.0,97.5,3.775,0.3219568124726203
120.0,97.5,3.8,0.2953479905768855
120.0,100.0,2.4,0.34787444550056323
120.0,100.0,2.425,0.33772649889455075
120.0,100.0,2.45,0.3279655221929173
120.0,100.0,2.475,0.3185516041332708
120.0,100.0,2.5,0.30944182792144387
120.0,100.0,2.525,0.3005861534933818
120.0,100.0,2.55,0.29194601570992273
120.0,100.0,2.575,0.2834866497052569
120.0,100.0,2.6,0.2751775005705422
120.0,100.0,2.625,0.26699077833683094
120.0,100.0,2.65,0.258899706592963
120.0,100.0,2.675,0.25087833428632206
120.0,100.0,2.7,0.24290118726897242
120.0,100.0,2.725,0.23494289249164838
120.0,100.0,2.75,0.22697777786689247
120.0,100.0,2.775,0.21897942342068918
120.0,100.0,2.8,0.21092019837011175
120.0,100.0,2.825,0.20277075239409367
120.0,100.0,2.85,0.19449914914831906
120.0,100.0,2.875,0.1860712310143699
120.0,100.0,2.9,0.17744798186372146
120.0,100.0,2.925,0.1685860385196594
120.0,100.0,2.95,0.15943577443141507
120.0,100.0,2.975,0.14993977272681594
120.0,100.0,3.0,0.1400307502800854
120.0,100.0,3.025,0.1296288456908063
120.0,100.0,3.05,0.11863802784467674
120.0,100.0,3.075,0.10694126602881851
120.0,100.0,3.1,0.09439392650420406
120.0,100.0,3.125,0.08081458183816005
120.0,100.0,3.15,0.06597196724519834
120.0,100.0,3.175,0.04956606445670748
120.0,100.0,3.2,0.031199995151606676
120.0,100.0,3.225,0.010337067728570577
120.0,100.0,3.25,-0.013767122524376856
120.0,100.0,3.275,-0.04217598271096488
120.0,100.0,3.3,-0.07645945153104114
120.0,100.0,3.325,-0.11902481896258313
120.0,100.0,3.35,-0.17373857357231084
120.0,100.0,3.375,-0.24714444761952567
120.0,100.0,3.4,-0.35089865534231085
120.0,100.0,3.425,-0.5059815622737595
120.0,100.0,3.45,-0.7378859573989444
120.0,100.0,3.475,-0.8577604399024451
120.0,100.0,3.5,0.5587027046972772
120.0,100.0,3.525,1.162762141510296
120.0,100.0,3.55,0.9291501080985313
120.0,100.0,3.575,0.735624397788089
120.0,100.0,3.6,0.6075382135835496
120.0,100.0,3.625,0.5191360800126388
120.0,100.0,3.65,0.4546030140508123
120.0,100.0,3.675,0.40510279487164313
120.0,100.0,3.7,0.3655423350957094
120.0,100.0,3.725,0.33282779489642766
120.0,100.0,3.75,0.3049836832529129
120.0,100.0,3.775,0.2806916414465134
120.0,100.0,3.8,0.2590369629607975
120.0,102.5,2.4,0.34128225530936146
120.0,102.5,2.425,0.33142724719070543
120.0,102.5,2.45,0.321920773777078
120.0,102.5,2.475,0.31272364060285796
120.0,102.5,2.5,0.3037860312640827
120.0,102.5,2.525,0.29506639353642783
120.0,102.5,2.55,0.28653160288394736
120.0,102.5,2.575,0.27814969466409
120.0,102.5,2.6,0.26989168892106297
120.0,102.5,2.625,0.26173060269059245
120.0,102.5,2.65,0.2536400736025865
120.0,102.5,2.675,0.24559413672662425
120.0,102.5,2.7,0.23756685322019302
120.0,102.5,2.725,0.2295319068348517
120.0,102.5,2.75,0.22146216543595154
120.0,102.5,2.775,0.2133291869123983
120.0,102.5,2.8,0.20510240828027826
120.0,102.5,2.825,0.19674935570841104
120.0,102.5,2.85,0.18823371036711145
120.0,102.5,2.875,0.17951521976103593
120.0,102.5,2.9,0.1705483310585214
120.0,102.5,2.925,0.16128080854605864
120.0,102.5,2.95,0.15165195407964158
120.0,102.5,2.975,0.14159030348278934
120.0,102.5,3.0,0.13101060096423697
120.0,102.5,3.025,0.11980976368995941
120.0,102.5,3.05,0.10786141180037105
120.0,102.5,3.075,0.095008324883291
120.0,102.5,3.1,0.08105184240939342
120.0,102.5,3.125,0.06573666096002172
120.0,102.5,3.15,0.048728526443712526
120.0,102.5,3.175,0.02958065184198676
120.0,102.5,3.2,0.007681650898592776
120.0,102.5,3.225,-0.017828082151658584
120.0,102.5,3.25,-0.04819615767929185
120.0,102.5,3.275,-0.08530018394284368
120.0,102.5,3.3,-0.132085428030434
120.0,102.5,3.325,-0.19340685173063393
120.0,102.5,3.35,-0.2777173004427042
120.0,102.5,3.375,-0.4003925946137436
120.0,102.5,3.4,-0.5876104522890181
120.0,102.5,3.425,-0.8340840636885094
120.0,102.5,3.45,-0.4051055113501928
120.0,102.5,3.475,1.098621254631369
120.0,102.5,3.5,1.038084724569538
120.0,102.5,3.525,0.8103866818857965
120.0,102.5,3.55,0.6556908196154075
120.0,102.5,3.575,0.5520340824323343
120.0,102.5,3.6,0.47854996616990375
120.0,102.5,3.625,0.4235418805020888
120.0,102.5,3.65,0.3804468005629867
120.0,102.5,3.675,0.345391727467347
120.0,102.5,3.7,0.3159671436210106
120.0,102.5,3.725,0.2906010892373661
120.0,102.5,3.75,0.2682243615355876
120.0,102.5,3.775,0.24808236472528802
120.0,102.5,3.8,0.2296244557338413
120.0,105.0,2.4,0.33508034445590074
120.0,105.0,2.425,0.3254710485349899
120.0,105.0,2.45,0.3161759765484476
120.0,105.0,2.475,0.3071477044666041
120.0,105.0,2.5,0.2983419526975109
120.0,105.0,2.525,0.28972358901866374
120.0,105.0,2.55,0.28126205714894753
120.0,105.0,2.575,0.27292705337956813
120.0,105.0,2.6,0.2646905115699739
120.0,105.0,2.625,0.2565257422895548
120.0,105.0,2.65,0.24840627070706506
120.0,105.0,2.675,0.2403055685679375
120.0,105.0,2.7,0.23219665261466285
120.0,105.0,2.725,0.2240511372661523
120.0,105.0,2.75,0.2158408921300556
120.0,105.0,2.775,0.20753349514256417
120.0,105.0,2.8,0.19909516216528178
120.0,105.0,2.825,0.19048832870774765
120.0,105.0,2.85,0.18167093330935824
120.0,105.0,2.875,0.1725952112402887
120.0,105.0,2.9,0.16320616549327782
120.0,105.0,2.925,0.15343960638041107
120.0,105.0,2.95,0.14321959948160803
120.0,105.0,2.975,0.13245509135280686
120.0,105.0,3.0,0.12103537614885639
120.0,105.0,3.025,0.10882390168866692
120.0,105.0,3.05,0.09564965267845006
120.0,105.0,3.075,0.08129492561799201
120.0,105.0,3.1,0.06547760496871041
120.0,105.0,3.125,0.047824841142707686
120.0,105.0,3.15,0.027832887026824522
120.0,105.0,3.175,0.004803885752270325
120.0,105.0,3.2,-0.0222573569753798
120.0,105.0,3.225,-0.05481946189328735
120.0,105.0,3.25,-0.0951376092628831
120.0,105.0,3.275,-0.14683501062154514
120.0,105.0,3.3,-0.2160481296468667
120.0,105.0,3.325,-0.31375774598388056
120.0,105.0,3.35,-0.46006383178518107
120.0,105.0,3.375,-0.6823790398880917
120.0,105.0,3.4,-0.8331940270244031
120.0,105.0,3.425,0.4856852843101289
120.0,105.0,3.45,1.1368618365215848
120.0,105.0,3.475,0.9079195435453373
120.0,105.0,3.5,0.7182022563250067
120.0,105.0,3.525,0.5934940015958067
120.0,105.0,3.55,0.5079128122924849
120.0,105.0,3.575,0.4456359493384306
120.0,105.0,3.6,0.39795990215118904
120.0,105.0,3.625,0.3599048583659997
120.0,105.0,3.65,0.32846144547739664
120.0,105.0,3.675,0.3017156746108161
120.0,105.0,3.7,0.2783942776174477
120.0,105.0,3.725,0.2576161601101407
120.0,105.0,3.75,0.23874975601466783
120.0,105.0,3.775,0.22132749580860211
120.0,105.0,3.8,0.2049924980444806
120.0,107.5,2.4,0.3292029289498363
120.0,107.5,2.425,0.31979952247195254
120.0,107.5,2.45,0.31067121139385095
120.0,107.5,2.475,0.30177167299646723
120.0,107.5,2.5,0.2930635899196021
120.0,107.5,2.525,0.28451505026383905
120.0,107.5,2.55,0.2760968330290978
120.0,107.5,2.575,0.2677795867825593
120.0,107.5,2.6,0.25953558936649407
120.0,107.5,2.625,0.2513379295412788
120.0,107.5,2.65,0.24315947393285756
120.0,107.5,2.675,0.23497223465780426
120.0,107.5,2.7,0.22674815629672165
120.0,107.5,2.725,0.2184564580588534
120.0,107.5,2.75,0.2100648060986373
120.0,107.5,2.775,0.2015378664150464
120.0,107.5,2.8,0.19283652976295668
120.0,107.5,2.825,0.18391685822322673
120.0,107.5,2.85,0.1747287663068475
120.0,107.5,2.875,0.16521434774917387
120.0,107.5,2.9,0.15530571850996563
120.0,107.5,2.925,0.14492219133962272
120.0,107.5,2.95,0.13396651489747474
120.0,107.5,2.975,0.12231978408152445
120.0,107.5,3.0,0.10983443040266908
120.0,107.5,3.025,0.09632438431052393
120.0,107.5,3.05,0.08155098078504251
120.0,107.5,3.075,0.06520230044878353
120.0,107.5,3.1,0.04686210813043632
120.0,107.5,3.125,0.025961793550334972
120.0,107.5,3.15,0.0017035393013200685
120.0,107.5,3.175,-0.027067357357114328
120.0,107.5,3.2,-0.062084803653818015
120.0,107.5,3.225,-0.10606796689428288
120.0,107.5,3.25,-0.16349663799194963
120.0,107.5,3.275,-0.24217257899864317
120.0,107.5,3.3,-0.356396301907389
120.0,107.5,3.325,-0.531611543482905
120.0,107.5,3.35,-0.7771137208265199
120.0,107.5,3.375,-0.5043698656696267
120.0,107.5,3.4,1.043903147312379
120.0,107.5,3.425,1.0286130223996932
120.0,107.5,3.45,0.8008133453093736
120.0,107.5,3.475,0.6467497386204
120.0,107.5,3.5,0.5444302655621879
120.0,107.5,3.525,0.4723650494464714
120.0,107.5,3.55,0.41866366694262547
120.0,107.5,3.575,0.3767281818203928
120.0,107.5,3.6,0.34269792709104413
120.0,107.5,3.625,0.3141868720474024
120.0,107.5,3.65,0.2896466880421785
120.0,107.5,3.675,0.2680290267053795
120.0,107.5,3.7,0.24859700191724285
120.0,107.5,3.725,0.23081487672539544
120.0,107.5,3.75,0.21428073704519848
120.0,107.5,3.775,0.19868383227804326
120.0,107.5,3.8,0.1837766300399347
120.0,110.0,2.4,0.32359574805071983
120.0,110.0,2.425,0.3143576529496197
120.0,110.0,2.45,0.3053561714479094
120.0,110.0,2.475,0.2965514321171513
120.0,110.0,2.5,0.2879101419085073
120.0,110.0,2.525,0.2794019779589975
120.0,110.0,2.55,0.27099836669654964
120.0,110.0,2.575,0.26267031649676403
120.0,110.0,2.6,0.2543898500244569
120.0,110.0,2.625,0.24612916535645238
120.0,110.0,2.65,0.23786027419481187
120.0,110.0,2.675,0.22955324595699828
120.0,110.0,2.7,0.22117692669146158
120.0,110.0,2.725,0.2126977584183624
120.0,110.0,2.75,0.2040790772586502
120.0,110.0,2.775,0.19528017736043152
120.0,110.0,2.8,0.18625516863371142
120.0,110.0,2.825,0.17695154366645124
120.0,110.0,2.85,0.16730834941743886
120.0,110.0,2.875,0.15725381638582478
120.0,110.0,2.9,0.14670223380429834
120.0,110.0,2.925,0.1355497623788361
120.0,110.0,2.95,0.12366872623286869
120.0,110.0,2.975,0.11089968856143949
120.0,110.0,3.0,0.0970402312768701
120.0,110.0,3.025,0.08182871986335949
120.0,110.0,3.05,0.06492024044129853
120.0,110.0,3.075,0.04584996147484603
120.0,110.0,3.1,0.023975627601003913
120.0,110.0,3.125,-0.0016158824967371249
120.0,110.0,3.15,-0.03226669682658079
120.0,110.0,3.175,-0.07002913886838638
120.0,110.0,3.2,-0.1181931094714177
120.0,110.0,3.225,-0.18232260388726526
120.0,110.0,3.25,-0.2723830940247104
120.0,110.0,3.275,-0.4069252770486312
120.0,110.0,3.3,-0.6154273107012607
120.0,110.0,3.325,-0.8200547681880163
120.0,110.0,3.35,0.2706290941430219
120.0,110.0,3.375,1.1285084891647506
120.0,110.0,3.4,0.9104907962362498
120.0,110.0,3.425,0.7168013070324986
120.0,110.0,3.45,0.5907614251961515
120.0,110.0,3.475,0.5051819483638146
120.0,110.0,3.5,0.4433978507232826
120.0,110.0,3.525,0.3963728945818822
120.0,110.0,3.55,0.3590011554461977
120.0,110.0,3.575,0.32822760898938913
120.0,110.0,3.6,0.30212474160759656
120.0,110.0,3.625,0.2794188267541452
120.0,110.0,3.65,0.2592335764533581
120.0,110.0,3.675,0.2409442249503795
120.0,110.0,3.7,0.22409061421125154
120.0,110.0,3.725,0.20832328827826552
120.0,110.0,3.75,0.19336882280419498
120.0,110.0,3.775,0.17900678296647932
120.0,110.0,3.8,0.1650538522151348
