Z,E,f0,alpha
40.0,0.0,2.4,0.29663486708048226
40.0,0.0,2.425,0.2907287565567664
40.0,0.0,2.45,0.28489870640929527
40.0,0.0,2.475,0.2791389197719492
40.0,0.0,2.5,0.2734426924568342
40.0,0.0,2.525,0.267802624249886
40.0,0.0,2.55,0.26221134697368137
40.0,0.0,2.575,0.2566622214202028
40.0,0.0,2.6,0.2511495824519291
40.0,0.0,2.625,0.24566858951350595
40.0,0.0,2.65,0.24021473609615818
40.0,0.0,2.675,0.2347836807647181
40.0,0.0,2.7,0.22937090242303412
40.0,0.0,2.725,0.22397123430242147
40.0,0.0,2.75,0.21857970659813536
40.0,0.0,2.775,0.2131912341872757
40.0,0.0,2.8,0.20780052530546528
40.0,0.0,2.825,0.20240209955827912
40.0,0.0,2.85,0.19699028464515406
40.0,0.0,2.875,0.19155919928014134
40.0,0.0,2.9,0.18610272788134788
40.0,0.0,2.925,0.18061448872979788
40.0,0.0,2.95,0.17508779619838408
40.0,0.0,2.975,0.16951561719069883
40.0,0.0,3.0,0.16389052170378504
40.0,0.0,3.025,0.1582046273048277
40.0,0.0,3.05,0.15244953723169363
40.0,0.0,3.075,0.14661627175997582
40.0,0.0,3.1,0.14069519238519992
40.0,0.0,3.125,0.13467591810307197
40.0,0.0,3.15,0.12854723296761666
40.0,0.0,3.175,0.1222969836882212
40.0,0.0,3.2,0.11591196553512854
40.0,0.0,3.225,0.10937779423642383
40.0,0.0,3.25,0.10267876083526185
40.0,0.0,3.275,0.09579766565233076
40.0,0.0,3.3,0.08871562656460609
40.0,0.0,3.325,0.08141185575407466
40.0,0.0,3.35,0.07386339786338428
40.0,0.0,3.375,0.06604482105548444
40.0,0.0,3.4,0.05792785071850267
40.0,0.0,3.425,0.04948093335754298
40.0,0.0,3.45,0.04066871540880889
40.0,0.0,3.475,0.031451418091158284
40.0,0.0,3.5,0.021784084673524776
40.0,0.0,3.525,0.011615670014069912
40.0,0.0,3.55,0.0008879313349695601
40.0,0.0,3.575,-0.010465948138453732
40.0,0.0,3.6,-0.02252315451079777
40.0,0.0,3.625,-0.03537366243046718
40.0,0.0,3.65,-0.04912258296626953
40.0,0.0,3.675,-0.0638921085939187
40.0,0.0,3.7,-0.07982658376864166
40.0,0.0,3.725,-0.09709876067574658
40.0,0.0,3.75,-0.115916184342628
40.0,0.0,3.775,-0.13652979856948838
40.0,0.0,3.8,-0.15924533575557984
40.0,5.0,2.4,0.267726226994034
40.0,5.0,2.425,0.26164009285472156
40.0,5.0,2.45,0.2556027754097204
40.0,5.0,2.475,0.24960807614218153
40.0,5.0,2.5,0.2436503168748409
40.0,5.0,2.525,0.23772400526307888
40.0,5.0,2.55,0.23182361582851446
40.0,5.0,2.575,0.22594349155555665
40.0,5.0,2.6,0.22007786286745468
40.0,5.0,2.625,0.21422083986334428
40.0,5.0,2.65,0.20836630700406444
40.0,5.0,2.675,0.2025080055818949
40.0,5.0,2.7,0.19663944592372315
40.0,5.0,2.725,0.19075384774016688
40.0,5.0,2.75,0.18484432965963196
40.0,5.0,2.775,0.17890375504214845
40.0,5.0,2.8,0.17292468490978222
40.0,5.0,2.825,0.16689934687355862
40.0,5.0,2.85,0.16081959194199916
40.0,5.0,2.875,0.15467684278486676
40.0,5.0,2.9,0.14846203433659352
40.0,5.0,2.925,0.1421655463723477
40.0,5.0,2.95,0.13577712694756888
40.0,5.0,2.975,0.12928580548101615
40.0,5.0,3.0,0.12267979409254139
40.0,5.0,3.025,0.11594637563131878
40.0,5.0,3.05,0.1090717766214636
40.0,5.0,3.075,0.10204102307728947
40.0,5.0,3.1,0.0948377767715396
40.0,5.0,3.125,0.08744414901744342
40.0,5.0,3.15,0.07984048819477618
40.0,5.0,3.175,0.07200513643873992
40.0,5.0,3.2,0.06391414954652075
40.0,5.0,3.225,0.055540972503843704
40.0,5.0,3.25,0.04685606097965171
40.0,5.0,3.275,0.03782643656546749
40.0,5.0,3.3,0.02841516034276119
40.0,5.0,3.325,0.018580705375734516
40.0,5.0,3.35,0.008276203696247986
40.0,5.0,3.375,-0.002551463083775241
40.0,5.0,3.4,-0.013962768725688841
40.0,5.0,3.425,-0.02602689296450544
40.0,5.0,3.45,-0.03882338216162373
40.0,5.0,3.475,-0.05244420339863944
40.0,5.0,3.5,-0.06699630160695653
40.0,5.0,3.525,-0.08260481345854781
40.0,5.0,3.55,-0.09941720792399798
40.0,5.0,3.575,-0.11760895548623984
40.0,5.0,3.6,-0.13739143237102902
40.0,5.0,3.625,-0.15901911661774085
40.0,5.0,3.65,-0.1827995993322411
40.0,5.0,3.675,-0.20911150198640657
40.0,5.0,3.7,-0.23842711778984366
40.0,5.0,3.725,-0.2713415610605305
40.0,5.0,3.75,-0.3086141534761725
40.0,5.0,3.775,-0.351227694439772
40.0,5.0,3.8,-0.40047412309151004
40.0,10.0,2.4,0.23832776280940318
40.0,10.0,2.425,0.23192431003236286
40.0,10.0,2.45,0.2255464814079918
40.0,10.0,2.475,0.21918739672103427
40.0,10.0,2.5,0.2128400183161794
40.0,10.0,2.525,0.2064971423551886
40.0,10.0,2.55,0.20015138291694573
40.0,10.0,2.575,0.19379516231415714
40.0,10.0,2.6,0.18742073240160453
40.0,10.0,2.625,0.18102011319170824
40.0,10.0,2.65,0.1745849790551455
40.0,10.0,2.675,0.1681066874320152
40.0,10.0,2.7,0.16157621486423934
40.0,10.0,2.725,0.15498408883760284
40.0,10.0,2.75,0.1483203972858608
40.0,10.0,2.775,0.14157467672483678
40.0,10.0,2.8,0.13473582593218628
40.0,10.0,2.825,0.12779187745756265
40.0,10.0,2.85,0.12073037947370178
40.0,10.0,2.875,0.1135381250427913
40.0,10.0,2.9,0.10620019306620844
40.0,10.0,2.925,0.09870089852810184
40.0,10.0,2.95,0.09102318733668437
40.0,10.0,2.975,0.08314846625775545
40.0,10.0,3.0,0.0750563925821018
40.0,10.0,3.025,0.0667246238064118
40.0,10.0,3.05,0.05812852517191241
40.0,10.0,3.075,0.049240828562798745
40.0,10.0,3.1,0.04003123392891884
40.0,10.0,3.125,0.030465942054685117
40.0,10.0,3.15,0.020507104596628748
40.0,10.0,3.175,0.010112173432945333
40.0,10.0,3.2,-0.0007668734752956854
40.0,10.0,3.225,-0.012184459072071406
40.0,10.0,3.25,-0.024202525000250805
40.0,10.0,3.275,-0.03689188943533423
40.0,10.0,3.3,-0.05033390916672191
40.0,10.0,3.325,-0.06462253015986705
40.0,10.0,3.35,-0.07986683788436294
40.0,10.0,3.375,-0.09619425561971338
40.0,10.0,3.4,-0.11375458986478827
40.0,10.0,3.425,-0.1327251928455393
40.0,10.0,3.45,-0.153317612142554
40.0,10.0,3.475,-0.17578624509474688
40.0,10.0,3.5,-0.20043977243532912
40.0,10.0,3.525,-0.22765675528202645
40.0,10.0,3.55,-0.25790801834926563
40.0,10.0,3.575,-0.29178705175895026
40.0,10.0,3.6,-0.3300456498191591
40.0,10.0,3.625,-0.3736492556315227
40.0,10.0,3.65,-0.4238662414430394
40.0,10.0,3.675,-0.48239492680754253
40.0,10.0,3.7,-0.551555647516231
40.0,10.0,3.725,-0.6345944652084026
40.0,10.0,3.75,-0.7361764440323117
40.0,10.0,3.775,-0.8632090963859181
40.0,10.0,3.8,-1.0262457205179587
40.0,15.0,2.4,0.20766395355862424
40.0,15.0,2.425,0.20080295290981875
40.0,15.0,2.45,0.19393442019608187
40.0,15.0,2.475,0.18704885955228004
40.0,15.0,2.5,0.180138128085386
40.0,15.0,2.525,0.17319284080347314
40.0,15.0,2.55,0.16620213165156278
40.0,15.0,2.575,0.159155784647812
40.0,15.0,2.6,0.15204308435235137
40.0,15.0,2.625,0.14485272677195712
40.0,15.0,2.65,0.1375727088139724
40.0,15.0,2.675,0.13019031706472628
40.0,15.0,2.7,0.12269203797900625
40.0,15.0,2.725,0.11506343199882492
40.0,15.0,2.75,0.10728903521075182
40.0,15.0,2.775,0.099352203604486
40.0,15.0,2.8,0.09123495051103171
40.0,15.0,2.825,0.08291776357574772
40.0,15.0,2.85,0.07437939264786703
40.0,15.0,2.875,0.06559660361753791
40.0,15.0,2.9,0.056543891598988844
40.0,15.0,2.925,0.04719314538710963
40.0,15.0,2.95,0.0375132535507967
40.0,15.0,2.975,0.02746963998520288
40.0,15.0,3.0,0.01702371403031305
40.0,15.0,3.025,0.006132216706261721
40.0,15.0,3.05,-0.005253559979156455
40.0,15.0,3.075,-0.017188709688665305
40.0,15.0,3.1,-0.029735841318993275
40.0,15.0,3.125,-0.04296644893250386
40.0,15.0,3.15,-0.056962583649490896
40.0,15.0,3.175,-0.07181890821516652
40.0,15.0,3.2,-0.08764524109950325
40.0,15.0,3.225,-0.10456973372130068
40.0,15.0,3.25,-0.12274288611132594
40.0,15.0,3.275,-0.14234285208130265
40.0,15.0,3.3,-0.1635823073088875
40.0,15.0,3.325,-0.18671369662655907
40.0,15.0,3.35,-0.21204599402400232
40.0,15.0,3.375,-0.23995621319704966
40.0,15.0,3.4,-0.2709098190237083
40.0,15.0,3.425,-0.3054886796620772
40.0,15.0,3.45,-0.3444296169394954
40.0,15.0,3.475,-0.3886795128571098
40.0,15.0,3.5,-0.43947709126693746
40.0,15.0,3.525,-0.49847771361845705
40.0,15.0,3.55,-0.5679355200721038
40.0,15.0,3.575,-0.6509774563722297
40.0,15.0,3.6,-0.7520747726199867
40.0,15.0,3.625,-0.8778447256047701
40.0,15.0,3.65,-1.038438981801847
40.0,15.0,3.675,-1.2500611567870943
40.0,15.0,3.7,-1.539589774862563
40.0,15.0,3.725,-1.9522334953724179
40.0,15.0,3.75,-2.5537728341221406
40.0,15.0,3.775,-3.299796824662347
40.0,15.0,3.8,-2.569321890118615
40.0,20.0,2.4,0.17488398466630053
40.0,20.0,2.425,0.1673617219319774
40.0,20.0,2.45,0.15978402303945874
40.0,20.0,2.475,0.152138612595905
40.0,20.0,2.5,0.14441260695118124
40.0,20.0,2.525,0.1365924210909024
40.0,20.0,2.55,0.12866366364149373
40.0,20.0,2.575,0.12061104606702126
40.0,20.0,2.6,0.1124183117601056
40.0,20.0,2.625,0.1040680127314662
40.0,20.0,2.65,0.0955412831733776
40.0,20.0,2.675,0.08681773244048617
40.0,20.0,2.7,0.07787524725258535
40.0,20.0,2.725,0.0686897254658422
40.0,20.0,2.75,0.059234797549947406
40.0,20.0,2.775,0.04948149179858602
40.0,20.0,2.8,0.0393978454523585
40.0,20.0,2.825,0.028948450588310335
40.0,20.0,2.85,0.018093918411212783
40.0,20.0,2.875,0.006790244754181835
40.0,20.0,2.9,-0.005011943003078066
40.0,20.0,2.925,-0.017368280154026326
40.0,20.0,2.95,-0.030341774118689328
40.0,20.0,2.975,-0.04400493562601193
40.0,20.0,3.0,-0.05844101009618332
40.0,20.0,3.025,-0.07374231928837918
40.0,20.0,3.05,-0.09001882259990111
40.0,20.0,3.075,-0.10739842097042392
40.0,20.0,3.1,-0.12603067153249406
40.0,20.0,3.125,-0.1460920025030366
40.0,20.0,3.15,-0.16779214899167558
40.0,20.0,3.175,-0.19138244507694924
40.0,20.0,3.2,-0.21716668730511116
40.0,20.0,3.225,-0.2455155603185803
40.0,20.0,3.25,-0.27688606494776274
40.0,20.0,3.275,-0.31184808931242775
40.0,20.0,3.3,-0.35112136950328593
40.0,20.0,3.325,-0.3956278729847972
40.0,20.0,3.35,-0.4465675989807461
40.0,20.0,3.375,-0.5055308459209892
40.0,20.0,3.4,-0.5746689535575713
40.0,20.0,3.425,-0.656962240425157
40.0,20.0,3.45,-0.7566571961916655
40.0,20.0,3.475,-0.8800120259110567
40.0,20.0,3.5,-1.0366033669095287
40.0,20.0,3.525,-1.2416761688685405
40.0,20.0,3.55,-1.520666362033182
40.0,20.0,3.575,-1.9179894532101684
40.0,20.0,3.6,-2.51064779862116
40.0,20.0,3.625,-3.380522721276368
40.0,20.0,3.65,-3.8238670332793174
40.0,20.0,3.675,1.295522293664843
40.0,20.0,3.7,4.243990938550492
40.0,20.0,3.725,3.4546070367863484
40.0,20.0,3.75,2.6921577978601907
40.0,20.0,3.775,2.1805928883102235
40.0,20.0,3.8,1.8316881048027913
40.0,25.0,2.4,0.1388663994969545
40.0,25.0,2.425,0.1303875824267523
40.0,25.0,2.45,0.12178115323577793
40.0,25.0,2.475,0.1130288973156861
40.0,25.0,2.5,0.10411128965956953
40.0,25.0,2.525,0.0950072956100592
40.0,25.0,2.55,0.0856941453353259
40.0,25.0,2.575,0.07614715356012948
40.0,25.0,2.6,0.0663395317008209
40.0,25.0,2.625,0.056241857662655374
40.0,25.0,2.65,0.04582164521083103
40.0,25.0,2.675,0.03504302444405212
40.0,25.0,2.7,0.023866238357114454
40.0,25.0,2.725,0.01224699944675984
40.0,25.0,2.75,0.00013560329444846643
40.0,25.0,2.775,-0.012524824421151243
40.0,25.0,2.8,-0.025797546665022337
40.0,25.0,2.825,-0.039752188313953066
40.0,25.0,2.85,-0.05447100349385677
40.0,25.0,2.875,-0.07004827126883247
40.0,25.0,2.9,-0.08659245661860816
40.0,25.0,2.925,-0.10422942381234472
40.0,25.0,2.95,-0.12310625215996607
40.0,25.0,2.975,-0.14339601507806093
40.0,25.0,3.0,-0.16530388544490512
40.0,25.0,3.025,-0.18907503079198007
40.0,25.0,3.05,-0.21500494238717738
40.0,25.0,3.075,-0.24345311724195776
40.0,25.0,3.1,-0.2748614288662568
40.0,25.0,3.125,-0.30977916476931433
40.0,25.0,3.15,-0.3488977189343218
40.0,25.0,3.175,-0.39309955418621967
40.0,25.0,3.2,-0.44352873707184093
40.0,25.0,3.225,-0.5016949171858434
40.0,25.0,3.25,-0.5696306413103659
40.0,25.0,3.275,-0.6501364692582529
40.0,25.0,3.3,-0.7471759184978515
40.0,25.0,3.325,-0.8665366961481553
40.0,25.0,3.35,-1.0169874478848322
40.0,25.0,3.375,-1.212404920838433
40.0,25.0,3.4,-1.475904328704686
40.0,25.0,3.425,-1.8482418079432592
40.0,25.0,3.45,-2.40445831863608
40.0,25.0,3.475,-3.2699297695851013
40.0,25.0,3.5,-4.330388363808595
40.0,25.0,3.525,-1.2195325084060458
40.0,25.0,3.55,4.662382984716761
40.0,25.0,3.575,3.9932455973976313
40.0,25.0,3.6,3.0353399931534955
40.0,25.0,3.625,2.4089710350304325
40.0,25.0,3.65,1.995128418754502
40.0,25.0,3.675,1.7064666936318778
40.0,25.0,3.7,1.495020167044924
40.0,25.0,3.725,1.3338758660919434
40.0,25.0,3.75,1.207104382240481
40.0,25.0,3.775,1.1047737148038028
40.0,25.0,3.8,1.020404419713232
40.0,30.0,2.4,0.09806629244319955
40.0,30.0,2.425,0.08818692808241144
40.0,30.0,2.45,0.0780650509387
40.0,30.0,2.475,0.06767110616858472
40.0,30.0,2.5,0.05697263958396983
40.0,30.0,2.525,0.045933770699379026
40.0,30.0,2.55,0.034514962790214244
40.0,30.0,2.575,0.0226729232426098
40.0,30.0,2.6,0.010358982947533962
40.0,30.0,2.625,-0.002482020211312736
40.0,30.0,2.65,-0.015912530855714178
40.0,30.0,2.675,-0.030002543565283937
40.0,30.0,2.7,-0.04483106995606411
40.0,30.0,2.725,-0.06048958784482831
40.0,30.0,2.75,-0.0770835062854454
40.0,30.0,2.775,-0.09473474094569198
40.0,30.0,2.8,-0.11358532596781085
40.0,30.0,2.825,-0.13380190706820624
40.0,30.0,2.85,-0.1555814357136857
40.0,30.0,2.875,-0.1791584976006463
40.0,30.0,2.9,-0.2048148618050399
40.0,30.0,2.925,-0.23289207914007082
40.0,30.0,2.95,-0.2638083270188477
40.0,30.0,2.975,-0.29808126399102597
40.0,30.0,3.0,-0.33635954208175967
40.0,30.0,3.025,-0.37946704080536053
40.0,30.0,3.05,-0.4284662098845297
40.0,30.0,3.075,-0.48475082905510025
40.0,30.0,3.1,-0.5501853243768712
40.0,30.0,3.125,-0.6273201061516689
40.0,30.0,3.15,-0.7197355299466702
40.0,30.0,3.175,-0.8326124774806953
40.0,30.0,3.2,-0.9737211255013185
40.0,30.0,3.225,-1.1552229699383199
40.0,30.0,3.25,-1.3971482581694752
40.0,30.0,3.275,-1.734524497819223
40.0,30.0,3.3,-2.2326417918637875
40.0,30.0,3.325,-3.016637305094009
40.0,30.0,3.35,-4.240362592443085
40.0,30.0,3.375,-4.107411993754081
40.0,30.0,3.4,4.269086461775369
40.0,30.0,3.425,4.673403605715658
40.0,30.0,3.45,3.4628533907065395
40.0,30.0,3.475,2.676382739458399
40.0,30.0,3.5,2.1763334905111007
40.0,30.0,3.525,1.837921338266866
40.0,30.0,3.55,1.5954985525300993
40.0,30.0,3.575,1.4138148309081158
40.0,30.0,3.6,1.272721139714279
40.0,30.0,3.625,1.1599914294392875
40.0,30.0,3.65,1.067818630836617
40.0,30.0,3.675,0.9909996378976597
40.0,30.0,3.7,0.9259399916120831
40.0,30.0,3.725,0.8700798909490685
40.0,30.0,3.75,0.8215484124672958
40.0,30.0,3.775,0.7789472103500503
40.0,30.0,3.8,0.7412107813475689
40.0,35.0,2.4,0.05022196915295714
40.0,35.0,2.425,0.03823808181929599
40.0,35.0,2.45,0.025815756411735273
40.0,35.0,2.475,0.012902261365552118
40.0,35.0,2.5,-0.0005601338093336552
40.0,35.0,2.525,-0.014637947346792793
40.0,35.0,2.55,-0.02940737987286949
40.0,35.0,2.575,-0.04495511822571446
40.0,35.0,2.6,-0.06138049564946323
40.0,35.0,2.625,-0.0787980757822349
40.0,35.0,2.65,-0.09734078908026857
40.0,35.0,2.675,-0.11716418070906193
40.0,35.0,2.7,-0.13845150451878588
40.0,35.0,2.725,-0.16142016150795463
40.0,35.0,2.75,-0.18633022713092987
40.0,35.0,2.775,-0.21349558194500687
40.0,35.0,2.8,-0.2432987067750207
40.0,35.0,2.825,-0.2762106282358638
40.0,35.0,2.85,-0.3128182208054893
40.0,35.0,2.875,-0.3538622299736813
40.0,35.0,2.9,-0.4002912530133122
40.0,35.0,2.925,-0.4533400395468886
40.0,35.0,2.95,-0.5146458545961404
40.0,35.0,2.975,-0.5864262313432603
40.0,35.0,3.0,-0.6717591867606109
40.0,35.0,3.025,-0.7750413002075668
40.0,35.0,3.05,-0.9027688382661083
40.0,35.0,3.075,-1.0649371754272572
40.0,35.0,3.1,-1.2776972831757551
40.0,35.0,3.125,-1.5687471908805852
40.0,35.0,3.15,-1.9890890403574855
40.0,35.0,3.175,-2.6399320691246095
40.0,35.0,3.2,-3.7222636829587183
40.0,35.0,3.225,-5.224801589973682
40.0,35.0,3.25,0.17376932302836937
40.0,35.0,3.275,5.5747885304178455
40.0,35.0,3.3,4.126391543480701
40.0,35.0,3.325,3.0657162480752893
40.0,35.0,3.35,2.4236887510966976
40.0,35.0,3.375,2.0076902986782246
40.0,35.0,3.4,1.719269559198954
40.0,35.0,3.425,1.5083423625784553
40.0,35.0,3.45,1.3475686091375045
40.0,35.0,3.475,1.2209731777741235
40.0,35.0,3.5,1.11866125743001
40.0,35.0,3.525,1.0341987008309461
40.0,35.0,3.55,0.9632290503096484
40.0,35.0,3.575,0.9027010948500982
40.0,35.0,3.6,0.8504157062577311
40.0,35.0,3.625,0.8047485573022624
40.0,35.0,3.65,0.7644741831386404
40.0,35.0,3.675,0.7286507712125069
40.0,35.0,3.7,0.6965426144919448
40.0,35.0,3.725,0.6675666404942985
40.0,35.0,3.75,0.6412547544172488
40.0,35.0,3.775,0.6172268359064811
40.0,35.0,3.8,0.5951711052904032
40.0,40.0,2.4,-0.008217685965117764
40.0,40.0,2.425,-0.02349484840981307
40.0,40.0,2.45,-0.03956596807715281
40.0,40.0,2.475,-0.05653548762385223
40.0,40.0,2.5,-0.07452389098087572
40.0,40.0,2.525,-0.09367126433234724
40.0,40.0,2.55,-0.11414170908880913
40.0,40.0,2.575,-0.13612891468539218
40.0,40.0,2.6,-0.15986330006140476
40.0,40.0,2.625,-0.18562127203434717
40.0,40.0,2.65,-0.21373752020482076
40.0,40.0,2.675,-0.24462146604039592
40.0,40.0,2.7,-0.27877941016353625
40.0,40.0,2.725,-0.3168450361154212
40.0,40.0,2.75,-0.3596224347028154
40.0,40.0,2.775,-0.408147510402683
40.0,40.0,2.8,-0.4637779193803268
40.0,40.0,2.825,-0.5283282115059694
40.0,40.0,2.85,-0.6042788991315666
40.0,40.0,2.875,-0.69511099830061
40.0,40.0,2.9,-0.8058627683537057
40.0,40.0,2.925,-0.9440999114858981
40.0,40.0,2.95,-1.1217011782066304
40.0,40.0,2.975,-1.3583659838790487
40.0,40.0,3.0,-1.6890594027605739
40.0,40.0,3.025,-2.181258669124414
40.0,40.0,3.05,-2.9777749052566276
40.0,40.0,3.075,-4.379543998573436
40.0,40.0,3.1,-5.82898752609503
40.0,40.0,3.125,4.654272758743551
40.0,40.0,3.15,5.382944382400772
40.0,40.0,3.175,3.7654393458159734
40.0,40.0,3.2,2.833162071059744
40.0,40.0,3.225,2.2718073343832406
40.0,40.0,3.25,1.9026712848036718
40.0,40.0,3.275,1.6426098005649645
40.0,40.0,3.3,1.4498849442688626
40.0,40.0,3.325,1.3015199404170346
40.0,40.0,3.35,1.1837817884310957
40.0,40.0,3.375,1.0880057209767782
40.0,40.0,3.4,1.008493123365406
40.0,40.0,3.425,0.9413540955497043
40.0,40.0,3.45,0.8838453923409464
40.0,40.0,3.475,0.8339776457164323
40.0,40.0,3.5,0.7902732653753811
40.0,40.0,3.525,0.7516118791819496
40.0,40.0,3.55,0.7171285400654055
40.0,40.0,3.575,0.6861448314611522
40.0,40.0,3.6,0.6581211086402433
40.0,40.0,3.625,0.6326226857436289
40.0,40.0,3.65,0.6092954424349379
40.0,40.0,3.675,0.5878479299888617
40.0,40.0,3.7,0.5680380495379483
40.0,40.0,3.725,0.549663007226814
40.0,40.0,3.75,0.532551665462525
40.0,40.0,3.775,0.5165586937168809
40.0,40.0,3.8,0.5015601095807811
40.0,45.0,2.4,-0.08324103042768552
40.0,45.0,2.425,-0.10397836188171085
40.0,45.0,2.45,-0.12622753656888017
40.0,45.0,2.475,-0.15022152605615893
40.0,45.0,2.5,-0.1762400413624231
40.0,45.0,2.525,-0.20462209411556653
40.0,45.0,2.55,-0.2357828079800376
40.0,45.0,2.575,-0.2702362578267477
40.0,45.0,2.6,-0.30862698826394896
40.0,45.0,2.625,-0.3517743679126374
40.0,45.0,2.65,-0.4007364398884231
40.0,45.0,2.675,-0.4569037428205812
40.0,45.0,2.7,-0.5221406961726872
40.0,45.0,2.725,-0.5990055142924441
40.0,45.0,2.75,-0.6911051552926277
40.0,45.0,2.775,-0.8036903659202455
40.0,45.0,2.8,-0.9447037599284133
40.0,45.0,2.825,-1.1267356502524768
40.0,45.0,2.85,-1.3709388691725755
40.0,45.0,2.875,-1.7155659924371702
40.0,45.0,2.9,-2.236607625969136
40.0,45.0,2.925,-3.1032581066351868
40.0,45.0,2.95,-4.71470966384288
40.0,45.0,2.975,-6.430820096406621
40.0,45.0,3.0,6.326307915430878
40.0,45.0,3.025,5.357454929585522
40.0,45.0,3.05,3.667287246527509
40.0,45.0,3.075,2.7582599532052106
40.0,45.0,3.1,2.2165325393820727
40.0,45.0,3.125,1.8608132687462924
40.0,45.0,3.15,1.6101262905005527
40.0,45.0,3.175,1.4239236778283033
40.0,45.0,3.2,1.2799675396151176
40.0,45.0,3.225,1.1653410607559285
40.0,45.0,3.25,1.071955644164794
40.0,45.0,3.275,0.9943593910267244
40.0,45.0,3.3,0.9287777925114253
40.0,45.0,3.325,0.8725450835363858
40.0,45.0,3.35,0.8237310562645388
40.0,45.0,3.375,0.7809038264642132
40.0,45.0,3.4,0.742978285253161
40.0,45.0,3.425,0.7091167929317008
40.0,45.0,3.45,0.6786621114642785
40.0,45.0,3.475,0.6510922473804142
40.0,45.0,3.5,0.6259855167869693
40.0,45.0,3.525,0.6029987027725691
40.0,45.0,3.55,0.581849704868147
40.0,45.0,3.575,0.5623040963591862
40.0,45.0,3.6,0.5441656254602796
40.0,45.0,3.625,0.5272688053992887
40.0,45.0,3.65,0.5114732063963519
40.0,45.0,3.675,0.496659035514495
40.0,45.0,3.7,0.4827237191757762
40.0,45.0,3.725,0.46957930914947044
40.0,45.0,3.75,0.45715057962151534
40.0,45.0,3.775,0.4453732399592374
40.0,45.0,3.8,0.4341872039421524
40.0,50.0,2.4,-0.18596764027681872
40.0,50.0,2.425,-0.21656163657431393
40.0,50.0,2.45,-0.25030588615069727
40.0,50.0,2.475,-0.28781453060631945
40.0,50.0,2.5,-0.32986672419530416
40.0,50.0,2.525,-0.3774662980969457
40.0,50.0,2.55,-0.4319292379956696
40.0,50.0,2.575,-0.49501531808379134
40.0,50.0,2.6,-0.569132119317272
40.0,50.0,2.625,-0.6576625400219498
40.0,50.0,2.65,-0.7655125794839516
40.0,50.0,2.675,-0.9000718929304773
40.0,50.0,2.7,-1.07299749974734
40.0,50.0,2.725,-1.3037701833686683
40.0,50.0,2.75,-1.6274392607406925
40.0,50.0,2.775,-2.1134431521034043
40.0,50.0,2.8,-2.9179054375422444
40.0,50.0,2.825,-4.444018042604273
40.0,50.0,2.85,-7.185093884630854
40.0,50.0,2.875,5.990219146574254
40.0,50.0,2.9,5.915005128050484
40.0,50.0,2.925,3.8794844256671768
40.0,50.0,2.95,2.856085164919552
40.0,50.0,2.975,2.268248712604959
40.0,50.0,3.0,1.8904529068358433
40.0,50.0,3.025,1.6279274114219673
40.0,50.0,3.05,1.4350043862858919
40.0,50.0,3.075,1.2871335527898553
40.0,50.0,3.1,1.1699317156413098
40.0,50.0,3.125,1.074534016125488
40.0,50.0,3.15,0.9953821141116325
40.0,50.0,3.175,0.9286841009762073
40.0,50.0,3.2,0.8716855224508385
40.0,50.0,3.225,0.8223089567258158
40.0,50.0,3.25,0.7790668596949911
40.0,50.0,3.275,0.7408272283465034
40.0,50.0,3.3,0.7067229014415298
40.0,50.0,3.325,0.6760773650076033
40.0,50.0,3.35,0.6483546607105513
40.0,50.0,3.375,0.6231245351954654
40.0,50.0,3.4,0.6000375854408004
40.0,50.0,3.425,0.5788071711484792
40.0,50.0,3.45,0.5591960276719395
40.0,50.0,3.475,0.5410062162336423
40.0,50.0,3.5,0.5240714899639245
40.0,50.0,3.525,0.5082514407887528
40.0,50.0,3.55,0.4934269833220076
40.0,50.0,3.575,0.47949686312281586
40.0,50.0,3.6,0.4663749700211102
40.0,50.0,3.625,0.45398830735109225
40.0,50.0,3.65,0.4422755241113942
40.0,50.0,3.675,0.4311859490931518
40.0,50.0,3.7,0.42067890413381304
40.0,50.0,3.725,0.4107215679941628
40.0,50.0,3.75,0.4012820667721554
40.0,50.0,3.775,0.39234547507100637
40.0,50.0,3.8,0.3839302795116351
40.0,55.0,2.4,-0.3397532733706741
40.0,55.0,2.425,-0.3905566463590266
40.0,55.0,2.45,-0.4490270076495751
40.0,55.0,2.475,-0.5172317593948068
40.0,55.0,2.5,-0.5980430223493882
40.0,55.0,2.525,-0.6955705696395461
40.0,55.0,2.55,-0.8159064728410698
40.0,55.0,2.575,-0.9684771097614226
40.0,55.0,2.6,-1.1686653866225287
40.0,55.0,2.625,-1.4433338946102932
40.0,55.0,2.65,-1.8437462599259107
40.0,55.0,2.675,-2.4801859568729907
40.0,55.0,2.7,-3.6316406479611305
40.0,55.0,2.725,-6.103114473824026
40.0,55.0,2.75,-4.07341423820832
40.0,55.0,2.775,7.6206912265837
40.0,55.0,2.8,4.609148433883878
40.0,55.0,2.825,3.2058968154379106
40.0,55.0,2.85,2.4653680013384065
40.0,55.0,2.875,2.0139276120389225
40.0,55.0,2.9,1.710957921038184
40.0,55.0,2.925,1.493693931636178
40.0,55.0,2.95,1.3302163917279834
40.0,55.0,2.975,1.2026418760784878
40.0,55.0,3.0,1.1001107898286568
40.0,55.0,3.025,1.0156765270799133
40.0,55.0,3.05,0.9447719985892559
40.0,55.0,3.075,0.8844215633507124
40.0,55.0,3.1,0.8324583448638783
40.0,55.0,3.125,0.7871947766721598
40.0,55.0,3.15,0.7473455095013077
40.0,55.0,3.175,0.7119360269111109
40.0,55.0,3.2,0.6802162958979605
40.0,55.0,3.225,0.6515986747357005
40.0,55.0,3.25,0.6256155037109289
40.0,55.0,3.275,0.6018897009807419
40.0,55.0,3.3,0.5801138504481426
40.0,55.0,3.325,0.56003498990898
40.0,55.0,3.35,0.5414433454777895
40.0,55.0,3.375,0.524163874272799
40.0,55.0,3.4,0.5080498557423603
40.0,55.0,3.425,0.49297801432214206
40.0,55.0,3.45,0.47884481773074067
40.0,55.0,3.475,0.4655637077652501
40.0,55.0,3.5,0.45306310311778686
40.0,55.0,3.525,0.4412850790715122
40.0,55.0,3.55,0.4301846862428275
40.0,55.0,3.575,0.4197299282362643
40.0,55.0,3.6,0.4099024865658016
40.0,55.0,3.625,0.400699378443183
40.0,55.0,3.65,0.39213588822393636
40.0,55.0,3.675,0.38425020033758306
40.0,55.0,3.7,0.37710912063983626
40.0,55.0,3.725,0.3708170611426072
40.0,55.0,3.75,0.36553750494783327
40.0,55.0,3.775,0.3615189157310937
40.0,55.0,3.8,0.35913961656701404
40.0,60.0,2.4,-0.6036127511157047
40.0,60.0,2.425,-0.7055257262661178
40.0,60.0,2.45,-0.8321399036892575
40.0,60.0,2.475,-0.9941110162205535
40.0,60.0,2.5,-1.2091794406365943
40.0,60.0,2.525,-1.5091604735264232
40.0,60.0,2.55,-1.9570633719162764
40.0,60.0,2.575,-2.6960978406205345
40.0,60.0,2.6,-4.121409011766223
40.0,60.0,2.625,-7.4667868157789075
40.0,60.0,2.65,4.954829564433551
40.0,60.0,2.675,6.69451122550917
40.0,60.0,2.7,4.085093696006433
40.0,60.0,2.725,2.9231028405422883
40.0,60.0,2.75,2.289009544232253
40.0,60.0,2.775,1.892304097140741
40.0,60.0,2.8,1.621009754687542
40.0,60.0,2.825,1.4237854488028976
40.0,60.0,2.85,1.2737960772060344
40.0,60.0,2.875,1.1557543625083009
40.0,60.0,2.9,1.0602945290850998
40.0,60.0,2.925,0.9813216434605284
40.0,60.0,2.95,0.9146877370785115
40.0,60.0,2.975,0.8576023482676046
40.0,60.0,3.0,0.8081933985671292
40.0,60.0,3.025,0.7650233438967385
40.0,60.0,3.05,0.7269299682508629
40.0,60.0,3.075,0.6930072282407268
40.0,60.0,3.1,0.6625554411549054
40.0,60.0,3.125,0.6350273615547773
40.0,60.0,3.15,0.6099880164225484
40.0,60.0,3.175,0.5870868333048679
40.0,60.0,3.2,0.5660380928210939
40.0,60.0,3.225,0.5466068907759669
40.0,60.0,3.25,0.5285988542437272
40.0,60.0,3.275,0.5118525103677604
40.0,60.0,3.3,0.49623359856944194
40.0,60.0,3.325,0.4816308619253656
40.0,60.0,3.35,0.4679530170490799
40.0,60.0,3.375,0.4551267203740704
40.0,60.0,3.4,0.44309544449173655
40.0,60.0,3.425,0.4318192671425628
40.0,60.0,3.45,0.4212756722676743
40.0,60.0,3.475,0.41146158473621547
40.0,60.0,3.5,0.4023970338580846
40.0,60.0,3.525,0.39413110785229716
40.0,60.0,3.55,0.3867512230388395
40.0,60.0,3.575,0.38039671887640725
40.0,60.0,3.6,0.3752890326633037
40.0,60.0,3.625,0.3717583106539563
40.0,60.0,3.65,0.3703337723997438
40.0,60.0,3.675,0.37190353968738066
40.0,60.0,3.7,0.3780524776242776
40.0,60.0,3.725,0.3920012589319317
40.0,60.0,3.75,0.4217637141720266
40.0,60.0,3.775,0.49421356752258006
40.0,60.0,3.8,0.7165072650085473
40.0,65.0,2.4,-1.1823141244870714
40.0,65.0,2.425,-1.4791906519217628
40.0,65.0,2.45,-1.9235539628781053
40.0,65.0,2.475,-2.660677551888923
40.0,65.0,2.5,-4.102550582316633
40.0,65.0,2.525,-7.705588617846711
40.0,65.0,2.55,6.1017209586257755
40.0,65.0,2.575,6.746512013843056
40.0,65.0,2.6,4.044828530355212
40.0,65.0,2.625,2.8842643799429424
40.0,65.0,2.65,2.2565390329850663
40.0,65.0,2.675,1.8650668658491287
40.0,65.0,2.7,1.5977535239836462
40.0,65.0,2.725,1.4034938554396508
40.0,65.0,2.75,1.25577521192117
40.0,65.0,2.775,1.1395080064544318
40.0,65.0,2.8,1.0454760416889004
40.0,65.0,2.825,0.9677166996125902
40.0,65.0,2.85,0.9021693073388024
40.0,65.0,2.875,0.8459807840913656
40.0,65.0,2.9,0.7972062305732015
40.0,65.0,2.925,0.7545094668248308
40.0,65.0,2.95,0.7168254723302957
40.0,65.0,2.975,0.6832729330270565
40.0,65.0,3.0,0.6531540732568407
40.0,65.0,3.025,0.625923492734418
40.0,65.0,3.05,0.6011503538306527
40.0,65.0,3.075,0.5784893874504042
40.0,65.0,3.1,0.5576605743777444
40.0,65.0,3.125,0.5384348556269251
40.0,65.0,3.15,0.520623898237369
40.0,65.0,3.175,0.5040726847301696
40.0,65.0,3.2,0.48865417158410873
40.0,65.0,3.225,0.47426555775933416
40.0,65.0,3.25,0.4608259020415568
40.0,65.0,3.275,0.44827497879845835
40.0,65.0,3.3,0.43657339489439045
40.0,65.0,3.325,0.4257040912216615
40.0,65.0,3.35,0.4156745005824203
40.0,65.0,3.375,0.4065299364517673
40.0,65.0,3.4,0.39835119110401285
40.0,65.0,3.425,0.3912759592038589
40.0,65.0,3.45,0.385529085238764
40.0,65.0,3.475,0.38146212278465697
40.0,65.0,3.5,0.3796368335227508
40.0,65.0,3.525,0.3809942307472107
40.0,65.0,3.55,0.38725118323447283
40.0,65.0,3.575,0.40200242788190715
40.0,65.0,3.6,0.4345772031491428
40.0,65.0,3.625,0.5195611428035993
40.0,65.0,3.65,0.8612232545788487
40.0,65.0,3.675,-0.17915580806389614
40.0,65.0,3.7,0.09530962515303483
40.0,65.0,3.725,0.16160437705357142
40.0,65.0,3.75,0.18742326171326038
40.0,65.0,3.775,0.19819812533893624
40.0,65.0,3.8,0.2015244026094233
40.0,70.0,2.4,-3.568378914066033
40.0,70.0,2.425,-6.432566439950385
40.0,70.0,2.45,-5.745185084737133
40.0,70.0,2.475,8.151917697250385
40.0,70.0,2.5,4.487420533830318
40.0,70.0,2.525,3.0770813331148292
40.0,70.0,2.55,2.35870304204947
40.0,70.0,2.575,1.9257355591889798
40.0,70.0,2.6,1.6364367999703107
40.0,70.0,2.625,1.429304488442446
40.0,70.0,2.65,1.2734824826503788
40.0,70.0,2.675,1.1518233724088847
40.0,70.0,2.7,1.0540530696376817
40.0,70.0,2.725,0.9736297053408376
40.0,70.0,2.75,0.9061731174044046
40.0,70.0,2.775,0.8486171392524446
40.0,70.0,2.8,0.7987677546875547
40.0,70.0,2.825,0.7551168329223142
40.0,70.0,2.85,0.7166112744186135
40.0,70.0,2.875,0.6823926072968349
40.0,70.0,2.9,0.6517390194025712
40.0,70.0,2.925,0.6240727239570517
40.0,70.0,2.95,0.598938841169727
40.0,70.0,2.975,0.5759763787810501
40.0,70.0,3.0,0.5548953422399001
40.0,70.0,3.025,0.535460648456015
40.0,70.0,3.05,0.5174809195771198
40.0,70.0,3.075,0.5008006439230716
40.0,70.0,3.1,0.48529477610663213
40.0,70.0,3.125,0.470865235923406
40.0,70.0,3.15,0.45743890227905243
40.0,70.0,3.175,0.4449650192771897
40.0,70.0,3.2,0.4334333952661011
40.0,70.0,3.225,0.422851050312838
40.0,70.0,3.25,0.4132605079803591
40.0,70.0,3.275,0.4047667877906287
40.0,70.0,3.3,0.3975437271755996
40.0,70.0,3.325,0.3918728922454035
40.0,70.0,3.35,0.3882073529299996
40.0,70.0,3.375,0.3872962683312845
40.0,70.0,3.4,0.3904610375208422
40.0,70.0,3.425,0.4003129461447369
40.0,70.0,3.45,0.4230479381963566
40.0,70.0,3.475,0.4784873524507594
40.0,70.0,3.5,0.6827089965966562
40.0,70.0,3.525,-0.8237041630557949
40.0,70.0,3.55,0.04911149087249302
40.0,70.0,3.575,0.15306938474760673
40.0,70.0,3.6,0.1884725802276489
40.0,70.0,3.625,0.2031151275949252
40.0,70.0,3.65,0.20838550011037502
40.0,70.0,3.675,0.20850320353744078
40.0,70.0,3.7,0.20545801235350417
40.0,70.0,3.725,0.20031801582402525
40.0,70.0,3.75,0.1936976050878378
40.0,70.0,3.775,0.18596023546850615
40.0,70.0,3.8,0.17731872756242342
40.0,75.0,2.4,5.845120398330481
40.0,75.0,2.425,3.6211375889262336
40.0,75.0,2.45,2.641052745338393
40.0,75.0,2.475,2.0953012206386035
40.0,75.0,2.5,1.7480079194603488
40.0,75.0,2.525,1.5074026526078061
40.0,75.0,2.55,1.3306256221400596
40.0,75.0,2.575,1.1950323375976208
40.0,75.0,2.6,1.0875479965232377
40.0,75.0,2.625,1.0000983534897323
40.0,75.0,2.65,0.9274220155994237
40.0,75.0,2.675,0.865933868791817
40.0,75.0,2.7,0.8130896266684092
40.0,75.0,2.725,0.7670278889596193
40.0,75.0,2.75,0.7264652968452728
40.0,75.0,2.775,0.6905052431102058
40.0,75.0,2.8,0.6584085317209695
40.0,75.0,2.825,0.6295449068540612
40.0,75.0,2.85,0.6034055386509313
40.0,75.0,2.875,0.579588537159018
40.0,75.0,2.9,0.5577750511277295
40.0,75.0,2.925,0.5377097755349252
40.0,75.0,2.95,0.5191873226214122
40.0,75.0,2.975,0.5020429297859598
40.0,75.0,3.0,0.4861459848203843
40.0,75.0,3.025,0.47139299439450705
40.0,75.0,3.05,0.45772898288583336
40.0,75.0,3.075,0.44511971627150304
40.0,75.0,3.1,0.4335396063708877
40.0,75.0,3.125,0.4230366648405832
40.0,75.0,3.15,0.413704904444364
40.0,75.0,3.175,0.4057143629616263
40.0,75.0,3.2,0.3993492246578273
40.0,75.0,3.225,0.3950759053491781
40.0,75.0,3.25,0.3936777448889286
40.0,75.0,3.275,0.3965578989564196
40.0,75.0,3.3,0.40654442821667564
40.0,75.0,3.325,0.4305625848160425
40.0,75.0,3.35,0.49217904266587376
40.0,75.0,3.375,0.7595354088465318
40.0,75.0,3.4,-0.5171236676954267
40.0,75.0,3.425,0.0827041189198919
40.0,75.0,3.45,0.1687434573341649
40.0,75.0,3.475,0.19888136632263528
40.0,75.0,3.5,0.21094339548805766
40.0,75.0,3.525,0.21464257146286092
40.0,75.0,3.55,0.21372731462319589
40.0,75.0,3.575,0.2099928818054746
40.0,75.0,3.6,0.20437396023413779
40.0,75.0,3.625,0.19741082773467417
40.0,75.0,3.65,0.18943905214654183
40.0,75.0,3.675,0.18065869616405267
40.0,75.0,3.7,0.17117952792537647
40.0,75.0,3.725,0.1610504251840882
40.0,75.0,3.75,0.15027682109831594
40.0,75.0,3.775,0.138830569367779
40.0,75.0,3.8,0.1266550224070408
40.0,80.0,2.4,1.9680813991143653
40.0,80.0,2.425,1.6579612376189294
40.0,80.0,2.45,1.4395356702538349
40.0,80.0,2.475,1.2770999931813387
40.0,80.0,2.5,1.1513403500359347
40.0,80.0,2.525,1.0509060177032237
40.0,80.0,2.55,0.9686901542003282
40.0,80.0,2.575,0.9000103407838856
40.0,80.0,2.6,0.8416413096192802
40.0,80.0,2.625,0.7912722857960666
40.0,80.0,2.65,0.7472257132669
40.0,80.0,2.675,0.7083312770313117
40.0,80.0,2.7,0.6737459049627635
40.0,80.0,2.725,0.6427974491500774
40.0,80.0,2.75,0.614910788448502
40.0,80.0,2.775,0.5896128644723175
40.0,80.0,2.8,0.5665297123622044
40.0,80.0,2.825,0.5453660397587742
40.0,80.0,2.85,0.5258872325632999
40.0,80.0,2.875,0.5079062868043298
40.0,80.0,2.9,0.49127084265481774
40.0,80.0,2.925,0.4759020861501004
40.0,80.0,2.95,0.461719760547021
40.0,80.0,2.975,0.44866186621194615
40.0,80.0,3.0,0.4367468195577613
40.0,80.0,3.025,0.42603356838143935
40.0,80.0,3.05,0.4166498966241951
40.0,80.0,3.075,0.408824574894159
40.0,80.0,3.1,0.4029432149282019
40.0,80.0,3.125,0.39965524142882314
40.0,80.0,3.15,0.4001036531958419
40.0,80.0,3.175,0.4065017129931402
40.0,80.0,3.2,0.4239114204258494
40.0,80.0,3.225,0.46764848178142865
40.0,80.0,3.25,0.6184676013593272
40.0,80.0,3.275,-3.1776473260182154
40.0,80.0,3.3,0.03896666483257212
40.0,80.0,3.325,0.1619931419671765
40.0,80.0,3.35,0.19982008633306003
40.0,80.0,3.375,0.21455188479047696
40.0,80.0,3.4,0.21938538266310154
40.0,80.0,3.425,0.21896383598668728
40.0,80.0,3.45,0.21540400755479105
40.0,80.0,3.475,0.20982383238066812
40.0,80.0,3.5,0.20286657988882725
40.0,80.0,3.525,0.19491894896446935
40.0,80.0,3.55,0.18619553645916348
40.0,80.0,3.575,0.17680272025775165
40.0,80.0,3.6,0.16680020030208187
40.0,80.0,3.625,0.15621041015552167
40.0,80.0,3.65,0.14502124544959552
40.0,80.0,3.675,0.1331922709353128
40.0,80.0,3.7,0.12065814518850541
40.0,80.0,3.725,0.10732945836386619
40.0,80.0,3.75,0.09309104524474915
40.0,80.0,3.775,0.07779827357677517
40.0,80.0,3.8,0.06127116561594339
40.0,85.0,2.4,1.2573080718211274
40.0,85.0,2.425,1.134219370315656
40.0,85.0,2.45,1.0357891505815977
40.0,85.0,2.475,0.9551177323111592
40.0,85.0,2.5,0.887655089398968
40.0,85.0,2.525,0.8302666397686838
40.0,85.0,2.55,0.7807038791098078
40.0,85.0,2.575,0.7373190484330283
40.0,85.0,2.6,0.6989561730797128
40.0,85.0,2.625,0.6648185907657796
40.0,85.0,2.65,0.6342548259154053
40.0,85.0,2.675,0.606698081147941
40.0,85.0,2.7,0.5816877683034053
40.0,85.0,2.725,0.5588634724308789
40.0,85.0,2.75,0.5379386710515766
40.0,85.0,2.775,0.5186856208047419
40.0,85.0,2.8,0.5009228937399602
40.0,85.0,2.825,0.4845853917353316
40.0,85.0,2.85,0.4695171445615759
40.0,85.0,2.875,0.455678076371889
40.0,85.0,2.9,0.4430773283476788
40.0,85.0,2.925,0.4317754518585376
40.0,85.0,2.95,0.42191146496160875
40.0,85.0,2.975,0.4137403120329043
40.0,85.0,3.0,0.4077001721863947
40.0,85.0,3.025,0.4045454991684918
40.0,85.0,3.05,0.4056450648732439
40.0,85.0,3.075,0.41377449940517347
40.0,85.0,3.1,0.435772088668248
40.0,85.0,3.125,0.49526756599145266
40.0,85.0,3.15,0.768588447038233
40.0,85.0,3.175,-0.3207215481330785
40.0,85.0,3.2,0.1131035885662718
40.0,85.0,3.225,0.18678821163878406
40.0,85.0,3.25,0.21242999321008593
40.0,85.0,3.275,0.22195084818298755
40.0,85.0,3.3,0.22389805266631962
40.0,85.0,3.325,0.22163723077277725
40.0,85.0,3.35,0.21680329824179842
40.0,85.0,3.375,0.21028729507898877
40.0,85.0,3.4,0.20260360208966313
40.0,85.0,3.425,0.1940555076872584
40.0,85.0,3.45,0.18482111818420943
40.0,85.0,3.475,0.1750030138884995
40.0,85.0,3.5,0.16464810894361528
40.0,85.0,3.525,0.15375083973549863
40.0,85.0,3.55,0.14227867139762201
40.0,85.0,3.575,0.1301862643730718
40.0,85.0,3.6,0.11740810238197952
40.0,85.0,3.625,0.10385540095523045
40.0,85.0,3.65,0.08941462631460363
40.0,85.0,3.675,0.0739442166984404
40.0,85.0,3.7,0.0572689903689065
40.0,85.0,3.725,0.03917187675514053
40.0,85.0,3.75,0.01938221002500213
40.0,85.0,3.775,-0.00244070217953888
40.0,85.0,3.8,-0.02673073981457494
40.0,90.0,2.4,0.957156007080219
40.0,90.0,2.425,0.8885218380211394
40.0,90.0,2.45,0.8302635795549
40.0,90.0,2.475,0.7800466841551132
40.0,90.0,2.5,0.7361617053027819
40.0,90.0,2.525,0.6973856438560273
40.0,90.0,2.55,0.6628795593018865
40.0,90.0,2.575,0.6320030444673831
40.0,90.0,2.6,0.6042000215972745
40.0,90.0,2.625,0.5789948380837298
40.0,90.0,2.65,0.5560110053287937
40.0,90.0,2.675,0.5349568599547015
40.0,90.0,2.7,0.5156049128906879
40.0,90.0,2.725,0.4978300882645452
40.0,90.0,2.75,0.4814884828258672
40.0,90.0,2.775,0.46648047338992205
40.0,90.0,2.8,0.45279851234273955
40.0,90.0,2.825,0.44048423838771295
40.0,90.0,2.85,0.4296577439569613
40.0,90.0,2.875,0.4205550210643469
40.0,90.0,2.9,0.4135940175297997
40.0,90.0,2.925,0.4095048259342505
40.0,90.0,2.95,0.4096199348428921
40.0,90.0,2.975,0.4166421489110339
40.0,90.0,3.0,0.43720784728771056
40.0,90.0,3.025,0.4940842354083255
40.0,90.0,3.05,0.7500559705070241
40.0,90.0,3.075,-0.21229878770702532
40.0,90.0,3.1,0.12616039370898238
40.0,90.0,3.125,0.19439567654179501
40.0,90.0,3.15,0.21804375749786103
40.0,90.0,3.175,0.22638653228044112
40.0,90.0,3.2,0.2274852493350684
40.0,90.0,3.225,0.22455656398544163
40.0,90.0,3.25,0.21917349017194435
40.0,90.0,3.275,0.21219424049529578
40.0,90.0,3.3,0.20411265581410376
40.0,90.0,3.325,0.19521747668068756
40.0,90.0,3.35,0.18567457094915044
40.0,90.0,3.375,0.175572652563554
40.0,90.0,3.4,0.16495008955912144
40.0,90.0,3.425,0.1538119238315977
40.0,90.0,3.45,0.14213886694182407
40.0,90.0,3.475,0.12988203975316046
40.0,90.0,3.5,0.11696404644185683
40.0,90.0,3.525,0.10329422652210384
40.0,90.0,3.55,0.08876438155870608
40.0,90.0,3.575,0.07324002671628108
40.0,90.0,3.6,0.0565545872264364
40.0,90.0,3.625,0.03850221600129169
40.0,90.0,3.65,0.0188273775869811
40.0,90.0,3.675,-0.002789975886677824
40.0,90.0,3.7,-0.02675542748495648
40.0,90.0,3.725,-0.05359023371138878
40.0,90.0,3.75,-0.08397531076624487
40.0,90.0,3.775,-0.11881686903248587
40.0,90.0,3.8,-0.15934687249385643
40.0,95.0,2.4,0.7888389898288373
40.0,95.0,2.425,0.7433008677428457
40.0,95.0,2.45,0.703180209069712
40.0,95.0,2.475,0.6675433658595981
40.0,95.0,2.5,0.6357070038918958
40.0,95.0,2.525,0.6070858751555782
40.0,95.0,2.55,0.5811892325578151
40.0,95.0,2.575,0.5576365571469175
40.0,95.0,2.6,0.5361129424807717
40.0,95.0,2.625,0.5163745993623432
40.0,95.0,2.65,0.4982640647471219
40.0,95.0,2.675,0.481652900194154
40.0,95.0,2.7,0.4664658211713584
40.0,95.0,2.725,0.4527068206464014
40.0,95.0,2.75,0.4404505106425964
40.0,95.0,2.775,0.4298739853968521
40.0,95.0,2.8,0.4213115078099973
40.0,95.0,2.825,0.41535782337441546
40.0,95.0,2.85,0.4130881833451488
40.0,95.0,2.875,0.41660562272899576
40.0,95.0,2.9,0.4307235639030287
40.0,95.0,2.925,0.46997192128972065
40.0,95.0,2.95,0.6090833103432215
40.0,95.0,2.975,0.39927210302549165
40.0,95.0,3.0,0.0993834942447612
40.0,95.0,3.025,0.18979057215551123
40.0,95.0,3.05,0.21889401980894752
40.0,95.0,3.075,0.22914743508666338
40.0,95.0,3.1,0.2309848838588002
40.0,95.0,3.125,0.22830063712538484
40.0,95.0,3.15,0.2229276760426904
40.0,95.0,3.175,0.21584351413182773
40.0,95.0,3.2,0.20760275813111154
40.0,95.0,3.225,0.198527020308409
40.0,95.0,3.25,0.1888006381641968
40.0,95.0,3.275,0.178522986854019
40.0,95.0,3.3,0.16773830317771246
40.0,95.0,3.325,0.1564530242564356
40.0,95.0,3.35,0.14464599540654385
40.0,95.0,3.375,0.13227489875927964
40.0,95.0,3.4,0.11928017845488949
40.0,95.0,3.425,0.10558071756819679
40.0,95.0,3.45,0.09106533666150664
40.0,95.0,3.475,0.07560071015541955
40.0,95.0,3.5,0.05903043546540701
40.0,95.0,3.525,0.04116316545478404
40.0,95.0,3.55,0.0217617883160848
40.0,95.0,3.575,0.0005305151079643391
40.0,95.0,3.6,-0.02290333211850387
40.0,95.0,3.625,-0.04901544236258593
40.0,95.0,3.65,-0.07842244513437967
40.0,95.0,3.675,-0.11193809309753565
40.0,95.0,3.7,-0.15065861752466522
40.0,95.0,3.725,-0.196096341541107
40.0,95.0,3.75,-0.250396227230115
40.0,95.0,3.775,-0.31670126816777194
40.0,95.0,3.8,-0.3997986233584133
40.0,100.0,2.4,0.6788196058560383
40.0,100.0,2.425,0.6453285364395465
40.0,100.0,2.45,0.6153170869595618
40.0,100.0,2.475,0.5882374397739152
40.0,100.0,2.5,0.5636534552142507
40.0,100.0,2.525,0.5412806404397461
40.0,100.0,2.55,0.5208349494000413
40.0,100.0,2.575,0.5020854512632719
40.0,100.0,2.6,0.4849185214632311
40.0,100.0,2.625,0.4692753979831686
40.0,100.0,2.65,0.4551610632767838
40.0,100.0,2.675,0.4426688723754073
40.0,100.0,2.7,0.4320163397011895
40.0,100.0,2.725,0.4236137757986219
40.0,100.0,2.75,0.4182033019177361
40.0,100.0,2.775,0.41717203172060774
40.0,100.0,2.8,0.4233956056534861
40.0,100.0,2.825,0.4441373521551264
40.0,100.0,2.85,0.5054609432814108
40.0,100.0,2.875,0.7957335843102856
40.0,100.0,2.9,0.0027713722331337274
40.0,100.0,2.925,0.16458798023519555
40.0,100.0,2.95,0.21261068271153674
40.0,100.0,2.975,0.22936073874164917
40.0,100.0,3.0,0.23403729152846323
40.0,100.0,3.025,0.23272142230216986
40.0,100.0,3.05,0.22801101803169113
40.0,100.0,3.075,0.22122022405456016
40.0,100.0,3.1,0.2130732507269797
40.0,100.0,3.125,0.20398426224404487
40.0,100.0,3.15,0.1941906941200973
40.0,100.0,3.175,0.18382363101951593
40.0,100.0,3.2,0.17294710430132582
40.0,100.0,3.225,0.16158062299110004
40.0,100.0,3.25,0.14971212508042675
40.0,100.0,3.275,0.13730521238106536
40.0,100.0,3.3,0.12430289272313129
40.0,100.0,3.325,0.11062940231055464
40.0,100.0,3.35,0.09619108181097524
40.0,100.0,3.375,0.08087203368922267
40.0,100.0,3.4,0.06452247117616769
40.0,100.0,3.425,0.04695972075015361
40.0,100.0,3.45,0.027965724246007025
40.0,100.0,3.475,0.007271601814717429
40.0,100.0,3.5,-0.01545973689784787
40.0,100.0,3.525,-0.04065580717590698
40.0,100.0,3.55,-0.06886637992272726
40.0,100.0,3.575,-0.10081026304066174
40.0,100.0,3.6,-0.13744556477229217
40.0,100.0,3.625,-0.18007815396585403
40.0,100.0,3.65,-0.23053465133181586
40.0,100.0,3.675,-0.29144915617564077
40.0,100.0,3.7,-0.3667604691601118
40.0,100.0,3.725,-0.4626218205374946
40.0,100.0,3.75,-0.5891752339435287
40.0,100.0,3.775,-0.7642857960049534
40.0,100.0,3.8,-1.02211687635182
40.0,105.0,2.4,0.6003009973189227
40.0,105.0,2.425,0.5742308612436671
40.0,105.0,2.45,0.5505480174060206
40.0,105.0,2.475,0.5290143130300476
40.0,105.0,2.5,0.5093065441485255
40.0,105.0,2.525,0.49128131366789674
40.0,105.0,2.55,0.47487528897084014
40.0,105.0,2.575,0.46008913219486675
40.0,105.0,2.6,0.4470161720870295
40.0,105.0,2.625,0.4358847140094774
40.0,105.0,2.65,0.4271358018202471
40.0,105.0,2.675,0.4215816040974887
40.0,105.0,2.7,0.4207729828259121
40.0,105.0,2.725,0.4280267829328956
40.0,105.0,2.75,0.45215227835506017
40.0,105.0,2.775,0.5275787886085217
40.0,105.0,2.8,0.8782186692287375
40.0,105.0,2.825,0.0809816178555754
40.0,105.0,2.85,0.1882181863241776
40.0,105.0,2.875,0.22301198111856996
40.0,105.0,2.9,0.23480021064745607
40.0,105.0,2.925,0.23686319758587032
40.0,105.0,2.95,0.23389326726729445
40.0,105.0,2.975,0.2280154401749303
40.0,105.0,3.0,0.2203341607199332
40.0,105.0,3.025,0.21146319276682454
40.0,105.0,3.05,0.2017518505573288
40.0,105.0,3.075,0.19139674789188404
40.0,105.0,3.1,0.18050183204152526
40.0,105.0,3.125,0.1691120741995669
40.0,105.0,3.15,0.1572327090155453
40.0,105.0,3.175,0.1448401333314492
40.0,105.0,3.2,0.13188776014085776
40.0,105.0,3.225,0.11830864478698676
40.0,105.0,3.25,0.1040159247070035
40.0,105.0,3.275,0.08890189007842682
40.0,105.0,3.3,0.07283646451235112
40.0,105.0,3.325,0.05566143789307556
40.0,105.0,3.35,0.03717644027381141
40.0,105.0,3.375,0.017134667183866827
40.0,105.0,3.4,-0.004765470088234039
40.0,105.0,3.425,-0.028902323413000666
40.0,105.0,3.45,-0.05575864352779814
40.0,105.0,3.475,-0.08595977947986662
40.0,105.0,3.5,-0.12033020610282216
40.0,105.0,3.525,-0.15997953739324094
40.0,105.0,3.55,-0.20643732513694005
40.0,105.0,3.575,-0.26187190574918456
40.0,105.0,3.6,-0.3294608709294261
40.0,105.0,3.625,-0.4140501383610411
40.0,105.0,3.65,-0.5234052999149837
40.0,105.0,3.675,-0.6707086576570594
40.0,105.0,3.7,-0.8802066617057734
40.0,105.0,3.725,-1.200895842766304
40.0,105.0,3.75,-1.743193018678126
40.0,105.0,3.775,-2.744667071016416
40.0,105.0,3.8,-2.7343241585160984
40.0,110.0,2.4,0.5411478732256619
40.0,110.0,2.425,0.5201182461784714
40.0,110.0,2.45,0.5008969237254919
40.0,110.0,2.475,0.4833989334352528
40.0,110.0,2.5,0.4676045985175303
40.0,110.0,2.525,0.4535848815137624
40.0,110.0,2.55,0.44154531961343463
40.0,110.0,2.575,0.43190230255415624
40.0,110.0,2.6,0.42543741379937894
40.0,110.0,2.625,0.4236531137442855
40.0,110.0,2.65,0.4297593796725473
40.0,110.0,2.675,0.45221539962418844
40.0,110.0,2.7,0.5233277008206435
40.0,110.0,2.725,0.8097765878067049
40.0,110.0,2.75,0.1062772904332868
40.0,110.0,2.775,0.1962539370252455
40.0,110.0,2.8,0.22783554635146222
40.0,110.0,2.825,0.23811642739209488
40.0,110.0,2.85,0.23917610033518977
40.0,110.0,2.875,0.2354306579329661
40.0,110.0,2.9,0.22890711600990343
40.0,110.0,2.925,0.22066226046999338
40.0,110.0,2.95,0.21128113161298437
40.0,110.0,2.975,0.20109351248867766
40.0,110.0,3.0,0.19028179890828004
40.0,110.0,3.025,0.1789390322187663
40.0,110.0,3.05,0.16710134538265004
40.0,110.0,3.075,0.15476634310141046
40.0,110.0,3.1,0.14190336471629167
40.0,110.0,3.125,0.12845883167272384
40.0,110.0,3.15,0.114358420075605
40.0,110.0,3.175,0.09950697860145899
40.0,110.0,3.2,0.08378665441998205
40.0,110.0,3.225,0.06705360540339136
40.0,110.0,3.25,0.04913388948444921
40.0,110.0,3.275,0.029814978835333118
40.0,110.0,3.3,0.008828769679401868
40.0,110.0,3.325,-0.014158828475861002
40.0,110.0,3.35,-0.03956629835365245
40.0,110.0,3.375,-0.06792968098236452
40.0,110.0,3.4,-0.09994796054828432
40.0,110.0,3.425,-0.13654989133123524
40.0,110.0,3.45,-0.17899677480808932
40.0,110.0,3.475,-0.2290458085823197
40.0,110.0,3.5,-0.28922025487702674
40.0,110.0,3.525,-0.36327426249946543
40.0,110.0,3.55,-0.4570382934466241
40.0,110.0,3.575,-0.5800806536483332
40.0,110.0,3.6,-0.749179822220073
40.0,110.0,3.625,-0.996440145997177
40.0,110.0,3.65,-1.3905285801529323
40.0,110.0,3.675,-2.097369904640615
40.0,110.0,3.7,-3.4226977250624584
40.0,110.0,3.725,0.3893932631333721
40.0,110.0,3.75,3.7235961470656136
40.0,110.0,3.775,2.5068289695212194
40.0,110.0,3.8,1.8422277586597096
40.0,115.0,2.4,0.49515139923761814
40.0,115.0,2.425,0.47800033084156585
40.0,115.0,2.45,0.4626719710992672
40.0,115.0,2.475,0.4493186910150984
40.0,115.0,2.5,0.4382837026608494
40.0,115.0,2.525,0.43023158670405404
40.0,115.0,2.55,0.42643892710598025
40.0,115.0,2.575,0.42956307106139485
40.0,115.0,2.6,0.44622536550993697
40.0,115.0,2.625,0.49917067137457755
40.0,115.0,2.65,0.705097185412321
40.0,115.0,2.675,0.12152911696076676
40.0,115.0,2.7,0.19386774430630804
40.0,115.0,2.725,0.2288424258778625
40.0,115.0,2.75,0.24020343225344246
40.0,115.0,2.775,0.24151302885669873
40.0,115.0,2.8,0.23768161588277095
40.0,115.0,2.825,0.23092038420578045
40.0,115.0,2.85,0.22236599189218134
40.0,115.0,2.875,0.21264055275671018
40.0,115.0,2.9,0.20209097297363793
40.0,115.0,2.925,0.19090684568629002
40.0,115.0,2.95,0.1791832745065134
40.0,115.0,2.975,0.16695567714337986
40.0,115.0,3.0,0.15421931464137092
40.0,115.0,3.025,0.14094007898172123
40.0,115.0,3.05,0.12706002774725694
40.0,115.0,3.075,0.11249954559899829
40.0,115.0,3.1,0.09715711021112203
40.0,115.0,3.125,0.08090709800005288
40.0,115.0,3.15,0.0635957190661884
40.0,115.0,3.175,0.045035080491706674
40.0,115.0,3.2,0.02499562004440981
40.0,115.0,3.225,0.003193477082108294
40.0,115.0,3.25,-0.020730725342483495
40.0,115.0,3.275,-0.04723235921211822
40.0,115.0,3.3,-0.07689616894334324
40.0,115.0,3.325,-0.1104886430428254
40.0,115.0,3.35,-0.14903524695443762
40.0,115.0,3.375,-0.19394119021212775
40.0,115.0,3.4,-0.24717729314198503
40.0,115.0,3.425,-0.3116134242277899
40.0,115.0,3.45,-0.39157597420030016
40.0,115.0,3.475,-0.4939050373302739
40.0,115.0,3.5,-0.6300666555952611
40.0,115.0,3.525,-0.8207679389681419
40.0,115.0,3.55,-1.1072284714750287
40.0,115.0,3.575,-1.5826144028813944
40.0,115.0,3.6,-2.4871090187949267
40.0,115.0,3.625,-4.007892693796286
40.0,115.0,3.65,3.6834802769351604
40.0,115.0,3.675,3.3682369984498193
40.0,115.0,3.7,2.2723059882789602
40.0,115.0,3.725,1.7115618141930709
40.0,115.0,3.75,1.384414571475058
40.0,115.0,3.775,1.1717186086643532
40.0,115.0,3.8,1.022606047449081
40.0,120.0,2.4,0.45971551139039246
40.0,120.0,2.425,0.4468909490238036
40.0,120.0,2.45,0.4367668237736887
40.0,120.0,2.475,0.4303100661694628
40.0,120.0,2.5,0.42946515107094196
40.0,120.0,2.525,0.4386968431656881
40.0,120.0,2.55,0.47122485760817523
40.0,120.0,2.575,0.5853966728533214
40.0,120.0,2.6,0.32855932517683273
40.0,120.0,2.625,0.17973169426104316
40.0,120.0,2.65,0.2253082614030293
40.0,120.0,2.675,0.24084574763576233
40.0,120.0,2.7,0.24382644203757492
40.0,120.0,2.725,0.24065650398893423
40.0,120.0,2.75,0.23408354475543136
40.0,120.0,2.775,0.22547607179710932
40.0,120.0,2.8,0.21556893597722349
40.0,120.0,2.825,0.2047670990549118
40.0,120.0,2.85,0.19329063747580952
40.0,120.0,2.875,0.18125047791058668
40.0,120.0,2.9,0.1686897647588946
40.0,120.0,2.925,0.15560682964931857
40.0,120.0,2.95,0.14196779730874978
40.0,120.0,2.975,0.1277130629032116
40.0,120.0,3.0,0.11275990231185293
40.0,120.0,3.025,0.09700238871000978
40.0,120.0,3.05,0.08030914554633063
40.0,120.0,3.075,0.06251903830684317
40.0,120.0,3.1,0.04343457009005732
40.0,120.0,3.125,0.022812531870660943
40.0,120.0,3.15,0.0003515726330943014
40.0,120.0,3.175,-0.024326367344712902
40.0,120.0,3.2,-0.05170480017649766
40.0,120.0,3.225,-0.08240919352227517
40.0,120.0,3.25,-0.11726313859112719
40.0,120.0,3.275,-0.15737390325922543
40.0,120.0,3.3,-0.20426521547194626
40.0,120.0,3.325,-0.26010437240841117
40.0,120.0,3.35,-0.3280629990177729
40.0,120.0,3.375,-0.41298546164198385
40.0,120.0,3.4,-0.5226465461505727
40.0,120.0,3.425,-0.6703318246982977
40.0,120.0,3.45,-0.880660468174611
40.0,120.0,3.475,-1.2044311702936168
40.0,120.0,3.5,-1.7625325593936745
40.0,120.0,3.525,-2.88492228488379
40.0,120.0,3.55,-4.058411912678316
40.0,120.0,3.575,4.60646752119048
40.0,120.0,3.6,3.0573060132630148
40.0,120.0,3.625,2.1054223251124036
40.0,120.0,3.65,1.6143005128174177
40.0,120.0,3.675,1.3216846252271521
40.0,120.0,3.7,1.1279926548734198
40.0,120.0,3.725,0.9900669763855159
40.0,120.0,3.75,0.8867014431124574
40.0,120.0,3.775,0.8061556233193806
40.0,120.0,3.8,0.7414234960206882
40.0,125.0,2.4,0.43654212133282483
40.0,125.0,2.425,0.43151241780609195
40.0,125.0,2.45,0.4336069238065863
40.0,125.0,2.475,0.4497815067066047
40.0,125.0,2.5,0.5041669962014429
40.0,125.0,2.525,0.6758255640486482
40.0,125.0,2.55,0.1636324099740374
40.0,125.0,2.575,0.21371339617298868
40.0,125.0,2.6,0.23862759881684328
40.0,125.0,2.625,0.24548680557515612
40.0,125.0,2.65,0.24405126588393347
40.0,125.0,2.675,0.238244551629548
40.0,125.0,2.7,0.22991573477717003
40.0,125.0,2.725,0.22002727140690168
40.0,125.0,2.75,0.20910171878863962
40.0,125.0,2.775,0.1974222708003067
40.0,125.0,2.8,0.18513430719579407
40.0,125.0,2.825,0.17229976855734633
40.0,125.0,2.85,0.158926948847119
40.0,125.0,2.875,0.14498676975533162
40.0,125.0,2.9,0.13042124991657159
40.0,125.0,2.925,0.11514718474143026
40.0,125.0,2.95,0.09905660339754692
40.0,125.0,2.975,0.08201473831127741
40.0,125.0,3.0,0.06385571402120567
40.0,125.0,3.025,0.04437575926539141
40.0,125.0,3.05,0.023323348626776527
40.0,125.0,3.075,0.0003852550611215034
40.0,125.0,3.1,-0.02483267130831586
40.0,125.0,3.125,-0.05283319269880243
40.0,125.0,3.15,-0.08427053666309305
40.0,125.0,3.175,-0.12000594382878227
40.0,125.0,3.2,-0.16120895237709582
40.0,125.0,3.225,-0.2094965453450275
40.0,125.0,3.25,-0.2671746907532635
40.0,125.0,3.275,-0.33765009371230104
40.0,125.0,3.3,-0.4261721623862047
40.0,125.0,3.325,-0.5412640265458027
40.0,125.0,3.35,-0.6977130684390132
40.0,125.0,3.375,-0.9234949708333865
40.0,125.0,3.4,-1.2780732535443926
40.0,125.0,3.425,-1.909401888862045
40.0,125.0,3.45,-3.2424192155083187
40.0,125.0,3.475,-3.23300592965834
40.0,125.0,3.5,4.595006453817785
40.0,125.0,3.525,2.843968124209741
40.0,125.0,3.55,1.9925979773715021
40.0,125.0,3.575,1.5464371414810056
40.0,125.0,3.6,1.2757167672916756
40.0,125.0,3.625,1.094418441766898
40.0,125.0,3.65,0.9643819577255478
40.0,125.0,3.675,0.8661452116931295
40.0,125.0,3.7,0.7890500602279061
40.0,125.0,3.725,0.7267533475866002
40.0,125.0,3.75,0.6751910327320945
40.0,125.0,3.775,0.631646116452172
40.0,125.0,3.8,0.5942375901812841
40.0,130.0,2.4,0.4377804420562164
40.0,130.0,2.425,0.46065390522251587
40.0,130.0,2.45,0.5392107832555862
40.0,130.0,2.475,0.5152768003485751
40.0,130.0,2.5,0.18862058105634558
40.0,130.0,2.525,0.22986611105019414
40.0,130.0,2.55,0.24488690556363757
40.0,130.0,2.575,0.24708756931722833
40.0,130.0,2.6,0.2430006825322454
40.0,130.0,2.625,0.2354683495585797
40.0,130.0,2.65,0.22589582395678065
40.0,130.0,2.675,0.21502655314017774
40.0,130.0,2.7,0.20326071924266043
40.0,130.0,2.725,0.19080779438614157
40.0,130.0,2.75,0.1777657418508639
40.0,130.0,2.775,0.16416311316015936
40.0,130.0,2.8,0.1499821400570939
40.0,130.0,2.825,0.13517093751809994
40.0,130.0,2.85,0.11964923964197514
40.0,130.0,2.875,0.10330999225493007
40.0,130.0,2.9,0.086017931439924
40.0,130.0,2.925,0.06760556220660799
40.0,130.0,2.95,0.04786645091571596
40.0,130.0,2.975,0.02654530200061277
40.0,130.0,3.0,0.0033237840939715287
40.0,130.0,3.025,-0.022199631375215592
40.0,130.0,3.05,-0.05053896413549897
40.0,130.0,3.075,-0.08235993357928205
40.0,130.0,3.1,-0.11854896835337918
40.0,130.0,3.125,-0.16030492409108785
40.0,130.0,3.15,-0.2092928879560312
40.0,130.0,3.175,-0.26789751368896786
40.0,130.0,3.2,-0.3396574676666607
40.0,130.0,3.225,-0.4300570883546248
40.0,130.0,3.25,-0.5480675139108828
40.0,130.0,3.275,-0.709408803586446
40.0,130.0,3.3,-0.944237379602676
40.0,130.0,3.325,-1.3179885412003705
40.0,130.0,3.35,-1.9990604975524342
40.0,130.0,3.375,-3.4965460386086824
40.0,130.0,3.4,-2.1364030567564973
40.0,130.0,3.425,4.484732461786762
40.0,130.0,3.45,2.723093297822866
40.0,130.0,3.475,1.9251573821005432
40.0,130.0,3.5,1.5036519883670838
40.0,130.0,3.525,1.2455902788900421
40.0,130.0,3.55,1.0714548555619754
40.0,130.0,3.575,0.9458120065098188
40.0,130.0,3.6,0.8506652517114163
40.0,130.0,3.625,0.7758445999788927
40.0,130.0,3.65,0.715155485762966
40.0,130.0,3.675,0.6647474025726385
40.0,130.0,3.7,0.6220600371061109
40.0,130.0,3.725,0.5853009486618853
40.0,130.0,3.75,0.5531811341926159
40.0,130.0,3.775,0.5247512711577876
40.0,130.0,3.8,0.4992964435416666
40.0,135.0,2.4,0.5641327845945434
40.0,135.0,2.425,0.3270507461301679
40.0,135.0,2.45,0.20696163952962934
40.0,135.0,2.475,0.23820224051626285
40.0,135.0,2.5,0.24800826725703767
40.0,135.0,2.525,0.24746894437298914
40.0,135.0,2.55,0.24166660444668772
40.0,135.0,2.575,0.2329191028628108
40.0,135.0,2.6,0.22239710874534596
40.0,135.0,2.625,0.2107202012028115
40.0,135.0,2.65,0.19821626067476467
40.0,135.0,2.675,0.18504892610015308
40.0,135.0,2.7,0.1712838978626976
40.0,135.0,2.725,0.15692493602033036
40.0,135.0,2.75,0.14193301922746304
40.0,135.0,2.775,0.12623559346173663
40.0,135.0,2.8,0.10973034313044318
40.0,135.0,2.825,0.09228502559929772
40.0,135.0,2.85,0.07373418298085149
40.0,135.0,2.875,0.05387287550589996
40.0,135.0,2.9,0.03244702959015905
40.0,135.0,2.925,0.009139439325839044
40.0,135.0,2.95,-0.01645031088235702
40.0,135.0,2.975,-0.04483465938345423
40.0,135.0,3.0,-0.07667267515988652
40.0,135.0,3.025,-0.11285857342446662
40.0,135.0,3.05,-0.15458587692424433
40.0,135.0,3.075,-0.20351974408848308
40.0,135.0,3.1,-0.26204712061125984
40.0,135.0,3.125,-0.33371528248243437
40.0,135.0,3.15,-0.4240324688853999
40.0,135.0,3.175,-0.5420323522282027
40.0,135.0,3.2,-0.7036037571330346
40.0,135.0,3.225,-0.9393894414315294
40.0,135.0,3.25,-1.3165207599329858
40.0,135.0,3.275,-2.0109206118447522
40.0,135.0,3.3,-3.5830957456878525
40.0,135.0,3.325,-1.9360812759194463
40.0,135.0,3.35,4.502063942883229
40.0,135.0,3.375,2.6889361224995145
40.0,135.0,3.4,1.8997573196838737
40.0,135.0,3.425,1.484637906855084
40.0,135.0,3.45,1.2305377965487228
40.0,135.0,3.475,1.058956952148636
40.0,135.0,3.5,0.9350138369341747
40.0,135.0,3.525,0.8409841292249955
40.0,135.0,3.55,0.7669535373024366
40.0,135.0,3.575,0.7069585695742585
40.0,135.0,3.6,0.657128110378758
40.0,135.0,3.625,0.614852223934164
40.0,135.0,3.65,0.5783823400395607
40.0,135.0,3.675,0.5464704022059165
40.0,135.0,3.7,0.518188320448081
40.0,135.0,3.725,0.4928332246826294
40.0,135.0,3.75,0.46986336193091294
40.0,135.0,3.775,0.4488536398356728
40.0,135.0,3.8,0.42946470737170367
40.0,140.0,2.4,0.21694811612086118
40.0,140.0,2.425,0.2426491776640822
40.0,140.0,2.45,0.24968351289944382
40.0,140.0,2.475,0.24750727072337678
40.0,140.0,2.5,0.2405604986713132
40.0,140.0,2.525,0.23091745450842815
40.0,140.0,2.55,0.2196321693357988
40.0,140.0,2.575,0.20725831187958305
40.0,140.0,2.6,0.19408216125174224
40.0,140.0,2.625,0.18023840011663775
40.0,140.0,2.65,0.16577065404055047
40.0,140.0,2.675,0.15066361731898362
40.0,140.0,2.7,0.1348594324122479
40.0,140.0,2.725,0.1182656651413282
40.0,140.0,2.75,0.10075751996997274
40.0,140.0,2.775,0.08217577625211582
40.0,140.0,2.8,0.06232152097926057
40.0,140.0,2.825,0.04094725169234784
40.0,140.0,2.85,0.01774352941461012
40.0,140.0,2.875,-0.007680675327972704
40.0,140.0,2.9,-0.03582277076109843
40.0,140.0,2.925,-0.0673252652529534
40.0,140.0,2.95,-0.10305515327326119
40.0,140.0,2.975,-0.1441744988343892
40.0,140.0,3.0,-0.19229809635565712
40.0,140.0,3.025,-0.24973585774008933
40.0,140.0,3.05,-0.3199142723679421
40.0,140.0,3.075,-0.4081422950411977
40.0,140.0,3.1,-0.5231043170684795
40.0,140.0,3.125,-0.6800205325494628
40.0,140.0,3.15,-0.9081512750711804
40.0,140.0,3.175,-1.2713227873881696
40.0,140.0,3.2,-1.936662590830298
40.0,140.0,3.225,-3.4570197492965784
40.0,140.0,3.25,-3.2904823344794876
40.0,140.0,3.275,4.735464460715725
40.0,140.0,3.3,2.7473170533291267
40.0,140.0,3.325,1.9180239147842555
40.0,140.0,3.35,1.4903847082551789
40.0,140.0,3.375,1.2312892636514423
40.0,140.0,3.4,1.0573895858490923
40.0,140.0,3.425,0.9322539068784598
40.0,140.0,3.45,0.8375557931598289
40.0,140.0,3.475,0.7631008088221829
40.0,140.0,3.5,0.7027784875495531
40.0,140.0,3.525,0.6527161793118708
40.0,140.0,3.55,0.6103398897466688
40.0,140.0,3.575,0.5738181509143762
40.0,140.0,3.6,0.5418347923487506
40.0,140.0,3.625,0.5134652707557569
40.0,140.0,3.65,0.4880156265737629
40.0,140.0,3.675,0.4649458735730466
40.0,140.0,3.7,0.44383021601743206
40.0,140.0,3.725,0.42432807450932747
40.0,140.0,3.75,0.4061626390961867
40.0,140.0,3.775,0.3891051435012068
40.0,140.0,3.8,0.3729632745495258
40.0,145.0,2.4,0.25070443669065784
40.0,145.0,2.425,0.24764881533206642
40.0,145.0,2.45,0.23996051762792522
40.0,145.0,2.475,0.2296495468055149
40.0,145.0,2.5,0.21773428276120518
40.0,145.0,2.525,0.20474357349553474
40.0,145.0,2.55,0.19094432529668345
40.0,145.0,2.575,0.17645475321044418
40.0,145.0,2.6,0.1613031988976245
40.0,145.0,2.625,0.14545885678825707
40.0,145.0,2.65,0.1288472197688731
40.0,145.0,2.675,0.11135662724601113
40.0,145.0,2.7,0.0928388547077855
40.0,145.0,2.725,0.07310578976720111
40.0,145.0,2.75,0.05192192399260857
40.0,145.0,2.775,0.02899212524148214
40.0,145.0,2.8,0.003943418637258531
40.0,145.0,2.825,-0.023699855095546674
40.0,145.0,2.85,-0.05454431446326007
40.0,145.0,2.875,-0.08940955626889627
40.0,145.0,2.9,-0.12939077389901002
40.0,145.0,2.925,-0.1760101591560503
40.0,145.0,2.95,-0.23142990376636371
40.0,145.0,2.975,-0.2988385645207249
40.0,145.0,3.0,-0.38314561006090203
40.0,145.0,3.025,-0.49231459987590875
40.0,145.0,3.05,-0.640173728331253
40.0,145.0,3.075,-0.8529434254690238
40.0,145.0,3.1,-1.186838206925447
40.0,145.0,3.125,-1.785815244381441
40.0,145.0,3.15,-3.125874964073841
40.0,145.0,3.175,-5.281548889420174
40.0,145.0,3.2,5.278720201568806
40.0,145.0,3.225,2.923832046220662
40.0,145.0,3.25,1.988020527805216
40.0,145.0,3.275,1.5244984688969023
40.0,145.0,3.3,1.249857334766698
40.0,145.0,3.325,1.068046594368316
40.0,145.0,3.35,0.9384191355287772
40.0,145.0,3.375,0.8409579893501977
40.0,145.0,3.4,0.7646929439893344
40.0,145.0,3.425,0.7031168791905087
40.0,145.0,3.45,0.6521284810574742
40.0,145.0,3.475,0.6090180276806163
40.0,145.0,3.5,0.5719313041494858
40.0,145.0,3.525,0.5395499979481109
40.0,145.0,3.55,0.5108675749690521
40.0,145.0,3.575,0.4851316997255357
40.0,145.0,3.6,0.4617967961465581
40.0,145.0,3.625,0.4404362321602964
40.0,145.0,3.65,0.4207053150158215
40.0,145.0,3.675,0.40232261694874943
40.0,145.0,3.7,0.3850553077881554
40.0,145.0,3.725,0.36870760351628246
40.0,145.0,3.75,0.3531118590455495
40.0,145.0,3.775,0.3381216902348398
40.0,145.0,3.8,0.3236056651761755
40.0,150.0,2.4,0.24001617912907305
40.0,150.0,2.425,0.2292269890701769
40.0,150.0,2.45,0.21679295174412203
40.0,150.0,2.475,0.20325341320751114
40.0,150.0,2.5,0.18887490683468594
40.0,150.0,2.525,0.17376969254456825
40.0,150.0,2.55,0.1579567069932139
40.0,150.0,2.575,0.14139294058081447
40.0,150.0,2.6,0.12398870152247508
40.0,150.0,2.625,0.10561340529539055
40.0,150.0,2.65,0.08609520997693894
40.0,150.0,2.675,0.06521578531377921
40.0,150.0,2.7,0.04270012184967415
40.0,150.0,2.725,0.018200804608100644
40.0,150.0,2.75,-0.008726505685161829
40.0,150.0,2.775,-0.0386434214616093
40.0,150.0,2.8,-0.0723071234680453
40.0,150.0,2.825,-0.1107163311693746
40.0,150.0,2.85,-0.155257852745883
40.0,150.0,2.875,-0.20789651422686192
40.0,150.0,2.9,-0.27149629633019373
40.0,150.0,2.925,-0.3504170698920255
40.0,150.0,2.95,-0.45164720916333084
40.0,150.0,2.975,-0.5871134011304958
40.0,150.0,3.0,-0.7789525605892031
40.0,150.0,3.025,-1.0732267372920705
40.0,150.0,3.05,-1.583038840906089
40.0,150.0,3.075,-2.665329609294986
40.0,150.0,3.1,-5.542831244841655
40.0,150.0,3.125,6.112267308761984
40.0,150.0,3.15,3.2832058805364213
40.0,150.0,3.175,2.1284284253049015
40.0,150.0,3.2,1.5945630930623427
40.0,150.0,3.225,1.2900774134901194
40.0,150.0,3.25,1.0931748198752032
40.0,150.0,3.275,0.954970825750449
40.0,150.0,3.3,0.8522125291725254
40.0,150.0,3.325,0.7724633125493182
40.0,150.0,3.35,0.7084782036036488
40.0,150.0,3.375,0.6557529704659403
40.0,150.0,3.4,0.6113402061208904
40.0,150.0,3.425,0.573230374774418
40.0,150.0,3.45,0.540008964344689
40.0,150.0,3.475,0.5106579647060436
40.0,150.0,3.5,0.484413002326492
40.0,150.0,3.525,0.4606535879262686
40.0,150.0,3.55,0.43890882023012195
40.0,150.0,3.575,0.41882805092247816
40.0,150.0,3.6,0.40012600977944857
40.0,150.0,3.625,0.3825641676505343
40.0,150.0,3.65,0.36594121983199585
40.0,150.0,3.675,0.35008488902285606
40.0,150.0,3.7,0.3348392613691173
40.0,150.0,3.725,0.32008407577309317
40.0,150.0,3.75,0.3056856360798729
40.0,150.0,3.775,0.29153218427754857
40.0,150.0,3.8,0.2775138115436541
40.0,155.0,2.4,0.21686936367516205
40.0,155.0,2.425,0.20284891776895822
40.0,155.0,2.45,0.1879369883281906
40.0,155.0,2.475,0.1722505800360311
40.0,155.0,2.5,0.1558052256106381
40.0,155.0,2.525,0.13854907990914844
40.0,155.0,2.55,0.12037907679000649
40.0,155.0,2.575,0.10114661493568787
40.0,155.0,2.6,0.08065624792892342
40.0,155.0,2.625,0.058658608461193
40.0,155.0,2.65,0.03483764506460847
40.0,155.0,2.675,0.008790376497860639
40.0,155.0,2.7,-0.019999390400936533
40.0,155.0,2.725,-0.05220460927828564
40.0,155.0,2.75,-0.08872732246640348
40.0,155.0,2.775,-0.13078403658314094
40.0,155.0,2.8,-0.18009895792071684
40.0,155.0,2.825,-0.23916875834593848
40.0,155.0,2.85,-0.31172770316134346
40.0,155.0,2.875,-0.4036587082458712
40.0,155.0,2.9,-0.5247845939514659
40.0,155.0,2.925,-0.6928224021694983
40.0,155.0,2.95,-0.9432107885530017
40.0,155.0,2.975,-1.358142105668993
40.0,155.0,3.0,-2.176540698928128
40.0,155.0,3.025,-4.356753318144342
40.0,155.0,3.05,3.9969647221246203
40.0,155.0,3.075,3.9871772864660318
40.0,155.0,3.1,2.3796038438255254
40.0,155.0,3.125,1.7152795399043517
40.0,155.0,3.15,1.3588074399017018
40.0,155.0,3.175,1.1365255054464543
40.0,155.0,3.2,0.9842011167269034
40.0,155.0,3.225,0.8728395709191822
40.0,155.0,3.25,0.7874850803607049
40.0,155.0,3.275,0.7196534647544575
40.0,155.0,3.3,0.6641761347880291
40.0,155.0,3.325,0.6177246029809307
40.0,155.0,3.35,0.5780576713210354
40.0,155.0,3.375,0.5436100369637235
40.0,155.0,3.4,0.5132553573809628
40.0,155.0,3.425,0.48616587584904725
40.0,155.0,3.45,0.46172487430808745
40.0,155.0,3.475,0.4394399640177653
40.0,155.0,3.5,0.41889145747053447
40.0,155.0,3.525,0.399765125623573
40.0,155.0,3.55,0.3818183436096703
40.0,155.0,3.575,0.36484502492191195
40.0,155.0,3.6,0.348661886206021
40.0,155.0,3.625,0.3331244552140544
40.0,155.0,3.65,0.3180860005323162
40.0,155.0,3.675,0.3034221379325623
40.0,155.0,3.7,0.28901543727100654
40.0,155.0,3.725,0.27475328795100284
40.0,155.0,3.75,0.2605244285529611
40.0,155.0,3.775,0.24621561732387262
40.0,155.0,3.8,0.2317081315125263
40.0,160.0,2.4,0.1881852126453756
40.0,160.0,2.425,0.17195957309160248
40.0,160.0,2.45,0.15491956461854064
40.0,160.0,2.475,0.13700866522142074
40.0,160.0,2.5,0.11811296948940413
40.0,160.0,2.525,0.09806735918289519
40.0,160.0,2.55,0.0766535578045481
40.0,160.0,2.575,0.05359165838110662
40.0,160.0,2.6,0.028524546996467004
40.0,160.0,2.625,0.000993212511141058
40.0,160.0,2.65,-0.029596419563698774
40.0,160.0,2.675,-0.0640312795443736
40.0,160.0,2.7,-0.10336997415017399
40.0,160.0,2.725,-0.14906777361204385
40.0,160.0,2.75,-0.2032271805057077
40.0,160.0,2.775,-0.268955587843136
40.0,160.0,2.8,-0.3510347238026304
40.0,160.0,2.825,-0.45723854619666143
40.0,160.0,2.85,-0.6011273032711522
40.0,160.0,2.875,-0.8086136144336745
40.0,160.0,2.9,-1.1359714596291204
40.0,160.0,2.925,-1.7311946887532936
40.0,160.0,2.95,-3.1232222292738987
40.0,160.0,2.975,-6.408499859062861
40.0,160.0,3.0,5.465446324282278
40.0,160.0,3.025,2.8359325800520594
40.0,160.0,3.05,1.9161231981797773
40.0,160.0,3.075,1.4685025391238478
40.0,160.0,3.1,1.2044407454487784
40.0,160.0,3.125,1.0297678512166162
40.0,160.0,3.15,0.9051458365669868
40.0,160.0,3.175,0.81131452146098
40.0,160.0,3.2,0.7377497706672913
40.0,160.0,3.225,0.678218962074886
40.0,160.0,3.25,0.6287962056458842
40.0,160.0,3.275,0.5868846863895644
40.0,160.0,3.3,0.5506968363460982
40.0,160.0,3.325,0.5189605085584702
40.0,160.0,3.35,0.4907446445874077
40.0,160.0,3.375,0.46535278740081826
40.0,160.0,3.4,0.4422590104088719
40.0,160.0,3.425,0.4210590716257772
40.0,160.0,3.45,0.4013986461560316
40.0,160.0,3.475,0.38297688949918796
40.0,160.0,3.5,0.36556382761683637
40.0,160.0,3.525,0.3489981836597248
40.0,160.0,3.55,0.3331057358010857
40.0,160.0,3.575,0.317744705705261
40.0,160.0,3.6,0.30278462064077555
40.0,160.0,3.625,0.28810424809000357
40.0,160.0,3.65,0.273588006161433
40.0,160.0,3.675,0.2591224891571326
40.0,160.0,3.7,0.24459301565019784
40.0,160.0,3.725,0.229880020130944
40.0,160.0,3.75,0.21485505829477233
40.0,160.0,3.775,0.1993761446385834
40.0,160.0,3.8,0.18328205998074357
40.0,165.0,2.4,0.1553642831137097
40.0,165.0,2.425,0.13684740247746555
40.0,165.0,2.45,0.1172794320850178
40.0,165.0,2.475,0.09648131992230351
40.0,165.0,2.5,0.07421401686180193
40.0,165.0,2.525,0.05016838214049924
40.0,165.0,2.55,0.023948051197653607
40.0,165.0,2.575,-0.004959015204608513
40.0,165.0,2.6,-0.03722793337843239
40.0,165.0,2.625,-0.07375739927140801
40.0,165.0,2.65,-0.11576745123864648
40.0,165.0,2.675,-0.16496439020124032
40.0,165.0,2.7,-0.22384795505718416
40.0,165.0,2.725,-0.2962055171321419
40.0,165.0,2.75,-0.3880002811468186
40.0,165.0,2.775,-0.5092535262898216
40.0,165.0,2.8,-0.6782071869549929
40.0,165.0,2.825,-0.9318515881729672
40.0,165.0,2.85,-1.3578994070420736
40.0,165.0,2.875,-2.222405960579656
40.0,165.0,2.9,-4.7199471401735265
40.0,165.0,2.925,6.46806236618168
40.0,165.0,2.95,3.7615781392503145
40.0,165.0,2.975,2.262700137236838
40.0,165.0,3.0,1.6432970345330158
40.0,165.0,3.025,1.3081404359843585
40.0,165.0,3.05,1.0977270504634629
40.0,165.0,3.075,0.9527550336378308
40.0,165.0,3.1,0.8462901342380482
40.0,165.0,3.125,0.76436628736912
40.0,165.0,3.15,0.699026506089275
40.0,165.0,3.175,0.6454059804737295
40.0,165.0,3.2,0.6003623071271255
40.0,165.0,3.225,0.56177389669371
40.0,165.0,3.25,0.5281550745897146
40.0,165.0,3.275,0.49843282779469983
40.0,165.0,3.3,0.47181131061115944
40.0,165.0,3.325,0.44768703943604393
40.0,165.0,3.35,0.42559683051881725
40.0,165.0,3.375,0.40518792243787793
40.0,165.0,3.4,0.38615588892513836
40.0,165.0,3.425,0.3682425860785152
40.0,165.0,3.45,0.35121133598907667
40.0,165.0,3.475,0.3349022290529983
40.0,165.0,3.5,0.3191683575538076
40.0,165.0,3.525,0.30387415107261706
40.0,165.0,3.55,0.2888937057541145
40.0,165.0,3.575,0.27410773947516187
40.0,165.0,3.6,0.25940019213441934
40.0,165.0,3.625,0.2446547530183686
40.0,165.0,3.65,0.22975124617097162
40.0,165.0,3.675,0.21456167765531242
40.0,165.0,3.7,0.19894567294444374
40.0,165.0,3.725,0.18274494157253848
40.0,165.0,3.75,0.16577625695346612
40.0,165.0,3.775,0.14782215415934272
40.0,165.0,3.8,0.1286184713081515
40.0,170.0,2.4,0.11795707682990944
40.0,170.0,2.425,0.09648265988536708
40.0,170.0,2.45,0.07345149164465455
40.0,170.0,2.475,0.04852873788698739
40.0,170.0,2.5,0.021281428936291837
40.0,170.0,2.525,-0.00885045474851158
40.0,170.0,2.55,-0.04261753605923735
40.0,170.0,2.575,-0.08102567810488433
40.0,170.0,2.6,-0.12545304683936317
40.0,170.0,2.625,-0.17784648123607646
40.0,170.0,2.65,-0.24111531257291818
40.0,170.0,2.675,-0.3197369638756415
40.0,170.0,2.7,-0.42093735317411946
40.0,170.0,2.725,-0.5572347728832554
40.0,170.0,2.75,-0.7523612143046237
40.0,170.0,2.775,-1.0573336743316948
40.0,170.0,2.8,-1.6045812582475885
40.0,170.0,2.825,-2.8639033233476314
40.0,170.0,2.85,-7.023427702898037
40.0,170.0,2.875,6.083395884354836
40.0,170.0,2.9,2.9305100062004854
40.0,170.0,2.925,1.935564691780554
40.0,170.0,2.95,1.4690723066343494
40.0,170.0,2.975,1.1987043471675103
40.0,170.0,3.0,1.0216361530408542
40.0,170.0,3.025,0.8960770421589331
40.0,170.0,3.05,0.801907888753341
40.0,170.0,3.075,0.7282600190296882
40.0,170.0,3.1,0.668749594774824
40.0,170.0,3.125,0.6193803696109854
40.0,170.0,3.15,0.5775216843581767
40.0,170.0,3.175,0.5413695199731012
40.0,170.0,3.2,0.5096437661248537
40.0,170.0,3.225,0.48140914155709497
40.0,170.0,3.25,0.45596461444634107
40.0,170.0,3.275,0.4327728696520012
40.0,170.0,3.3,0.4114120076255038
40.0,170.0,3.325,0.39156864901200256
40.0,170.0,3.35,0.37298730219464804
40.0,170.0,3.375,0.35541126188006367
40.0,170.0,3.4,0.3386172093249497
40.0,170.0,3.425,0.32245021541037394
40.0,170.0,3.45,0.30677344375454446
40.0,170.0,3.475,0.29145690596422397
40.0,170.0,3.5,0.27637703785387424
40.0,170.0,3.525,0.26141443815799464
40.0,170.0,3.55,0.24645066846339841
40.0,170.0,3.575,0.23136470607954848
40.0,170.0,3.6,0.2160290649482504
40.0,170.0,3.625,0.2003053841426591
40.0,170.0,3.65,0.1840391650801945
40.0,170.0,3.675,0.1670532086376138
40.0,170.0,3.7,0.14913910453986892
40.0,170.0,3.725,0.13004578354643284
40.0,170.0,3.75,0.1094638696840629
40.0,170.0,3.775,0.08700715593641577
40.0,170.0,3.8,0.062176924541867296
40.0,175.0,2.4,0.07445999735266978
40.0,175.0,2.425,0.04878900127696342
40.0,175.0,2.45,0.020671485478109396
40.0,175.0,2.475,-0.010494525625106685
40.0,175.0,2.5,-0.0455234432091115
40.0,175.0,2.525,-0.08551629329749737
40.0,175.0,2.55,-0.13199400330610414
40.0,175.0,2.575,-0.18712804832048774
40.0,175.0,2.6,-0.2541924901330851
40.0,175.0,2.625,-0.33833356797707165
40.0,175.0,2.65,-0.44801731665198075
40.0,175.0,2.675,-0.5982993517044216
40.0,175.0,2.7,-0.8188053283683346
40.0,175.0,2.725,-1.176778081876234
40.0,175.0,2.75,-1.862835817278721
40.0,175.0,2.775,-3.672429131764872
40.0,175.0,2.8,-3.0336143394944384
40.0,175.0,2.825,4.559419964367631
40.0,175.0,2.85,2.481727584775223
40.0,175.0,2.875,1.7333773355509408
40.0,175.0,2.9,1.3529848767597221
40.0,175.0,2.925,1.1222817923823116
40.0,175.0,2.95,0.9667344376043681
40.0,175.0,2.975,0.8541629000754449
40.0,175.0,3.0,0.768434489882682
40.0,175.0,3.025,0.7005768546338892
40.0,175.0,3.05,0.6452029428810612
40.0,175.0,3.075,0.5988818236098319
40.0,175.0,3.1,0.5593231701025388
40.0,175.0,3.125,0.5249379150216634
40.0,175.0,3.15,0.4945871184596362
40.0,175.0,3.175,0.46743119801263483
40.0,175.0,3.2,0.44283534160828625
40.0,175.0,3.225,0.42029054260930104
40.0,175.0,3.25,0.3994683901473652
40.0,175.0,3.275,0.38001041519302625
40.0,175.0,3.3,0.361709323891246
40.0,175.0,3.325,0.3443439818448564
40.0,175.0,3.35,0.3276785047861674
40.0,175.0,3.375,0.3115591187534767
40.0,175.0,3.4,0.29585741821193995
40.0,175.0,3.425,0.2804470765910787
40.0,175.0,3.45,0.2652049863485131
40.0,175.0,3.475,0.2500099295396609
40.0,175.0,3.5,0.2347395290848727
40.0,175.0,3.525,0.21926653979936975
40.0,175.0,3.55,0.20345460572524565
40.0,175.0,3.575,0.18715327370556278
40.0,175.0,3.6,0.1701918831888946
40.0,175.0,3.625,0.15237177698536292
40.0,175.0,3.65,0.13345602044568278
40.0,175.0,3.675,0.11315539477733506
40.0,175.0,3.7,0.09110874705476414
40.0,175.0,3.725,0.06685574617623498
40.0,175.0,3.75,0.03979699664146915
40.0,175.0,3.775,0.009127087015737606
40.0,175.0,3.8,-0.02625990926628362
40.0,180.0,2.4,0.02222731187286867
40.0,180.0,2.425,-0.009749507020352587
40.0,180.0,2.45,-0.04575743695828298
40.0,180.0,2.475,-0.08697479330876859
40.0,180.0,2.5,-0.1350399315727288
40.0,180.0,2.525,-0.19230607929587992
40.0,180.0,2.55,-0.26235051718124275
40.0,180.0,2.575,-0.3508849576633376
40.0,180.0,2.6,-0.4674652940511484
40.0,180.0,2.625,-0.6294553476936563
40.0,180.0,2.65,-0.8720821018099039
40.0,180.0,2.675,-1.2791051253572832
40.0,180.0,2.7,-2.1075313501585904
40.0,180.0,2.725,-4.607772659884379
40.0,180.0,2.75,7.6355877188652865
40.0,180.0,2.775,3.7676008588355625
40.0,180.0,2.8,2.22037126326799
40.0,180.0,2.825,1.6043515819313758
40.0,180.0,2.85,1.2748652997694687
40.0,180.0,2.875,1.0690043208240636
40.0,180.0,2.9,0.9274518283386756
40.0,180.0,2.925,0.823550373369826
40.0,180.0,2.95,0.7435645608913521
40.0,180.0,2.975,0.6797011673960295
40.0,180.0,3.0,0.6272090922758017
40.0,180.0,3.025,0.5830255400579505
40.0,180.0,3.05,0.5450855327082662
40.0,180.0,3.075,0.5119442930658192
40.0,180.0,3.1,0.4825586726112995
40.0,180.0,3.125,0.4561539977772618
40.0,180.0,3.15,0.4321228846074306
40.0,180.0,3.175,0.41006838236118165
40.0,180.0,3.2,0.38956689003532524
40.0,180.0,3.225,0.370348510116676
40.0,180.0,3.25,0.35220073921931655
40.0,180.0,3.275,0.334936023286859
40.0,180.0,3.3,0.3183099206395715
40.0,180.0,3.325,0.3021611942150857
40.0,180.0,3.35,0.2863683095479419
40.0,180.0,3.375,0.2708071454346299
40.0,180.0,3.4,0.25535354881389877
40.0,180.0,3.425,0.2398831216380283
40.0,180.0,3.45,0.22426828635281978
40.0,180.0,3.475,0.20837433715315506
40.0,180.0,3.5,0.1920547426218078
40.0,180.0,3.525,0.17514547266776895
40.0,180.0,3.55,0.15745789150250017
40.0,180.0,3.575,0.138769527470992
40.0,180.0,3.6,0.1188116952153464
40.0,180.0,3.625,0.09725240627018991
40.0,180.0,3.65,0.07367208550925897
40.0,180.0,3.675,0.047528049491073365
40.0,180.0,3.7,0.018102232241805915
40.0,180.0,3.725,-0.015580195381311288
40.0,180.0,3.75,-0.054884387469300654
40.0,180.0,3.775,-0.10178398102410201
40.0,180.0,3.8,-0.15924533684538666
50.0,0.0,2.4,0.2966348672506652
50.0,0.0,2.425,0.2907287565567636
50.0,0.0,2.45,0.2848987064092935
50.0,0.0,2.475,0.27913891977195593
50.0,0.0,2.5,0.27344269245683406
50.0,0.0,2.525,0.26780262424988593
50.0,0.0,2.55,0.2622113469736853
50.0,0.0,2.575,0.25666222142020106
50.0,0.0,2.6,0.2511495824519248
50.0,0.0,2.625,0.24566858951350798
50.0,0.0,2.65,0.24021473609615857
50.0,0.0,2.675,0.23478368076471573
50.0,0.0,2.7,0.2293709024230357
50.0,0.0,2.725,0.22397123430242075
50.0,0.0,2.75,0.2185797065981394
50.0,0.0,2.775,0.21319123418727634
50.0,0.0,2.8,0.20780052530547136
50.0,0.0,2.825,0.202402099558278
50.0,0.0,2.85,0.19699028464515536
50.0,0.0,2.875,0.19155919928014525
50.0,0.0,2.9,0.18610272788134377
50.0,0.0,2.925,0.18061448872979635
50.0,0.0,2.95,0.1750877961983792
50.0,0.0,2.975,0.16951561719069705
50.0,0.0,3.0,0.16389052170379098
50.0,0.0,3.025,0.1582046273048268
50.0,0.0,3.05,0.15244953723169388
50.0,0.0,3.075,0.14661627175997854
50.0,0.0,3.1,0.14069519238519523
50.0,0.0,3.125,0.13467591810306792
50.0,0.0,3.15,0.1285472329676195
50.0,0.0,3.175,0.12229698368822026
50.0,0.0,3.2,0.11591196553513047
50.0,0.0,3.225,0.10937779423642345
50.0,0.0,3.25,0.10267876083526004
50.0,0.0,3.275,0.09579766565233896
50.0,0.0,3.3,0.08871562656460666
50.0,0.0,3.325,0.08141185575407452
50.0,0.0,3.35,0.0738633978633827
50.0,0.0,3.375,0.06604482105548012
50.0,0.0,3.4,0.057927850718502906
50.0,0.0,3.425,0.04948093335754709
50.0,0.0,3.45,0.040668715408811396
50.0,0.0,3.475,0.031451418091164945
50.0,0.0,3.5,0.021784084673528874
50.0,0.0,3.525,0.011615670014070116
50.0,0.0,3.55,0.0008879313349684202
50.0,0.0,3.575,-0.010465948138451456
50.0,0.0,3.6,-0.022523154510792103
50.0,0.0,3.625,-0.03537366243046764
50.0,0.0,3.65,-0.049122582966268424
50.0,0.0,3.675,-0.06389210859391839
50.0,0.0,3.7,-0.0798265837686425
50.0,0.0,3.725,-0.09709876067573403
50.0,0.0,3.75,-0.11591618434262892
50.0,0.0,3.775,-0.13652979856948938
50.0,0.0,3.8,-0.15924533575559346
50.0,5.0,2.4,0.27352818174366694
50.0,5.0,2.425,0.2674847268099512
50.0,5.0,2.45,0.2614933507627971
50.0,5.0,2.475,0.25554827411675246
50.0,5.0,2.5,0.24964411988302848
50.0,5.0,2.525,0.24377560300574244
50.0,5.0,2.55,0.23793735863498097
50.0,5.0,2.575,0.23212388186608807
50.0,5.0,2.6,0.22632957097390374
50.0,5.0,2.625,0.2205487234660236
50.0,5.0,2.65,0.2147754294482608
50.0,5.0,2.675,0.20900366489467312
50.0,5.0,2.7,0.20322719274589493
50.0,5.0,2.725,0.19743951742085436
50.0,5.0,2.75,0.1916340805893415
50.0,5.0,2.775,0.18580409720379745
50.0,5.0,2.8,0.17994251332695382
50.0,5.0,2.825,0.17404197924066667
50.0,5.0,2.85,0.1680948102006148
50.0,5.0,2.875,0.16209293904635147
50.0,5.0,2.9,0.15602786194010748
50.0,5.0,2.925,0.14989057684000578
50.0,5.0,2.95,0.14367151374794945
50.0,5.0,2.975,0.13736045566348754
50.0,5.0,3.0,0.13094644903564467
50.0,5.0,3.025,0.12441770236724949
50.0,5.0,3.05,0.1177614714630609
50.0,5.0,3.075,0.11096392959342469
50.0,5.0,3.1,0.10401002055052523
50.0,5.0,3.125,0.09688329211332167
50.0,5.0,3.15,0.08956570673870642
50.0,5.0,3.175,0.08203742562520247
50.0,5.0,3.2,0.07427656107949089
50.0,5.0,3.225,0.06625889071165429
50.0,5.0,3.25,0.05795752523149568
50.0,5.0,3.275,0.04934251948162893
50.0,5.0,3.3,0.04038041389862747
50.0,5.0,3.325,0.031033691466174892
50.0,5.0,3.35,0.021260104356145126
50.0,5.0,3.375,0.011011831684706472
50.0,5.0,3.4,0.00023485434716043508
50.0,5.0,3.425,-0.01113271564364056
50.0,5.0,3.45,-0.023161713933441897
50.0,5.0,3.475,-0.03593375901922807
50.0,5.0,3.5,-0.049543424509482285
50.0,5.0,3.525,-0.06410095339149176
50.0,5.0,3.55,-0.07973573273002164
50.0,5.0,3.575,-0.09660101487926402
50.0,5.0,3.6,-0.11488039730725101
50.0,5.0,3.625,-0.1347942681635284
50.0,5.0,3.65,-0.1566071378372391
50.0,5.0,3.675,-0.18064238718270859
50.0,5.0,3.7,-0.20730083612074282
50.0,5.0,3.725,-0.23708379151824882
50.0,5.0,3.75,-0.270625444587637
50.0,5.0,3.775,-0.3087387559025792
50.0,5.0,3.8,-0.3524807486964607
50.0,10.0,2.4,0.2500378492898223
50.0,10.0,2.425,0.24374839096915876
50.0,10.0,2.45,0.23749358282820823
50.0,10.0,2.475,0.23126683189192654
50.0,10.0,2.5,0.2250614387965678
50.0,10.0,2.525,0.2188705917632218
50.0,10.0,2.55,0.2126873513266543
50.0,10.0,2.575,0.2065046441296552
50.0,10.0,2.6,0.20031529207113333
50.0,10.0,2.625,0.1941119399565445
50.0,10.0,2.65,0.18788690432145363
50.0,10.0,2.675,0.18163196160840572
50.0,10.0,2.7,0.1753394400719252
50.0,10.0,2.725,0.1690012296104446
50.0,10.0,2.75,0.1626076594219636
50.0,10.0,2.775,0.1561494946077306
50.0,10.0,2.8,0.14961691600310909
50.0,10.0,2.825,0.1429994950328874
50.0,10.0,2.85,0.13628613611972232
50.0,10.0,2.875,0.12946499270930775
50.0,10.0,2.9,0.12252336663750463
50.0,10.0,2.925,0.11544759182649643
50.0,10.0,2.95,0.10822290041413934
50.0,10.0,2.975,0.10083326864988845
50.0,10.0,3.0,0.09326123928003578
50.0,10.0,3.025,0.08548771652619393
50.0,10.0,3.05,0.07749172903561197
50.0,10.0,3.075,0.06925015527146884
50.0,10.0,3.1,0.060737404629392554
50.0,10.0,3.125,0.05192504602750429
50.0,10.0,3.15,0.04278137361321545
50.0,10.0,3.175,0.033270896474795066
50.0,10.0,3.2,0.02335373580665681
50.0,10.0,3.225,0.012984908190665598
50.0,10.0,3.25,0.0021134675847722267
50.0,10.0,3.275,-0.009318529325126631
50.0,10.0,3.3,-0.02137728014935296
50.0,10.0,3.325,-0.034138775646875424
50.0,10.0,3.35,-0.04769069812420517
50.0,10.0,3.375,-0.06213478168387245
50.0,10.0,3.4,-0.07758977004731621
50.0,10.0,3.425,-0.09419515356564556
50.0,10.0,3.45,-0.1121159310419169
50.0,10.0,3.475,-0.13154873594260247
50.0,10.0,3.5,-0.1527298308379555
50.0,10.0,3.525,-0.17594586907988763
50.0,10.0,3.55,-0.20154919000328952
50.0,10.0,3.575,-0.22997814119902546
50.0,10.0,3.6,-0.26177911923800673
50.0,10.0,3.625,-0.2976442601213828
50.0,10.0,3.65,-0.33846401032112855
50.0,10.0,3.675,-0.3854067555258479
50.0,10.0,3.7,-0.4400313780646975
50.0,10.0,3.725,-0.5044596283415776
50.0,10.0,3.75,-0.5816458431450978
50.0,10.0,3.775,-0.6758087454087927
50.0,10.0,3.8,-0.7931375463774861
50.0,15.0,2.4,0.22554607534692617
50.0,15.0,2.425,0.2189097740410905
50.0,15.0,2.45,0.21228190300570338
50.0,15.0,2.475,0.20565436783991425
50.0,15.0,2.5,0.1990189390627218
50.0,15.0,2.525,0.1923670843460934
50.0,15.0,2.55,0.18568997733484688
50.0,15.0,2.575,0.17897849091146345
50.0,15.0,2.6,0.17222320676845085
50.0,15.0,2.625,0.16541428479345968
50.0,15.0,2.65,0.1585413307700803
50.0,15.0,2.675,0.15159342445986151
50.0,15.0,2.7,0.14455904085750398
50.0,15.0,2.725,0.1374259514039403
50.0,15.0,2.75,0.13018115432516708
50.0,15.0,2.775,0.12281074345819201
50.0,15.0,2.8,0.11529978479783481
50.0,15.0,2.825,0.10763217813993037
50.0,15.0,2.85,0.09979049683849317
50.0,15.0,2.875,0.09175580250799789
50.0,15.0,2.9,0.0835074300351396
50.0,15.0,2.925,0.07502273769377119
50.0,15.0,2.95,0.06627681548804489
50.0,15.0,2.975,0.05724214364135925
50.0,15.0,3.0,0.047888191733469795
50.0,15.0,3.025,0.038180947709611196
50.0,15.0,3.05,0.028082365446590395
50.0,15.0,3.075,0.017549712282140136
50.0,15.0,3.1,0.006534577010335401
50.0,15.0,3.125,-0.00501946731101616
50.0,15.0,3.15,-0.017173344322409533
50.0,15.0,3.175,-0.02999775338371814
50.0,15.0,3.2,-0.04357582861131725
50.0,15.0,3.225,-0.058003006077152294
50.0,15.0,3.25,-0.07339020081126253
50.0,15.0,3.275,-0.08986724838091277
50.0,15.0,3.3,-0.10758714676824657
50.0,15.0,3.325,-0.12673146765653684
50.0,15.0,3.35,-0.14751735126379895
50.0,15.0,3.375,-0.17020665258432638
50.0,15.0,3.4,-0.19511804451847872
50.0,15.0,3.425,-0.22264324327167437
50.0,15.0,3.45,-0.25326909794268737
50.0,15.0,3.475,-0.287608356147217
50.0,15.0,3.5,-0.32644421901873877
50.0,15.0,3.525,-0.37079670028897527
50.0,15.0,3.55,-0.4220141815860408
50.0,15.0,3.575,-0.48190073848107523
50.0,15.0,3.6,-0.5529321987772073
50.0,15.0,3.625,-0.638606738017753
50.0,15.0,3.65,-0.7440084087645276
50.0,15.0,3.675,-0.8767642304454989
50.0,15.0,3.7,-1.048720745455948
50.0,15.0,3.725,-1.2788890092916532
50.0,15.0,3.75,-1.598121468765446
50.0,15.0,3.775,-2.051460423423842
50.0,15.0,3.8,-2.6460563198762475
50.0,20.0,2.4,0.19939495759443607
50.0,20.0,2.425,0.1922561770302419
50.0,20.0,2.45,0.18508923902588173
50.0,20.0,2.475,0.1778835526922824
50.0,20.0,2.5,0.17062810130685124
50.0,20.0,2.525,0.16331136648402061
50.0,20.0,2.55,0.155921247319748
50.0,20.0,2.575,0.14844501762386925
50.0,20.0,2.6,0.14086930647099943
50.0,20.0,2.625,0.13317983837493394
50.0,20.0,2.65,0.1253612441062213
50.0,20.0,2.675,0.1173970632698807
50.0,20.0,2.7,0.10926959689315183
50.0,20.0,2.725,0.10095970661121983
50.0,20.0,2.75,0.09244662059222528
50.0,20.0,2.775,0.0837076914359045
50.0,20.0,2.8,0.07471811883413658
50.0,20.0,2.825,0.06545055019833149
50.0,20.0,2.85,0.055874111455227915
50.0,20.0,2.875,0.045954338678607924
50.0,20.0,2.9,0.03565688693712236
50.0,20.0,2.925,0.024939870892532235
50.0,20.0,2.95,0.013755589982254918
50.0,20.0,2.975,0.0020510046902363858
50.0,20.0,3.0,-0.010233925460658641
50.0,20.0,3.025,-0.02316767989951334
50.0,20.0,3.05,-0.03682880215549734
50.0,20.0,3.075,-0.05130788335933089
50.0,20.0,3.1,-0.06671002195170697
50.0,20.0,3.125,-0.08315790054294366
50.0,20.0,3.15,-0.10079566763651404
50.0,20.0,3.175,-0.11979388018999823
50.0,20.0,3.2,-0.14035586092146296
50.0,20.0,3.225,-0.16272596623379074
50.0,20.0,3.25,-0.18720046934467807
50.0,20.0,3.275,-0.21414207505843477
50.0,20.0,3.3,-0.24399955684843838
50.0,20.0,3.325,-0.27733474209350284
50.0,20.0,3.35,-0.31486023637964294
50.0,20.0,3.375,-0.35749317480042
50.0,20.0,3.4,-0.40643350249510124
50.0,20.0,3.425,-0.4632811140231459
50.0,20.0,3.45,-0.5302176583475726
50.0,20.0,3.475,-0.6102995116735345
50.0,20.0,3.5,-0.7079291141942685
50.0,20.0,3.525,-0.8296190935586436
50.0,20.0,3.55,-0.9853670317879756
50.0,20.0,3.575,-1.1912075253189651
50.0,20.0,3.6,-1.4738692464218133
50.0,20.0,3.625,-1.8783424601865384
50.0,20.0,3.65,-2.468098282237959
50.0,20.0,3.675,-3.167401319738766
50.0,20.0,3.7,-2.113696912553599
50.0,20.0,3.725,2.7779737951330365
50.0,20.0,3.75,3.428705679764899
50.0,20.0,3.775,2.751754048391857
50.0,20.0,3.8,2.203290209169709
50.0,25.0,2.4,0.17069072547863642
50.0,25.0,2.425,0.16282645163856452
50.0,25.0,2.45,0.15487945552906857
50.0,25.0,2.475,0.14683485808473798
50.0,25.0,2.5,0.13867684868490127
50.0,25.0,2.525,0.1303885281769085
50.0,25.0,2.55,0.12195176065606093
50.0,25.0,2.575,0.11334719291590056
50.0,25.0,2.6,0.10455412005468397
50.0,25.0,2.625,0.09554974085098696
50.0,25.0,2.65,0.08630894974946314
50.0,25.0,2.675,0.07680405454282732
50.0,25.0,2.7,0.0670040957598108
50.0,25.0,2.725,0.056876804212852045
50.0,25.0,2.75,0.04638701747562696
50.0,25.0,2.775,0.03549275100998515
50.0,25.0,2.8,0.0241474603029116
50.0,25.0,2.825,0.01229922857204273
50.0,25.0,2.85,-0.00011057754080176883
50.0,25.0,2.875,-0.013148608616931652
50.0,25.0,2.9,-0.026891044107136063
50.0,25.0,2.925,-0.041425439654863984
50.0,25.0,2.95,-0.05685301573150143
50.0,25.0,2.975,-0.07329151755565887
50.0,25.0,3.0,-0.09087881892598342
50.0,25.0,3.025,-0.10977750412418454
50.0,25.0,3.05,-0.13018074977635796
50.0,25.0,3.075,-0.1523199550986958
50.0,25.0,3.1,-0.1764747542760754
50.0,25.0,3.125,-0.20298632070884187
50.0,25.0,3.15,-0.2322752913460789
50.0,25.0,3.175,-0.26486628637616205
50.0,25.0,3.2,-0.30142202151189496
50.0,25.0,3.225,-0.34279166226410757
50.0,25.0,3.25,-0.3900808099741666
50.0,25.0,3.275,-0.4447551858463686
50.0,25.0,3.3,-0.5087983179819794
50.0,25.0,3.325,-0.5849585911902635
50.0,25.0,3.35,-0.6771497591107443
50.0,25.0,3.375,-0.7911269092459976
50.0,25.0,3.4,-0.9356826708789588
50.0,25.0,3.425,-1.1248639697797265
50.0,25.0,3.45,-1.3821672969512018
50.0,25.0,3.475,-1.7483810393526389
50.0,25.0,3.5,-2.2931221377200917
50.0,25.0,3.525,-3.082643170757629
50.0,25.0,3.55,-3.4050239818459302
50.0,25.0,3.575,1.3375084226266796
50.0,25.0,3.6,3.863084361156042
50.0,25.0,3.625,3.1498974659515495
50.0,25.0,3.65,2.464346117096922
50.0,25.0,3.675,2.002062267730054
50.0,25.0,3.7,1.6855699443798455
50.0,25.0,3.725,1.4587817893023307
50.0,25.0,3.75,1.2892738480981314
50.0,25.0,3.775,1.158067739996334
50.0,25.0,3.8,1.053561868083039
50.0,30.0,2.4,0.1382145662166645
50.0,30.0,2.425,0.1292883017247394
50.0,30.0,2.45,0.12019352543436004
50.0,30.0,2.475,0.11090711919886652
50.0,30.0,2.5,0.10140376877504165
50.0,30.0,2.525,0.09165610010734797
50.0,30.0,2.55,0.08163539696871497
50.0,30.0,2.575,0.07130936811829194
50.0,30.0,2.6,0.060640962145323524
50.0,30.0,2.625,0.049589324577230705
50.0,30.0,2.65,0.03810962066019732
50.0,30.0,2.675,0.026151310973013167
50.0,30.0,2.7,0.013656992899478419
50.0,30.0,2.725,0.0005616940322203574
50.0,30.0,2.75,-0.013208573131075329
50.0,30.0,2.775,-0.02773860747273688
50.0,30.0,2.8,-0.043126187801291085
50.0,30.0,2.825,-0.05948475580978487
50.0,30.0,2.85,-0.07694678200004255
50.0,30.0,2.875,-0.09566803181319211
50.0,30.0,2.9,-0.11583302688007907
50.0,30.0,2.925,-0.13766211026000297
50.0,30.0,2.95,-0.16142069180063856
50.0,30.0,2.975,-0.18743149779603097
50.0,30.0,3.0,-0.21609102330848642
50.0,30.0,3.025,-0.24789196159722296
50.0,30.0,3.05,-0.2834542907752391
50.0,30.0,3.075,-0.32356915545030546
50.0,30.0,3.1,-0.36926208834884966
50.0,30.0,3.125,-0.42188620729216314
50.0,30.0,3.15,-0.48326319606639917
50.0,30.0,3.175,-0.5559029052874424
50.0,30.0,3.2,-0.6433570043976194
50.0,30.0,3.225,-0.7508105673509242
50.0,30.0,3.25,-0.8861153666487209
50.0,30.0,3.275,-1.0616840957933888
50.0,30.0,3.3,-1.2981445879251823
50.0,30.0,3.325,-1.6316843062630013
50.0,30.0,3.35,-2.128280864786819
50.0,30.0,3.375,-2.894673128543379
50.0,30.0,3.4,-3.7929056718868877
50.0,30.0,3.425,-0.9019534883813481
50.0,30.0,3.45,4.115756460182616
50.0,30.0,3.475,3.5419560278081863
50.0,30.0,3.5,2.708388347485824
50.0,30.0,3.525,2.158146089112624
50.0,30.0,3.55,1.79265618815406
50.0,30.0,3.575,1.5368283134432847
50.0,30.0,3.6,1.3489427785022028
50.0,30.0,3.625,1.2054448540343607
50.0,30.0,3.65,1.0923379050585014
50.0,30.0,3.675,1.0008710483785115
50.0,30.0,3.7,0.925323292929832
50.0,30.0,3.725,0.8618090464275012
50.0,30.0,3.75,0.8076021415296265
50.0,30.0,3.775,0.7607360172854603
50.0,30.0,3.8,0.7197579091144364
50.0,35.0,2.4,0.10018240875255953
50.0,35.0,2.425,0.08965962685752378
50.0,35.0,2.45,0.07882353162901079
50.0,35.0,2.475,0.0676365608490924
50.0,35.0,2.5,0.05605527790071035
50.0,35.0,2.525,0.04402995965836963
50.0,35.0,2.55,0.031505207254731334
50.0,35.0,2.575,0.01841871150304701
50.0,35.0,2.6,0.004699715691308007
50.0,35.0,2.625,-0.0097326013830309
50.0,35.0,2.65,-0.024971177991483295
50.0,35.0,2.675,-0.04112365536394128
50.0,35.0,2.7,-0.0583154216833069
50.0,35.0,2.725,-0.0766935096725085
50.0,35.0,2.75,-0.09643162971599406
50.0,35.0,2.775,-0.11773662504532215
50.0,35.0,2.8,-0.14085689177973632
50.0,35.0,2.825,-0.1660934910871071
50.0,35.0,2.85,-0.19381500976003846
50.0,35.0,2.875,-0.2244777289565692
50.0,35.0,2.9,-0.2586534449298338
50.0,35.0,2.925,-0.2970685409906158
50.0,35.0,2.95,-0.3406599714839153
50.0,35.0,2.975,-0.3906573003521282
50.0,35.0,3.0,-0.44870600612530254
50.0,35.0,3.025,-0.5170582226625584
50.0,35.0,3.05,-0.5988776632753815
50.0,35.0,3.075,-0.698745865563598
50.0,35.0,3.1,-0.8235401432189482
50.0,35.0,3.125,-0.9840345139034591
50.0,35.0,3.15,-1.1979888006742814
50.0,35.0,3.175,-1.4964691534415733
50.0,35.0,3.2,-1.9372757508307092
50.0,35.0,3.225,-2.6299140311575075
50.0,35.0,3.25,-3.6926410182571012
50.0,35.0,3.275,-3.3473591938726517
50.0,35.0,3.3,3.819141181343776
50.0,35.0,3.325,4.033458232994862
50.0,35.0,3.35,3.0058175646282654
50.0,35.0,3.375,2.335727671817211
50.0,35.0,3.4,1.9073546668687547
50.0,35.0,3.425,1.616244370698987
50.0,35.0,3.45,1.4070107654552833
50.0,35.0,3.475,1.2497529133304446
50.0,35.0,3.5,1.1273139530154284
50.0,35.0,3.525,1.0292531980637616
50.0,35.0,3.55,0.9488883873987195
50.0,35.0,3.575,0.8817576924880764
50.0,35.0,3.6,0.8247739001433598
50.0,35.0,3.625,0.7757354908459955
50.0,35.0,3.65,0.7330315017243985
50.0,35.0,3.675,0.6954565476500666
50.0,35.0,3.7,0.6620910370714828
50.0,35.0,3.725,0.6322213662211497
50.0,35.0,3.75,0.6052854150047964
50.0,35.0,3.775,0.5808345326689194
50.0,35.0,3.8,0.5585065941884174
50.0,40.0,2.4,0.05380175068482555
50.0,40.0,2.425,0.040787228743001794
50.0,40.0,2.45,0.02719919743565256
50.0,40.0,2.475,0.01296208862171498
50.0,40.0,2.5,-0.0020103923442066998
50.0,40.0,2.525,-0.017817645695630636
50.0,40.0,2.55,-0.03457500085125647
50.0,40.0,2.575,-0.05241721710214774
50.0,40.0,2.6,-0.07150290438937892
50.0,40.0,2.625,-0.09202016578359279
50.0,40.0,2.65,-0.11419397934438075
50.0,40.0,2.675,-0.13829590229175057
50.0,40.0,2.7,-0.1646568808370567
50.0,40.0,2.725,-0.1936845456901961
50.0,40.0,2.75,-0.22588700193148248
50.0,40.0,2.775,-0.2619059037589517
50.0,40.0,2.8,-0.3025634796652
50.0,40.0,2.825,-0.3489308336683579
50.0,40.0,2.85,-0.4024295864759544
50.0,40.0,2.875,-0.4649873863991091
50.0,40.0,2.9,-0.5392835172830188
50.0,40.0,2.925,-0.629151277875492
50.0,40.0,2.95,-0.7402658990538503
50.0,40.0,2.975,-0.8813807868854662
50.0,40.0,3.0,-1.0666830042016675
50.0,40.0,3.025,-1.3205952668598966
50.0,40.0,3.05,-1.6883010984200069
50.0,40.0,3.075,-2.259918972739785
50.0,40.0,3.1,-3.2139527076126253
50.0,40.0,3.125,-4.490381144515463
50.0,40.0,3.15,0.7117027031061915
50.0,40.0,3.175,4.760960293437944
50.0,40.0,3.2,3.5025535019049436
50.0,40.0,3.225,2.617303551520969
50.0,40.0,3.25,2.0799488660945324
50.0,40.0,3.275,1.7301725778035877
50.0,40.0,3.3,1.486843990272977
50.0,40.0,3.325,1.3084227307789806
50.0,40.0,3.35,1.1720906488365936
50.0,40.0,3.375,1.0644784935640992
50.0,40.0,3.4,0.9772954824612562
50.0,40.0,3.425,0.9051456584683905
50.0,40.0,3.45,0.844372302241174
50.0,40.0,3.475,0.7924120869531135
50.0,40.0,3.5,0.7474160890067401
50.0,40.0,3.525,0.7080177876313436
50.0,40.0,3.55,0.673185774533699
50.0,40.0,3.575,0.6421272510655729
50.0,40.0,3.6,0.6142230457794934
50.0,40.0,3.625,0.588982798980873
50.0,40.0,3.65,0.5660134048040136
50.0,40.0,3.675,0.5449963861543622
50.0,40.0,3.7,0.5256714312445433
50.0,40.0,3.725,0.5078242831870181
50.0,40.0,3.75,0.49127750353040267
50.0,40.0,3.775,0.4758858375861236
50.0,40.0,3.8,0.46152804096295347
50.0,45.0,2.4,-0.0056174698732075375
50.0,45.0,2.425,-0.02275986613845
50.0,45.0,2.45,-0.04099761201356861
50.0,45.0,2.475,-0.060495224532355944
50.0,45.0,2.5,-0.08144826079499998
50.0,45.0,2.525,-0.10409121583258608
50.0,45.0,2.55,-0.12870793372122372
50.0,45.0,2.575,-0.15564552193357584
50.0,45.0,2.6,-0.18533321227017244
50.0,45.0,2.625,-0.21830836126203715
50.0,45.0,2.65,-0.25525302063766414
50.0,45.0,2.675,-0.2970463343435177
50.0,45.0,2.7,-0.3448412050282031
50.0,45.0,2.725,-0.40017965844425674
50.0,45.0,2.75,-0.46517186849441766
50.0,45.0,2.775,-0.5427828376337032
50.0,45.0,2.8,-0.637310643666576
50.0,45.0,2.825,-0.7552222261629182
50.0,45.0,2.85,-0.9066971618422155
50.0,45.0,2.875,-1.1086748813214198
50.0,45.0,2.9,-1.3913665021703416
50.0,45.0,2.925,-1.8134965804438556
50.0,45.0,2.95,-2.5008425199298223
50.0,45.0,2.975,-3.724641439376048
50.0,45.0,3.0,-4.969067778944326
50.0,45.0,3.025,4.312882735206565
50.0,45.0,3.05,4.549989130894891
50.0,45.0,3.075,3.177904676286353
50.0,45.0,3.1,2.4004176308129037
50.0,45.0,3.125,1.9326920595485215
50.0,45.0,3.15,1.6246261867849758
50.0,45.0,3.175,1.407054342267111
50.0,45.0,3.2,1.2454453411904784
50.0,45.0,3.225,1.1208395456884985
50.0,45.0,3.25,1.0218228898697241
50.0,45.0,3.275,0.9411512934485576
50.0,45.0,3.3,0.874058732707207
50.0,45.0,3.325,0.8172966886586914
50.0,45.0,3.35,0.7685774518727674
50.0,45.0,3.375,0.7262437629872507
50.0,45.0,3.4,0.6890632236221768
50.0,45.0,3.425,0.6561141939844694
50.0,45.0,3.45,0.626668809096386
50.0,45.0,3.475,0.6001693859747875
50.0,45.0,3.5,0.5761712032854883
50.0,45.0,3.525,0.5543182922305772
50.0,45.0,3.55,0.5343234329734107
50.0,45.0,3.575,0.5159536708908653
50.0,45.0,3.6,0.49901977236203204
50.0,45.0,3.625,0.4833685795675186
50.0,45.0,3.65,0.4688775838655226
50.0,45.0,3.675,0.45545129558351627
50.0,45.0,3.7,0.4430192127876652
50.0,45.0,3.725,0.43153549620309106
50.0,45.0,3.75,0.4209809162322638
50.0,45.0,3.775,0.41136476348491285
50.0,45.0,3.8,0.40271386353445165
50.0,50.0,2.4,-0.08676667188586558
50.0,50.0,2.425,-0.1113386168216062
50.0,50.0,2.45,-0.13818755505297883
50.0,50.0,2.475,-0.16773919868199708
50.0,50.0,2.5,-0.2005269819381481
50.0,50.0,2.525,-0.23722871330262565
50.0,50.0,2.55,-0.27871921995926535
50.0,50.0,2.575,-0.32614773408673364
50.0,50.0,2.6,-0.38105466360641643
50.0,50.0,2.625,-0.4455532851052588
50.0,50.0,2.65,-0.5226226363162673
50.0,50.0,2.675,-0.6165991340931533
50.0,50.0,2.7,-0.7340422509672173
50.0,50.0,2.725,-0.8853515862541824
50.0,50.0,2.75,-1.0880101596035165
50.0,50.0,2.775,-1.3736783895662623
50.0,50.0,2.8,-1.8054646591442616
50.0,50.0,2.825,-2.525215005432734
50.0,50.0,2.85,-3.8809497440924927
50.0,50.0,2.875,-5.586234036701745
50.0,50.0,2.9,5.48019206418402
50.0,50.0,2.925,4.58154071755842
50.0,50.0,2.95,3.1163472943559674
50.0,50.0,2.975,2.343180241169156
50.0,50.0,3.0,1.8858525103579848
50.0,50.0,3.025,1.5865819030123343
50.0,50.0,3.05,1.375992708659067
50.0,50.0,3.075,1.2196257624478983
50.0,50.0,3.1,1.0986694882417583
50.0,50.0,3.125,1.0022654468904784
50.0,50.0,3.15,0.9237041871472709
50.0,50.0,3.175,0.8583777710561007
50.0,50.0,3.2,0.8031337223287031
50.0,50.0,3.225,0.7557253726815041
50.0,50.0,3.25,0.7145324337369071
50.0,50.0,3.275,0.6783581824326866
50.0,50.0,3.3,0.6462998349358481
50.0,50.0,3.325,0.6176642091200754
50.0,50.0,3.35,0.5919113925753997
50.0,50.0,3.375,0.5686161952798319
50.0,50.0,3.4,0.5474412716305562
50.0,50.0,3.425,0.5281181597827849
50.0,50.0,3.45,0.510433886068927
50.0,50.0,3.475,0.49422164578371863
50.0,50.0,3.5,0.4793546308002104
50.0,50.0,3.525,0.46574245943414244
50.0,50.0,3.55,0.4533299510866755
50.0,50.0,3.575,0.44209822405537397
50.0,50.0,3.6,0.43206830578086225
50.0,50.0,3.625,0.42330763024964496
50.0,50.0,3.65,0.4159398914042494
50.0,50.0,3.675,0.4101585749017847
50.0,50.0,3.7,0.4062453207225767
50.0,50.0,3.725,0.40460387186467206
50.0,50.0,3.75,0.4057502929063767
50.0,50.0,3.775,0.4098685974576212
50.0,50.0,3.8,0.41450055022934285
50.0,55.0,2.4,-0.20779741502135782
50.0,55.0,2.425,-0.2475235507061334
50.0,55.0,2.45,-0.2927504927146685
50.0,55.0,2.475,-0.34488449170440627
50.0,55.0,2.5,-0.40584509158650944
50.0,55.0,2.525,-0.4783226126107763
50.0,55.0,2.55,-0.5662070783337215
50.0,55.0,2.575,-0.675337470648623
50.0,55.0,2.6,-0.8148874091866605
50.0,55.0,2.625,-1.00011407798589
50.0,55.0,2.65,-1.2583100339522564
50.0,55.0,2.675,-1.643198201463978
50.0,55.0,2.7,-2.2749488623331877
50.0,55.0,2.725,-3.4680705825335014
50.0,55.0,2.75,-5.876502361729556
50.0,55.0,2.775,4.014786080549613
50.0,55.0,2.8,5.245585859814212
50.0,55.0,2.825,3.3723449249949784
50.0,55.0,2.85,2.4609412227096885
50.0,55.0,2.875,1.948055553767418
50.0,55.0,2.9,1.6223532483376757
50.0,55.0,2.925,1.3976045628296303
50.0,55.0,2.95,1.2332355715380015
50.0,55.0,2.975,1.107631192132904
50.0,55.0,3.0,1.0082848034620384
50.0,55.0,3.025,0.9275088355540727
50.0,55.0,3.05,0.8604828279454112
50.0,55.0,3.075,0.8040105057585626
50.0,55.0,3.1,0.7557631741478071
50.0,55.0,3.125,0.7140095408468119
50.0,55.0,3.15,0.6774696680268144
50.0,55.0,3.175,0.6451882054370329
50.0,55.0,3.2,0.6164403295643374
50.0,55.0,3.225,0.5906680292198087
50.0,55.0,3.25,0.5674374009155643
50.0,55.0,3.275,0.5464097141772516
50.0,55.0,3.3,0.527321705352215
50.0,55.0,3.325,0.509972369048831
50.0,55.0,3.35,0.49421464191691
50.0,55.0,3.375,0.47995110706501476
50.0,55.0,3.4,0.4671333795701179
50.0,55.0,3.425,0.4557652834758343
50.0,55.0,3.45,0.4459103830603766
50.0,55.0,3.475,0.43770494521142433
50.0,55.0,3.5,0.43137791841720746
50.0,55.0,3.525,0.4272791146082104
50.0,55.0,3.55,0.4259095261692614
50.0,55.0,3.575,0.4278970004723711
50.0,55.0,3.6,0.43352529596158124
50.0,55.0,3.625,0.4389818889056802
50.0,55.0,3.65,0.40793159583102734
50.0,55.0,3.675,0.20481845654668673
50.0,55.0,3.7,0.11133212244024569
50.0,55.0,3.725,0.16573196605413876
50.0,55.0,3.75,0.2041278087587693
50.0,55.0,3.775,0.2240195246711837
50.0,55.0,3.8,0.23338633570458553
50.0,60.0,2.4,-0.41420308212542734
50.0,60.0,2.425,-0.49187519362056403
50.0,60.0,2.45,-0.5869897457557388
50.0,60.0,2.475,-0.7065852567282845
50.0,60.0,2.5,-0.8620244898677782
50.0,60.0,2.525,-1.0728820279347384
50.0,60.0,2.55,-1.3758659068316814
50.0,60.0,2.575,-1.848190478220906
50.0,60.0,2.6,-2.680363239527776
50.0,60.0,2.625,-4.442174559296027
50.0,60.0,2.65,-6.531585008868307
50.0,60.0,2.675,7.129220319433831
50.0,60.0,2.7,4.219307042249026
50.0,60.0,2.725,2.8508756751508284
50.0,60.0,2.75,2.162839085769333
50.0,60.0,2.775,1.755235735782721
50.0,60.0,2.8,1.4865146212818314
50.0,60.0,2.825,1.2960672060683638
50.0,60.0,2.85,1.153923967175233
50.0,60.0,2.875,1.0436305693543804
50.0,60.0,2.9,0.9553991613687924
50.0,60.0,2.925,0.8830196813247944
50.0,60.0,2.95,0.8223968150350907
50.0,60.0,2.975,0.7708365218399394
50.0,60.0,3.0,0.7264880839467727
50.0,60.0,3.025,0.6879417234821675
50.0,60.0,3.05,0.6541035738777968
50.0,60.0,3.075,0.6241420889400454
50.0,60.0,3.1,0.5974269021191386
50.0,60.0,3.125,0.5734772817860436
50.0,60.0,3.15,0.5519260789340191
50.0,60.0,3.175,0.5324960298406354
50.0,60.0,3.2,0.5149849482183068
50.0,60.0,3.225,0.49925766615772904
50.0,60.0,3.25,0.48524374090495614
50.0,60.0,3.275,0.47294086871089747
50.0,60.0,3.3,0.4624248444028479
50.0,60.0,3.325,0.4538680178839837
50.0,60.0,3.35,0.4475697141167539
50.0,60.0,3.375,0.4440031628263145
50.0,60.0,3.4,0.44387478754706916
50.0,60.0,3.425,0.44810028553364645
50.0,60.0,3.45,0.4568321115113995
50.0,60.0,3.475,0.459496322645332
50.0,60.0,3.5,0.35086927041480587
50.0,60.0,3.525,0.10008552462106293
50.0,60.0,3.55,0.14721275165328518
50.0,60.0,3.575,0.20303246847047204
50.0,60.0,3.6,0.23124167223599948
50.0,60.0,3.625,0.24458888599876147
50.0,60.0,3.65,0.24994887926353143
50.0,60.0,3.675,0.25069650215184636
50.0,60.0,3.7,0.2485469444489833
50.0,60.0,3.725,0.2444668070245644
50.0,60.0,3.75,0.2390642294729683
50.0,60.0,3.775,0.23272379875242694
50.0,60.0,3.8,0.22568761904016651
50.0,65.0,2.4,-0.8614181263737825
50.0,65.0,2.425,-1.0804920371959617
50.0,65.0,2.45,-1.399386474770216
50.0,65.0,2.475,-1.9067922728962938
50.0,65.0,2.5,-2.8334997698357602
50.0,65.0,2.525,-4.940778350824564
50.0,65.0,2.55,-5.477923335998694
50.0,65.0,2.575,6.883204905847069
50.0,65.0,2.6,3.9006300489605508
50.0,65.0,2.625,2.6780159917946924
50.0,65.0,2.65,2.0549007724841415
50.0,65.0,2.675,1.6804775111797785
50.0,65.0,2.7,1.4309746945739428
50.0,65.0,2.725,1.2527100484982925
50.0,65.0,2.75,1.1188163080739053
50.0,65.0,2.775,1.0144043972748682
50.0,65.0,2.8,0.9305655537765972
50.0,65.0,2.825,0.8616324900803356
50.0,65.0,2.85,0.8038104650221806
50.0,65.0,2.875,0.7544868504921233
50.0,65.0,2.9,0.7118887126807579
50.0,65.0,2.925,0.6747763756144589
50.0,65.0,2.95,0.6421851158144449
50.0,65.0,2.975,0.6133489382956815
50.0,65.0,3.0,0.5876802494741139
50.0,65.0,3.025,0.5647377474534502
50.0,65.0,3.05,0.5441961284216557
50.0,65.0,3.075,0.5258258069185296
50.0,65.0,3.1,0.5094824301606421
50.0,65.0,3.125,0.49510506643643704
50.0,65.0,3.15,0.4827231795681473
50.0,65.0,3.175,0.4724742911170669
50.0,65.0,3.2,0.4646368853666452
50.0,65.0,3.225,0.4596874303837591
50.0,65.0,3.25,0.45839440417498595
50.0,65.0,3.275,0.4619322560224995
50.0,65.0,3.3,0.471616722496491
50.0,65.0,3.325,0.483073446533759
50.0,65.0,3.35,0.4127361796324402
50.0,65.0,3.375,0.09185459316684584
50.0,65.0,3.4,0.14258502629612368
50.0,65.0,3.425,0.20954903870982067
50.0,65.0,3.45,0.2412104293732687
50.0,65.0,3.475,0.2556904831964502
50.0,65.0,3.5,0.2613867305203103
50.0,65.0,3.525,0.26211244746884277
50.0,65.0,3.55,0.2598118130055471
50.0,65.0,3.575,0.2555747199709601
50.0,65.0,3.6,0.25005844069746536
50.0,65.0,3.625,0.24368193340343478
50.0,65.0,3.65,0.2366855866688571
50.0,65.0,3.675,0.22919956908378536
50.0,65.0,3.7,0.22131928014089675
50.0,65.0,3.725,0.2131059369508351
50.0,65.0,3.75,0.20458956916465906
50.0,65.0,3.775,0.19577772007636857
50.0,65.0,3.8,0.18666150963998218
50.0,70.0,2.4,-2.6319577155248397
50.0,70.0,2.425,-4.5428632591443225
50.0,70.0,2.45,-8.138429898161558
50.0,70.0,2.475,7.735233249392932
50.0,70.0,2.5,4.119056179003855
50.0,70.0,2.525,2.7549763807163594
50.0,70.0,2.55,2.088519867852838
50.0,70.0,2.575,1.696677386843715
50.0,70.0,2.6,1.4389359822961036
50.0,70.0,2.625,1.256343398205861
50.0,70.0,2.65,1.120008436047299
50.0,70.0,2.675,1.0141499553566622
50.0,70.0,2.7,0.9294369499600345
50.0,70.0,2.725,0.8599931609573926
50.0,70.0,2.75,0.8019267884253637
50.0,70.0,2.775,0.7525497788199549
50.0,70.0,2.8,0.7099630668488282
50.0,70.0,2.825,0.6728505637434782
50.0,70.0,2.85,0.6402852882585658
50.0,70.0,2.875,0.6115444919316899
50.0,70.0,2.9,0.5860541450917515
50.0,70.0,2.925,0.5633823848060359
50.0,70.0,2.95,0.5432232912753838
50.0,70.0,2.975,0.5253812482667588
50.0,70.0,3.0,0.5097650554370883
50.0,70.0,3.025,0.4963942556830638
50.0,70.0,3.05,0.48542049753679983
50.0,70.0,3.075,0.47717094616847294
50.0,70.0,3.1,0.47222871406810374
50.0,70.0,3.125,0.4715875952116781
50.0,70.0,3.15,0.4768976648760499
50.0,70.0,3.175,0.4902929538614039
50.0,70.0,3.2,0.5046912431795315
50.0,70.0,3.225,0.3437645537525007
50.0,70.0,3.25,0.06746943889448294
50.0,70.0,3.275,0.17661603380222096
50.0,70.0,3.3,0.23317600473223174
50.0,70.0,3.325,0.2579756809508776
50.0,70.0,3.35,0.26855016300375517
50.0,70.0,3.375,0.27182027672596076
50.0,70.0,3.4,0.27092588946282503
50.0,70.0,3.425,0.26749356067579433
50.0,70.0,3.45,0.26244461548752895
50.0,70.0,3.475,0.2563297902936964
50.0,70.0,3.5,0.24948814448449505
50.0,70.0,3.525,0.2421312205910554
50.0,70.0,3.55,0.23439243305897742
50.0,70.0,3.575,0.2263599279976054
50.0,70.0,3.6,0.21808712533619676
50.0,70.0,3.625,0.20957981708284112
50.0,70.0,3.65,0.20082852384411254
50.0,70.0,3.675,0.1918266568063278
50.0,70.0,3.7,0.18255825121315034
50.0,70.0,3.725,0.17299603145998385
50.0,70.0,3.75,0.16310297563014636
50.0,70.0,3.775,0.15283296805829652
50.0,70.0,3.8,0.14213056984045114
50.0,75.0,2.4,5.1259319425437795
50.0,75.0,2.425,3.1368607795316525
50.0,75.0,2.45,2.2801520101944863
50.0,75.0,2.475,1.80937490798968
50.0,75.0,2.5,1.5121206261367324
50.0,75.0,2.525,1.3071871360559841
50.0,75.0,2.55,1.1570991686892411
50.0,75.0,2.575,1.0422261129867072
50.0,75.0,2.6,0.9513082151506826
50.0,75.0,2.625,0.8774309352648684
50.0,75.0,2.65,0.8161139407098174
50.0,75.0,2.675,0.7643269424982614
50.0,75.0,2.7,0.7199465736359498
50.0,75.0,2.725,0.6814399935891488
50.0,75.0,2.75,0.6477337726184469
50.0,75.0,2.775,0.6180748377831722
50.0,75.0,2.8,0.5918846131655351
50.0,75.0,2.825,0.5687160040032208
50.0,75.0,2.85,0.5482551654799915
50.0,75.0,2.875,0.5303174583763579
50.0,75.0,2.9,0.5148472419456221
50.0,75.0,2.925,0.5019331319932281
50.0,75.0,2.95,0.49184740051917436
50.0,75.0,2.975,0.48512204704065415
50.0,75.0,3.0,0.48274128121589244
50.0,75.0,3.025,0.4864365893220349
50.0,75.0,3.05,0.49924964209919
50.0,75.0,3.075,0.5227267873425147
50.0,75.0,3.1,0.45398530940554166
50.0,75.0,3.125,0.03141174659431754
50.0,75.0,3.15,0.16728543144494015
50.0,75.0,3.175,0.23653235761654498
50.0,75.0,3.2,0.26492252195837285
50.0,75.0,3.225,0.27664570939129324
50.0,75.0,3.25,0.2802368584802802
50.0,75.0,3.275,0.27933703567219614
50.0,75.0,3.3,0.27576611640818505
50.0,75.0,3.325,0.270531728533688
50.0,75.0,3.35,0.2642266170117764
50.0,75.0,3.375,0.2572113047981074
50.0,75.0,3.4,0.24970835579702497
50.0,75.0,3.425,0.24185497481450874
50.0,75.0,3.45,0.23373387222360217
50.0,75.0,3.475,0.22539202952015608
50.0,75.0,3.5,0.21685271872901676
50.0,75.0,3.525,0.20812463431539302
50.0,75.0,3.55,0.19920921911780648
50.0,75.0,3.575,0.19009347732593404
50.0,75.0,3.6,0.18074018160768707
50.0,75.0,3.625,0.17111171237179318
50.0,75.0,3.65,0.16117248563668507
50.0,75.0,3.675,0.15087933532520306
50.0,75.0,3.7,0.14017954561361823
50.0,75.0,3.725,0.12901040621417964
50.0,75.0,3.75,0.11729804411707416
50.0,75.0,3.775,0.10495549103645253
50.0,75.0,3.8,0.09188005579658842
50.0,80.0,2.4,1.673247448088737
50.0,80.0,2.425,1.417721702868056
50.0,80.0,2.45,1.237447762629586
50.0,80.0,2.475,1.1031847174151193
50.0,80.0,2.5,0.999100999363997
50.0,80.0,2.525,0.9158897676843564
50.0,80.0,2.55,0.8477270543617781
50.0,80.0,2.575,0.790784046254115
50.0,80.0,2.6,0.7424403388910542
50.0,80.0,2.625,0.7008438321395867
50.0,80.0,2.65,0.6646664699717889
50.0,80.0,2.675,0.6329744757536857
50.0,80.0,2.7,0.6051040802990574
50.0,80.0,2.725,0.580563268404291
50.0,80.0,2.75,0.558999707252134
50.0,80.0,2.775,0.5402026851346841
50.0,80.0,2.8,0.5241139960006035
50.0,80.0,2.825,0.5108500442677713
50.0,80.0,2.85,0.5007520933830358
50.0,80.0,2.875,0.49451634950414425
50.0,80.0,2.9,0.4934548718037773
50.0,80.0,2.925,0.500057666407755
50.0,80.0,2.95,0.5191843776522989
50.0,80.0,2.975,0.551219332755795
50.0,80.0,3.0,0.2541522811949902
50.0,80.0,3.025,0.07788243709082217
50.0,80.0,3.05,0.21190803377567485
50.0,80.0,3.075,0.2604622910932477
50.0,80.0,3.1,0.27984994264383634
50.0,80.0,3.125,0.2869152547949911
50.0,80.0,3.15,0.28772874492835393
50.0,80.0,3.175,0.2850167652801634
50.0,80.0,3.2,0.28019314173094717
50.0,80.0,3.225,0.27405649485574085
50.0,80.0,3.25,0.26708013666117764
50.0,80.0,3.275,0.25955160281390777
50.0,80.0,3.3,0.2516469509649773
50.0,80.0,3.325,0.24347296936919113
50.0,80.0,3.35,0.23509215153765906
50.0,80.0,3.375,0.22653786063829925
50.0,80.0,3.4,0.21782368553221668
50.0,80.0,3.425,0.2089492700381726
50.0,80.0,3.45,0.1999040327246312
50.0,80.0,3.475,0.19066997755664694
50.0,80.0,3.5,0.18122499061164468
50.0,80.0,3.525,0.1715441190836109
50.0,80.0,3.55,0.1615879349244921
50.0,80.0,3.575,0.15130167975323444
50.0,80.0,3.6,0.14063151250858286
50.0,80.0,3.625,0.12952055329994686
50.0,80.0,3.65,0.11790072467700184
50.0,80.0,3.675,0.10569191725740987
50.0,80.0,3.7,0.09279930230478575
50.0,80.0,3.725,0.07911042353163074
50.0,80.0,3.75,0.06449104793588092
50.0,80.0,3.775,0.04877964412182978
50.0,80.0,3.8,0.03178011074845183
50.0,85.0,2.4,1.0809842832982925
50.0,85.0,2.425,0.9809362996005405
50.0,85.0,2.45,0.9006856484229038
50.0,85.0,2.475,0.8347714082563632
50.0,85.0,2.5,0.7795899542172829
50.0,85.0,2.525,0.7326707156627442
50.0,85.0,2.55,0.69226851380832
50.0,85.0,2.575,0.657132708997574
50.0,85.0,2.6,0.6263859771378344
50.0,85.0,2.625,0.5994228950667251
50.0,85.0,2.65,0.5758058903970186
50.0,85.0,2.675,0.5552475884836031
50.0,85.0,2.7,0.5376289668950428
50.0,85.0,2.725,0.5230252448220486
50.0,85.0,2.75,0.511758478709531
50.0,85.0,2.775,0.5045355978273207
50.0,85.0,2.8,0.5027507631823548
50.0,85.0,2.825,0.5091817222970244
50.0,85.0,2.85,0.5299493135145096
50.0,85.0,2.875,0.5734594187047013
50.0,85.0,2.9,0.24551076686032708
50.0,85.0,2.925,0.08015529378606549
50.0,85.0,2.95,0.2233122139787003
50.0,85.0,2.975,0.2703958799168094
50.0,85.0,3.0,0.28839665687779126
50.0,85.0,3.025,0.2944013569337694
50.0,85.0,3.05,0.2943826764029517
50.0,85.0,3.075,0.2909994843555302
50.0,85.0,3.1,0.28562400484187545
50.0,85.0,3.125,0.27902705400825745
50.0,85.0,3.15,0.2716621743055728
50.0,85.0,3.175,0.26380246264936785
50.0,85.0,3.2,0.2556133608342927
50.0,85.0,3.225,0.24719387261824333
50.0,85.0,3.25,0.23860083368564491
50.0,85.0,3.275,0.2298635689495345
50.0,85.0,3.3,0.2209928881770794
50.0,85.0,3.325,0.21198664865130604
50.0,85.0,3.35,0.20283317928965197
50.0,85.0,3.375,0.19351334329373052
50.0,85.0,3.4,0.18400173729615107
50.0,85.0,3.425,0.1742673218673015
50.0,85.0,3.45,0.16427486449438455
50.0,85.0,3.475,0.15398626895290535
50.0,85.0,3.5,0.1433571700617979
50.0,85.0,3.525,0.13232549883395436
50.0,85.0,3.55,0.12081982706207908
50.0,85.0,3.575,0.10876535946570748
50.0,85.0,3.6,0.09607620059635864
50.0,85.0,3.625,0.08265034302148588
50.0,85.0,3.65,0.06836613926052265
50.0,85.0,3.675,0.05307776112853922
50.0,85.0,3.7,0.03660896780278513
50.0,85.0,3.725,0.018744651646603855
50.0,85.0,3.75,-0.0007806523104328375
50.0,85.0,3.775,-0.022298535881331235
50.0,85.0,3.8,-0.04622862092234918
50.0,90.0,2.4,0.8357773749896609
50.0,90.0,2.425,0.7802400343993912
50.0,90.0,2.45,0.7330870429962041
50.0,90.0,2.475,0.6925471777087512
50.0,90.0,2.5,0.65736146757045
50.0,90.0,2.525,0.6266501275561196
50.0,90.0,2.55,0.5998134987360393
50.0,90.0,2.575,0.5764383496308729
50.0,90.0,2.6,0.556280027800303
50.0,90.0,2.625,0.5392932721248211
50.0,90.0,2.65,0.5256795449905357
50.0,90.0,2.675,0.515986550306648
50.0,90.0,2.7,0.5113724643203379
50.0,90.0,2.725,0.5141932895366543
50.0,90.0,2.75,0.5298130865641619
50.0,90.0,2.775,0.5717513754678466
50.0,90.0,2.8,0.5694314569739475
50.0,90.0,2.825,-0.024904390312143268
50.0,90.0,2.85,0.20581841921325858
50.0,90.0,2.875,0.26979630234645846
50.0,90.0,2.9,0.2926681225045262
50.0,90.0,2.925,0.3004550530676079
50.0,90.0,2.95,0.30110726968939144
50.0,90.0,2.975,0.2979125473557717
50.0,90.0,3.0,0.29249683646120045
50.0,90.0,3.025,0.2857495185471352
50.0,90.0,3.05,0.2781843555793068
50.0,90.0,3.075,0.2701064354888433
50.0,90.0,3.1,0.26169861164727826
50.0,90.0,3.125,0.25306950104465514
50.0,90.0,3.15,0.24428131516940801
50.0,90.0,3.175,0.23536645501718592
50.0,90.0,3.2,0.2263375915823052
50.0,90.0,3.225,0.2171938588002682
50.0,90.0,3.25,0.20792453657122792
50.0,90.0,3.275,0.19851178790920515
50.0,90.0,3.3,0.1889312595274642
50.0,90.0,3.325,0.17915332198066428
50.0,90.0,3.35,0.169143021908255
50.0,90.0,3.375,0.1588600105305979
50.0,90.0,3.4,0.1482585555762207
50.0,90.0,3.425,0.13728844737572424
50.0,90.0,3.45,0.1258944058578578
50.0,90.0,3.475,0.11400583548481441
50.0,90.0,3.5,0.101534763508266
50.0,90.0,3.525,0.08838500688201796
50.0,90.0,3.55,0.07444691300312792
50.0,90.0,3.575,0.059589807818736316
50.0,90.0,3.6,0.043656245430823123
50.0,90.0,3.625,0.026455089778101258
50.0,90.0,3.65,0.007752059212766699
50.0,90.0,3.675,-0.01274330787929563
50.0,90.0,3.7,-0.03539578542784696
50.0,90.0,3.725,-0.060670072847423505
50.0,90.0,3.75,-0.08916766804632592
50.0,90.0,3.775,-0.12168110507170944
50.0,90.0,3.8,-0.1592756440182844
50.0,95.0,2.4,0.700932307358168
50.0,95.0,2.425,0.6646485404301015
50.0,95.0,2.45,0.6330806985421373
50.0,95.0,2.475,0.6055956855466443
50.0,95.0,2.5,0.5817662946557464
50.0,95.0,2.525,0.5613509859210485
50.0,95.0,2.55,0.5443383699436557
50.0,95.0,2.575,0.5310217998659621
50.0,95.0,2.6,0.5221461991422492
50.0,95.0,2.625,0.5192697592742024
50.0,95.0,2.65,0.5258086858773522
50.0,95.0,2.675,0.5505275018645852
50.0,95.0,2.7,0.6191447861425049
50.0,95.0,2.725,0.056966663696432544
50.0,95.0,2.75,0.11545819001344187
50.0,95.0,2.775,0.25033550425210377
50.0,95.0,2.8,0.29015694933193115
50.0,95.0,2.825,0.304133419423453
50.0,95.0,2.85,0.30751753225640593
50.0,95.0,2.875,0.3056020365726212
50.0,95.0,2.9,0.3007586815699816
50.0,95.0,2.925,0.2942135585198078
50.0,95.0,2.95,0.2866512597992033
50.0,95.0,2.975,0.27846961331101844
50.0,95.0,3.0,0.26990391250165235
50.0,95.0,3.025,0.26109325573159015
50.0,95.0,3.05,0.2521179733906647
50.0,95.0,3.075,0.2430214872561239
50.0,95.0,3.1,0.23382325416315017
50.0,95.0,3.125,0.22452714575601457
50.0,95.0,3.15,0.21512551384808146
50.0,95.0,3.175,0.20560276396002916
50.0,95.0,3.2,0.1959368288645282
50.0,95.0,3.225,0.18610013339884743
50.0,95.0,3.25,0.1760599790918983
50.0,95.0,3.275,0.16577851645692604
50.0,95.0,3.3,0.1552123866041899
50.0,95.0,3.325,0.14431210888394846
50.0,95.0,3.35,0.13302146122277647
50.0,95.0,3.375,0.12127760817992352
50.0,95.0,3.4,0.10901108423817409
50.0,95.0,3.425,0.09613707585855347
50.0,95.0,3.45,0.08254836195297119
50.0,95.0,3.475,0.06812301705851238
50.0,95.0,3.5,0.05272029075636837
50.0,95.0,3.525,0.036170974674036384
50.0,95.0,3.55,0.01826874028565581
50.0,95.0,3.575,-0.0012404845218148006
50.0,95.0,3.6,-0.022673165457490343
50.0,95.0,3.625,-0.046428743431340264
50.0,95.0,3.65,-0.07301899458327284
50.0,95.0,3.675,-0.10311075754812166
50.0,95.0,3.7,-0.1375896109591208
50.0,95.0,3.725,-0.17765740509775244
50.0,95.0,3.75,-0.2249863857534481
50.0,95.0,3.775,-0.28197159602174304
50.0,95.0,3.8,-0.35216141503500853
50.0,100.0,2.4,0.6165920515481442
50.0,100.0,2.425,0.5915518657268973
50.0,100.0,2.45,0.5701528110755494
50.0,100.0,2.475,0.552364909904284
50.0,100.0,2.5,0.538488737689817
50.0,100.0,2.525,0.5293525530985937
50.0,100.0,2.55,0.5267361307761991
50.0,100.0,2.575,0.53469077412061
50.0,100.0,2.6,0.5645553399468621
50.0,100.0,2.625,0.6572280009728843
50.0,100.0,2.65,-0.32036188281658484
50.0,100.0,2.675,0.1615363796781962
50.0,100.0,2.7,0.26885168135916054
50.0,100.0,2.725,0.3009981944655806
50.0,100.0,2.75,0.3115857108680291
50.0,100.0,2.775,0.3130399138366157
50.0,100.0,2.8,0.30986133744372074
50.0,100.0,2.825,0.30411927216186757
50.0,100.0,2.85,0.29689593654774415
50.0,100.0,2.875,0.28879678812615217
50.0,100.0,2.9,0.2801721287582059
50.0,100.0,2.925,0.27122714344144583
50.0,100.0,2.95,0.2620810181771139
50.0,100.0,2.975,0.2528009775382241
50.0,100.0,3.0,0.2434208823702172
50.0,100.0,3.025,0.23395359430247584
50.0,100.0,3.05,0.22439774939904
50.0,100.0,3.075,0.21474199295205026
50.0,100.0,3.1,0.20496752608164603
50.0,100.0,3.125,0.19504956145781108
50.0,100.0,3.15,0.1849580596237081
50.0,100.0,3.175,0.17465796425865526
50.0,100.0,3.2,0.16410905573788648
50.0,100.0,3.225,0.1532654825437882
50.0,100.0,3.25,0.14207499036697285
50.0,100.0,3.275,0.1304778675868415
50.0,100.0,3.3,0.11840578769564516
50.0,100.0,3.325,0.10578133823905896
50.0,100.0,3.35,0.09251779526582557
50.0,100.0,3.375,0.07850996850741371
50.0,100.0,3.4,0.06362511434345719
50.0,100.0,3.425,0.047708895356306916
50.0,100.0,3.45,0.030579422088221047
50.0,100.0,3.475,0.012014968013285898
50.0,100.0,3.5,-0.00825872261391449
50.0,100.0,3.525,-0.0305849352702813
50.0,100.0,3.55,-0.055399238438655615
50.0,100.0,3.575,-0.08326295828501241
50.0,100.0,3.6,-0.11491237358321818
50.0,100.0,3.625,-0.15133284105047218
50.0,100.0,3.65,-0.19387379330780308
50.0,100.0,3.675,-0.24443327506912474
50.0,100.0,3.7,-0.3057658969688246
50.0,100.0,3.725,-0.38202078581080146
50.0,100.0,3.75,-0.47974344163686755
50.0,100.0,3.775,-0.6097658143648528
50.0,100.0,3.8,-0.7913712244480795
50.0,105.0,2.4,0.5634796927706809
50.0,105.0,2.425,0.5481315112349332
50.0,105.0,2.45,0.5375484326497794
50.0,105.0,2.475,0.5334363680379693
50.0,105.0,2.5,0.5396968417392596
50.0,105.0,2.525,0.5674231143396178
50.0,105.0,2.55,0.6624628102286908
50.0,105.0,2.575,-0.4147003007657824
50.0,105.0,2.6,0.15761401771369196
50.0,105.0,2.625,0.2740856913396661
50.0,105.0,2.65,0.3069042328397881
50.0,105.0,2.675,0.3172351610328261
50.0,105.0,2.7,0.31826062876325945
50.0,105.0,2.725,0.31463086556446834
50.0,105.0,2.75,0.30845648405131515
50.0,105.0,2.775,0.30083088427389404
50.0,105.0,2.8,0.2923600605142397
50.0,105.0,2.825,0.2833910480311209
50.0,105.0,2.85,0.2741248183463322
50.0,105.0,2.875,0.2646766151099497
50.0,105.0,2.9,0.25510945952715597
50.0,105.0,2.925,0.24545417911130524
50.0,105.0,2.95,0.2357207832796766
50.0,105.0,2.975,0.22590541274970963
50.0,105.0,3.0,0.21599449334702422
50.0,105.0,3.025,0.20596718824844118
50.0,105.0,3.05,0.19579677630122072
50.0,105.0,3.075,0.1854513180581896
50.0,105.0,3.1,0.17489382454504013
50.0,105.0,3.125,0.1640820453572458
50.0,105.0,3.15,0.15296793259274782
50.0,105.0,3.175,0.14149679243845484
50.0,105.0,3.2,0.12960610225853159
50.0,105.0,3.225,0.11722396616974186
50.0,105.0,3.25,0.10426735509942879
50.0,105.0,3.275,0.0906410432821432
50.0,105.0,3.3,0.0762367324927277
50.0,105.0,3.325,0.06092175015301177
50.0,105.0,3.35,0.044529404149532596
50.0,105.0,3.375,0.026862774243532898
50.0,105.0,3.4,0.007684354714326881
50.0,105.0,3.425,-0.013300254539342426
50.0,105.0,3.45,-0.03646134971005994
50.0,105.0,3.475,-0.06227131033917241
50.0,105.0,3.5,-0.09134254978471933
50.0,105.0,3.525,-0.12448383156104925
50.0,105.0,3.55,-0.16278605636296745
50.0,105.0,3.575,-0.20775710864376176
50.0,105.0,3.6,-0.26154308506216667
50.0,105.0,3.625,-0.32729125427462635
50.0,105.0,3.65,-0.40983554951800344
50.0,105.0,3.675,-0.5169375217184765
50.0,105.0,3.7,-0.6618557646519383
50.0,105.0,3.725,-0.868982168704243
50.0,105.0,3.75,-1.1872762986563994
50.0,105.0,3.775,-1.7220772853635935
50.0,105.0,3.8,-2.6323170990446516
50.0,110.0,2.4,0.5403888833407421
50.0,110.0,2.425,0.5423509335657833
50.0,110.0,2.45,0.5617635714882134
50.0,110.0,2.475,0.6312837729157834
50.0,110.0,2.5,0.8485856621295369
50.0,110.0,2.525,0.08582423713565267
50.0,110.0,2.55,0.2660145430833602
50.0,110.0,2.575,0.30840438060319325
50.0,110.0,2.6,0.3215056981307521
50.0,110.0,2.625,0.3234810291157557
50.0,110.0,2.65,0.320118104515193
50.0,110.0,2.675,0.31390930106318093
50.0,110.0,2.7,0.306107460535655
50.0,110.0,2.725,0.2973924915638523
50.0,110.0,2.75,0.288151361821731
50.0,110.0,2.775,0.2786020510363044
50.0,110.0,2.8,0.2688698348207447
50.0,110.0,2.825,0.25902242632733596
50.0,110.0,2.85,0.24909245805096406
50.0,110.0,2.875,0.23909030148186555
50.0,110.0,2.9,0.22901165097961196
50.0,110.0,2.925,0.2188420286971628
50.0,110.0,2.95,0.20855942375214925
50.0,110.0,2.975,0.19813576185341097
50.0,110.0,3.0,0.18753761107230835
50.0,110.0,3.025,0.17672635419197086
50.0,110.0,3.05,0.1656579585024124
50.0,110.0,3.075,0.15428240422072376
50.0,110.0,3.1,0.1425427862428213
50.0,110.0,3.125,0.1303740645277642
50.0,110.0,3.15,0.11770140185470791
50.0,110.0,3.175,0.10443801354075845
50.0,110.0,3.2,0.09048264310230646
50.0,110.0,3.225,0.07571771053712678
50.0,110.0,3.25,0.0600070539074034
50.0,110.0,3.275,0.04318163767404068
50.0,110.0,3.3,0.025030101847236048
50.0,110.0,3.325,0.005298011171299356
50.0,110.0,3.35,-0.016328738012936456
50.0,110.0,3.375,-0.04024669399762531
50.0,110.0,3.4,-0.06696441964459533
50.0,110.0,3.425,-0.09714522154394706
50.0,110.0,3.45,-0.1316725004474498
50.0,110.0,3.475,-0.17174018053734647
50.0,110.0,3.5,-0.21902567075860763
50.0,110.0,3.525,-0.27593206696389905
50.0,110.0,3.55,-0.3460432702207416
50.0,110.0,3.575,-0.4349383359372373
50.0,110.0,3.6,-0.5517785515873219
50.0,110.0,3.625,-0.7126460539680597
50.0,110.0,3.65,-0.94824989370135
50.0,110.0,3.675,-1.323532682617017
50.0,110.0,3.7,-1.9870946727603205
50.0,110.0,3.725,-3.061329157487219
50.0,110.0,3.75,1.124677146822371
50.0,110.0,3.775,3.188178905581794
50.0,110.0,3.8,2.212550078046794
50.0,115.0,2.4,0.5936640669784605
50.0,115.0,2.425,0.7672733547849848
50.0,115.0,2.45,-0.32057137773541605
50.0,115.0,2.475,0.23114177299903887
50.0,115.0,2.5,0.3027232908712069
50.0,115.0,2.525,0.32349624044558223
50.0,115.0,2.55,0.32834883548926413
50.0,115.0,2.575,0.3261773373322599
50.0,115.0,2.6,0.3204174788279395
50.0,115.0,2.625,0.3126993279688472
50.0,115.0,2.65,0.3038840971917257
50.0,115.0,2.675,0.2944444752801065
50.0,115.0,2.7,0.2846488175121366
50.0,115.0,2.725,0.27464763082058935
50.0,115.0,2.75,0.26452292616527
50.0,115.0,2.775,0.2543150007215835
50.0,115.0,2.8,0.2440381289946076
50.0,115.0,2.825,0.2336897526351325
50.0,115.0,2.85,0.22325587520022888
50.0,115.0,2.875,0.21271420336156469
50.0,115.0,2.9,0.20203590040534697
50.0,115.0,2.925,0.19118644935569995
50.0,115.0,2.95,0.1801259060205688
50.0,115.0,2.975,0.16880870114847993
50.0,115.0,3.0,0.15718306818972147
50.0,115.0,3.025,0.14519011998342554
50.0,115.0,3.05,0.13276255460864247
50.0,115.0,3.075,0.11982292976559973
50.0,115.0,3.1,0.10628140024980205
50.0,115.0,3.125,0.09203278381658114
50.0,115.0,3.15,0.0769530156798734
50.0,115.0,3.175,0.06089604584318607
50.0,115.0,3.2,0.04368912224563297
50.0,115.0,3.225,0.02511573171284457
50.0,115.0,3.25,0.004905229952340488
50.0,115.0,3.275,-0.017275793982946906
50.0,115.0,3.3,-0.04184834304439519
50.0,115.0,3.325,-0.06935582382449272
50.0,115.0,3.35,-0.1005055443886254
50.0,115.0,3.375,-0.13625367392469837
50.0,115.0,3.4,-0.17790267462818293
50.0,115.0,3.425,-0.22728775454294017
50.0,115.0,3.45,-0.2870759843890907
50.0,115.0,3.475,-0.3612947374079458
50.0,115.0,3.5,-0.4563161253125837
50.0,115.0,3.525,-0.5828237558032727
50.0,115.0,3.55,-0.7600940409194004
50.0,115.0,3.575,-1.026338492536575
50.0,115.0,3.6,-1.466637520327425
50.0,115.0,3.625,-2.28568730853976
50.0,115.0,3.65,-3.3178232669689103
50.0,115.0,3.675,3.2203833782363382
50.0,115.0,3.7,2.9090133991948948
50.0,115.0,3.725,2.0126851582916454
50.0,115.0,3.75,1.5304091912631004
50.0,115.0,3.775,1.2434063662164743
50.0,115.0,3.8,1.0547999784720674
50.0,120.0,2.4,0.08909568160202978
50.0,120.0,2.425,0.27940684948914013
50.0,120.0,2.45,0.3201378734942935
50.0,120.0,2.475,0.3316231812789306
50.0,120.0,2.5,0.3322302065547068
50.0,120.0,2.525,0.32769576527762706
50.0,120.0,2.55,0.3204665451895831
50.0,120.0,2.575,0.31176245674673475
50.0,120.0,2.6,0.3022351201272572
50.0,120.0,2.625,0.2922466020737375
50.0,120.0,2.65,0.28199886692486975
50.0,120.0,2.675,0.271602362540761
50.0,120.0,2.7,0.26111308867547456
50.0,120.0,2.725,0.2505539958290813
50.0,120.0,2.75,0.23992735950494792
50.0,120.0,2.775,0.22922154915588913
50.0,120.0,2.8,0.21841517023518026
50.0,120.0,2.825,0.20747939808155427
50.0,120.0,2.85,0.1963791655304879
50.0,120.0,2.875,0.18507360084558053
50.0,120.0,2.9,0.1735159274211751
50.0,120.0,2.925,0.16165293547639714
50.0,120.0,2.95,0.14942406519195375
50.0,120.0,2.975,0.13676009126131944
50.0,120.0,3.0,0.12358135406888314
50.0,120.0,3.025,0.10979543467231026
50.0,120.0,3.05,0.09529411187338385
50.0,120.0,3.075,0.07994938664947805
50.0,120.0,3.1,0.06360852636726182
50.0,120.0,3.125,0.046088939560825964
50.0,120.0,3.15,0.027169946221452624
50.0,120.0,3.175,0.006573226684922998
50.0,120.0,3.2,-0.016052006656381155
50.0,120.0,3.225,-0.04114726223283196
50.0,120.0,3.25,-0.06928569715860368
50.0,120.0,3.275,-0.10121975971446853
50.0,120.0,3.3,-0.13796344853838663
50.0,120.0,3.325,-0.18091533549641395
50.0,120.0,3.35,-0.2320600076376706
50.0,120.0,3.375,-0.29431011312278477
50.0,120.0,3.4,-0.37211737637514425
50.0,120.0,3.425,-0.47263323308049426
50.0,120.0,3.45,-0.6080859158762708
50.0,120.0,3.475,-0.801126173431633
50.0,120.0,3.5,-1.0983198581785214
50.0,120.0,3.525,-1.608756249004649
50.0,120.0,3.55,-2.6049506178140334
50.0,120.0,3.575,-2.960745260084002
50.0,120.0,3.6,3.825719883641587
50.0,120.0,3.625,2.632831198299686
50.0,120.0,3.65,1.8488639707685723
50.0,120.0,3.675,1.4299227254766425
50.0,120.0,3.7,1.1754370275000916
50.0,120.0,3.725,1.0050972817858277
50.0,120.0,3.75,0.8830372007533149
50.0,120.0,3.775,0.7910466953546403
50.0,120.0,3.8,0.7189764435403343
50.0,125.0,2.4,0.33005288126640087
50.0,125.0,2.425,0.3368593437248593
50.0,125.0,2.45,0.33505653202835783
50.0,125.0,2.475,0.3290607054360599
50.0,125.0,2.5,0.32085335186109337
50.0,125.0,2.525,0.31143877983237517
50.0,125.0,2.55,0.30135855354856556
50.0,125.0,2.575,0.29091081593008944
50.0,125.0,2.6,0.28025900548264815
50.0,125.0,2.625,0.2694890993534239
50.0,125.0,2.65,0.258641065848402
50.0,125.0,2.675,0.24772665064998375
50.0,125.0,2.7,0.2367392734923682
50.0,125.0,2.725,0.22566013024687664
50.0,125.0,2.75,0.2144616474898996
50.0,125.0,2.775,0.2031090239945755
50.0,125.0,2.8,0.1915610470372503
50.0,125.0,2.825,0.1797702105527307
50.0,125.0,2.85,0.16768229922557368
50.0,125.0,2.875,0.15523552485381362
50.0,125.0,2.9,0.14235922436409484
50.0,125.0,2.925,0.12897207534033045
50.0,125.0,2.95,0.11497973263540158
50.0,125.0,2.975,0.10027172812278894
50.0,125.0,3.0,0.08471739428900875
50.0,125.0,3.025,0.06816048030786838
50.0,125.0,3.05,0.050412211513807606
50.0,125.0,3.075,0.03124307818900475
50.0,125.0,3.1,0.010369960059367566
50.0,125.0,3.125,-0.012563558212570587
50.0,125.0,3.15,-0.03802171363398148
50.0,125.0,3.175,-0.06659591789056282
50.0,125.0,3.2,-0.09907198460225179
50.0,125.0,3.225,-0.1365124466004005
50.0,125.0,3.25,-0.18039122870581256
50.0,125.0,3.275,-0.23281433911768795
50.0,125.0,3.3,-0.29689866490899003
50.0,125.0,3.325,-0.37745784213969624
50.0,125.0,3.35,-0.4823273302553054
50.0,125.0,3.375,-0.6251381692882917
50.0,125.0,3.4,-0.8317391556660898
50.0,125.0,3.425,-1.1570686931931988
50.0,125.0,3.45,-1.7361943329757015
50.0,125.0,3.475,-2.9159966503701584
50.0,125.0,3.5,-1.6351623378981002
50.0,125.0,3.525,3.756961965698813
50.0,125.0,3.55,2.4153312556427298
50.0,125.0,3.575,1.724319922471022
50.0,125.0,3.6,1.3504591672835191
50.0,125.0,3.625,1.119725967860626
50.0,125.0,3.65,0.963433158865671
50.0,125.0,3.675,0.8502103314911184
50.0,125.0,3.7,0.7641010412289608
50.0,125.0,3.725,0.6961587483463885
50.0,125.0,3.75,0.6409468747505569
50.0,125.0,3.775,0.5949786055774015
50.0,125.0,3.8,0.5559187507481135
50.0,130.0,2.4,0.33769018044158167
50.0,130.0,2.425,0.3307588363620418
50.0,130.0,2.45,0.32185854910365674
50.0,130.0,2.475,0.3118933999934971
50.0,130.0,2.5,0.3013482526326043
50.0,130.0,2.525,0.290487224179916
50.0,130.0,2.55,0.27945209350786687
50.0,130.0,2.575,0.26831428659388395
50.0,130.0,2.6,0.2571033906665945
50.0,130.0,2.625,0.24582314682579148
50.0,130.0,2.65,0.23446055435776478
50.0,130.0,2.675,0.2229910764965125
50.0,130.0,2.7,0.2113812580807775
50.0,130.0,2.725,0.19959034930514263
50.0,130.0,2.75,0.18757087073582843
50.0,130.0,2.775,0.1752682283417652
50.0,130.0,2.8,0.16262000789465925
50.0,130.0,2.825,0.14955475639713497
50.0,130.0,2.85,0.13599022935377966
50.0,130.0,2.875,0.12183102940242559
50.0,130.0,2.9,0.10696548738703886
50.0,130.0,2.925,0.09126155153924018
50.0,130.0,2.95,0.07456133090996984
50.0,130.0,2.975,0.05667376937892677
50.0,130.0,3.0,0.037364716438540495
50.0,130.0,3.025,0.016348782992154236
50.0,130.0,3.05,-0.006742661330452829
50.0,130.0,3.075,-0.03237277202452195
50.0,130.0,3.1,-0.061148757504632216
50.0,130.0,3.125,-0.09387537124429941
50.0,130.0,3.15,-0.13164434218953716
50.0,130.0,3.175,-0.17597639960822406
50.0,130.0,3.2,-0.22905555779102066
50.0,130.0,3.225,-0.29413455127764304
50.0,130.0,3.25,-0.3762765626030746
50.0,130.0,3.275,-0.4838071926999295
50.0,130.0,3.3,-0.6314053652820507
50.0,130.0,3.325,-0.8474359553982415
50.0,130.0,3.35,-1.1938665364537222
50.0,130.0,3.375,-1.8296680719669525
50.0,130.0,3.4,-3.176327741864997
50.0,130.0,3.425,0.0926575568120234
50.0,130.0,3.45,3.57503417982467
50.0,130.0,3.475,2.263270904933858
50.0,130.0,3.5,1.635270299812736
50.0,130.0,3.525,1.2917985604637552
50.0,130.0,3.55,1.0772337074395202
50.0,130.0,3.575,0.9305037273521508
50.0,130.0,3.6,0.8235966032479571
50.0,130.0,3.625,0.7419272617867668
50.0,130.0,3.65,0.6771440383568963
50.0,130.0,3.675,0.6242437799896198
50.0,130.0,3.7,0.5800266027805606
50.0,130.0,3.725,0.542326821998155
50.0,130.0,3.75,0.5096278901791005
50.0,130.0,3.775,0.48083689667773377
50.0,130.0,3.8,0.45514553118122586
50.0,135.0,2.4,0.3236239090314705
50.0,135.0,2.425,0.31321026912835226
50.0,135.0,2.45,0.30225279918228537
50.0,135.0,2.475,0.2910024385716892
50.0,135.0,2.5,0.2795911199624072
50.0,135.0,2.525,0.26808257372660976
50.0,135.0,2.55,0.2565000246002361
50.0,135.0,2.575,0.2448416295455541
50.0,135.0,2.6,0.23308917130538986
50.0,135.0,2.625,0.2212128828252039
50.0,135.0,2.65,0.20917401864707932
50.0,135.0,2.675,0.19692605224683107
50.0,135.0,2.7,0.18441469840556066
50.0,135.0,2.725,0.17157762338031216
50.0,135.0,2.75,0.1583434398960093
50.0,135.0,2.775,0.14462989258065528
50.0,135.0,2.8,0.13034159015977578
50.0,135.0,2.825,0.11536694320815044
50.0,135.0,2.85,0.0995740880309498
50.0,135.0,2.875,0.08280545521461347
50.0,135.0,2.9,0.06487040074988965
50.0,135.0,2.925,0.045534673274785505
50.0,135.0,2.95,0.024515794949277907
50.0,135.0,2.975,0.0014399248724022364
50.0,135.0,3.0,-0.024152986389917006
50.0,135.0,3.025,-0.05286960803980204
50.0,135.0,3.05,-0.08551698451915897
50.0,135.0,3.075,-0.12319185598095712
50.0,135.0,3.1,-0.16742516905935145
50.0,135.0,3.125,-0.2204218220559138
50.0,135.0,3.15,-0.28547749199318045
50.0,135.0,3.175,-0.3677461744424925
50.0,135.0,3.2,-0.4757525659700972
50.0,135.0,3.225,-0.624656313339127
50.0,135.0,3.25,-0.8440961919029726
50.0,135.0,3.275,-1.2000522174312167
50.0,135.0,3.3,-1.8674553489671015
50.0,135.0,3.325,-3.338564645216756
50.0,135.0,3.35,1.2257330786355507
50.0,135.0,3.375,3.460464327584363
50.0,135.0,3.4,2.174684540914571
50.0,135.0,3.425,1.5793521956348848
50.0,135.0,3.45,1.2527690086741352
50.0,135.0,3.475,1.0477776877129759
50.0,135.0,3.5,0.9069848573415585
50.0,135.0,3.525,0.8039789981596102
50.0,135.0,3.55,0.7250295374845921
50.0,135.0,3.575,0.662329493524598
50.0,135.0,3.6,0.6110664082130536
50.0,135.0,3.625,0.5680989729487882
50.0,135.0,3.65,0.5313639808149984
50.0,135.0,3.675,0.4994298706372118
50.0,135.0,3.7,0.4712557561997487
50.0,135.0,3.725,0.44606688238964115
50.0,135.0,3.75,0.42327445400422575
50.0,135.0,3.775,0.40242171473948757
50.0,135.0,3.8,0.3831472628775821
50.0,140.0,2.4,0.30410142309106086
50.0,140.0,2.425,0.2924753954340426
50.0,140.0,2.45,0.2806887239210965
50.0,140.0,2.475,0.2688030359096458
50.0,140.0,2.5,0.2568384412529374
50.0,140.0,2.525,0.24478938144900225
50.0,140.0,2.55,0.23263344117964357
50.0,140.0,2.575,0.22033617706894634
50.0,140.0,2.6,0.2078535962187647
50.0,140.0,2.625,0.19513312800592567
50.0,140.0,2.65,0.18211362110069118
50.0,140.0,2.675,0.1687246165499674
50.0,140.0,2.7,0.15488472740439913
50.0,140.0,2.725,0.14049967728546026
50.0,140.0,2.75,0.12545941397752458
50.0,140.0,2.775,0.10963401773600233
50.0,140.0,2.8,0.09286843729864279
50.0,140.0,2.825,0.07497526851596606
50.0,140.0,2.85,0.055724400793216645
50.0,140.0,2.875,0.03484012851963806
50.0,140.0,2.9,0.011954717313671048
50.0,140.0,2.925,-0.013384636585172282
50.0,140.0,2.95,-0.04177089769114649
50.0,140.0,2.975,-0.07399343948283839
50.0,140.0,3.0,-0.1111264797388591
50.0,140.0,3.025,-0.15466967860288008
50.0,140.0,3.05,-0.20678321733622146
50.0,140.0,3.075,-0.27069657166485234
50.0,140.0,3.1,-0.3514664349114344
50.0,140.0,3.125,-0.45746351653562267
50.0,140.0,3.15,-0.6036019109235077
50.0,140.0,3.175,-0.8191429195748092
50.0,140.0,3.2,-1.1696770090252928
50.0,140.0,3.225,-1.8322425777368818
50.0,140.0,3.25,-3.351322685097389
50.0,140.0,3.275,1.2838348680890068
50.0,140.0,3.3,3.4726023806952995
50.0,140.0,3.325,2.149603268330968
50.0,140.0,3.35,1.5562577679442195
50.0,140.0,3.375,1.2334619310159745
50.0,140.0,3.4,1.0314949582252604
50.0,140.0,3.425,0.8929683103927687
50.0,140.0,3.45,0.7916675853452191
50.0,140.0,3.475,0.7140079430630784
50.0,140.0,3.5,0.6522709918787741
50.0,140.0,3.525,0.6017617294664127
50.0,140.0,3.55,0.5594666459206162
50.0,140.0,3.575,0.5233172224696606
50.0,140.0,3.6,0.4918474353274526
50.0,140.0,3.625,0.46404094327998785
50.0,140.0,3.65,0.43915110125783763
50.0,140.0,3.675,0.416605377810826
50.0,140.0,3.7,0.39595713719518305
50.0,140.0,3.725,0.3768520651179417
50.0,140.0,3.75,0.35900385854656774
50.0,140.0,3.775,0.34217666403002966
50.0,140.0,3.8,0.3261722818246695
50.0,145.0,2.4,0.28276081746721027
50.0,145.0,2.425,0.2704908266568259
50.0,145.0,2.45,0.2581340045083005
50.0,145.0,2.475,0.24568284223070794
50.0,145.0,2.5,0.2331117156108065
50.0,145.0,2.525,0.22038199166097536
50.0,145.0,2.55,0.20744456011150714
50.0,145.0,2.575,0.19424076134094018
50.0,145.0,2.6,0.1807022109884531
50.0,145.0,2.625,0.16674970680645526
50.0,145.0,2.65,0.1522913798048907
50.0,145.0,2.675,0.1372200487754098
50.0,145.0,2.7,0.12140935467062282
50.0,145.0,2.725,0.10470892363394195
50.0,145.0,2.75,0.08693756531583123
50.0,145.0,2.775,0.06787323418400264
50.0,145.0,2.8,0.0472490816120188
50.0,145.0,2.825,0.024715627954508053
50.0,145.0,2.85,-0.0001650013494920153
50.0,145.0,2.875,-0.0279609813718157
50.0,145.0,2.9,-0.05942586631289419
50.0,145.0,2.925,-0.09558302558731618
50.0,145.0,2.95,-0.13785900819504843
50.0,145.0,2.975,-0.18830346803836925
50.0,145.0,3.0,-0.24997126119329438
50.0,145.0,3.025,-0.32762769284596294
50.0,145.0,3.05,-0.4291303887214323
50.0,145.0,3.075,-0.5684049865142198
50.0,145.0,3.1,-0.7726036911925888
50.0,145.0,3.125,-1.1021645705127883
50.0,145.0,3.15,-1.719764017744927
50.0,145.0,3.175,-3.1657435073030324
50.0,145.0,3.2,-0.2505280400710533
50.0,145.0,3.225,3.6595099389583154
50.0,145.0,3.25,2.19571635113054
50.0,145.0,3.275,1.568571653084771
50.0,145.0,3.3,1.2351936477602887
50.0,145.0,3.325,1.02921927456164
50.0,145.0,3.35,0.8890274296599607
50.0,145.0,3.375,0.7870250310030055
50.0,145.0,3.4,0.7090960333075956
50.0,145.0,3.425,0.6472895738232617
50.0,145.0,3.45,0.5967914275923337
50.0,145.0,3.475,0.5545199277014998
50.0,145.0,3.5,0.5184189013172456
50.0,145.0,3.525,0.48706219690490815
50.0,145.0,3.55,0.4593856142813918
50.0,145.0,3.575,0.4345970080970449
50.0,145.0,3.6,0.4121290540019445
50.0,145.0,3.625,0.3915444735130246
50.0,145.0,3.65,0.37249291158015985
50.0,145.0,3.675,0.3546898871131884
50.0,145.0,3.7,0.3379007884943143
50.0,145.0,3.725,0.32192846909386696
50.0,145.0,3.75,0.30660386513303467
50.0,145.0,3.775,0.2917749776821974
50.0,145.0,3.8,0.2773150410701233
50.0,150.0,2.4,0.26040919012352715
50.0,150.0,2.425,0.2475463336707482
50.0,150.0,2.45,0.23455074870773027
50.0,150.0,2.475,0.2213802041922957
50.0,150.0,2.5,0.20798075249538128
50.0,150.0,2.525,0.19428766993257757
50.0,150.0,2.55,0.1802251281313127
50.0,150.0,2.575,0.16570487328244957
50.0,150.0,2.6,0.15062396450511287
50.0,150.0,2.625,0.13486138917547544
50.0,150.0,2.65,0.11827349555489824
50.0,150.0,2.675,0.10068780247020445
50.0,150.0,2.7,0.08189402321001614
50.0,150.0,2.725,0.061634633604816434
50.0,150.0,2.75,0.03959100133342396
50.0,150.0,2.775,0.015344475430598829
50.0,150.0,2.8,-0.011635202260587701
50.0,150.0,2.825,-0.04205079087720206
50.0,150.0,2.85,-0.07685124431592714
50.0,150.0,2.875,-0.11735319390040187
50.0,150.0,2.9,-0.16543824106651045
50.0,150.0,2.925,-0.22389436501974974
50.0,150.0,2.95,-0.2970335565644159
50.0,150.0,2.975,-0.391899471381112
50.0,150.0,3.0,-0.5208217563195676
50.0,150.0,3.025,-0.707457188061155
50.0,150.0,3.05,-1.0033473048767378
50.0,150.0,3.075,-1.5436018705137389
50.0,150.0,3.1,-2.785963456241986
50.0,150.0,3.125,-3.394940900993196
50.0,150.0,3.15,4.10691110817716
50.0,150.0,3.175,2.3353363019607247
50.0,150.0,3.2,1.6235726673454551
50.0,150.0,3.225,1.2611840079726009
50.0,150.0,3.25,1.0426828093707246
50.0,150.0,3.275,0.8962257124637901
50.0,150.0,3.3,0.7907645384601035
50.0,150.0,3.325,0.7107869608903329
50.0,150.0,3.35,0.6477015407341866
50.0,150.0,3.375,0.5963706256086119
50.0,150.0,3.4,0.5535341762430438
50.0,150.0,3.425,0.5170239806375844
50.0,150.0,3.45,0.48534445418215194
50.0,150.0,3.475,0.457438102325179
50.0,150.0,3.5,0.43252415314224
50.0,150.0,3.525,0.40997365594873514
50.0,150.0,3.55,0.38931349991814684
50.0,150.0,3.575,0.3701951465076798
50.0,150.0,3.6,0.3523364812917662
50.0,150.0,3.625,0.33550248753429185
50.0,150.0,3.65,0.3194797425484377
50.0,150.0,3.675,0.30414021227052923
50.0,150.0,3.7,0.28929590845585285
50.0,150.0,3.725,0.2748246130102578
50.0,150.0,3.75,0.26060327685290763
50.0,150.0,3.775,0.24651500761652276
50.0,150.0,3.8,0.2324453694914862
50.0,155.0,2.4,0.23698382904786802
50.0,155.0,2.425,0.22336744337444164
50.0,155.0,2.45,0.20950293297209904
50.0,155.0,2.475,0.1953197254294936
50.0,155.0,2.5,0.18073461619727707
50.0,155.0,2.525,0.16565016511506492
50.0,155.0,2.55,0.14995196893344676
50.0,155.0,2.575,0.1335047342145592
50.0,155.0,2.6,0.11614678796487435
50.0,155.0,2.625,0.0976822189812914
50.0,155.0,2.65,0.0778702421234769
50.0,155.0,2.675,0.056415207803822746
50.0,155.0,2.7,0.03293818017818397
50.0,155.0,2.725,0.006948812673410653
50.0,155.0,2.75,-0.022191036769064584
50.0,155.0,2.775,-0.055338930446651315
50.0,155.0,2.8,-0.09367529648969372
50.0,155.0,2.825,-0.13887353355326584
50.0,155.0,2.85,-0.1933894890804146
50.0,155.0,2.875,-0.26097619480078166
50.0,155.0,2.9,-0.34767427574033927
50.0,155.0,2.925,-0.4638602577049975
50.0,155.0,2.95,-0.6289533301197112
50.0,155.0,2.975,-0.8838363897753021
50.0,155.0,3.0,-1.330641716651241
50.0,155.0,3.025,-2.299874618107834
50.0,155.0,3.05,-4.737497161432934
50.0,155.0,3.075,4.914969187143485
50.0,155.0,3.1,2.622108806448422
50.0,155.0,3.125,1.7371171094866533
50.0,155.0,3.15,1.3178867930221603
50.0,155.0,3.175,1.0751031285832666
50.0,155.0,3.2,0.9163979881284422
50.0,155.0,3.225,0.8040367787426215
50.0,155.0,3.25,0.719854511031662
50.0,155.0,3.275,0.6540519513852672
50.0,155.0,3.3,0.6008830689802933
50.0,155.0,3.325,0.5567566772997558
50.0,155.0,3.35,0.5193121557620994
50.0,155.0,3.375,0.48693288822428504
50.0,155.0,3.4,0.45847453584926756
50.0,155.0,3.425,0.43310864010036004
50.0,155.0,3.45,0.4102269449641391
50.0,155.0,3.475,0.38934205634174524
50.0,155.0,3.5,0.3700411995431593
50.0,155.0,3.525,0.3520240335713715
50.0,155.0,3.55,0.33504553610725374
50.0,155.0,3.575,0.3189340623571037
50.0,155.0,3.6,0.30349502798016004
50.0,155.0,3.625,0.2885829899249459
50.0,155.0,3.65,0.2740638492726425
50.0,155.0,3.675,0.2598136860433489
50.0,155.0,3.7,0.24571608629642633
50.0,155.0,3.725,0.2316578178541975
50.0,155.0,3.75,0.2175254044957648
50.0,155.0,3.775,0.20320156237981696
50.0,155.0,3.8,0.1885614065896566
50.0,160.0,2.4,0.21205637111383527
50.0,160.0,2.425,0.1973873056881334
50.0,160.0,2.45,0.18228741363840623
50.0,160.0,2.475,0.16665027015204384
50.0,160.0,2.5,0.1503501450063582
50.0,160.0,2.525,0.1332373075988347
50.0,160.0,2.55,0.11513149073510934
50.0,160.0,2.575,0.09581333689414721
50.0,160.0,2.6,0.07501194640623884
50.0,160.0,2.625,0.052387125124356886
50.0,160.0,2.65,0.027501690396993128
50.0,160.0,2.675,-0.00021471596581143225
50.0,160.0,2.7,-0.03151791012091019
50.0,160.0,2.725,-0.06743786375530851
50.0,160.0,2.75,-0.10941978760140758
50.0,160.0,2.775,-0.15955752609503893
50.0,160.0,2.8,-0.22100311101348785
50.0,160.0,2.825,-0.2987334432109937
50.0,160.0,2.85,-0.40109353037385154
50.0,160.0,2.875,-0.5432106861654684
50.0,160.0,2.9,-0.7555626384244261
50.0,160.0,2.925,-1.1095887593899085
50.0,160.0,2.95,-1.8164583973158515
50.0,160.0,2.975,-3.735340747963607
50.0,160.0,3.0,4.329819473507756
50.0,160.0,3.025,3.1912446393376066
50.0,160.0,3.05,1.943409271944574
50.0,160.0,3.075,1.4178333138598904
50.0,160.0,3.1,1.132289818799269
50.0,160.0,3.125,0.952673856584057
50.0,160.0,3.15,0.8287100969025514
50.0,160.0,3.175,0.7375002090523828
50.0,160.0,3.2,0.6671579417779485
50.0,160.0,3.225,0.6109081715725052
50.0,160.0,3.25,0.5646077099165131
50.0,160.0,3.275,0.5255797397625106
50.0,160.0,3.3,0.49201647030711815
50.0,160.0,3.325,0.46265142101375106
50.0,160.0,3.35,0.43656984117761016
50.0,160.0,3.375,0.413096042376274
50.0,160.0,3.4,0.39172833829352527
50.0,160.0,3.425,0.37208095205816605
50.0,160.0,3.45,0.3537886550372128
50.0,160.0,3.475,0.3366028073771512
50.0,160.0,3.5,0.32029535811363496
50.0,160.0,3.525,0.3047003701163529
50.0,160.0,3.55,0.2896654324721477
50.0,160.0,3.575,0.27505352093452456
50.0,160.0,3.6,0.26073960030154136
50.0,160.0,3.625,0.24660666025204248
50.0,160.0,3.65,0.2325420429110309
50.0,160.0,3.675,0.2184339342227482
50.0,160.0,3.7,0.2041678630844499
50.0,160.0,3.725,0.18962299509219321
50.0,160.0,3.75,0.17466796605558046
50.0,160.0,3.775,0.1591559218498809
50.0,160.0,3.8,0.14291825036145073
50.0,165.0,2.4,0.18494171244851354
50.0,165.0,2.425,0.16877108178958028
50.0,165.0,2.45,0.15189411238828152
50.0,165.0,2.475,0.13414722496109213
50.0,165.0,2.5,0.11533209905361758
50.0,165.0,2.525,0.09520533742742368
50.0,165.0,2.55,0.07346743964479534
50.0,165.0,2.575,0.049733511843353354
50.0,165.0,2.6,0.023506184153035764
50.0,165.0,2.625,-0.005866927774546092
50.0,165.0,2.65,-0.03926499105809332
50.0,165.0,2.675,-0.07790281077341976
50.0,165.0,2.7,-0.12351405122846895
50.0,165.0,2.725,-0.1786656676214532
50.0,165.0,2.75,-0.24732026754319433
50.0,165.0,2.775,-0.3359376072725833
50.0,165.0,2.8,-0.45580780012001143
50.0,165.0,2.825,-0.6285735980761747
50.0,165.0,2.85,-0.9014535887733864
50.0,165.0,2.875,-1.3995316288312047
50.0,165.0,2.9,-2.575647926669973
50.0,165.0,2.925,-5.132405546348329
50.0,165.0,2.95,4.422326593747556
50.0,165.0,2.975,2.323860899846912
50.0,165.0,3.0,1.586550663535062
50.0,165.0,3.025,1.2249896691664461
50.0,165.0,3.05,1.010472396143389
50.0,165.0,3.075,0.8678633145247792
50.0,165.0,3.1,0.7656265828462436
50.0,165.0,3.125,0.6882702387803453
50.0,165.0,3.15,0.6273077332017822
50.0,165.0,3.175,0.5777028580350035
50.0,165.0,3.2,0.5362776701854804
50.0,165.0,3.225,0.5009265088033686
50.0,165.0,3.25,0.4701972991707189
50.0,165.0,3.275,0.44305447890909766
50.0,165.0,3.3,0.41873807839369787
50.0,165.0,3.325,0.39667769493286337
50.0,165.0,3.35,0.37643849865361506
50.0,165.0,3.375,0.35770813736733903
50.0,165.0,3.4,0.34018659763092063
50.0,165.0,3.425,0.32360590706344317
50.0,165.0,3.45,0.30777993334343146
50.0,165.0,3.475,0.2925571475725428
50.0,165.0,3.5,0.27779897985685076
50.0,165.0,3.525,0.2633780646236924
50.0,165.0,3.55,0.2491758075355897
50.0,165.0,3.575,0.23507911742138934
50.0,165.0,3.6,0.2209770177880164
50.0,165.0,3.625,0.20675724049369043
50.0,165.0,3.65,0.19230267415840613
50.0,165.0,3.675,0.17748745380621223
50.0,165.0,3.7,0.16217241107782399
50.0,165.0,3.725,0.14619950240262772
50.0,165.0,3.75,0.12938464565473198
50.0,165.0,3.775,0.11150864666496488
50.0,165.0,3.8,0.09230930503008437
50.0,170.0,2.4,0.15465639971025844
50.0,170.0,2.425,0.13631862595923458
50.0,170.0,2.45,0.11684787942548733
50.0,170.0,2.475,0.09597832905485684
50.0,170.0,2.5,0.07338113980447512
50.0,170.0,2.525,0.04863258482218442
50.0,170.0,2.55,0.02117565592001493
50.0,170.0,2.575,-0.009723825283003395
50.0,170.0,2.6,-0.045066627128542515
50.0,170.0,2.625,-0.08625487451579184
50.0,170.0,2.65,-0.1353219189215984
50.0,170.0,2.675,-0.19533670750353438
50.0,170.0,2.7,-0.2711525045502991
50.0,170.0,2.725,-0.3709272473510307
50.0,170.0,2.75,-0.5095056831861191
50.0,170.0,2.775,-0.7169862843261556
50.0,170.0,2.8,-1.0647338858812385
50.0,170.0,2.825,-1.7692923649784893
50.0,170.0,2.85,-3.8091088616774256
50.0,170.0,2.875,5.394297075240584
50.0,170.0,2.9,3.1142390878284023
50.0,170.0,2.925,1.882288771214095
50.0,170.0,2.95,1.3745061416862103
50.0,170.0,2.975,1.0996142531021673
50.0,170.0,3.0,0.9267380932705396
50.0,170.0,3.025,0.8073256872983819
50.0,170.0,3.05,0.7193492512517241
50.0,170.0,3.075,0.6513936188570796
50.0,170.0,3.1,0.5969570767381441
50.0,170.0,3.125,0.5520648207462278
50.0,170.0,3.15,0.5141489349131315
50.0,170.0,3.175,0.48147494763971155
50.0,170.0,3.2,0.45282730327225357
50.0,170.0,3.225,0.42732690261898076
50.0,170.0,3.25,0.40431992048667553
50.0,170.0,3.275,0.38330630018496065
50.0,170.0,3.3,0.36391747342120173
50.0,170.0,3.325,0.34585872786490807
50.0,170.0,3.35,0.3288909023437967
50.0,170.0,3.375,0.3127561754261497
50.0,170.0,3.4,0.2972727312480004
50.0,170.0,3.425,0.28230400286099533
50.0,170.0,3.45,0.26772215404351607
50.0,170.0,3.475,0.2534065272910722
50.0,170.0,3.5,0.23924255937548927
50.0,170.0,3.525,0.22511906867903664
50.0,170.0,3.55,0.21092506046293852
50.0,170.0,3.575,0.19654632846583772
50.0,170.0,3.6,0.18186176801166634
50.0,170.0,3.625,0.16673918272398527
50.0,170.0,3.65,0.15103027519628742
50.0,170.0,3.675,0.1345643922981539
50.0,170.0,3.7,0.11714039752310763
50.0,170.0,3.725,0.09851580003810748
50.0,170.0,3.75,0.0783934063661999
50.0,170.0,3.775,0.05640138034309973
50.0,170.0,3.8,0.03205838737576561
50.0,175.0,2.4,0.11976755149422814
50.0,175.0,2.425,0.09823895313789176
50.0,175.0,2.45,0.07488426506294957
50.0,175.0,2.475,0.04924717679489615
50.0,175.0,2.5,0.02071666507728276
50.0,175.0,2.525,-0.011516806287524129
50.0,175.0,2.55,-0.04857008115927649
50.0,175.0,2.575,-0.0920195677655688
50.0,175.0,2.6,-0.14418854387855085
50.0,175.0,2.625,-0.20864528036785907
50.0,175.0,2.65,-0.29115327091565213
50.0,175.0,2.675,-0.4016722721649121
50.0,175.0,2.7,-0.559023369844054
50.0,175.0,2.725,-0.8034694042571771
50.0,175.0,2.75,-1.2387387029834567
50.0,175.0,2.775,-2.2285362546526732
50.0,175.0,2.8,-5.583616381155789
50.0,175.0,2.825,5.188393309505758
50.0,175.0,2.85,2.4670942616602214
50.0,175.0,2.875,1.6284493909987914
50.0,175.0,2.9,1.2393693230478902
50.0,175.0,2.925,1.014775971935073
50.0,175.0,2.95,0.8678391577666545
50.0,175.0,2.975,0.7635709717515126
50.0,175.0,3.0,0.6852179015150618
50.0,175.0,3.025,0.62376250634114
50.0,175.0,3.05,0.5739219910922644
50.0,175.0,3.075,0.5323954312366757
50.0,175.0,3.1,0.49701258407200144
50.0,175.0,3.125,0.4662861963319387
50.0,175.0,3.15,0.4391609615714964
50.0,175.0,3.175,0.41486305329487955
50.0,175.0,3.2,0.3928185773774828
50.0,175.0,3.225,0.37258307404867774
50.0,175.0,3.25,0.3538059107200594
50.0,175.0,3.275,0.336230868070731
50.0,175.0,3.3,0.31965461062995193
50.0,175.0,3.325,0.3038339282225895
50.0,175.0,3.35,0.288582136328873
50.0,175.0,3.375,0.27377332067221627
50.0,175.0,3.4,0.2592878882020485
50.0,175.0,3.425,0.24500969156213132
50.0,175.0,3.45,0.23082634763239568
50.0,175.0,3.475,0.21662703577878636
50.0,175.0,3.5,0.2022994185530661
50.0,175.0,3.525,0.1877261751403915
50.0,175.0,3.55,0.17278110635747213
50.0,175.0,3.575,0.1573245821107142
50.0,175.0,3.6,0.14119798224998606
50.0,175.0,3.625,0.12421663661838186
50.0,175.0,3.65,0.106160546365912
50.0,175.0,3.675,0.08676179355042811
50.0,175.0,3.7,0.06568710217752281
50.0,175.0,3.725,0.042514426077954005
50.0,175.0,3.75,0.016696209098342667
50.0,175.0,3.775,-0.012496438829717611
50.0,175.0,3.8,-0.04605488823592508
50.0,180.0,2.4,0.0780850595018072
50.0,180.0,2.425,0.051712289234778955
50.0,180.0,2.45,0.022303024288473586
50.0,180.0,2.475,-0.011018828417257652
50.0,180.0,2.5,-0.04946572909221069
50.0,180.0,2.525,-0.0947688749969203
50.0,180.0,2.55,-0.14950534460216344
50.0,180.0,2.575,-0.21769335476365914
50.0,180.0,2.6,-0.3059422992931679
50.0,180.0,2.625,-0.4259481355015309
50.0,180.0,2.65,-0.6005446890016601
50.0,180.0,2.675,-0.8809753621261789
50.0,180.0,2.7,-1.4099098582325829
50.0,180.0,2.725,-2.765178567142022
50.0,180.0,2.75,-4.725681146787649
50.0,180.0,2.775,3.974743945810001
50.0,180.0,2.8,2.116440023612267
50.0,180.0,2.825,1.472574405289428
50.0,180.0,2.85,1.1505166893469967
50.0,180.0,2.875,0.9566342609531954
50.0,180.0,2.9,0.8263368287847876
50.0,180.0,2.925,0.7321159904566839
50.0,180.0,2.95,0.6603038174927812
50.0,180.0,2.975,0.6033463743178176
50.0,180.0,3.0,0.5567290627883887
50.0,180.0,3.025,0.5175864525892813
50.0,180.0,3.05,0.48401053428120955
50.0,180.0,3.075,0.4546796605918256
50.0,180.0,3.1,0.4286437358727479
50.0,180.0,3.125,0.40521471043187773
50.0,180.0,3.15,0.3838634164972979
50.0,180.0,3.175,0.36417510937536546
50.0,180.0,3.2,0.3458320077577085
50.0,180.0,3.225,0.3285904798128461
50.0,180.0,3.25,0.3122731906842007
50.0,180.0,3.275,0.29665928145106896
50.0,180.0,3.3,0.28154998239160156
50.0,180.0,3.325,0.2668252654089597
50.0,180.0,3.35,0.25237208462053246
50.0,180.0,3.375,0.238077216317186
50.0,180.0,3.4,0.2238290589203072
50.0,180.0,3.425,0.20951596222306712
50.0,180.0,3.45,0.19502321676358644
50.0,180.0,3.475,0.18022946159700678
50.0,180.0,3.5,0.16500252060684678
50.0,180.0,3.525,0.14919442208334913
50.0,180.0,3.55,0.13263520255057315
50.0,180.0,3.575,0.11512491657965443
50.0,180.0,3.6,0.0964230057880108
50.0,180.0,3.625,0.07623374629697538
50.0,180.0,3.65,0.05418574457118535
50.0,180.0,3.675,0.029802290615278212
50.0,180.0,3.7,0.002458728670427328
50.0,180.0,3.725,-0.02868386818836171
50.0,180.0,3.75,-0.06478495821529995
50.0,180.0,3.775,-0.10749455903240189
50.0,180.0,3.8,-0.1592453368447263
60.0,0.0,2.4,0.2966348672506657
60.0,0.0,2.425,0.2907287565567692
60.0,0.0,2.45,0.2848987064092984
60.0,0.0,2.475,0.27913891977194966
60.0,0.0,2.5,0.27344269245683245
60.0,0.0,2.525,0.2678026242498878
60.0,0.0,2.55,0.2622113469736856
60.0,0.0,2.575,0.25666222142019945
60.0,0.0,2.6,0.25114958245192975
60.0,0.0,2.625,0.24566858951350562
60.0,0.0,2.65,0.24021473609615598
60.0,0.0,2.675,0.23478368076471776
60.0,0.0,2.7,0.22937090242303726
60.0,0.0,2.725,0.22397123430242533
60.0,0.0,2.75,0.21857970659813492
60.0,0.0,2.775,0.21319123418727426
60.0,0.0,2.8,0.20780052530546764
60.0,0.0,2.825,0.20240209955828004
60.0,0.0,2.85,0.19699028464515797
60.0,0.0,2.875,0.19155919928014073
60.0,0.0,2.9,0.18610272788134058
60.0,0.0,2.925,0.18061448872980002
60.0,0.0,2.95,0.17508779619838152
60.0,0.0,2.975,0.16951561719069597
60.0,0.0,3.0,0.16389052170378507
60.0,0.0,3.025,0.15820462730482665
60.0,0.0,3.05,0.15244953723169297
60.0,0.0,3.075,0.14661627175997574
60.0,0.0,3.1,0.14069519238519768
60.0,0.0,3.125,0.13467591810307164
60.0,0.0,3.15,0.12854723296761617
60.0,0.0,3.175,0.12229698368821462
60.0,0.0,3.2,0.11591196553512814
60.0,0.0,3.225,0.10937779423642102
60.0,0.0,3.25,0.10267876083526234
60.0,0.0,3.275,0.0957976656523389
60.0,0.0,3.3,0.0887156265646091
60.0,0.0,3.325,0.0814118557540749
60.0,0.0,3.35,0.07386339786338861
60.0,0.0,3.375,0.06604482105547703
60.0,0.0,3.4,0.05792785071850162
60.0,0.0,3.425,0.04948093335755024
60.0,0.0,3.45,0.04066871540880569
60.0,0.0,3.475,0.03145141809115675
60.0,0.0,3.5,0.021784084673527958
60.0,0.0,3.525,0.011615670014070005
60.0,0.0,3.55,0.0008879313349736458
60.0,0.0,3.575,-0.010465948138456513
60.0,0.0,3.6,-0.022523154510791232
60.0,0.0,3.625,-0.03537366243047165
60.0,0.0,3.65,-0.04912258296627184
60.0,0.0,3.675,-0.06389210859391703
60.0,0.0,3.7,-0.0798265837686415
60.0,0.0,3.725,-0.09709876067574577
60.0,0.0,3.75,-0.11591618434263416
60.0,0.0,3.775,-0.13652979856949407
60.0,0.0,3.8,-0.15924533575558963
60.0,5.0,2.4,0.2774007419158546
60.0,5.0,2.425,0.27138360715351445
60.0,5.0,2.45,0.26542067899287897
60.0,5.0,2.475,0.2595065583959753
60.0,5.0,2.5,0.2536360663394355
60.0,5.0,2.525,0.2478040089346127
60.0,5.0,2.55,0.24200507238941796
60.0,5.0,2.575,0.2362338030778988
60.0,5.0,2.6,0.23048467017815277
60.0,5.0,2.625,0.2247520600569724
60.0,5.0,2.65,0.2190301676418344
60.0,5.0,2.675,0.21331309523285208
60.0,5.0,2.7,0.20759474634111846
60.0,5.0,2.725,0.20186879371346778
60.0,5.0,2.75,0.1961288676426919
60.0,5.0,2.775,0.1903683882161098
60.0,5.0,2.8,0.18458052701234945
60.0,5.0,2.825,0.1787581821647734
60.0,5.0,2.85,0.17289394104021893
60.0,5.0,2.875,0.16698003511649845
60.0,5.0,2.9,0.16100828848818804
60.0,5.0,2.925,0.15497005954312512
60.0,5.0,2.95,0.14885617492493156
60.0,5.0,2.975,0.1426568547847517
60.0,5.0,3.0,0.13636162820647013
60.0,5.0,3.025,0.12995923757672836
60.0,5.0,3.05,0.12343753053933217
60.0,5.0,3.075,0.11678333800428238
60.0,5.0,3.1,0.10998233648792412
60.0,5.0,3.125,0.1030188927709563
60.0,5.0,3.15,0.09587588701742146
60.0,5.0,3.175,0.08853442738482425
60.0,5.0,3.2,0.08097382388144816
60.0,5.0,3.225,0.07317131072839725
60.0,5.0,3.25,0.06510133658833135
60.0,5.0,3.275,0.056735650108242656
60.0,5.0,3.3,0.04804271482157728
60.0,5.0,3.325,0.03898721049734885
60.0,5.0,3.35,0.02952943359052476
60.0,5.0,3.375,0.019624574713270247
60.0,5.0,3.4,0.00922184439959455
60.0,5.0,3.425,-0.0017365902179066301
60.0,5.0,3.45,-0.013316905733114023
60.0,5.0,3.475,-0.02559522143173669
60.0,5.0,3.5,-0.03865957739293682
60.0,5.0,3.525,-0.05261240351037051
60.0,5.0,3.55,-0.06757367081170883
60.0,5.0,3.575,-0.0836851535403934
60.0,5.0,3.6,-0.10111628453938136
60.0,5.0,3.625,-0.12007000380296005
60.0,5.0,3.65,-0.140789105228109
60.0,5.0,3.675,-0.163569405805935
60.0,5.0,3.7,-0.18877641130430825
60.0,5.0,3.725,-0.21686556979236948
60.0,5.0,3.75,-0.24841060036019547
60.0,5.0,3.775,-0.2841433953742404
60.0,5.0,3.8,-0.3250103269914517
60.0,10.0,2.4,0.25784771511789095
60.0,10.0,2.425,0.2516290003426167
60.0,10.0,2.45,0.24545058170374123
60.0,10.0,2.475,0.23930598003671338
60.0,10.0,2.5,0.23318865246596115
60.0,10.0,2.525,0.22709196334264647
60.0,10.0,2.55,0.22100903981891235
60.0,10.0,2.575,0.21493249921027657
60.0,10.0,2.6,0.20885754206512194
60.0,10.0,2.625,0.2027761350111228
60.0,10.0,2.65,0.19668053148551726
60.0,10.0,2.675,0.19056343485392713
60.0,10.0,2.7,0.18441717122416085
60.0,10.0,2.725,0.17823372168128856
60.0,10.0,2.75,0.17200476722231534
60.0,10.0,2.775,0.1657215872545736
60.0,10.0,2.8,0.15937500659310394
60.0,10.0,2.825,0.15295533797100497
60.0,10.0,2.85,0.14645231278916193
60.0,10.0,2.875,0.13985500104769463
60.0,10.0,2.9,0.13315171995144706
60.0,10.0,2.925,0.12632992957095265
60.0,10.0,2.95,0.11937611332077537
60.0,10.0,2.975,0.11227564076057846
60.0,10.0,3.0,0.10501260982990024
60.0,10.0,3.025,0.09756966516221904
60.0,10.0,3.05,0.08992778854925372
60.0,10.0,3.075,0.08206605688948779
60.0,10.0,3.1,0.07396136198959548
60.0,10.0,3.125,0.06558808533023
60.0,10.0,3.15,0.056917719094198356
60.0,10.0,3.175,0.04791842256804583
60.0,10.0,3.2,0.038554500110973215
60.0,10.0,3.225,0.028785782935042768
60.0,10.0,3.25,0.0185668920082867
60.0,10.0,3.275,0.007846353105620162
60.0,10.0,3.3,-0.0034344726851060136
60.0,10.0,3.325,-0.01534268830340014
60.0,10.0,3.35,-0.027955446257685156
60.0,10.0,3.375,-0.04136207545386909
60.0,10.0,3.4,-0.055667712366427015
60.0,10.0,3.425,-0.07099218142005612
60.0,10.0,3.45,-0.08747875822944132
60.0,10.0,3.475,-0.10529769705383045
60.0,10.0,3.5,-0.12465216608420487
60.0,10.0,3.525,-0.14578734266714746
60.0,10.0,3.55,-0.16900289092102272
60.0,10.0,3.575,-0.19466972771123536
60.0,10.0,3.6,-0.22324777775534654
60.0,10.0,3.625,-0.2553122342441759
60.0,10.0,3.65,-0.2915985995606074
60.0,10.0,3.675,-0.3330627075193967
60.0,10.0,3.7,-0.3809657819192786
60.0,10.0,3.725,-0.4370027108854496
60.0,10.0,3.75,-0.5034990556047192
60.0,10.0,3.775,-0.5837196889249276
60.0,10.0,3.8,-0.6823614228467622
60.0,15.0,2.4,0.23747888794524652
60.0,15.0,2.425,0.23097896123713213
60.0,15.0,2.45,0.22449738074590336
60.0,15.0,2.475,0.21802643680254152
60.0,15.0,2.5,0.21155827278854947
60.0,15.0,2.525,0.20508485717478303
60.0,15.0,2.55,0.19859794674896158
60.0,15.0,2.575,0.19208907511769685
60.0,15.0,2.6,0.18554957109728845
60.0,15.0,2.625,0.1789704021270235
60.0,15.0,2.65,0.17234204258802377
60.0,15.0,2.675,0.16565453891256016
60.0,15.0,2.7,0.15889743568544465
60.0,15.0,2.725,0.15205969160018326
60.0,15.0,2.75,0.14512961911335848
60.0,15.0,2.775,0.13809476560742578
60.0,15.0,2.8,0.13094180989493
60.0,15.0,2.825,0.12365644575510534
60.0,15.0,2.85,0.11622324712769198
60.0,15.0,2.875,0.10862551262432132
60.0,15.0,2.9,0.10084508645322525
60.0,15.0,2.925,0.09286214891072804
60.0,15.0,2.95,0.08465494378648956
60.0,15.0,2.975,0.07619919045138131
60.0,15.0,3.0,0.06746686056078574
60.0,15.0,3.025,0.05843056967390271
60.0,15.0,3.05,0.04905876724088496
60.0,15.0,3.075,0.0393132370804689
60.0,15.0,3.1,0.029152333787294496
60.0,15.0,3.125,0.018529244081095457
60.0,15.0,3.15,0.007390812682336883
60.0,15.0,3.175,-0.0043236231772837575
60.0,15.0,3.2,-0.016683627684408137
60.0,15.0,3.225,-0.029769375540425767
60.0,15.0,3.25,-0.04367376620605412
60.0,15.0,3.275,-0.05850506107213475
60.0,15.0,3.3,-0.07439020211241498
60.0,15.0,3.325,-0.0914790275454048
60.0,15.0,3.35,-0.10994968029740117
60.0,15.0,3.375,-0.13001561964227293
60.0,15.0,3.4,-0.15193481267795345
60.0,15.0,3.425,-0.17602193103672223
60.0,15.0,3.45,-0.20266478108684624
60.0,15.0,3.475,-0.23234697748339272
60.0,15.0,3.5,-0.26568058250280674
60.0,15.0,3.525,-0.3034540083869941
60.0,15.0,3.55,-0.34669500075306603
60.0,15.0,3.575,-0.39675601803966876
60.0,15.0,3.6,-0.45546125113747266
60.0,15.0,3.625,-0.5253376952168031
60.0,15.0,3.65,-0.6099727319627265
60.0,15.0,3.675,-0.7146023042041748
60.0,15.0,3.7,-0.8471073626161556
60.0,15.0,3.725,-1.0197184508965318
60.0,15.0,3.75,-1.2518007518839394
60.0,15.0,3.775,-1.5730538133586218
60.0,15.0,3.8,-2.0155087186286833
60.0,20.0,2.4,0.21575626071274526
60.0,20.0,2.425,0.20884917639614334
60.0,20.0,2.45,0.20192988471728562
60.0,20.0,2.475,0.19498870425368003
60.0,20.0,2.5,0.18801561970820146
60.0,20.0,2.525,0.18100021360727667
60.0,20.0,2.55,0.17393159944967104
60.0,20.0,2.575,0.16679842174359477
60.0,20.0,2.6,0.15958886952857845
60.0,20.0,2.625,0.15229033136904582
60.0,20.0,2.65,0.14488923580067778
60.0,20.0,2.675,0.13737114897955754
60.0,20.0,2.7,0.12972063178884766
60.0,20.0,2.725,0.12192101942217438
60.0,20.0,2.75,0.11395404804676057
60.0,20.0,2.775,0.10579913818351704
60.0,20.0,2.8,0.09743557198290706
60.0,20.0,2.825,0.08884325301022458
60.0,20.0,2.85,0.07999519687369068
60.0,20.0,2.875,0.07086219948077276
60.0,20.0,2.9,0.06141283969381661
60.0,20.0,2.925,0.051612232432912186
60.0,20.0,2.95,0.041421315310057105
60.0,20.0,2.975,0.030796136075121276
60.0,20.0,3.0,0.019687007179555592
60.0,20.0,3.025,0.00803748012902408
60.0,20.0,3.05,-0.004216905718319078
60.0,20.0,3.075,-0.01715015739884925
60.0,20.0,3.1,-0.030847721124114044
60.0,20.0,3.125,-0.0454088336761391
60.0,20.0,3.15,-0.0609494663697296
60.0,20.0,3.175,-0.07760604282293401
60.0,20.0,3.2,-0.09554017863754538
60.0,20.0,3.225,-0.11494478658397755
60.0,20.0,3.25,-0.13605202956836954
60.0,20.0,3.275,-0.15914380754937368
60.0,20.0,3.3,-0.18456576929893917
60.0,20.0,3.325,-0.21274630358966334
60.0,20.0,3.35,-0.2442226853186261
60.0,20.0,3.375,-0.2796777076582398
60.0,20.0,3.4,-0.3199920853067549
60.0,20.0,3.425,-0.3663215425595916
60.0,20.0,3.45,-0.4202146879851764
60.0,20.0,3.475,-0.4837978700603412
60.0,20.0,3.5,-0.5600542668965439
60.0,20.0,3.525,-0.6532582428580509
60.0,20.0,3.55,-0.7697500284453794
60.0,20.0,3.575,-0.9193051790565291
60.0,20.0,3.6,-1.1175353449473913
60.0,20.0,3.625,-1.3899784683888792
60.0,20.0,3.65,-1.776818515444529
60.0,20.0,3.675,-2.3152789625355603
60.0,20.0,3.7,-2.757877800803154
60.0,20.0,3.725,-0.8524332889357176
60.0,20.0,3.75,2.7480129187981452
60.0,20.0,3.775,2.8907849888411565
60.0,20.0,3.8,2.344594159751826
60.0,25.0,2.4,0.191945759248284
60.0,25.0,2.425,0.18444994817295246
60.0,25.0,2.45,0.17689717171083122
60.0,25.0,2.475,0.16927429236009664
60.0,25.0,2.5,0.1615674107366442
60.0,25.0,2.525,0.15376171667261437
60.0,25.0,2.55,0.14584144079693684
60.0,25.0,2.575,0.13779015543282874
60.0,25.0,2.6,0.1295902944555403
60.0,25.0,2.625,0.12122187442762188
60.0,25.0,2.65,0.11266291437681113
60.0,25.0,2.675,0.10389138934632701
60.0,25.0,2.7,0.09488357851588651
60.0,25.0,2.725,0.08561074823544651
60.0,25.0,2.75,0.07604164345599108
60.0,25.0,2.775,0.06614218151277193
60.0,25.0,2.8,0.055874461927445614
60.0,25.0,2.825,0.04519601827263125
60.0,25.0,2.85,0.03405902936839223
60.0,25.0,2.875,0.022409380524373634
60.0,25.0,2.9,0.010185522062702295
60.0,25.0,2.925,-0.002682929126154786
60.0,25.0,2.95,-0.016276914067293546
60.0,25.0,2.975,-0.0306900731581198
60.0,25.0,3.0,-0.04603142573586879
60.0,25.0,3.025,-0.06242875069802958
60.0,25.0,3.05,-0.08003288975634842
60.0,25.0,3.075,-0.09902327834804361
60.0,25.0,3.1,-0.11961512974641347
60.0,25.0,3.125,-0.1420688747176337
60.0,25.0,3.15,-0.1667027227845701
60.0,25.0,3.175,-0.19390961155123979
60.0,25.0,3.2,-0.22418043025263695
60.0,25.0,3.225,-0.25813638318786486
60.0,25.0,3.25,-0.29657494305195653
60.0,25.0,3.275,-0.34053647436391593
60.0,25.0,3.3,-0.39140310771079817
60.0,25.0,3.325,-0.45104944425631277
60.0,25.0,3.35,-0.5220796371908528
60.0,25.0,3.375,-0.6082152195108396
60.0,25.0,3.4,-0.7149581409007886
60.0,25.0,3.425,-0.8507532321612435
60.0,25.0,3.45,-1.029025949592488
60.0,25.0,3.475,-1.2719000392431175
60.0,25.0,3.5,-1.6166547833331857
60.0,25.0,3.525,-2.1195422941880167
60.0,25.0,3.55,-2.769252773834892
60.0,25.0,3.575,-2.4148423366355556
60.0,25.0,3.6,1.9613584280996488
60.0,25.0,3.625,3.223371675969807
60.0,25.0,3.65,2.6353266829385205
60.0,25.0,3.675,2.1020046807344226
60.0,25.0,3.7,1.732166349928374
60.0,25.0,3.725,1.4729486690123135
60.0,25.0,3.75,1.2839773773110865
60.0,25.0,3.775,1.1409029956527053
60.0,25.0,3.8,1.0290400254880734
60.0,30.0,2.4,0.1650455333109903
60.0,30.0,2.425,0.15668806876829391
60.0,30.0,2.45,0.1482036486031846
60.0,30.0,2.475,0.1395722743016176
60.0,30.0,2.5,0.13077256785341304
60.0,30.0,2.525,0.12178304061479538
60.0,30.0,2.55,0.11257998140433664
60.0,30.0,2.575,0.10313503952891945
60.0,30.0,2.6,0.0934172943183903
60.0,30.0,2.625,0.08339345176072493
60.0,30.0,2.65,0.07302665655369958
60.0,30.0,2.675,0.06227543073174436
60.0,30.0,2.7,0.051093241673501585
60.0,30.0,2.725,0.039427658692499826
60.0,30.0,2.75,0.02721922216098868
60.0,30.0,2.775,0.014400114590041924
60.0,30.0,2.8,0.0008925455099723547
60.0,30.0,2.825,-0.013393243296987331
60.0,30.0,2.85,-0.02856146643270897
60.0,30.0,2.875,-0.044733926963581826
60.0,30.0,2.9,-0.062053994370312955
60.0,30.0,2.925,-0.08069170681914346
60.0,30.0,2.95,-0.10085038537269267
60.0,30.0,2.975,-0.12277530741396152
60.0,30.0,3.0,-0.14676522377398005
60.0,30.0,3.025,-0.173187862880051
60.0,30.0,3.05,-0.2025011187341952
60.0,30.0,3.075,-0.23528249169655474
60.0,30.0,3.1,-0.27227075778738274
60.0,30.0,3.125,-0.3144261699672243
60.0,30.0,3.15,-0.3630194564654495
60.0,30.0,3.175,-0.41976683575184787
60.0,30.0,3.2,-0.48704090094659747
60.0,30.0,3.225,-0.5682110573747586
60.0,30.0,3.25,-0.6682140529594368
60.0,30.0,3.275,-0.7945514514268801
60.0,30.0,3.3,-0.9591170159744498
60.0,30.0,3.325,-1.1816958959432642
60.0,30.0,3.35,-1.4966859450533656
60.0,30.0,3.375,-1.9632751282939482
60.0,30.0,3.4,-2.6450856129418385
60.0,30.0,3.425,-3.054310418202729
60.0,30.0,3.45,0.7244401578341054
60.0,30.0,3.475,3.447743177218463
60.0,30.0,3.5,2.8754215127545684
60.0,30.0,3.525,2.2508549087619585
60.0,30.0,3.55,1.8266033336078595
60.0,30.0,3.575,1.5366610965601377
60.0,30.0,3.6,1.3294234860877068
60.0,30.0,3.625,1.1748502725133667
60.0,30.0,3.65,1.0553827744834696
60.0,30.0,3.675,0.9603177255460895
60.0,30.0,3.7,0.882832847271983
60.0,30.0,3.725,0.8184004711198314
60.0,30.0,3.75,0.76390845004456
60.0,30.0,3.775,0.7171520174824065
60.0,30.0,3.8,0.6765282456026004
60.0,35.0,2.4,0.13359343464873008
60.0,35.0,2.425,0.12394113063195349
60.0,35.0,2.45,0.11404657212861816
60.0,35.0,2.475,0.10387854362127576
60.0,35.0,2.5,0.09340014373101924
60.0,35.0,2.525,0.08257053990207588
60.0,35.0,2.55,0.07134475898144109
60.0,35.0,2.575,0.059672424263250985
60.0,35.0,2.6,0.04749658758329502
60.0,35.0,2.625,0.03475249731260192
60.0,35.0,2.65,0.021366020515452975
60.0,35.0,2.675,0.007251757669131657
60.0,35.0,2.7,-0.007689222679450833
60.0,35.0,2.725,-0.02357228856476912
60.0,35.0,2.75,-0.040532939823652886
60.0,35.0,2.775,-0.05873151810798976
60.0,35.0,2.8,-0.07835929794773132
60.0,35.0,2.825,-0.09964645036760354
60.0,35.0,2.85,-0.12287258523966516
60.0,35.0,2.875,-0.14838089963606466
60.0,35.0,2.9,-0.1765974524974402
60.0,35.0,2.925,-0.20805786044325464
60.0,35.0,2.95,-0.2434449552968268
60.0,35.0,2.975,-0.2836429992329568
60.0,35.0,3.0,-0.3298175421665755
60.0,35.0,3.025,-0.38353611706705476
60.0,35.0,3.05,-0.44695605392377846
60.0,35.0,3.075,-0.5231265930835727
60.0,35.0,3.1,-0.6164935893218398
60.0,35.0,3.125,-0.7337796969206799
60.0,35.0,3.15,-0.8855948868260816
60.0,35.0,3.175,-1.0895356048345295
60.0,35.0,3.2,-1.3763935840446355
60.0,35.0,3.225,-1.8022014152945731
60.0,35.0,3.25,-2.4589852033836745
60.0,35.0,3.275,-3.261143735365876
60.0,35.0,3.3,-1.0416297430166994
60.0,35.0,3.325,3.5829881903711946
60.0,35.0,3.35,3.144333072824993
60.0,35.0,3.375,2.406039332594151
60.0,35.0,3.4,1.9177292938855972
60.0,35.0,3.425,1.59411594433099
60.0,35.0,3.45,1.3680103386053168
60.0,35.0,3.475,1.2021323390841403
60.0,35.0,3.5,1.0755051551224972
60.0,35.0,3.525,0.9757022639578725
60.0,35.0,3.55,0.8949741223306483
60.0,35.0,3.575,0.828265078561252
60.0,35.0,3.6,0.7721477118192441
60.0,35.0,3.625,0.7242213433631848
60.0,35.0,3.65,0.6827570184262719
60.0,35.0,3.675,0.6464795337723188
60.0,35.0,3.7,0.614428918733469
60.0,35.0,3.725,0.585869738886312
60.0,35.0,3.75,0.560230180967587
60.0,35.0,3.775,0.5370603041652741
60.0,35.0,3.8,0.5160031118815649
60.0,40.0,2.4,0.09531435223368172
60.0,40.0,2.425,0.08364821884648672
60.0,40.0,2.45,0.07153016634264732
60.0,40.0,2.475,0.05889916952241387
60.0,40.0,2.5,0.045685955647871215
60.0,40.0,2.525,0.03181112207356966
60.0,40.0,2.55,0.01718298710797101
60.0,40.0,2.575,0.001694958082480739
60.0,40.0,2.6,-0.014777768988983518
60.0,40.0,2.625,-0.03238240033947516
60.0,40.0,2.65,-0.05129399115199627
60.0,40.0,2.675,-0.07172253535311723
60.0,40.0,2.7,-0.09392225765657096
60.0,40.0,2.725,-0.11820405388358943
60.0,40.0,2.75,-0.1449523962855641
60.0,40.0,2.775,-0.17464858554825666
60.0,40.0,2.8,-0.2079033826781997
60.0,40.0,2.825,-0.2455037123304806
60.0,40.0,2.85,-0.288481013336464
60.0,40.0,2.875,-0.338213831448984
60.0,40.0,2.9,-0.3965862933633098
60.0,40.0,2.925,-0.4662410687082995
60.0,40.0,2.95,-0.5509987049497095
60.0,40.0,2.975,-0.6565838071788562
60.0,40.0,3.0,-0.7919477808547096
60.0,40.0,3.025,-0.9718211526649452
60.0,40.0,3.05,-1.2219522734623463
60.0,40.0,3.075,-1.590391566261924
60.0,40.0,3.1,-2.1700355370446696
60.0,40.0,3.125,-3.0861802275684433
60.0,40.0,3.15,-3.170860414890603
60.0,40.0,3.175,3.106926455335829
60.0,40.0,3.2,3.583722139351174
60.0,40.0,3.225,2.6652549529205167
60.0,40.0,3.25,2.0644237850279086
60.0,40.0,3.275,1.683358156293104
60.0,40.0,3.3,1.4262104605102122
60.0,40.0,3.325,1.242316703889875
60.0,40.0,3.35,1.1045643082603593
60.0,40.0,3.375,0.9975420494726925
60.0,40.0,3.4,0.9119461394930074
60.0,40.0,3.425,0.8418600048182162
60.0,40.0,3.45,0.7833539270988218
60.0,40.0,3.475,0.7337216212482015
60.0,40.0,3.5,0.6910421440292441
60.0,40.0,3.525,0.6539170862169569
60.0,40.0,3.55,0.6213068142235575
60.0,40.0,3.575,0.5924250875968593
60.0,40.0,3.6,0.5666693919636581
60.0,40.0,3.625,0.5435738752798653
60.0,40.0,3.65,0.5227770441515383
60.0,40.0,3.675,0.503999384351281
60.0,40.0,3.7,0.4870277459642163
60.0,40.0,3.725,0.47170526594985374
60.0,40.0,3.75,0.45792289141664116
60.0,40.0,3.775,0.4456173155712281
60.0,40.0,3.8,0.43477232252556336
60.0,45.0,2.4,0.04639308747267514
60.0,45.0,2.425,0.03139584912536196
60.0,45.0,2.45,0.015531575889189266
60.0,45.0,2.475,-0.0013300177448516955
60.0,45.0,2.5,-0.019343031076545593
60.0,45.0,2.525,-0.03869128894150171
60.0,45.0,2.55,-0.0595960805488157
60.0,45.0,2.575,-0.08232642722313395
60.0,45.0,2.6,-0.10721288948379805
60.0,45.0,2.625,-0.13466642318121597
60.0,45.0,2.65,-0.16520462961379787
60.0,45.0,2.675,-0.19948894585023663
60.0,45.0,2.7,-0.23837836798629752
60.0,45.0,2.725,-0.2830091307314633
60.0,45.0,2.75,-0.3349161977582931
60.0,45.0,2.775,-0.3962240236639422
60.0,45.0,2.8,-0.469957410402901
60.0,45.0,2.825,-0.5605697061312612
60.0,45.0,2.85,-0.6748856781731475
60.0,45.0,2.875,-0.823885698076462
60.0,45.0,2.9,-1.0263220785015972
60.0,45.0,2.925,-1.316643996783225
60.0,45.0,2.95,-1.763660623826313
60.0,45.0,2.975,-2.512077926093927
60.0,45.0,3.0,-3.712082920196993
60.0,45.0,3.025,-1.221902087335898
60.0,45.0,3.05,4.298121833157289
60.0,45.0,3.075,3.2127674453937796
60.0,45.0,3.1,2.3644234841058793
60.0,45.0,3.125,1.8624257217104996
60.0,45.0,3.15,1.541961598614368
60.0,45.0,3.175,1.321622865880853
60.0,45.0,3.2,1.1614991334655758
60.0,45.0,3.225,1.0401087199762207
60.0,45.0,3.25,0.9449109324836177
60.0,45.0,3.275,0.8681858388805136
60.0,45.0,3.3,0.8049670556323676
60.0,45.0,3.325,0.7519295360399078
60.0,45.0,3.35,0.7067683532280882
60.0,45.0,3.375,0.6678472556147099
60.0,45.0,3.4,0.6339641873956495
60.0,45.0,3.425,0.6042355633860402
60.0,45.0,3.45,0.5779982930062051
60.0,45.0,3.475,0.5547550336752851
60.0,45.0,3.5,0.5341359611630105
60.0,45.0,3.525,0.515872976204335
60.0,45.0,3.55,0.49978173017146166
60.0,45.0,3.575,0.4857473529205166
60.0,45.0,3.6,0.4737081472338615
60.0,45.0,3.625,0.4636252506870727
60.0,45.0,3.65,0.4554065831524743
60.0,45.0,3.675,0.44868966512042274
60.0,45.0,3.7,0.44217075747808493
60.0,45.0,3.725,0.431452693369436
60.0,45.0,3.75,0.4029594274262103
60.0,45.0,3.775,0.3293236811925252
60.0,45.0,3.8,0.2312689482813791
60.0,50.0,2.4,-0.020212862837769196
60.0,50.0,2.425,-0.04118186376236603
60.0,50.0,2.45,-0.0639505930745665
60.0,50.0,2.475,-0.0888508614092229
60.0,50.0,2.5,-0.11629597612727778
60.0,50.0,2.525,-0.14680768531183438
60.0,50.0,2.55,-0.181054512025679
60.0,50.0,2.575,-0.21990750244689133
60.0,50.0,2.6,-0.26452332299215564
60.0,50.0,2.625,-0.3164717154209868
60.0,50.0,2.65,-0.377937530996525
60.0,50.0,2.675,-0.4520532219105377
60.0,50.0,2.7,-0.5434705610140518
60.0,50.0,2.725,-0.6593980954908665
60.0,50.0,2.75,-0.8116073799769291
60.0,50.0,2.775,-1.020622205901585
60.0,50.0,2.8,-1.325322905913619
60.0,50.0,2.825,-1.8073681170562217
60.0,50.0,2.85,-2.6559054951165004
60.0,50.0,2.875,-4.147004740062091
60.0,50.0,2.9,0.23898216636576322
60.0,50.0,2.925,4.514557723431797
60.0,50.0,2.95,3.078277754807574
60.0,50.0,2.975,2.251658990641981
60.0,50.0,3.0,1.779071800262153
60.0,50.0,3.025,1.4793632725444084
60.0,50.0,3.05,1.2733857637603931
60.0,50.0,3.075,1.123133805915484
60.0,50.0,3.1,1.0086503270500546
60.0,50.0,3.125,0.9184839037845679
60.0,50.0,3.15,0.8457216348015686
60.0,50.0,3.175,0.785777144772612
60.0,50.0,3.2,0.7355340294968641
60.0,50.0,3.225,0.6928320020618257
60.0,50.0,3.25,0.6561423002245426
60.0,50.0,3.275,0.6243646036404953
60.0,50.0,3.3,0.5967000111393561
60.0,50.0,3.325,0.5725704065738636
60.0,50.0,3.35,0.5515662054536189
60.0,50.0,3.375,0.5334109475995052
60.0,50.0,3.4,0.5179332246663857
60.0,50.0,3.425,0.5050328546528159
60.0,50.0,3.45,0.4946115738004419
60.0,50.0,3.475,0.4863792159304274
60.0,50.0,3.5,0.4792267226175953
60.0,50.0,3.525,0.46901227402703355
60.0,50.0,3.55,0.44096546131104924
60.0,50.0,3.575,0.35846056188003694
60.0,50.0,3.6,0.241963204370333
60.0,50.0,3.625,0.21442506691028188
60.0,50.0,3.65,0.2360963795510601
60.0,50.0,3.675,0.2562085096763466
60.0,50.0,3.7,0.2677635346436617
60.0,50.0,3.725,0.27279950203575376
60.0,50.0,3.75,0.27355947974626316
60.0,50.0,3.775,0.27145323583267666
60.0,50.0,3.8,0.2673932151871376
60.0,55.0,2.4,-0.11911779045140085
60.0,55.0,2.425,-0.15219074696498666
60.0,55.0,2.45,-0.18958073193207756
60.0,55.0,2.475,-0.2323648151229812
60.0,55.0,2.5,-0.2820005741406795
60.0,55.0,2.525,-0.3405103660130272
60.0,55.0,2.55,-0.41078354103000375
60.0,55.0,2.575,-0.49709455424325366
60.0,55.0,2.6,-0.6060394779924699
60.0,55.0,2.625,-0.7483413686476015
60.0,55.0,2.65,-0.9426178920509816
60.0,55.0,2.675,-1.2240622985583625
60.0,55.0,2.7,-1.6670604090917085
60.0,55.0,2.725,-2.452370221428246
60.0,55.0,2.75,-4.027112421354867
60.0,55.0,2.775,-2.316463184859292
60.0,55.0,2.8,5.090403759474788
60.0,55.0,2.825,3.2832987884488283
60.0,55.0,2.85,2.3291463625966364
60.0,55.0,2.875,1.8124398241162498
60.0,55.0,2.9,1.49438846035172
60.0,55.0,2.925,1.2798680289822624
60.0,55.0,2.95,1.1255646683024527
60.0,55.0,2.975,1.0092118312925114
60.0,55.0,3.0,0.9182382651607706
60.0,55.0,3.025,0.8450641996999669
60.0,55.0,3.05,0.7849545000025279
60.0,55.0,3.075,0.7348083605372241
60.0,55.0,3.1,0.6924605629708604
60.0,55.0,3.125,0.6563636304685887
60.0,55.0,3.15,0.6254158891802163
60.0,55.0,3.175,0.5988417383142062
60.0,55.0,3.2,0.5761093648870077
60.0,55.0,3.225,0.556874120726938
60.0,55.0,3.25,0.5409308734275163
60.0,55.0,3.275,0.5281449575805877
60.0,55.0,3.3,0.5182767530182181
60.0,55.0,3.325,0.5103932820067049
60.0,55.0,3.35,0.5006059605651857
60.0,55.0,3.375,0.4731139667043512
60.0,55.0,3.4,0.3809324424954378
60.0,55.0,3.425,0.24451512484903123
60.0,55.0,3.45,0.22399191494061052
60.0,55.0,3.475,0.25338520796121944
60.0,55.0,3.5,0.2759566613286916
60.0,55.0,3.525,0.2879640474462977
60.0,55.0,3.55,0.2927769347707126
60.0,55.0,3.575,0.2930363527847192
60.0,55.0,3.6,0.29039354147807545
60.0,55.0,3.625,0.2858677428736699
60.0,55.0,3.65,0.2801028599281883
60.0,55.0,3.675,0.2735281152015893
60.0,55.0,3.7,0.26641875118752517
60.0,55.0,3.725,0.25891103567048035
60.0,55.0,3.75,0.2510975908853761
60.0,55.0,3.775,0.24305068307478422
60.0,55.0,3.8,0.23481235064495704
60.0,60.0,2.4,-0.2866003546650088
60.0,60.0,2.425,-0.3496379838209357
60.0,60.0,2.45,-0.4261448721905179
60.0,60.0,2.475,-0.5213635085064966
60.0,60.0,2.5,-0.6436193576808933
60.0,60.0,2.525,-0.8069534259423783
60.0,60.0,2.55,-1.0369578291158024
60.0,60.0,2.575,-1.3853601371601643
60.0,60.0,2.6,-1.9725712523815366
60.0,60.0,2.625,-3.133595393666325
60.0,60.0,2.65,-5.445358427962014
60.0,60.0,2.675,5.582122526509124
60.0,60.0,2.7,4.098539935945447
60.0,60.0,2.725,2.6817900353588193
60.0,60.0,2.75,1.9966043583559836
60.0,60.0,2.775,1.604211561059763
60.0,60.0,2.8,1.3514795442297314
60.0,60.0,2.825,1.1753347194867052
60.0,60.0,2.85,1.0455502081473755
60.0,60.0,2.875,0.9459382137023064
60.0,60.0,2.9,0.8670826325349622
60.0,60.0,2.925,0.8031434611019119
60.0,60.0,2.95,0.7503139379143587
60.0,60.0,2.975,0.70605356449421
60.0,60.0,3.0,0.6686591873691058
60.0,60.0,3.025,0.6369623942127076
60.0,60.0,3.05,0.6101554875741023
60.0,60.0,3.075,0.5877059182983598
60.0,60.0,3.1,0.5692953440802719
60.0,60.0,3.125,0.5547415903799873
60.0,60.0,3.15,0.543807729240615
60.0,60.0,3.175,0.5355136838824233
60.0,60.0,3.2,0.5251641922886011
60.0,60.0,3.225,0.49089276212611704
60.0,60.0,3.25,0.3662240322453921
60.0,60.0,3.275,0.2280710230468567
60.0,60.0,3.3,0.23924341918572947
60.0,60.0,3.325,0.274838006685673
60.0,60.0,3.35,0.2961988248893253
60.0,60.0,3.375,0.3062208755665133
60.0,60.0,3.4,0.3093195986724994
60.0,60.0,3.425,0.30822907446369524
60.0,60.0,3.45,0.3045369112226297
60.0,60.0,3.475,0.2992039240457366
60.0,60.0,3.5,0.29282273898648065
60.0,60.0,3.525,0.28576543458983833
60.0,60.0,3.55,0.2782677514910694
60.0,60.0,3.575,0.2704787879658447
60.0,60.0,3.6,0.262492262498626
60.0,60.0,3.625,0.25436973015762027
60.0,60.0,3.65,0.24615662557906698
60.0,60.0,3.675,0.23786292157541924
60.0,60.0,3.7,0.22946699240978638
60.0,60.0,3.725,0.22095961038707138
60.0,60.0,3.75,0.212331713657865
60.0,60.0,3.775,0.20356578027164463
60.0,60.0,3.8,0.19463744998243515
60.0,65.0,2.4,-0.6443581474880714
60.0,65.0,2.425,-0.8162156645591581
60.0,65.0,2.45,-1.0619491932456393
60.0,65.0,2.475,-1.4429931661519366
60.0,65.0,2.5,-2.110889298165018
60.0,65.0,2.525,-3.5313541657959804
60.0,65.0,2.55,-6.096030422231012
60.0,65.0,2.575,6.4293253907802095
60.0,65.0,2.6,3.694498887915494
60.0,65.0,2.625,2.4694060006894034
60.0,65.0,2.65,1.8703689022487957
60.0,65.0,2.675,1.520275554303012
60.0,65.0,2.7,1.2912945251436458
60.0,65.0,2.725,1.1298956136137333
60.0,65.0,2.75,1.0099815662459928
60.0,65.0,2.775,0.9173841358906928
60.0,65.0,2.8,0.8437858939537716
60.0,65.0,2.825,0.7840167359848035
60.0,65.0,2.85,0.7347224067928512
60.0,65.0,2.875,0.6936434457199273
60.0,65.0,2.9,0.65921848116306
60.0,65.0,2.925,0.6304127586857297
60.0,65.0,2.95,0.6066080076491089
60.0,65.0,2.975,0.5874752410336943
60.0,65.0,3.0,0.5728474109900688
60.0,65.0,3.025,0.5624184510868213
60.0,65.0,3.05,0.5544370612574092
60.0,65.0,3.075,0.5389283339271141
60.0,65.0,3.1,0.4650339796286518
60.0,65.0,3.125,0.26998297363337176
60.0,65.0,3.15,0.22685175337854188
60.0,65.0,3.175,0.2725825332332771
60.0,65.0,3.2,0.3028595629998607
60.0,65.0,3.225,0.3173040396565026
60.0,65.0,3.25,0.3225046499026364
60.0,65.0,3.275,0.322349920478347
60.0,65.0,3.3,0.3190144912892889
60.0,65.0,3.325,0.31374218093799283
60.0,65.0,3.35,0.30727553761892246
60.0,65.0,3.375,0.30006998515529637
60.0,65.0,3.4,0.29240898555557504
60.0,65.0,3.425,0.2844696555430407
60.0,65.0,3.45,0.2763617519061105
60.0,65.0,3.475,0.2681515095039922
60.0,65.0,3.5,0.2598765080597151
60.0,65.0,3.525,0.25155508685627537
60.0,65.0,3.55,0.24319251607962494
60.0,65.0,3.575,0.23478584690652154
60.0,65.0,3.6,0.22632991739899833
60.0,65.0,3.625,0.21781883449997935
60.0,65.0,3.65,0.20922566497828043
60.0,65.0,3.675,0.20051231567896177
60.0,65.0,3.7,0.1916521223285652
60.0,65.0,3.725,0.18261798882294522
60.0,65.0,3.75,0.17337707382816445
60.0,65.0,3.775,0.16389107044774986
60.0,65.0,3.8,0.1541163568009165
60.0,70.0,2.4,-1.9953478604326613
60.0,70.0,2.425,-3.3387652681429274
60.0,70.0,2.45,-6.62897356400314
60.0,70.0,2.475,7.104787901335129
60.0,70.0,2.5,3.848872075599045
60.0,70.0,2.525,2.5123835185590475
60.0,70.0,2.55,1.8849758281151705
60.0,70.0,2.575,1.5251697505570936
60.0,70.0,2.6,1.2923392928062567
60.0,70.0,2.625,1.129348436593108
60.0,70.0,2.65,1.0088409240808174
60.0,70.0,2.675,0.9161424628929365
60.0,70.0,2.7,0.8427170734824554
60.0,70.0,2.725,0.7833023270879841
60.0,70.0,2.75,0.7345243174372063
60.0,70.0,2.775,0.6941775750500971
60.0,70.0,2.8,0.6608024257253607
60.0,70.0,2.825,0.6334205707072562
60.0,70.0,2.85,0.6114465354836203
60.0,70.0,2.875,0.5946527179334046
60.0,70.0,2.9,0.5829142351936356
60.0,70.0,2.925,0.5751341733747297
60.0,70.0,2.95,0.5631517835629982
60.0,70.0,2.975,0.49475953278827806
60.0,70.0,3.0,0.26950321972849617
60.0,70.0,3.025,0.2276644823693853
60.0,70.0,3.05,0.2832068831124166
60.0,70.0,3.075,0.3156236759963433
60.0,70.0,3.1,0.3300073087275207
60.0,70.0,3.125,0.3345999830304146
60.0,70.0,3.15,0.33375858208255266
60.0,70.0,3.175,0.32977281840830674
60.0,70.0,3.2,0.32392193362887917
60.0,70.0,3.225,0.31695515757651904
60.0,70.0,3.25,0.3093243872998873
60.0,70.0,3.275,0.30130637963456125
60.0,70.0,3.3,0.2930712000545959
60.0,70.0,3.325,0.2847223270738314
60.0,70.0,3.35,0.2763208759535326
60.0,70.0,3.375,0.2679005440659983
60.0,70.0,3.4,0.2594769693006072
60.0,70.0,3.425,0.25105365480719666
60.0,70.0,3.45,0.24262572823554593
60.0,70.0,3.475,0.23418232441764633
60.0,70.0,3.5,0.22570809402866435
60.0,70.0,3.525,0.21718429518820007
60.0,70.0,3.55,0.20859034003059576
60.0,70.0,3.575,0.19990699091068095
60.0,70.0,3.6,0.19111380634693237
60.0,70.0,3.625,0.18217318520464448
60.0,70.0,3.65,0.17304272146288224
60.0,70.0,3.675,0.16368669927170199
60.0,70.0,3.7,0.15406666186476947
60.0,70.0,3.725,0.14413786010466412
60.0,70.0,3.75,0.13384878484468415
60.0,70.0,3.775,0.12314044312156569
60.0,70.0,3.8,0.11194516281265017
60.0,75.0,2.4,4.779957856857943
60.0,75.0,2.425,2.8459221663822425
60.0,75.0,2.45,2.047048117369823
60.0,75.0,2.475,1.619069962967341
60.0,75.0,2.5,1.3530849742680948
60.0,75.0,2.525,1.1717520335721192
60.0,75.0,2.55,1.0401593467463832
60.0,75.0,2.575,0.9403302610336683
60.0,75.0,2.6,0.8621080470660238
60.0,75.0,2.625,0.7993671267700331
60.0,75.0,2.65,0.748247737174926
60.0,75.0,2.675,0.7062629045607786
60.0,75.0,2.7,0.6718297942631907
60.0,75.0,2.725,0.6439935092638501
60.0,75.0,2.75,0.6222227153347317
60.0,75.0,2.775,0.6063201072402429
60.0,75.0,2.8,0.5961668244906808
60.0,75.0,2.825,0.5897214786494661
60.0,75.0,2.85,0.5682840193056565
60.0,75.0,2.875,0.4110397095401209
60.0,75.0,2.9,0.2066448160941085
60.0,75.0,2.925,0.26497077582621975
60.0,75.0,2.95,0.31423424269121314
60.0,75.0,2.975,0.33632593522421783
60.0,75.0,3.0,0.34435944232052473
60.0,75.0,3.025,0.3450595244084112
60.0,75.0,3.05,0.34170367990968953
60.0,75.0,3.075,0.336021941688172
60.0,75.0,3.1,0.3289885762817256
60.0,75.0,3.125,0.32117497104059295
60.0,75.0,3.15,0.3129237513549632
60.0,75.0,3.175,0.30444206856143563
60.0,75.0,3.2,0.2958545100673893
60.0,75.0,3.225,0.2872342657229582
60.0,75.0,3.25,0.2786219679190036
60.0,75.0,3.275,0.2700372954299269
60.0,75.0,3.3,0.26148621711641307
60.0,75.0,3.325,0.25296556012024773
60.0,75.0,3.35,0.24446589524697532
60.0,75.0,3.375,0.23597335327004254
60.0,75.0,3.4,0.2274707416841725
60.0,75.0,3.425,0.21893819340156964
60.0,75.0,3.45,0.2103534960057053
60.0,75.0,3.475,0.2016922279093698
60.0,75.0,3.5,0.1929279558774821
60.0,75.0,3.525,0.18403327812893794
60.0,75.0,3.55,0.17498199277559037
60.0,75.0,3.575,0.16574335391006587
60.0,75.0,3.6,0.15627111515494538
60.0,75.0,3.625,0.1465172689391844
60.0,75.0,3.65,0.13643557785712898
60.0,75.0,3.675,0.1259740827284354
60.0,75.0,3.7,0.1150724522866341
60.0,75.0,3.725,0.10366074127703333
60.0,75.0,3.75,0.0916576742373643
60.0,75.0,3.775,0.07896827762892808
60.0,75.0,3.8,0.06548076726667021
60.0,80.0,2.4,1.4919809045978372
60.0,80.0,2.425,1.266906228987741
60.0,80.0,2.45,1.1095020858446134
60.0,80.0,2.475,0.9932194727376916
60.0,80.0,2.5,0.903890130365648
60.0,80.0,2.525,0.8333076402115104
60.0,80.0,2.55,0.7764490678704805
60.0,80.0,2.575,0.7301400074233951
60.0,80.0,2.6,0.6923706560796178
60.0,80.0,2.625,0.661932673966177
60.0,80.0,2.65,0.6382156121958306
60.0,80.0,2.675,0.6210723571022267
60.0,80.0,2.7,0.6106158808020128
60.0,80.0,2.725,0.6054106970305067
60.0,80.0,2.75,0.5863346661921788
60.0,80.0,2.775,0.4009750501047357
60.0,80.0,2.8,0.1991147393885944
60.0,80.0,2.825,0.2791427085686476
60.0,80.0,2.85,0.32814154887531116
60.0,80.0,2.875,0.34826227449897956
60.0,80.0,2.9,0.3546760101653265
60.0,80.0,2.925,0.35413331659157593
60.0,80.0,2.95,0.34981342274629723
60.0,80.0,2.975,0.34337029747301234
60.0,80.0,3.0,0.3357253726900134
60.0,80.0,3.025,0.3274129874102391
60.0,80.0,3.05,0.318749410665552
60.0,80.0,3.075,0.30992287684684217
60.0,80.0,3.1,0.3010443152807675
60.0,80.0,3.125,0.29217700390828394
60.0,80.0,3.15,0.2833543477420648
60.0,80.0,3.175,0.27459073747000584
60.0,80.0,3.2,0.2658882723099119
60.0,80.0,3.225,0.2572409662196031
60.0,80.0,3.25,0.24863738492384363
60.0,80.0,3.275,0.2400622953647798
60.0,80.0,3.3,0.23149767597861184
60.0,80.0,3.325,0.22292330473168867
60.0,80.0,3.35,0.21431705862773898
60.0,80.0,3.375,0.2056550065601244
60.0,80.0,3.4,0.19691134524587114
60.0,80.0,3.425,0.1880582155806133
60.0,80.0,3.45,0.17906547731006964
60.0,80.0,3.475,0.16990076192542833
60.0,80.0,3.5,0.16053067600758247
60.0,80.0,3.525,0.15092143878954561
60.0,80.0,3.55,0.1410292435053787
60.0,80.0,3.575,0.13079688766421785
60.0,80.0,3.6,0.12016752441248546
60.0,80.0,3.625,0.10907869108971496
60.0,80.0,3.65,0.09745931868944674
60.0,80.0,3.675,0.08522589785116136
60.0,80.0,3.7,0.07228030568909215
60.0,80.0,3.725,0.05850654202785903
60.0,80.0,3.75,0.04376636804353294
60.0,80.0,3.775,0.02789356911297584
60.0,80.0,3.8,0.010686435392211056
60.0,85.0,2.4,0.9749234328226697
60.0,85.0,2.425,0.8897923347320955
60.0,85.0,2.45,0.8224149645113865
60.0,85.0,2.475,0.7681806806040097
60.0,85.0,2.5,0.7241999162495323
60.0,85.0,2.525,0.6886922821881889
60.0,85.0,2.55,0.6606709565645863
60.0,85.0,2.575,0.6397979272160079
60.0,85.0,2.6,0.6263081722720949
60.0,85.0,2.625,0.6203439064916085
60.0,85.0,2.65,0.6146485130593305
60.0,85.0,2.675,0.5124780995435814
60.0,85.0,2.7,0.18744494920016885
60.0,85.0,2.725,0.2643816610156284
60.0,85.0,2.75,0.32904885643441767
60.0,85.0,2.775,0.3547571729970128
60.0,85.0,2.8,0.36317925746926144
60.0,85.0,2.825,0.36330787933029407
60.0,85.0,2.85,0.3590933885731233
60.0,85.0,2.875,0.35250132618710883
60.0,85.0,2.9,0.34459496388902183
60.0,85.0,2.925,0.33597780238669817
60.0,85.0,2.95,0.3270008904079898
60.0,85.0,2.975,0.31787000251667524
60.0,85.0,3.0,0.3087047019930911
60.0,85.0,3.025,0.29957225132364346
60.0,85.0,3.05,0.2905076294485368
60.0,85.0,3.075,0.28152558790171717
60.0,85.0,3.1,0.2726280225121356
60.0,85.0,3.125,0.26380852800256593
60.0,85.0,3.15,0.25505523036468386
60.0,85.0,3.175,0.24635254106629348
60.0,85.0,3.2,0.2376822296029766
60.0,85.0,3.225,0.22902405232027692
60.0,85.0,3.25,0.2203560854992876
60.0,85.0,3.275,0.21165485347844235
60.0,85.0,3.3,0.20289530658651483
60.0,85.0,3.325,0.1940506801083713
60.0,85.0,3.35,0.1850922503118277
60.0,85.0,3.375,0.17598901172777395
60.0,85.0,3.4,0.1667070776336709
60.0,85.0,3.425,0.15720982912573983
60.0,85.0,3.45,0.14745758265677553
60.0,85.0,3.475,0.13740943255387225
60.0,85.0,3.5,0.12701901864044912
60.0,85.0,3.525,0.11622416357838196
60.0,85.0,3.55,0.10495451320561218
60.0,85.0,3.575,0.09313542344150648
60.0,85.0,3.6,0.0806813142874645
60.0,85.0,3.625,0.0674912480423166
60.0,85.0,3.65,0.053445377284795266
60.0,85.0,3.675,0.038400414610455166
60.0,85.0,3.7,0.022183528937150875
60.0,85.0,3.725,0.004584135253557777
60.0,85.0,3.75,-0.014657212389793216
60.0,85.0,3.775,-0.0358640079716034
60.0,85.0,3.8,-0.059444808092596856
60.0,90.0,2.4,0.7715434174494689
60.0,90.0,2.425,0.7277645652429137
60.0,90.0,2.45,0.6927401635167462
60.0,90.0,2.475,0.6655750252011723
60.0,90.0,2.5,0.6461114565589918
60.0,90.0,2.525,0.6349256373126859
60.0,90.0,2.55,0.6322138428198582
60.0,90.0,2.575,0.6203074372610828
60.0,90.0,2.6,0.3661940619714849
60.0,90.0,2.625,0.19873432780853773
60.0,90.0,2.65,0.3074107165540624
60.0,90.0,2.675,0.352715462489327
60.0,90.0,2.7,0.3687869016014541
60.0,90.0,2.725,0.3722085195017962
60.0,90.0,2.75,0.36944217748768615
60.0,90.0,2.775,0.36341932312574315
60.0,90.0,2.8,0.35563645949599326
60.0,90.0,2.825,0.3469124711572839
60.0,90.0,2.85,0.3377122388478513
60.0,90.0,2.875,0.32830381896298483
60.0,90.0,2.9,0.31884149282380686
60.0,90.0,2.925,0.3094120280739927
60.0,90.0,2.95,0.30006134777838556
60.0,90.0,2.975,0.29081027836192036
60.0,90.0,3.0,0.28166401539552965
60.0,90.0,3.025,0.2726178879871075
60.0,90.0,3.05,0.263660896626057
60.0,90.0,3.075,0.25477788971380555
60.0,90.0,3.1,0.24595088776359894
60.0,90.0,3.125,0.23715986825711097
60.0,90.0,3.15,0.2283831988579813
60.0,90.0,3.175,0.2195978360162316
60.0,90.0,3.2,0.21077936827976937
60.0,90.0,3.225,0.20190175887171996
60.0,90.0,3.25,0.1929377225510805
60.0,90.0,3.275,0.1838575903386391
60.0,90.0,3.3,0.17462959790875707
60.0,90.0,3.325,0.16521918160223686
60.0,90.0,3.35,0.1555884384530508
60.0,90.0,3.375,0.14569554145803038
60.0,90.0,3.4,0.1354945807927761
60.0,90.0,3.425,0.12493669595744193
60.0,90.0,3.45,0.11396833126820977
60.0,90.0,3.475,0.10251990109130212
60.0,90.0,3.5,0.09050785815075721
60.0,90.0,3.525,0.07784146779856403
60.0,90.0,3.55,0.06441657438577333
60.0,90.0,3.575,0.050109419755377506
60.0,90.0,3.6,0.0347714945386518
60.0,90.0,3.625,0.018223116542560577
60.0,90.0,3.65,0.0002447251478133656
60.0,90.0,3.675,-0.01943502812954197
60.0,90.0,3.7,-0.04115574916079025
60.0,90.0,3.725,-0.06534843302668514
60.0,90.0,3.75,-0.09256855894820262
60.0,90.0,3.775,-0.12354442644896008
60.0,90.0,3.8,-0.15924934823593226
60.0,95.0,2.4,0.6753261489747596
60.0,95.0,2.425,0.6555550642275867
60.0,95.0,2.45,0.6448901557654582
60.0,95.0,2.475,0.6442571185957247
60.0,95.0,2.5,0.6325750583745446
60.0,95.0,2.525,0.2905092889211825
60.0,95.0,2.55,0.21803252505121848
60.0,95.0,2.575,0.32636261812405304
60.0,95.0,2.6,0.3654926930863879
60.0,95.0,2.625,0.3781823136823799
60.0,95.0,2.65,0.3795868371060531
60.0,95.0,2.675,0.37549431882800777
60.0,95.0,2.7,0.36854190853058155
60.0,95.0,2.725,0.36007400793644717
60.0,95.0,2.75,0.35082427814719047
60.0,95.0,2.775,0.34120587068055064
60.0,95.0,2.8,0.3314537821731451
60.0,95.0,2.825,0.32170055461802655
60.0,95.0,2.85,0.3120183342228055
60.0,95.0,2.875,0.30244300512363786
60.0,95.0,2.9,0.2929883618809922
60.0,95.0,2.925,0.2836545755843932
60.0,95.0,2.95,0.2744333126212512
60.0,95.0,2.975,0.2653108485767503
60.0,95.0,3.0,0.2562699612660748
60.0,95.0,3.025,0.24729106286684022
60.0,95.0,3.05,0.2383528580849717
60.0,95.0,3.075,0.2294324889863703
60.0,95.0,3.1,0.2205063367374474
60.0,95.0,3.125,0.21154895483251732
60.0,95.0,3.15,0.20253374564461443
60.0,95.0,3.175,0.1934324439549501
60.0,95.0,3.2,0.1842148415909331
60.0,95.0,3.225,0.17484839889617648
60.0,95.0,3.25,0.1652977594906223
60.0,95.0,3.275,0.15552415196046665
60.0,95.0,3.3,0.14548466312256755
60.0,95.0,3.325,0.1351314362399351
60.0,95.0,3.35,0.12441121959339423
60.0,95.0,3.375,0.11326630510610144
60.0,95.0,3.4,0.10163314610076492
60.0,95.0,3.425,0.08943026488417576
60.0,95.0,3.45,0.07655836259153165
60.0,95.0,3.475,0.0629070657621253
60.0,95.0,3.5,0.04834804863588686
60.0,95.0,3.525,0.03272725238873655
60.0,95.0,3.55,0.015857630112438046
60.0,95.0,3.575,-0.0024901363169293747
60.0,95.0,3.6,-0.022600390877780693
60.0,95.0,3.625,-0.04483028184447888
60.0,95.0,3.65,-0.06963492468711587
60.0,95.0,3.675,-0.09760371423974211
60.0,95.0,3.7,-0.12951393081790982
60.0,95.0,3.725,-0.1664119519672589
60.0,95.0,3.75,-0.2097399409359695
60.0,95.0,3.775,-0.2615400885640967
60.0,95.0,3.8,-0.3247959919368804
60.0,100.0,2.4,0.6545928636493248
60.0,100.0,2.425,0.6558682264097134
60.0,100.0,2.45,0.35777225898837145
60.0,100.0,2.475,0.20115535871139284
60.0,100.0,2.5,0.329008627888101
60.0,100.0,2.525,0.3720726789212063
60.0,100.0,2.55,0.38543848613566334
60.0,100.0,2.575,0.38673328710905885
60.0,100.0,2.6,0.38230777142719774
60.0,100.0,2.625,0.37496321594713966
60.0,100.0,2.65,0.3661042191182777
60.0,100.0,2.675,0.35648549718006317
60.0,100.0,2.7,0.34652547159710434
60.0,100.0,2.725,0.33645831898949274
60.0,100.0,2.75,0.3264145456647605
60.0,100.0,2.775,0.31646354248880726
60.0,100.0,2.8,0.3066383616670973
60.0,100.0,2.825,0.29695020251875204
60.0,100.0,2.85,0.2873969581385238
60.0,100.0,2.875,0.2779683291197128
60.0,100.0,2.9,0.26864890513471834
60.0,100.0,2.925,0.25941938823733707
60.0,100.0,2.95,0.25026065026763217
60.0,100.0,2.975,0.2411486889674855
60.0,100.0,3.0,0.23206029548304016
60.0,100.0,3.025,0.2229706613856998
60.0,100.0,3.05,0.21385375709937232
60.0,100.0,3.075,0.20468218728434937
60.0,100.0,3.1,0.19542694561670565
60.0,100.0,3.125,0.18605708613736205
60.0,100.0,3.15,0.17653931048801833
60.0,100.0,3.175,0.1668374613390455
60.0,100.0,3.2,0.15691190342518324
60.0,100.0,3.225,0.14671876422021385
60.0,100.0,3.25,0.13620900548460657
60.0,100.0,3.275,0.1253273703987832
60.0,100.0,3.3,0.11401169348612035
60.0,100.0,3.325,0.1021937935471489
60.0,100.0,3.35,0.08979726588082781
60.0,100.0,3.375,0.07672376517067452
60.0,100.0,3.4,0.06285399577681824
60.0,100.0,3.425,0.04805267829437935
60.0,100.0,3.45,0.03215958135992548
60.0,100.0,3.475,0.014979825961342346
60.0,100.0,3.5,-0.0037264033926436594
60.0,100.0,3.525,-0.024257600725590862
60.0,100.0,3.55,-0.0469901999864019
60.0,100.0,3.575,-0.07240604522686003
60.0,100.0,3.6,-0.1011323458692145
60.0,100.0,3.625,-0.13400118183113657
60.0,100.0,3.65,-0.17214058732127305
60.0,100.0,3.675,-0.21711843585704407
60.0,100.0,3.7,-0.27117929742558866
60.0,100.0,3.725,-0.33764115242682274
60.0,100.0,3.75,-0.42162445244597957
60.0,100.0,3.775,-0.5313941499589143
60.0,100.0,3.8,-0.6810281730584609
60.0,105.0,2.4,0.12850370565589955
60.0,105.0,2.425,0.3114103993794228
60.0,105.0,2.45,0.37200511556320426
60.0,105.0,2.475,0.3906855853718491
60.0,105.0,2.5,0.39384393198739076
60.0,105.0,2.525,0.39004011995311444
60.0,105.0,2.55,0.38279407214081057
60.0,105.0,2.575,0.37379543399397025
60.0,105.0,2.6,0.36392775248351056
60.0,105.0,2.625,0.353672779060112
60.0,105.0,2.65,0.34329702965405906
60.0,105.0,2.675,0.33294680998861315
60.0,105.0,2.7,0.32269880501235654
60.0,105.0,2.725,0.3125891357140838
60.0,105.0,2.75,0.30263030217139997
60.0,105.0,2.775,0.29282021416725584
60.0,105.0,2.8,0.28314771313612835
60.0,105.0,2.825,0.27359694719575556
60.0,105.0,2.85,0.2641478835688748
60.0,105.0,2.875,0.25477857983861263
60.0,105.0,2.9,0.24546561464379882
60.0,105.0,2.925,0.23618432445490517
60.0,105.0,2.95,0.22690893399398948
60.0,105.0,2.975,0.217612508336929
60.0,105.0,3.0,0.20826678828314782
60.0,105.0,3.025,0.19884193161628588
60.0,105.0,3.05,0.18930616888680643
60.0,105.0,3.075,0.17962537268628442
60.0,105.0,3.1,0.16976253115706022
60.0,105.0,3.125,0.1596771080432116
60.0,105.0,3.15,0.14932426147923863
60.0,105.0,3.175,0.13865388153062244
60.0,105.0,3.2,0.12760940237099153
60.0,105.0,3.225,0.11612643004490471
60.0,105.0,3.25,0.10413177760139908
60.0,105.0,3.275,0.09154423294794461
60.0,105.0,3.3,0.0782705240030016
60.0,105.0,3.325,0.06419015595842013
60.0,105.0,3.35,0.04915814249342928
60.0,105.0,3.375,0.033006340075592736
60.0,105.0,3.4,0.015531594672038393
60.0,105.0,3.425,-0.003516852009858631
60.0,105.0,3.45,-0.02445243690402904
60.0,105.0,3.475,-0.047672216290948664
60.0,105.0,3.5,-0.07368694621172799
60.0,105.0,3.525,-0.10316522635527897
60.0,105.0,3.55,-0.13700180920616442
60.0,105.0,3.575,-0.17640951075058486
60.0,105.0,3.6,-0.22310502254580655
60.0,105.0,3.625,-0.2795596510444232
60.0,105.0,3.65,-0.3494845372114026
60.0,105.0,3.675,-0.4386983154074099
60.0,105.0,3.7,-0.5568231005799317
60.0,105.0,3.725,-0.7208249261882923
60.0,105.0,3.75,-0.9629394669823963
60.0,105.0,3.775,-1.3495979390197939
60.0,105.0,3.8,-2.006722137348663
60.0,110.0,2.4,0.39190938191669167
60.0,110.0,2.425,0.400135783615151
60.0,110.0,2.45,0.39835900544592545
60.0,110.0,2.475,0.3918861965802807
60.0,110.0,2.5,0.38307900965365926
60.0,110.0,2.525,0.37311784970961126
60.0,110.0,2.55,0.3626293327544309
60.0,110.0,2.575,0.3519545002241476
60.0,110.0,2.6,0.34127887585543154
60.0,110.0,2.625,0.33070039621744785
60.0,110.0,2.65,0.32026650908708854
60.0,110.0,2.675,0.30999517891738243
60.0,110.0,2.7,0.2998857430144812
60.0,110.0,2.725,0.2899302326215479
60.0,110.0,2.75,0.2801100950711675
60.0,110.0,2.775,0.2704056582821132
60.0,110.0,2.8,0.26079414306651166
60.0,110.0,2.825,0.2512510929033684
60.0,110.0,2.85,0.2417507963967493
60.0,110.0,2.875,0.2322664349655207
60.0,110.0,2.9,0.22277005288945287
60.0,110.0,2.925,0.2132323990600052
60.0,110.0,2.95,0.203622666381011
60.0,110.0,2.975,0.1939081398411349
60.0,110.0,3.0,0.1840537535555144
60.0,110.0,3.025,0.1740215482789284
60.0,110.0,3.05,0.16377001241789874
60.0,110.0,3.075,0.15325327993313323
60.0,110.0,3.1,0.1424201460991845
60.0,110.0,3.125,0.13121284612179115
60.0,110.0,3.15,0.11956553323626683
60.0,110.0,3.175,0.10740248855257355
60.0,110.0,3.2,0.09463673624255729
60.0,110.0,3.225,0.08117025705230439
60.0,110.0,3.25,0.06688753930701026
60.0,110.0,3.275,0.05164002784648571
60.0,110.0,3.3,0.035249034930279914
60.0,110.0,3.325,0.017502039203455284
60.0,110.0,3.35,-0.0018627464078319403
60.0,110.0,3.375,-0.023173837934995986
60.0,110.0,3.4,-0.04684950010647566
60.0,110.0,3.425,-0.07342988918429041
60.0,110.0,3.45,-0.10362761170608684
60.0,110.0,3.475,-0.13839961310339088
60.0,110.0,3.5,-0.17906375454607182
60.0,110.0,3.525,-0.22748587783453988
60.0,110.0,3.55,-0.28639577924882825
60.0,110.0,3.575,-0.35994718691787847
60.0,110.0,3.6,-0.4547690325324025
60.0,110.0,3.625,-0.5820796276307942
60.0,110.0,3.65,-0.7622958781013652
60.0,110.0,3.675,-1.0359806806165996
60.0,110.0,3.7,-1.490682026414591
60.0,110.0,3.725,-2.2835980453483975
60.0,110.0,3.75,-1.9904497350039256
60.0,110.0,3.775,2.963241297551034
60.0,110.0,3.8,2.3493018510525587
60.0,115.0,2.4,0.4017457997012377
60.0,115.0,2.425,0.39372237252599684
60.0,115.0,2.45,0.38394963405028976
60.0,115.0,2.475,0.37335065221551184
60.0,115.0,2.5,0.3624159849650849
60.0,115.0,2.525,0.3514098451720756
60.0,115.0,2.55,0.34047244133189825
60.0,115.0,2.575,0.3296740464397238
60.0,115.0,2.6,0.3190434404155746
60.0,115.0,2.625,0.3085911990589841
60.0,115.0,2.65,0.2983064070881692
60.0,115.0,2.675,0.28817484424637174
60.0,115.0,2.7,0.27817605154392977
60.0,115.0,2.725,0.26828654074107516
60.0,115.0,2.75,0.25848104613183903
60.0,115.0,2.775,0.24873283524051573
60.0,115.0,2.8,0.23901398416082326
60.0,115.0,2.825,0.22929541724809585
60.0,115.0,2.85,0.21954677715833454
60.0,115.0,2.875,0.2097361743631453
60.0,115.0,2.9,0.1998298350553838
60.0,115.0,2.925,0.18979165121150512
60.0,115.0,2.95,0.1795826260356879
60.0,115.0,2.975,0.169160198733168
60.0,115.0,3.0,0.1584774227972806
60.0,115.0,3.025,0.1474819601424992
60.0,115.0,3.05,0.1361148375795683
60.0,115.0,3.075,0.1243088911662961
60.0,115.0,3.1,0.11198680938153856
60.0,115.0,3.125,0.09905878184774926
60.0,115.0,3.15,0.0854204149972291
60.0,115.0,3.175,0.07095171305707208
60.0,115.0,3.2,0.05550827563486146
60.0,115.0,3.225,0.0389058810746181
60.0,115.0,3.25,0.02092067720328706
60.0,115.0,3.275,0.0012796801371276986
60.0,115.0,3.3,-0.02035997802898333
60.0,115.0,3.325,-0.04443721031861423
60.0,115.0,3.35,-0.07152141548605877
60.0,115.0,3.375,-0.10236772902060039
60.0,115.0,3.4,-0.13799816607438162
60.0,115.0,3.425,-0.17983133691141331
60.0,115.0,3.45,-0.2298950822844043
60.0,115.0,3.475,-0.291190938329098
60.0,115.0,3.5,-0.36835218501238753
60.0,115.0,3.525,-0.4689084103072102
60.0,115.0,3.55,-0.605905776638271
60.0,115.0,3.575,-0.8038489244137147
60.0,115.0,3.6,-1.113574649787123
60.0,115.0,3.625,-1.6507908308639425
60.0,115.0,3.65,-2.590616189498142
60.0,115.0,3.675,-0.3468812146287562
60.0,115.0,3.7,3.0261544211972873
60.0,115.0,3.725,2.1172104573608723
60.0,115.0,3.75,1.5563188699779213
60.0,115.0,3.775,1.2338661748166222
60.0,115.0,3.8,1.029021123169775
60.0,120.0,2.4,0.38572464105069093
60.0,120.0,2.425,0.37464811761478484
60.0,120.0,2.45,0.36334481223176324
60.0,120.0,2.475,0.3520373959417977
60.0,120.0,2.5,0.34084045679038855
60.0,120.0,2.525,0.32980891847941446
60.0,120.0,2.55,0.31896240971086726
60.0,120.0,2.575,0.3082999257601457
60.0,120.0,2.6,0.2978094170615908
60.0,120.0,2.625,0.28747170452331083
60.0,120.0,2.65,0.2772634108607415
60.0,120.0,2.675,0.2671586123451211
60.0,120.0,2.7,0.2571294773188572
60.0,120.0,2.725,0.24714688808347557
60.0,120.0,2.75,0.23718065788265022
60.0,120.0,2.775,0.227199260963013
60.0,120.0,2.8,0.21716964102117253
60.0,120.0,2.825,0.2070568848587902
60.0,120.0,2.85,0.19682377465160536
60.0,120.0,2.875,0.18643022616147684
60.0,120.0,2.9,0.17583260052448677
60.0,120.0,2.925,0.1649828650926665
60.0,120.0,2.95,0.1538275665025237
60.0,120.0,2.975,0.1423065638105242
60.0,120.0,3.0,0.13035144870009285
60.0,120.0,3.025,0.117883551653916
60.0,120.0,3.05,0.10481140797617797
60.0,120.0,3.075,0.09102763417569239
60.0,120.0,3.1,0.07640573046608627
60.0,120.0,3.125,0.0607970946666886
60.0,120.0,3.15,0.04402019243372694
60.0,120.0,3.175,0.02584790548581865
60.0,120.0,3.2,0.005986476941111736
60.0,120.0,3.225,-0.015912971252483248
60.0,120.0,3.25,-0.04030847667763743
60.0,120.0,3.275,-0.06779641472784871
60.0,120.0,3.3,-0.09917107451180326
60.0,120.0,3.325,-0.13551472756682298
60.0,120.0,3.35,-0.17834130642795235
60.0,120.0,3.375,-0.22983502548105295
60.0,120.0,3.4,-0.29326546686987615
60.0,120.0,3.425,-0.37375069887975276
60.0,120.0,3.45,-0.4797573943369865
60.0,120.0,3.475,-0.6263012761072299
60.0,120.0,3.5,-0.8424899347617124
60.0,120.0,3.525,-1.191389197269828
60.0,120.0,3.55,-1.8237769402875008
60.0,120.0,3.575,-2.8657275726073177
60.0,120.0,3.6,1.8105506760274859
60.0,120.0,3.625,2.8028668200245295
60.0,120.0,3.65,1.911380058652136
60.0,120.0,3.675,1.4300259252055312
60.0,120.0,3.7,1.149538483013466
60.0,120.0,3.725,0.9679391890057559
60.0,120.0,3.75,0.8409036426014936
60.0,120.0,3.775,0.7468157975750859
60.0,120.0,3.8,0.6740321867747314
60.0,125.0,2.4,0.36542027712859243
60.0,125.0,2.425,0.35381242547960506
60.0,125.0,2.45,0.34234305722310887
60.0,125.0,2.475,0.3310554080785858
60.0,125.0,2.5,0.319963316222213
60.0,125.0,2.525,0.30906187783273237
60.0,125.0,2.55,0.29833526013497536
60.0,125.0,2.575,0.28776127767874154
60.0,125.0,2.6,0.2773139515743823
60.0,125.0,2.625,0.26696490175727894
60.0,125.0,2.65,0.25668406738875454
60.0,125.0,2.675,0.24644005867280885
60.0,125.0,2.7,0.23620000392158708
60.0,125.0,2.725,0.22592956559950575
60.0,125.0,2.75,0.2155927004598562
60.0,125.0,2.775,0.20515106807771022
60.0,125.0,2.8,0.19456349704078818
60.0,125.0,2.825,0.18378530203807936
60.0,125.0,2.85,0.1727674339651794
60.0,125.0,2.875,0.16145543608317986
60.0,125.0,2.9,0.14978815630437983
60.0,125.0,2.925,0.13769614392417773
60.0,125.0,2.95,0.12509963053929452
60.0,125.0,2.975,0.11190595544168931
60.0,125.0,3.0,0.09800625145325491
60.0,125.0,3.025,0.08327123087424121
60.0,125.0,3.05,0.067546188298934
60.0,125.0,3.075,0.05064936655763382
60.0,125.0,3.1,0.032345859417227535
60.0,125.0,3.125,0.012345840330893101
60.0,125.0,3.15,-0.009717366519297985
60.0,125.0,3.175,-0.03431486040839921
60.0,125.0,3.2,-0.06206357858661698
60.0,125.0,3.225,-0.09378930805364669
60.0,125.0,3.25,-0.1306237906148436
60.0,125.0,3.275,-0.17416108901808502
60.0,125.0,3.3,-0.226720136425751
60.0,125.0,3.325,-0.29180754472633946
60.0,125.0,3.35,-0.37498252735432047
60.0,125.0,3.375,-0.4855928669382223
60.0,125.0,3.4,-0.640579406004044
60.0,125.0,3.425,-0.8737808949118597
60.0,125.0,3.45,-1.261662351457526
60.0,125.0,3.475,-1.9958042945885408
60.0,125.0,3.5,-2.9975160669084264
60.0,125.0,3.525,3.0581687570222496
60.0,125.0,3.55,2.550474077774703
60.0,125.0,3.575,1.748752188654779
60.0,125.0,3.6,1.3285202394166957
60.0,125.0,3.625,1.0798721700399874
60.0,125.0,3.65,0.9165487282082508
60.0,125.0,3.675,0.8008255075542497
60.0,125.0,3.7,0.714209167133113
60.0,125.0,3.725,0.6466466462820329
60.0,125.0,3.75,0.592190916082273
60.0,125.0,3.775,0.54710753926515
60.0,125.0,3.8,0.5089371586264945
60.0,130.0,2.4,0.34494851546199395
60.0,130.0,2.425,0.3333762918680073
60.0,130.0,2.45,0.32200841984209155
60.0,130.0,2.475,0.3108370768114676
60.0,130.0,2.5,0.29984382545860855
60.0,130.0,2.525,0.28900402439647493
60.0,130.0,2.55,0.2782892993882879
60.0,130.0,2.575,0.26766888965907315
60.0,130.0,2.6,0.2571103214419014
60.0,130.0,2.625,0.2465796208373256
60.0,130.0,2.65,0.23604126372439674
60.0,130.0,2.675,0.22545797571144985
60.0,130.0,2.7,0.2147901735231991
60.0,130.0,2.725,0.2039955802923483
60.0,130.0,2.75,0.19302859075687967
60.0,130.0,2.775,0.18183928550713904
60.0,130.0,2.8,0.17037240379795301
60.0,130.0,2.825,0.15856605487526293
60.0,130.0,2.85,0.14635010201564927
60.0,130.0,2.875,0.1336441273680664
60.0,130.0,2.9,0.1203548381772075
60.0,130.0,2.925,0.10637270965777104
60.0,130.0,2.95,0.09156753045725126
60.0,130.0,2.975,0.07578217318796422
60.0,130.0,3.0,0.058834049078104314
60.0,130.0,3.025,0.04048139949434974
60.0,130.0,3.05,0.02043824273438085
60.0,130.0,3.075,-0.0016683241262884074
60.0,130.0,3.1,-0.026318281482128662
60.0,130.0,3.125,-0.05414107948188665
60.0,130.0,3.15,-0.08598199191377702
60.0,130.0,3.175,-0.12300466212778412
60.0,130.0,3.2,-0.16685705455557248
60.0,130.0,3.225,-0.21995249334047756
60.0,130.0,3.25,-0.28597045255495673
60.0,130.0,3.275,-0.37080459401228816
60.0,130.0,3.3,-0.48450268887569015
60.0,130.0,3.325,-0.6456079909833314
60.0,130.0,3.35,-0.8921336393112442
60.0,130.0,3.375,-1.3133399903943965
60.0,130.0,3.4,-2.1435158668563887
60.0,130.0,3.425,-2.902451233973305
60.0,130.0,3.45,3.421896079378721
60.0,130.0,3.475,2.3497578243661104
60.0,130.0,3.5,1.6287063413612382
60.0,130.0,3.525,1.2518900971277676
60.0,130.0,3.55,1.0258310580171943
60.0,130.0,3.575,0.8755719842897205
60.0,130.0,3.6,0.7682511169742947
60.0,130.0,3.625,0.6874272725897671
60.0,130.0,3.65,0.6239761338252073
60.0,130.0,3.675,0.5725372902542114
60.0,130.0,3.7,0.529748157798767
60.0,130.0,3.725,0.49337108261281365
60.0,130.0,3.75,0.46185945105019593
60.0,130.0,3.775,0.4341101432583934
60.0,130.0,3.8,0.4093139505971624
60.0,135.0,2.4,0.32507556335022486
60.0,135.0,2.425,0.31360298046470503
60.0,135.0,2.45,0.3023127698344451
60.0,135.0,2.475,0.2911782278484571
60.0,135.0,2.5,0.2801687490084368
60.0,135.0,2.525,0.2692511916490082
60.0,135.0,2.55,0.25839052443722216
60.0,135.0,2.575,0.24755002775005072
60.0,135.0,2.6,0.23669120274060887
60.0,135.0,2.625,0.22577342415440996
60.0,135.0,2.65,0.214753437699848
60.0,135.0,2.675,0.20358474024957782
60.0,135.0,2.7,0.1922165962836435
60.0,135.0,2.725,0.180593142668892
60.0,135.0,2.75,0.16865214049997598
60.0,135.0,2.775,0.15632324341003984
60.0,135.0,2.8,0.14352599092797702
60.0,135.0,2.825,0.1301672308412886
60.0,135.0,2.85,0.11613776039526806
60.0,135.0,2.875,0.10130774041599805
60.0,135.0,2.9,0.08552185117156545
60.0,135.0,2.925,0.06859607643489558
60.0,135.0,2.95,0.050289160182952805
60.0,135.0,2.975,0.030314876213924848
60.0,135.0,3.0,0.008304238001902489
60.0,135.0,3.025,-0.016222393603165103
60.0,135.0,3.05,-0.04389636260884158
60.0,135.0,3.075,-0.07556658846594279
60.0,135.0,3.1,-0.11240471255365043
60.0,135.0,3.125,-0.15607581712738944
60.0,135.0,3.15,-0.20902901019523146
60.0,135.0,3.175,-0.2750186478220004
60.0,135.0,3.2,-0.36010251451272357
60.0,135.0,3.225,-0.4747027905827786
60.0,135.0,3.25,-0.6383123591434154
60.0,135.0,3.275,-0.8916704412371814
60.0,135.0,3.3,-1.3334598480900122
60.0,135.0,3.325,-2.2360806024429403
60.0,135.0,3.35,-2.7121686549439334
60.0,135.0,3.375,3.4699840546947867
60.0,135.0,3.4,2.218929609449377
60.0,135.0,3.425,1.5483888655478033
60.0,135.0,3.45,1.1983507221085115
60.0,135.0,3.475,0.9868731434689519
60.0,135.0,3.5,0.845384310027155
60.0,135.0,3.525,0.7437393316889414
60.0,135.0,3.55,0.6668255718384628
60.0,135.0,3.575,0.6062887561425518
60.0,135.0,3.6,0.5571063925846587
60.0,135.0,3.625,0.5160553753455299
60.0,135.0,3.65,0.48103889833187624
60.0,135.0,3.675,0.4506214447654885
60.0,135.0,3.7,0.42377045536270064
60.0,135.0,3.725,0.3997233217872364
60.0,135.0,3.75,0.377903781596312
60.0,135.0,3.775,0.35786652181569845
60.0,135.0,3.8,0.3392598775073838
60.0,140.0,2.4,0.30573516277070706
60.0,140.0,2.425,0.29427745150452506
60.0,140.0,2.45,0.2829466643362268
60.0,140.0,2.475,0.27170726167506826
60.0,140.0,2.5,0.2605215629184597
60.0,140.0,2.525,0.24934992991987467
60.0,140.0,2.55,0.2381506177475418
60.0,140.0,2.575,0.22687938831292065
60.0,140.0,2.6,0.21548892474598447
60.0,140.0,2.625,0.20392799867565256
60.0,140.0,2.65,0.19214045436066252
60.0,140.0,2.675,0.18006399361041145
60.0,140.0,2.7,0.1676284547691978
60.0,140.0,2.725,0.15475396535458408
60.0,140.0,2.75,0.14134844273981084
60.0,140.0,2.775,0.12730418078266706
60.0,140.0,2.8,0.11249333613171439
60.0,140.0,2.825,0.09676283015371796
60.0,140.0,2.85,0.0799338419093812
60.0,140.0,2.875,0.061768281109551626
60.0,140.0,2.9,0.04198369192125804
60.0,140.0,2.925,0.020218199538429363
60.0,140.0,2.95,-0.0039963857746222785
60.0,140.0,2.975,-0.03127895387878662
60.0,140.0,3.0,-0.062463272614665555
60.0,140.0,3.025,-0.09870057738876607
60.0,140.0,3.05,-0.14162861647793135
60.0,140.0,3.075,-0.19365975569803437
60.0,140.0,3.1,-0.2585006695169956
60.0,140.0,3.125,-0.34214820178293676
60.0,140.0,3.15,-0.45496302186163573
60.0,140.0,3.175,-0.616441848997746
60.0,140.0,3.2,-0.8677459498094579
60.0,140.0,3.225,-1.3105426577381094
60.0,140.0,3.25,-2.2405555881805954
60.0,140.0,3.275,-2.7710978565429856
60.0,140.0,3.3,3.5054887957755505
60.0,140.0,3.325,2.1613858404356514
60.0,140.0,3.35,1.5060094614797648
60.0,140.0,3.375,1.16708564606772
60.0,140.0,3.4,0.9625961046933526
60.0,140.0,3.425,0.8257269925661624
60.0,140.0,3.45,0.7273058753407793
60.0,140.0,3.475,0.6527322716862647
60.0,140.0,3.5,0.593928046791837
60.0,140.0,3.525,0.5460788423196641
60.0,140.0,3.55,0.5061464215331912
60.0,140.0,3.575,0.47207915645663234
60.0,140.0,3.6,0.442434165438612
60.0,140.0,3.625,0.4162170639151806
60.0,140.0,3.65,0.3927040191500838
60.0,140.0,3.675,0.3713433978874578
60.0,140.0,3.7,0.35170645206891543
60.0,140.0,3.725,0.3334536573007035
60.0,140.0,3.75,0.3163105965398277
60.0,140.0,3.775,0.30005064549750743
60.0,140.0,3.8,0.28448240540494024
60.0,145.0,2.4,0.286630203769474
60.0,145.0,2.425,0.2750451090643959
60.0,145.0,2.45,0.26351264309387273
60.0,145.0,2.475,0.2519901004550256
60.0,145.0,2.5,0.24043231493245057
60.0,145.0,2.525,0.22879119365360437
60.0,145.0,2.55,0.21701501066066095
60.0,145.0,2.575,0.2050474770713922
60.0,145.0,2.6,0.19282655631608947
60.0,145.0,2.625,0.18028289124004218
60.0,145.0,2.65,0.16733788309537437
60.0,145.0,2.675,0.15390131508661667
60.0,145.0,2.7,0.1398680476253129
60.0,145.0,2.725,0.125113909092162
60.0,145.0,2.75,0.1094896473823987
60.0,145.0,2.775,0.09282309189968015
60.0,145.0,2.8,0.07488664567971251
60.0,145.0,2.825,0.0554056217880836
60.0,145.0,2.85,0.03403178702292595
60.0,145.0,2.875,0.010315139120252207
60.0,145.0,2.9,-0.016336249320399638
60.0,145.0,2.925,-0.04671994116306797
60.0,145.0,2.95,-0.08193677847501223
60.0,145.0,2.975,-0.12355019850943158
60.0,145.0,3.0,-0.17385969678655563
60.0,145.0,3.025,-0.23639133773202287
60.0,145.0,3.05,-0.3168391811225436
60.0,145.0,3.075,-0.4250191838641816
60.0,145.0,3.1,-0.5793622882975448
60.0,145.0,3.125,-0.8187229982692455
60.0,145.0,3.15,-1.2393826893656976
60.0,145.0,3.175,-2.1326407175492883
60.0,145.0,3.2,-3.2263626974440918
60.0,145.0,3.225,3.649043785395056
60.0,145.0,3.25,2.184202577722915
60.0,145.0,3.275,1.5026077103891244
60.0,145.0,3.3,1.1584655780786608
60.0,145.0,3.325,0.9532261822120452
60.0,145.0,3.35,0.8167514717745065
60.0,145.0,3.375,0.7190075324348741
60.0,145.0,3.4,0.6451372463761851
60.0,145.0,3.425,0.5869819352509075
60.0,145.0,3.45,0.5396974238284089
60.0,145.0,3.475,0.5002304049549051
60.0,145.0,3.5,0.4665691327031626
60.0,145.0,3.525,0.43733382554064487
60.0,145.0,3.55,0.4115023159819205
60.0,145.0,3.575,0.3883177625836272
60.0,145.0,3.6,0.3672413165903244
60.0,145.0,3.625,0.3478590513652973
60.0,145.0,3.65,0.3298400069052108
60.0,145.0,3.675,0.3129155038780484
60.0,145.0,3.7,0.29686356648085493
60.0,145.0,3.725,0.28149711671906447
60.0,145.0,3.75,0.26665080444498324
60.0,145.0,3.775,0.25218667783614584
60.0,145.0,3.8,0.23797038775130008
60.0,150.0,2.4,0.26738325932684615
60.0,150.0,2.425,0.25549140820075117
60.0,150.0,2.45,0.24355902369370735
60.0,150.0,2.475,0.2315339767974459
60.0,150.0,2.5,0.21935994001255982
60.0,150.0,2.525,0.20697528641634808
60.0,150.0,2.55,0.1943116745823053
60.0,150.0,2.575,0.1812922748206462
60.0,150.0,2.6,0.1678295088892009
60.0,150.0,2.625,0.15382198370166603
60.0,150.0,2.65,0.13915059247104383
60.0,150.0,2.675,0.12367320498632979
60.0,150.0,2.7,0.10721978621452459
60.0,150.0,2.725,0.0895861772720813
60.0,150.0,2.75,0.07050495363821106
60.0,150.0,2.775,0.0496491792911644
60.0,150.0,2.8,0.026596019319968228
60.0,150.0,2.825,0.0007905984359852848
60.0,150.0,2.85,-0.02851013203878285
60.0,150.0,2.875,-0.06232809810240896
60.0,150.0,2.9,-0.10211008971691078
60.0,150.0,2.925,-0.14997278236771783
60.0,150.0,2.95,-0.20914336817975937
60.0,150.0,2.975,-0.28479604280830617
60.0,150.0,3.0,-0.3857723601088899
60.0,150.0,3.025,-0.528489833213524
60.0,150.0,3.05,-0.7470725686764987
60.0,150.0,3.075,-1.1247234947996971
60.0,150.0,3.1,-1.9147087134065643
60.0,150.0,3.125,-3.5828344995431167
60.0,150.0,3.15,3.9157025899850773
60.0,150.0,3.175,2.3093131499918913
60.0,150.0,3.2,1.544168932038188
60.0,150.0,3.225,1.1747993942129373
60.0,150.0,3.25,0.9598749243268612
60.0,150.0,3.275,0.8190752489396376
60.0,150.0,3.3,0.7192189755534709
60.0,150.0,3.325,0.6442674234155781
60.0,150.0,3.35,0.5855535656179881
60.0,150.0,3.375,0.5379913119172544
60.0,150.0,3.4,0.49840073657680745
60.0,150.0,3.425,0.4646918404580055
60.0,150.0,3.45,0.43543738122028697
60.0,150.0,3.475,0.40963803180146763
60.0,150.0,3.5,0.38655765932068537
60.0,150.0,3.525,0.36560199507868407
60.0,150.0,3.55,0.3463319222214805
60.0,150.0,3.575,0.3284236566853065
60.0,150.0,3.6,0.3116143189019838
60.0,150.0,3.625,0.29567691437415206
60.0,150.0,3.65,0.28044329290707537
60.0,150.0,3.675,0.26573900048104254
60.0,150.0,3.7,0.25142610310302455
60.0,150.0,3.725,0.23737631755669852
60.0,150.0,3.75,0.2234701870868459
60.0,150.0,3.775,0.20959183402787054
60.0,150.0,3.8,0.19562659309049987
60.0,155.0,2.4,0.24756144418072729
60.0,155.0,2.425,0.23514071061583305
60.0,155.0,2.45,0.22255966655722542
60.0,155.0,2.475,0.20975119835152467
60.0,155.0,2.5,0.19664050610124148
60.0,155.0,2.525,0.18314299123213673
60.0,155.0,2.55,0.16916154403083553
60.0,155.0,2.575,0.1545831096838271
60.0,155.0,2.6,0.13927412148966747
60.0,155.0,2.625,0.12307385599184141
60.0,155.0,2.65,0.10578913735387373
60.0,155.0,2.675,0.08717998199235191
60.0,155.0,2.7,0.06693814735959688
60.0,155.0,2.725,0.04467600947979004
60.0,155.0,2.75,0.019886380817151647
60.0,155.0,2.775,-0.008107177817593549
60.0,155.0,2.8,-0.04022740085218093
60.0,155.0,2.825,-0.07777058481648519
60.0,155.0,2.85,-0.1226196208720683
60.0,155.0,2.875,-0.17761699035727027
60.0,155.0,2.9,-0.2472653449982012
60.0,155.0,2.925,-0.33914291142563097
60.0,155.0,2.95,-0.4670478442583591
60.0,155.0,2.975,-0.6589175906309718
60.0,155.0,3.0,-0.9805043370678214
60.0,155.0,3.025,-1.624919012982729
60.0,155.0,3.05,-3.2593346648405195
60.0,155.0,3.075,3.725994461044698
60.0,155.0,3.1,2.592423151600436
60.0,155.0,3.125,1.645688190924043
60.0,155.0,3.15,1.2216447810695183
60.0,155.0,3.175,0.985107264824332
60.0,155.0,3.2,0.8340603441676339
60.0,155.0,3.225,0.7287345990005792
60.0,155.0,3.25,0.6506163911013221
60.0,155.0,3.275,0.5899596799772454
60.0,155.0,3.3,0.5411542645771819
60.0,155.0,3.325,0.500743887910659
60.0,155.0,3.35,0.46648240382454204
60.0,155.0,3.375,0.4368456981506778
60.0,155.0,3.4,0.41076345958775
60.0,155.0,3.425,0.38746811120356334
60.0,155.0,3.45,0.3663998652251546
60.0,155.0,3.475,0.3470984907327315
60.0,155.0,3.5,0.3291839930470506
60.0,155.0,3.525,0.31237546644633857
60.0,155.0,3.55,0.2964763822083625
60.0,155.0,3.575,0.28129033392486397
60.0,155.0,3.6,0.26665939606218336
60.0,155.0,3.625,0.25244289036192236
60.0,155.0,3.65,0.23851393915891783
60.0,155.0,3.675,0.22475481686546545
60.0,155.0,3.7,0.21105313357690772
60.0,155.0,3.725,0.19729814755369005
60.0,155.0,3.75,0.18337724645164885
60.0,155.0,3.775,0.1691723183539968
60.0,155.0,3.8,0.15455576165731252
60.0,160.0,2.4,0.22665576020770267
60.0,160.0,2.425,0.21342047581389198
60.0,160.0,2.45,0.199863068909024
60.0,160.0,2.475,0.18589115560467026
60.0,160.0,2.5,0.17139809805509132
60.0,160.0,2.525,0.15625880657156538
60.0,160.0,2.55,0.1403243749199778
60.0,160.0,2.575,0.12341655509309366
60.0,160.0,2.6,0.10531637166797894
60.0,160.0,2.625,0.08574713988527492
60.0,160.0,2.65,0.06435720396540465
60.0,160.0,2.675,0.04069321515782685
60.0,160.0,2.7,0.014155268084091186
60.0,160.0,2.725,-0.016069925554982923
60.0,160.0,2.75,-0.051110744579930256
60.0,160.0,2.775,-0.09258778660929518
60.0,160.0,2.8,-0.14291642144985262
60.0,160.0,2.825,-0.20586081469637893
60.0,160.0,2.85,-0.28762689593613666
60.0,160.0,2.875,-0.39921589027984367
60.0,160.0,2.9,-0.562112889872432
60.0,160.0,2.925,-0.8243853879420827
60.0,160.0,2.95,-1.3176698160609301
60.0,160.0,2.975,-2.5235204265701054
60.0,160.0,3.0,-1.0007561930671447
60.0,160.0,3.025,3.172757806907266
60.0,160.0,3.05,1.8414824666418506
60.0,160.0,3.075,1.3106039591378404
60.0,160.0,3.1,1.0339830134375676
60.0,160.0,3.125,0.8642950538726699
60.0,160.0,3.15,0.7490252330149108
60.0,160.0,3.175,0.6650824790710231
60.0,160.0,3.2,0.6007770119685897
60.0,160.0,3.225,0.5495683857063568
60.0,160.0,3.25,0.5075135951585197
60.0,160.0,3.275,0.4720936075988057
60.0,160.0,3.3,0.4416223861123714
60.0,160.0,3.325,0.4149272620231595
60.0,160.0,3.35,0.39116652166703836
60.0,160.0,3.375,0.36972367913394805
60.0,160.0,3.4,0.35014798076715176
60.0,160.0,3.425,0.3320739497334285
60.0,160.0,3.45,0.3151787970285782
60.0,160.0,3.475,0.2992121326488376
60.0,160.0,3.5,0.28399252066386804
60.0,160.0,3.525,0.2693627893749608
60.0,160.0,3.55,0.25518055098915887
60.0,160.0,3.575,0.24131909974885382
60.0,160.0,3.6,0.22766153279280282
60.0,160.0,3.625,0.21409736183873054
60.0,160.0,3.65,0.20051897949422326
60.0,160.0,3.675,0.18681826990119016
60.0,160.0,3.7,0.17288317798439887
60.0,160.0,3.725,0.1585940129925272
60.0,160.0,3.75,0.14381920302067086
60.0,160.0,3.775,0.12841009306598297
60.0,160.0,3.8,0.11219504471296361
60.0,165.0,2.4,0.20403223211719043
60.0,165.0,2.425,0.18959549146984966
60.0,165.0,2.45,0.17460539551711343
60.0,165.0,2.475,0.15892526277806024
60.0,165.0,2.5,0.14239109683615736
60.0,165.0,2.525,0.12480523710913821
60.0,165.0,2.55,0.10592607419248674
60.0,165.0,2.575,0.08543916910694631
60.0,165.0,2.6,0.06294671450888958
60.0,165.0,2.625,0.037928506696319586
60.0,165.0,2.65,0.0096859939843153
60.0,165.0,2.675,-0.022739683770198686
60.0,165.0,2.7,-0.060704680396493675
60.0,165.0,2.725,-0.10619622106002977
60.0,165.0,2.75,-0.16225218294231727
60.0,165.0,2.775,-0.2337591006511503
60.0,165.0,2.8,-0.3291071622870301
60.0,165.0,2.825,-0.4639961521790073
60.0,165.0,2.85,-0.6714987082331768
60.0,165.0,2.875,-1.0344834062224848
60.0,165.0,2.9,-1.8251598968859921
60.0,165.0,2.925,-4.037449804548312
60.0,165.0,2.95,4.307812512159334
60.0,165.0,2.975,2.2163975072542277
60.0,165.0,3.0,1.4662710001018
60.0,165.0,3.025,1.1162872695737278
60.0,165.0,3.05,0.9145073674087587
60.0,165.0,3.075,0.78268049291277
60.0,165.0,3.1,0.6892107017246722
60.0,165.0,3.125,0.6189846402020915
60.0,165.0,3.15,0.5638812448620387
60.0,165.0,3.175,0.5191507608729583
60.0,165.0,3.2,0.48182968982640845
60.0,165.0,3.225,0.44997198090413365
60.0,165.0,3.25,0.42224521370832774
60.0,165.0,3.275,0.3977045892566821
60.0,165.0,3.3,0.37566007824168907
60.0,165.0,3.325,0.35558886370442927
60.0,165.0,3.35,0.3371351241983293
60.0,165.0,3.375,0.3199841094826582
60.0,165.0,3.4,0.30385290315185004
60.0,165.0,3.425,0.2885149492585143
60.0,165.0,3.45,0.2738056537607749
60.0,165.0,3.475,0.2595872522850954
60.0,165.0,3.5,0.24573214229480733
60.0,165.0,3.525,0.23212294337015676
60.0,165.0,3.55,0.2186496907230172
60.0,165.0,3.575,0.20520659848954542
60.0,165.0,3.6,0.19168882174655277
60.0,165.0,3.625,0.17798920554764325
60.0,165.0,3.65,0.163994865391588
60.0,165.0,3.675,0.14958338041563185
60.0,165.0,3.7,0.13461831340164537
60.0,165.0,3.725,0.11894365428621376
60.0,165.0,3.75,0.10237676885149136
60.0,165.0,3.775,0.0847013858148149
60.0,165.0,3.8,0.06565459725212427
60.0,170.0,2.4,0.17884875499490324
60.0,170.0,2.425,0.1626568352072751
60.0,170.0,2.45,0.1455607671129798
60.0,170.0,2.475,0.127343451346595
60.0,170.0,2.5,0.10774082470019743
60.0,170.0,2.525,0.08640605880580762
60.0,170.0,2.55,0.06289318190681983
60.0,170.0,2.575,0.03661601075904228
60.0,170.0,2.6,0.006778559610252679
60.0,170.0,2.625,-0.027728347596851836
60.0,170.0,2.65,-0.0684977700637747
60.0,170.0,2.675,-0.1179097915868689
60.0,170.0,2.7,-0.17969174835855678
60.0,170.0,2.725,-0.26002403159371223
60.0,170.0,2.75,-0.3699488193095757
60.0,170.0,2.775,-0.5312855250656473
60.0,170.0,2.8,-0.7937903133805551
60.0,170.0,2.825,-1.298798296596181
60.0,170.0,2.85,-2.616769210935141
60.0,170.0,2.875,0.3509913182009809
60.0,170.0,2.9,3.021919393538354
60.0,170.0,2.925,1.7465859128973977
60.0,170.0,2.95,1.251974938122535
60.0,170.0,2.975,0.9935287208221093
60.0,170.0,3.0,0.8342696843463958
60.0,170.0,3.025,0.7256253699826882
60.0,170.0,3.05,0.6462046361363829
60.0,170.0,3.075,0.5851502174938007
60.0,170.0,3.1,0.5363719605963527
60.0,170.0,3.125,0.4961898862842178
60.0,170.0,3.15,0.4622482189340999
60.0,170.0,3.175,0.4329673276407842
60.0,170.0,3.2,0.4072465496044394
60.0,170.0,3.225,0.38429246953466395
60.0,170.0,3.25,0.3635198840492799
60.0,170.0,3.275,0.3444876525978134
60.0,170.0,3.3,0.32685850273924616
60.0,170.0,3.325,0.3103888852374739
60.0,170.0,3.35,0.294831675843732
60.0,170.0,3.375,0.27996013838607653
60.0,170.0,3.4,0.2656270797216781
60.0,170.0,3.425,0.2517077760352252
60.0,170.0,3.45,0.2380846810920423
60.0,170.0,3.475,0.2246472852842486
60.0,170.0,3.5,0.21129026237544735
60.0,170.0,3.525,0.19791066276725097
60.0,170.0,3.55,0.18440486644923995
60.0,170.0,3.575,0.17066538313867358
60.0,170.0,3.6,0.15657737056189178
60.0,170.0,3.625,0.1420146512693906
60.0,170.0,3.65,0.12683492898351886
60.0,170.0,3.675,0.11087378836786237
60.0,170.0,3.7,0.09393686891788125
60.0,170.0,3.725,0.07578967354146578
60.0,170.0,3.75,0.0561452999182438
60.0,170.0,3.775,0.03464237740238228
60.0,170.0,3.8,0.010816392154274043
60.0,175.0,2.4,0.14991259277404612
60.0,175.0,2.425,0.13112582662694672
60.0,175.0,2.45,0.11087443733900527
60.0,175.0,2.475,0.08878692458688436
60.0,175.0,2.5,0.0643720497448331
60.0,175.0,2.525,0.03698015053445585
60.0,175.0,2.55,0.00572533549898532
60.0,175.0,2.575,-0.03064569623718306
60.0,175.0,2.6,-0.07395769253982158
60.0,175.0,2.625,-0.12698454629331643
60.0,175.0,2.65,-0.19416517633553335
60.0,175.0,2.675,-0.2830678267807661
60.0,175.0,2.7,-0.4077290404881492
60.0,175.0,2.725,-0.597378462474835
60.0,175.0,2.75,-0.924181884091117
60.0,175.0,2.775,-1.6224304868699368
60.0,175.0,2.8,-3.8202386532090515
60.0,175.0,2.825,4.908909330661773
60.0,175.0,2.85,2.3186047011660884
60.0,175.0,2.875,1.4867881196491994
60.0,175.0,2.9,1.1190615353912612
60.0,175.0,2.925,0.9122052900441321
60.0,175.0,2.95,0.7788886971608815
60.0,175.0,2.975,0.6851466432747546
60.0,175.0,3.0,0.6150936910061192
60.0,175.0,3.025,0.5603212800186076
60.0,175.0,3.05,0.5159642556510566
60.0,175.0,3.075,0.4790116867214268
60.0,175.0,3.1,0.4474989017113655
60.0,175.0,3.125,0.4200874882705666
60.0,175.0,3.15,0.3958274959363883
60.0,175.0,3.175,0.37404513984730237
60.0,175.0,3.2,0.35421388437215096
60.0,175.0,3.225,0.33594070094010314
60.0,175.0,3.25,0.3189260780098791
60.0,175.0,3.275,0.3029531365447773
60.0,175.0,3.3,0.2878145326949841
60.0,175.0,3.325,0.2732857164808272
60.0,175.0,3.35,0.2592233603977078
60.0,175.0,3.375,0.2455138462914037
60.0,175.0,3.4,0.23204722820553553
60.0,175.0,3.425,0.21871778905207864
60.0,175.0,3.45,0.20542312584106068
60.0,175.0,3.475,0.19206171226022478
60.0,175.0,3.5,0.1785299715437098
60.0,175.0,3.525,0.16471906253903046
60.0,175.0,3.55,0.1505112755566926
60.0,175.0,3.575,0.1357758110782835
60.0,175.0,3.6,0.12036361656562651
60.0,175.0,3.625,0.10410082642903276
60.0,175.0,3.65,0.08678014294579867
60.0,175.0,3.675,0.0681491467239975
60.0,175.0,3.7,0.047894305135899574
60.0,175.0,3.725,0.02561956750255958
60.0,175.0,3.75,0.0008120391392378688
60.0,175.0,3.775,-0.027207709184097935
60.0,175.0,3.8,-0.05935951396534747
60.0,180.0,2.4,0.1154243078065186
60.0,180.0,2.425,0.09270036681565291
60.0,180.0,2.45,0.0675326767091279
60.0,180.0,2.475,0.039216822573724684
60.0,180.0,2.5,0.006787489819267289
60.0,180.0,2.525,-0.03113449833285544
60.0,180.0,2.55,-0.07658143385567497
60.0,180.0,2.575,-0.1326876180564207
60.0,180.0,2.6,-0.2045626211145134
60.0,180.0,2.625,-0.3011308937136283
60.0,180.0,2.65,-0.43949490689076487
60.0,180.0,2.675,-0.6569962659219504
60.0,180.0,2.7,-1.0529957602182007
60.0,180.0,2.725,-1.996331171221078
60.0,180.0,2.75,-4.915104932985141
60.0,180.0,2.775,3.847830730374623
60.0,180.0,2.8,1.9492766738995313
60.0,180.0,2.825,1.3312792617727207
60.0,180.0,2.85,1.03328455048152
60.0,180.0,2.875,0.8573771938074346
60.0,180.0,2.9,0.7405039849734569
60.0,180.0,2.925,0.656566073499306
60.0,180.0,2.95,0.5928426230658074
60.0,180.0,2.975,0.5423995231960115
60.0,180.0,3.0,0.5011354087189192
60.0,180.0,3.025,0.46646798773707493
60.0,180.0,3.05,0.4366884961252933
60.0,180.0,3.075,0.41061295236047435
60.0,180.0,3.1,0.38742108658790886
60.0,180.0,3.125,0.36648145351557887
60.0,180.0,3.15,0.34732889950250123
60.0,180.0,3.175,0.3296060788683551
60.0,180.0,3.2,0.3130347146083156
60.0,180.0,3.225,0.2974127010242042
60.0,180.0,3.25,0.28256702878546536
60.0,180.0,3.275,0.2682805674689522
60.0,180.0,3.3,0.2544043637191962
60.0,180.0,3.325,0.24083269841780805
60.0,180.0,3.35,0.22746162336168685
60.0,180.0,3.375,0.21418874008134825
60.0,180.0,3.4,0.20091329141522749
60.0,180.0,3.425,0.18753409845078495
60.0,180.0,3.45,0.17394671464679076
60.0,180.0,3.475,0.1600401513231563
60.0,180.0,3.5,0.14569310314018866
60.0,180.0,3.525,0.130769436009846
60.0,180.0,3.55,0.11511257798969043
60.0,180.0,3.575,0.09853829955857023
60.0,180.0,3.6,0.08082513552618657
60.0,180.0,3.625,0.06170132006654051
60.0,180.0,3.65,0.04082643785999975
60.0,180.0,3.675,0.017765072234749046
60.0,180.0,3.7,-0.008050573439201509
60.0,180.0,3.725,-0.03737898972204131
60.0,180.0,3.75,-0.07126150558564306
60.0,180.0,3.775,-0.11116820718436517
60.0,180.0,3.8,-0.15924533684378223
70.0,0.0,2.4,0.296634867250669
70.0,0.0,2.425,0.29072875655676844
70.0,0.0,2.45,0.2848987064092933
70.0,0.0,2.475,0.27913891977195276
70.0,0.0,2.5,0.27344269245683206
70.0,0.0,2.525,0.26780262424989093
70.0,0.0,2.55,0.2622113469736864
70.0,0.0,2.575,0.25666222142019973
70.0,0.0,2.6,0.2511495824519234
70.0,0.0,2.625,0.24566858951350704
70.0,0.0,2.65,0.2402147360961551
70.0,0.0,2.675,0.23478368076471529
70.0,0.0,2.7,0.22937090242303504
70.0,0.0,2.725,0.22397123430242036
70.0,0.0,2.75,0.21857970659813356
70.0,0.0,2.775,0.2131912341872709
70.0,0.0,2.8,0.20780052530547002
70.0,0.0,2.825,0.20240209955827673
70.0,0.0,2.85,0.19699028464515397
70.0,0.0,2.875,0.1915591992801445
70.0,0.0,2.9,0.1861027278813459
70.0,0.0,2.925,0.1806144887297967
70.0,0.0,2.95,0.17508779619837603
70.0,0.0,2.975,0.16951561719069905
70.0,0.0,3.0,0.16389052170378618
70.0,0.0,3.025,0.15820462730482643
70.0,0.0,3.05,0.1524495372316896
70.0,0.0,3.075,0.1466162717599742
70.0,0.0,3.1,0.14069519238520253
70.0,0.0,3.125,0.13467591810307003
70.0,0.0,3.15,0.12854723296761744
70.0,0.0,3.175,0.12229698368822328
70.0,0.0,3.2,0.11591196553512978
70.0,0.0,3.225,0.10937779423642123
70.0,0.0,3.25,0.10267876083526048
70.0,0.0,3.275,0.09579766565233268
70.0,0.0,3.3,0.08871562656460469
70.0,0.0,3.325,0.08141185575407335
70.0,0.0,3.35,0.07386339786338654
70.0,0.0,3.375,0.06604482105548444
70.0,0.0,3.4,0.057927850718499915
70.0,0.0,3.425,0.04948093335755059
70.0,0.0,3.45,0.040668715408811625
70.0,0.0,3.475,0.03145141809116175
70.0,0.0,3.5,0.021784084673528537
70.0,0.0,3.525,0.011615670014071043
70.0,0.0,3.55,0.0008879313349700269
70.0,0.0,3.575,-0.010465948138449005
70.0,0.0,3.6,-0.022523154510790868
70.0,0.0,3.625,-0.03537366243046744
70.0,0.0,3.65,-0.04912258296626697
70.0,0.0,3.675,-0.06389210859391622
70.0,0.0,3.7,-0.0798265837686418
70.0,0.0,3.725,-0.09709876067573926
70.0,0.0,3.75,-0.11591618434262972
70.0,0.0,3.775,-0.13652979856949235
70.0,0.0,3.8,-0.159245335755591
70.0,5.0,2.4,0.28016943894239454
70.0,5.0,2.425,0.27416970252525386
70.0,5.0,2.45,0.26822586082082955
70.0,5.0,2.475,0.2623327610086064
70.0,5.0,2.5,0.2564852995412692
70.0,5.0,2.525,0.2506782832900073
70.0,5.0,2.55,0.24490638423642158
70.0,5.0,2.575,0.23916414845201467
70.0,5.0,2.6,0.233446068936024
70.0,5.0,2.625,0.2277465730391748
70.0,5.0,2.65,0.22205991085486954
70.0,5.0,2.675,0.21638025635079214
70.0,5.0,2.7,0.21070159708116257
70.0,5.0,2.725,0.20501771410711433
70.0,5.0,2.75,0.19932235594974457
70.0,5.0,2.775,0.19360907117919346
70.0,5.0,2.8,0.1878711732944346
70.0,5.0,2.825,0.18210171659405006
70.0,5.0,2.85,0.1762934597854725
70.0,5.0,2.875,0.1704388221222146
70.0,5.0,2.9,0.16452983352616404
70.0,5.0,2.925,0.15855807818975298
70.0,5.0,2.95,0.15251463084982242
70.0,5.0,2.975,0.14638998477590753
70.0,5.0,3.0,0.1401739688967765
70.0,5.0,3.025,0.13385561117513642
70.0,5.0,3.05,0.12742293919154338
70.0,5.0,3.075,0.12086374946277015
70.0,5.0,3.1,0.11416377805831575
70.0,5.0,3.125,0.10730790744167683
70.0,5.0,3.15,0.10027958393132241
70.0,5.0,3.175,0.09306061890319306
70.0,5.0,3.2,0.08563097562528932
70.0,5.0,3.225,0.07796851714870127
70.0,5.0,3.25,0.07004871239391466
70.0,5.0,3.275,0.06184429232004219
70.0,5.0,3.3,0.053324844997046074
70.0,5.0,3.325,0.044456335349880645
70.0,5.0,3.35,0.03520053172598542
70.0,5.0,3.375,0.025514316926793512
70.0,5.0,3.4,0.015348855589342103
70.0,5.0,3.425,0.004648582355819367
70.0,5.0,3.45,-0.006650034461406435
70.0,5.0,3.475,-0.018620011874542836
70.0,5.0,3.5,-0.031345729825031136
70.0,5.0,3.525,-0.04492527307888325
70.0,5.0,3.55,-0.05947341843443425
70.0,5.0,3.575,-0.07512566943229135
70.0,5.0,3.6,-0.09204378639390177
70.0,5.0,3.625,-0.11042128235002213
70.0,5.0,3.65,-0.13048931988185042
70.0,5.0,3.675,-0.15252914479978183
70.0,5.0,3.7,-0.17688777435713635
70.0,5.0,3.725,-0.20399687356449606
70.0,5.0,3.75,-0.2343991158827224
70.0,5.0,3.775,-0.2687852100573987
70.0,5.0,3.8,-0.3080459125469489
70.0,10.0,2.4,0.26342510530901087
70.0,10.0,2.425,0.25725490705192183
70.0,10.0,2.45,0.2511286393768237
70.0,10.0,2.475,0.24503948108719562
70.0,10.0,2.5,0.23898093232218795
70.0,10.0,2.525,0.23294891137848545
70.0,10.0,2.55,0.2269348514350626
70.0,10.0,2.575,0.22093203275181802
70.0,10.0,2.6,0.21493397424757854
70.0,10.0,2.625,0.20893395195341274
70.0,10.0,2.65,0.20292495801925242
70.0,10.0,2.675,0.19689980145774402
70.0,10.0,2.7,0.19085104261823974
70.0,10.0,2.725,0.18477096573722906
70.0,10.0,2.75,0.17865159342870537
70.0,10.0,2.775,0.17248458167996872
70.0,10.0,2.8,0.1662611698706632
70.0,10.0,2.825,0.15997212652960777
70.0,10.0,2.85,0.15360768422080498
70.0,10.0,2.875,0.14715746443965064
70.0,10.0,2.9,0.14061039221390684
70.0,10.0,2.925,0.13395459866013507
70.0,10.0,2.95,0.1271773094555922
70.0,10.0,2.975,0.12026471692069414
70.0,10.0,3.0,0.11320183306345799
70.0,10.0,3.025,0.10597232053486072
70.0,10.0,3.05,0.09855829795255844
70.0,10.0,3.075,0.09094011543288648
70.0,10.0,3.1,0.08309609539887533
70.0,10.0,3.125,0.07500223281456685
70.0,10.0,3.15,0.06663184784498365
70.0,10.0,3.175,0.057955183293595725
70.0,10.0,3.2,0.048938935623994324
70.0,10.0,3.225,0.039545620032044565
70.0,10.0,3.25,0.029731786649027602
70.0,10.0,3.275,0.01944986242331656
70.0,10.0,3.3,0.008647231608073775
70.0,10.0,3.325,-0.002739566466104966
70.0,10.0,3.35,-0.014782334816207618
70.0,10.0,3.375,-0.0275637777099002
70.0,10.0,3.4,-0.04117992385235622
70.0,10.0,3.425,-0.0557429708586109
70.0,10.0,3.45,-0.07138486468126834
70.0,10.0,3.475,-0.08826186665439079
70.0,10.0,3.5,-0.10656046749495526
70.0,10.0,3.525,-0.12650530840862728
70.0,10.0,3.55,-0.14837040365936935
70.0,10.0,3.575,-0.17249401494784772
70.0,10.0,3.6,-0.1992939934424921
70.0,10.0,3.625,-0.2292911595431314
70.0,10.0,3.65,-0.2631493624560125
70.0,10.0,3.675,-0.3017278619719611
70.0,10.0,3.7,-0.34615505707836314
70.0,10.0,3.725,-0.3979389790937899
70.0,10.0,3.75,-0.45913546298639485
70.0,10.0,3.775,-0.5326086663928361
70.0,10.0,3.8,-0.622441182007448
70.0,15.0,2.4,0.2460027470951389
70.0,15.0,2.425,0.239595228408226
70.0,15.0,2.45,0.2332123586309997
70.0,15.0,2.475,0.22684667486929982
70.0,15.0,2.5,0.22049061198851042
70.0,15.0,2.525,0.2141364655674457
70.0,15.0,2.55,0.2077763544486786
70.0,15.0,2.575,0.20140221948431258
70.0,15.0,2.6,0.195005852552272
70.0,15.0,2.625,0.1885787082952161
70.0,15.0,2.65,0.18211177370646062
70.0,15.0,2.675,0.1755956685551339
70.0,15.0,2.7,0.1690205733766696
70.0,15.0,2.725,0.16237615242770684
70.0,15.0,2.75,0.15565149395590672
70.0,15.0,2.775,0.14883499934222105
70.0,15.0,2.8,0.14191428987065133
70.0,15.0,2.825,0.13487609585113738
70.0,15.0,2.85,0.12770610092214266
70.0,15.0,2.875,0.12038861373753393
70.0,15.0,2.9,0.11290571727562188
70.0,15.0,2.925,0.10523934948839178
70.0,15.0,2.95,0.09737338264129108
70.0,15.0,2.975,0.08928402797693381
70.0,15.0,3.0,0.08094606345261403
70.0,15.0,3.025,0.07233257687325247
70.0,15.0,3.05,0.063413663719899
70.0,15.0,3.075,0.054155835425008104
70.0,15.0,3.1,0.04452143299683301
70.0,15.0,3.125,0.03446792988943488
70.0,15.0,3.15,0.023947091328671576
70.0,15.0,3.175,0.012903957156097325
70.0,15.0,3.2,0.0012756050714939477
70.0,15.0,3.225,-0.011010363188658494
70.0,15.0,3.25,-0.02403768903263709
70.0,15.0,3.275,-0.03790377930872413
70.0,15.0,3.3,-0.05272262031906129
70.0,15.0,3.325,-0.06862846843647931
70.0,15.0,3.35,-0.08578056990637631
70.0,15.0,3.375,-0.10436925861214286
70.0,15.0,3.4,-0.1246239198815015
70.0,15.0,3.425,-0.14682351841240024
70.0,15.0,3.45,-0.17131074039776503
70.0,15.0,3.475,-0.19851152194833038
70.0,15.0,3.5,-0.22896325414033084
70.0,15.0,3.525,-0.263355383331346
70.0,15.0,3.55,-0.30258015539562094
70.0,15.0,3.575,-0.34780356719759786
70.0,15.0,3.6,-0.4005893890373287
70.0,15.0,3.625,-0.4630872519503045
70.0,15.0,3.65,-0.5383195689173979
70.0,15.0,3.675,-0.6306472618205378
70.0,15.0,3.7,-0.7465440905743457
70.0,15.0,3.725,-0.8958913363337011
70.0,15.0,3.75,-1.0940404072607601
70.0,15.0,3.775,-1.3641766139302312
70.0,15.0,3.8,-1.7327549929834425
70.0,20.0,2.4,0.2274487761962451
70.0,20.0,2.425,0.22069639898821697
70.0,20.0,2.45,0.21394201290018536
70.0,20.0,2.475,0.2071764818262451
70.0,20.0,2.5,0.20039038557706454
70.0,20.0,2.525,0.19357395401933378
70.0,20.0,2.55,0.18671701153780712
70.0,20.0,2.575,0.17980902845140737
70.0,20.0,2.6,0.1728391528243322
70.0,20.0,2.625,0.165795716132889
70.0,20.0,2.65,0.15866609645767146
70.0,20.0,2.675,0.1514368317864351
70.0,20.0,2.7,0.14409318913402075
70.0,20.0,2.725,0.13661908073216691
70.0,20.0,2.75,0.12900052667416692
70.0,20.0,2.775,0.12122189856139164
70.0,20.0,2.8,0.11326178854140014
70.0,20.0,2.825,0.10509841206745145
70.0,20.0,2.85,0.09670871349331281
70.0,20.0,2.875,0.08806735059295158
70.0,20.0,2.9,0.07914623564418634
70.0,20.0,2.925,0.0699141058239633
70.0,20.0,2.95,0.06033601615018924
70.0,20.0,2.975,0.05037272757465722
70.0,20.0,3.0,0.03997996741793258
70.0,20.0,3.025,0.02910753328532721
70.0,20.0,3.05,0.017698202824284037
70.0,20.0,3.075,0.005686400282450366
70.0,20.0,3.1,-0.007003444306377205
70.0,20.0,3.125,-0.020458927971333488
70.0,20.0,3.15,-0.03478221257357826
70.0,20.0,3.175,-0.05009321971406911
70.0,20.0,3.2,-0.06653369007823948
70.0,20.0,3.225,-0.08427239335770517
70.0,20.0,3.25,-0.10351188836671568
70.0,20.0,3.275,-0.12449739886398262
70.0,20.0,3.3,-0.1475286168801135
70.0,20.0,3.325,-0.1729756177335292
70.0,20.0,3.35,-0.2013006479795465
70.0,20.0,3.375,-0.23308847912338815
70.0,20.0,3.4,-0.2690896447859322
70.0,20.0,3.425,-0.31028403986205877
70.0,20.0,3.45,-0.3579781839132898
70.0,20.0,3.475,-0.4139530825463666
70.0,20.0,3.5,-0.4806754131805013
70.0,20.0,3.525,-0.5616357243443901
70.0,20.0,3.55,-0.661952530861817
70.0,20.0,3.575,-0.7893931341674377
70.0,20.0,3.6,-0.9561132147831888
70.0,20.0,3.625,-1.1815325861239612
70.0,20.0,3.65,-1.4956295284971985
70.0,20.0,3.675,-1.929458875202382
70.0,20.0,3.7,-2.367158425211802
70.0,20.0,3.725,-1.5011108149112928
70.0,20.0,3.75,1.8572607715674114
70.0,20.0,3.775,2.6546398592437472
70.0,20.0,3.8,2.2430899172329894
70.0,25.0,2.4,0.2071414534699004
70.0,25.0,2.425,0.19988988923764123
70.0,25.0,2.45,0.192597609734
70.0,25.0,2.475,0.18525246702984774
70.0,25.0,2.5,0.1778416062377256
70.0,25.0,2.525,0.1703513295332532
70.0,25.0,2.55,0.16276734383512964
70.0,25.0,2.575,0.1550753385791209
70.0,25.0,2.6,0.1472592802468387
70.0,25.0,2.625,0.13930085454181249
70.0,25.0,2.65,0.1311819530447916
70.0,25.0,2.675,0.12288241859705498
70.0,25.0,2.7,0.11437874679487171
70.0,25.0,2.725,0.1056458424471254
70.0,25.0,2.75,0.09665646484990703
70.0,25.0,2.775,0.0873804950681704
70.0,25.0,2.8,0.07778440427872114
70.0,25.0,2.825,0.06783069370203179
70.0,25.0,2.85,0.05747722887083902
70.0,25.0,2.875,0.04667643442854394
70.0,25.0,2.9,0.03537431457105561
70.0,25.0,2.925,0.02350925496242586
70.0,25.0,2.95,0.011010548311807434
70.0,25.0,2.975,-0.0022034326137254047
70.0,25.0,3.0,-0.016227515745970127
70.0,25.0,3.025,-0.03117259984076883
70.0,25.0,3.05,-0.04716929760443919
70.0,25.0,3.075,-0.06437260349209424
70.0,25.0,3.1,-0.0829679356272622
70.0,25.0,3.125,-0.10317904394238274
70.0,25.0,3.15,-0.12527848815038403
70.0,25.0,3.175,-0.14960170809115214
70.0,25.0,3.2,-0.17656619870980933
70.0,25.0,3.225,-0.20669806968588145
70.0,25.0,3.25,-0.2406695003237609
70.0,25.0,3.275,-0.27935262612621314
70.0,25.0,3.3,-0.3238988433741186
70.0,25.0,3.325,-0.3758586820565867
70.0,25.0,3.35,-0.4373691663654052
70.0,25.0,3.375,-0.5114590262246058
70.0,25.0,3.4,-0.602561812140234
70.0,25.0,3.425,-0.7173679025367545
70.0,25.0,3.45,-0.8662635916598074
70.0,25.0,3.475,-1.0659671210369035
70.0,25.0,3.5,-1.3439004983766294
70.0,25.0,3.525,-1.740789903440484
70.0,25.0,3.55,-2.2639457770218723
70.0,25.0,3.575,-2.333008510513331
70.0,25.0,3.6,0.6893852380484258
70.0,25.0,3.625,2.787718056067277
70.0,25.0,3.65,2.471922700944348
70.0,25.0,3.675,1.9897342468921873
70.0,25.0,3.7,1.6366879481725285
70.0,25.0,3.725,1.3872215904691194
70.0,25.0,3.75,1.205619377702282
70.0,25.0,3.775,1.0686049499022012
70.0,25.0,3.8,0.9618658673552033
70.0,30.0,2.4,0.1842354805003118
70.0,30.0,2.425,0.17625326228519017
70.0,30.0,2.45,0.16816984497027113
70.0,30.0,2.475,0.15996723767308235
70.0,30.0,2.5,0.15162754514523535
70.0,30.0,2.525,0.1431324690082664
70.0,30.0,2.55,0.1344591979159695
70.0,30.0,2.575,0.12558206533453833
70.0,30.0,2.6,0.11647406408147104
70.0,30.0,2.625,0.10710597640028172
70.0,30.0,2.65,0.09744529724690815
70.0,30.0,2.675,0.08745565702980791
70.0,30.0,2.7,0.0770963772095317
70.0,30.0,2.725,0.0663216881146004
70.0,30.0,2.75,0.055079784870306646
70.0,30.0,2.775,0.04331170627599101
70.0,30.0,2.8,0.03094996691996699
70.0,30.0,2.825,0.017916868125904945
70.0,30.0,2.85,0.004122394819401903
70.0,30.0,2.875,-0.010538425463076012
70.0,30.0,2.9,-0.02618886864340654
70.0,30.0,2.925,-0.0429747943296922
70.0,30.0,2.95,-0.06107017795536314
70.0,30.0,2.975,-0.08068434150320467
70.0,30.0,3.0,-0.10207151996734021
70.0,30.0,3.025,-0.12554368707348723
70.0,30.0,3.05,-0.15148800249523817
70.0,30.0,3.075,-0.1803909288340973
70.0,30.0,3.1,-0.2128721635897178
70.0,30.0,3.125,-0.2497333286572363
70.0,30.0,3.15,-0.2920293844404413
70.0,30.0,3.175,-0.3411759775316896
70.0,30.0,3.2,-0.39911531812593903
70.0,30.0,3.225,-0.468580628379524
70.0,30.0,3.25,-0.5535330398361668
70.0,30.0,3.275,-0.6599136864900306
70.0,30.0,3.3,-0.796998837322948
70.0,30.0,3.325,-0.9799291922935648
70.0,30.0,3.35,-1.2342932573549898
70.0,30.0,3.375,-1.6024291235445387
70.0,30.0,3.4,-2.131200048542768
70.0,30.0,3.425,-2.5791306942911443
70.0,30.0,3.45,-0.43127450772968146
70.0,30.0,3.475,2.800678522013793
70.0,30.0,3.5,2.6429981011680685
70.0,30.0,3.525,2.098570423708993
70.0,30.0,3.55,1.7020848007260463
70.0,30.0,3.575,1.4282862207823217
70.0,30.0,3.6,1.23274754615576
70.0,30.0,3.625,1.0873711125016576
70.0,30.0,3.65,0.9754018020606119
70.0,30.0,3.675,0.8865837632961722
70.0,30.0,3.7,0.8143870583363011
70.0,30.0,3.725,0.7544911149182861
70.0,30.0,3.75,0.7039373521568362
70.0,30.0,3.775,0.6606385278156504
70.0,30.0,3.8,0.6230841063930305
70.0,35.0,2.4,0.1575010452565206
70.0,35.0,2.425,0.1484228727023216
70.0,35.0,2.45,0.13914676280614935
70.0,35.0,2.475,0.12964433786689986
70.0,35.0,2.5,0.11988268691059488
70.0,35.0,2.525,0.10982617758277856
70.0,35.0,2.55,0.09943568319202584
70.0,35.0,2.575,0.08866743033445221
70.0,35.0,2.6,0.07747202941932907
70.0,35.0,2.625,0.06579342216681129
70.0,35.0,2.65,0.053567549052737924
70.0,35.0,2.675,0.04072078727210989
70.0,35.0,2.7,0.027168031195118444
70.0,35.0,2.725,0.012810240628607476
70.0,35.0,2.75,-0.0024686594274706468
70.0,35.0,2.775,-0.018805726826872437
70.0,35.0,2.8,-0.03636409319589279
70.0,35.0,2.825,-0.05533960079420475
70.0,35.0,2.85,-0.07596956142420687
70.0,35.0,2.875,-0.0985444709224209
70.0,35.0,2.9,-0.12342390660269421
70.0,35.0,2.925,-0.15105845001320278
70.0,35.0,2.95,-0.1820204592689667
70.0,35.0,2.975,-0.2170481219760632
70.0,35.0,3.0,-0.2571099212770199
70.0,35.0,3.025,-0.3035013275185747
70.0,35.0,3.05,-0.3579939065340769
70.0,35.0,3.075,-0.42307258546931414
70.0,35.0,3.1,-0.5023268194301469
70.0,35.0,3.125,-0.6011216661114984
70.0,35.0,3.15,-0.7278003891618614
70.0,35.0,3.175,-0.8959369263109603
70.0,35.0,3.2,-1.1286880757911095
70.0,35.0,3.225,-1.4668161289962454
70.0,35.0,3.25,-1.9751817137917531
70.0,35.0,3.275,-2.6216992830303782
70.0,35.0,3.3,-1.6123882461123724
70.0,35.0,3.325,2.686033321232291
70.0,35.0,3.35,2.8375664607080906
70.0,35.0,3.375,2.214183910434585
70.0,35.0,3.4,1.766085355275907
70.0,35.0,3.425,1.4657019487663525
70.0,35.0,3.45,1.2559713944809996
70.0,35.0,3.475,1.1026045768237076
70.0,35.0,3.5,0.9859523705398909
70.0,35.0,3.525,0.8943354136855329
70.0,35.0,3.55,0.8204814353053599
70.0,35.0,3.575,0.759663157387695
70.0,35.0,3.6,0.7086911674484088
70.0,35.0,3.625,0.6653450060126576
70.0,35.0,3.65,0.6280380119005425
70.0,35.0,3.675,0.5956122523276708
70.0,35.0,3.7,0.5672087466054675
70.0,35.0,3.725,0.5421827471699774
70.0,35.0,3.75,0.5200465880236318
70.0,35.0,3.775,0.5004294024826605
70.0,35.0,3.8,0.48304714148754796
70.0,40.0,2.4,0.12503684596580966
70.0,40.0,2.425,0.11425892897172436
70.0,40.0,2.45,0.10310400710869373
70.0,40.0,2.475,0.09151933109421136
70.0,40.0,2.5,0.07944522714547896
70.0,40.0,2.525,0.06681344611821823
70.0,40.0,2.55,0.053545342007660715
70.0,40.0,2.575,0.03954965994502373
70.0,40.0,2.6,0.02471976777911616
70.0,40.0,2.625,0.008930139254559266
70.0,40.0,2.65,-0.007968201976449974
70.0,40.0,2.675,-0.026153589835348347
70.0,40.0,2.7,-0.04584145543127098
70.0,40.0,2.725,-0.067294659521948
70.0,40.0,2.75,-0.0908374741461426
70.0,40.0,2.775,-0.11687476036587531
70.0,40.0,2.8,-0.14591877198867098
70.0,40.0,2.825,-0.17862734317274004
70.0,40.0,2.85,-0.2158594870248281
70.0,40.0,2.875,-0.2587583453994677
70.0,40.0,2.9,-0.3088784129413891
70.0,40.0,2.925,-0.368386901190384
70.0,40.0,2.95,-0.4403941212254452
70.0,40.0,2.975,-0.5295183753332334
70.0,40.0,3.0,-0.6428983961728185
70.0,40.0,3.025,-0.7921059097824152
70.0,40.0,3.05,-0.9969588462908185
70.0,40.0,3.075,-1.293394153979828
70.0,40.0,3.1,-1.7481287376369263
70.0,40.0,3.125,-2.4494519414552824
70.0,40.0,3.15,-2.778304330455378
70.0,40.0,3.175,1.7946924222018348
70.0,40.0,3.2,3.163820935661519
70.0,40.0,3.225,2.4306461241085504
70.0,40.0,3.25,1.8864188601911676
70.0,40.0,3.275,1.5368060392485052
70.0,40.0,3.3,1.3012239141854494
70.0,40.0,3.325,1.133427562452255
70.0,40.0,3.35,1.0083056460844828
70.0,40.0,3.375,0.91156409525267
70.0,40.0,3.4,0.8345985375735735
70.0,40.0,3.425,0.7719656810722515
70.0,40.0,3.45,0.7200766584329745
70.0,40.0,3.475,0.6764847236330093
70.0,40.0,3.5,0.6394767116596729
70.0,40.0,3.525,0.6078267652862553
70.0,40.0,3.55,0.5806385354444417
70.0,40.0,3.575,0.5572325521666021
70.0,40.0,3.6,0.5370456266325376
70.0,40.0,3.625,0.5195012912542127
70.0,40.0,3.65,0.5037713464989035
70.0,40.0,3.675,0.4882366905517139
70.0,40.0,3.7,0.4692013944524591
70.0,40.0,3.725,0.4383634181606493
70.0,40.0,3.75,0.38289586911525647
70.0,40.0,3.775,0.3084255420187945
70.0,40.0,3.8,0.2599245517140299
70.0,45.0,2.4,0.08365520822148548
70.0,45.0,2.425,0.07007184831512482
70.0,45.0,2.45,0.055761579542464794
70.0,45.0,2.475,0.0406135304935911
70.0,45.0,2.5,0.024496819572126325
70.0,45.0,2.525,0.00725561954096516
70.0,45.0,2.55,-0.011297288447583013
70.0,45.0,2.575,-0.031389049237616776
70.0,45.0,2.6,-0.05329818342874801
70.0,45.0,2.625,-0.07737018014448074
70.0,45.0,2.65,-0.10403913289190031
70.0,45.0,2.675,-0.13385828496415844
70.0,45.0,2.7,-0.16754399067671316
70.0,45.0,2.725,-0.206040613356973
70.0,45.0,2.75,-0.2506188987704794
70.0,45.0,2.775,-0.303029493417492
70.0,45.0,2.8,-0.36575118294937076
70.0,45.0,2.825,-0.4424087495826404
70.0,45.0,2.85,-0.5385102185161403
70.0,45.0,2.875,-0.6628212737698123
70.0,45.0,2.9,-0.8300966322939389
70.0,45.0,2.925,-1.0669047895759363
70.0,45.0,2.95,-1.4248086644234546
70.0,45.0,2.975,-2.007919981166902
70.0,45.0,3.0,-2.932227297174941
70.0,45.0,3.025,-1.8634075750130918
70.0,45.0,3.05,3.5136026341250295
70.0,45.0,3.075,2.907792282791359
70.0,45.0,3.1,2.152669088253015
70.0,45.0,3.125,1.6945523585667748
70.0,45.0,3.15,1.402701496741449
70.0,45.0,3.175,1.2032240692036824
70.0,45.0,3.2,1.0591537686637138
70.0,45.0,3.225,0.9506379567586787
70.0,45.0,3.25,0.8661921132841758
70.0,45.0,3.275,0.7988016100684893
70.0,45.0,3.3,0.7439904814646441
70.0,45.0,3.325,0.6987938520729361
70.0,45.0,3.35,0.6611727533949648
70.0,45.0,3.375,0.6296600129111829
70.0,45.0,3.4,0.6030818245490747
70.0,45.0,3.425,0.5802473382360256
70.0,45.0,3.45,0.5593816959291267
70.0,45.0,3.475,0.5367831153501791
70.0,45.0,3.5,0.5036808891435293
70.0,45.0,3.525,0.44308742950523383
70.0,45.0,3.55,0.3518016438636068
70.0,45.0,3.575,0.2880325337990118
70.0,45.0,3.6,0.2802086243884304
70.0,45.0,3.625,0.2918667788152443
70.0,45.0,3.65,0.3019910588228377
70.0,45.0,3.675,0.3069184741248236
70.0,45.0,3.7,0.30745540374833064
70.0,45.0,3.725,0.3048751855703008
70.0,45.0,3.75,0.3002178026908177
70.0,45.0,3.775,0.2941978045839919
70.0,45.0,3.8,0.2872318415301912
70.0,50.0,2.4,0.027499658052014177
70.0,50.0,2.425,0.008908222924424888
70.0,50.0,2.45,-0.011190600915037695
70.0,50.0,2.475,-0.03307544515156092
70.0,50.0,2.5,-0.057092636474690095
70.0,50.0,2.525,-0.08367837208722143
70.0,50.0,2.55,-0.11339016911088808
70.0,50.0,2.575,-0.14695243480361028
70.0,50.0,2.6,-0.18532411139741262
70.0,50.0,2.625,-0.22980191216640602
70.0,50.0,2.65,-0.28218300179679473
70.0,50.0,2.675,-0.3450308761130453
70.0,50.0,2.7,-0.42212873399236195
70.0,50.0,2.725,-0.5192935939829659
70.0,50.0,2.75,-0.645929612170207
70.0,50.0,2.775,-0.8182154003835977
70.0,50.0,2.8,-1.0662388105040521
70.0,50.0,2.825,-1.4515332159571621
70.0,50.0,2.85,-2.111418186455795
70.0,50.0,2.875,-3.2613113791530703
70.0,50.0,2.9,-1.1481079058066135
70.0,50.0,2.925,3.942360041102647
70.0,50.0,2.95,2.806415659752718
70.0,50.0,2.975,2.050195568063748
70.0,50.0,3.0,1.6175099960556556
70.0,50.0,3.025,1.3455130157331536
70.0,50.0,3.05,1.1604677534866308
70.0,50.0,3.075,1.0269807935864148
70.0,50.0,3.1,0.9264024484077887
70.0,50.0,3.125,0.8481886525222122
70.0,50.0,3.15,0.7860439942885573
70.0,50.0,3.175,0.7359363095704853
70.0,50.0,3.2,0.6950958220913014
70.0,50.0,3.225,0.6614000859898639
70.0,50.0,3.25,0.6327394993522009
70.0,50.0,3.275,0.6058524368953371
70.0,50.0,3.3,0.5734168102982928
70.0,50.0,3.325,0.5179088095915335
70.0,50.0,3.35,0.41792778588363505
70.0,50.0,3.375,0.3212321221769025
70.0,50.0,3.4,0.300107339323342
70.0,50.0,3.425,0.3145621774368662
70.0,50.0,3.45,0.32847011390653774
70.0,50.0,3.475,0.3354678320965309
70.0,50.0,3.5,0.33680465594696907
70.0,50.0,3.525,0.3343195694861279
70.0,50.0,3.55,0.3293713809804612
70.0,50.0,3.575,0.32286182754270837
70.0,50.0,3.6,0.31537489550717385
70.0,50.0,3.625,0.30728612148786905
70.0,50.0,3.65,0.2988357857831911
70.0,50.0,3.675,0.29017918048696156
70.0,50.0,3.7,0.2814269508137826
70.0,50.0,3.725,0.27264686556071577
70.0,50.0,3.75,0.26383684041859434
70.0,50.0,3.775,0.25499630010800245
70.0,50.0,3.8,0.24613250733649417
70.0,55.0,2.4,-0.05550970844100681
70.0,55.0,2.425,-0.08418698282705213
70.0,55.0,2.45,-0.11645680461651108
70.0,55.0,2.475,-0.15320969222129854
70.0,55.0,2.5,-0.1956466696863574
70.0,55.0,2.525,-0.24542752349061508
70.0,55.0,2.55,-0.3049124080913124
70.0,55.0,2.575,-0.37757288360153113
70.0,55.0,2.6,-0.4687279220002497
70.0,55.0,2.625,-0.5869459723466843
70.0,55.0,2.65,-0.7469262305183871
70.0,55.0,2.675,-0.9760024245102201
70.0,55.0,2.7,-1.3306122634052728
70.0,55.0,2.725,-1.9433530552122067
70.0,55.0,2.75,-3.1375017717560008
70.0,55.0,2.775,-3.083564850293355
70.0,55.0,2.8,4.462743757961512
70.0,55.0,2.825,3.0182053145767846
70.0,55.0,2.85,2.1291428109862967
70.0,55.0,2.875,1.6522375854237064
70.0,55.0,2.9,1.3626506989976814
70.0,55.0,2.925,1.169820469918848
70.0,55.0,2.95,1.0329712491903442
70.0,55.0,2.975,0.9314637675202873
70.0,55.0,3.0,0.8538188653367089
70.0,55.0,3.025,0.7930645679603454
70.0,55.0,3.05,0.7446225378348407
70.0,55.0,3.075,0.7051905191958651
70.0,55.0,3.1,0.6714239918119556
70.0,55.0,3.125,0.6373220424417627
70.0,55.0,3.15,0.5876270448381244
70.0,55.0,3.175,0.4903521193199733
70.0,55.0,3.2,0.36009223065106893
70.0,55.0,3.225,0.3145685999474451
70.0,55.0,3.25,0.3309034540368806
70.0,55.0,3.275,0.34941997536453867
70.0,55.0,3.3,0.3588413842929352
70.0,55.0,3.325,0.3610033011948683
70.0,55.0,3.35,0.3585004765565774
70.0,55.0,3.375,0.35313409565878473
70.0,55.0,3.4,0.3460419848246328
70.0,55.0,3.425,0.33793295156512476
70.0,55.0,3.45,0.3292485347262438
70.0,55.0,3.475,0.3202633039290385
70.0,55.0,3.5,0.31114642301817874
70.0,55.0,3.525,0.3019997842069695
70.0,55.0,3.55,0.29288191731381
70.0,55.0,3.575,0.28382330656570753
70.0,55.0,3.6,0.27483217196843707
70.0,55.0,3.625,0.26591434058598207
70.0,55.0,3.65,0.2570613679567047
70.0,55.0,3.675,0.2482720071392261
70.0,55.0,3.7,0.2395276620059728
70.0,55.0,3.725,0.23078546818585935
70.0,55.0,3.75,0.22201871278701812
70.0,55.0,3.775,0.2132063484347694
70.0,55.0,3.8,0.204322798572911
70.0,60.0,2.4,-0.19508083403737536
70.0,60.0,2.425,-0.2484494889188017
70.0,60.0,2.45,-0.3128589982403833
70.0,60.0,2.475,-0.3925347429233172
70.0,60.0,2.5,-0.4941326969399328
70.0,60.0,2.525,-0.6287610234737205
70.0,60.0,2.55,-0.8163837083396098
70.0,60.0,2.575,-1.0965688616566234
70.0,60.0,2.6,-1.5588299015730562
70.0,60.0,2.625,-2.442689162680264
70.0,60.0,2.65,-4.277186089745268
70.0,60.0,2.675,3.56562330214677
70.0,60.0,2.7,3.8227573183520023
70.0,60.0,2.725,2.4741469213379332
70.0,60.0,2.75,1.8299139276808418
70.0,60.0,2.775,1.4684841098465198
70.0,60.0,2.8,1.2396397369921681
70.0,60.0,2.825,1.0827048454145116
70.0,60.0,2.85,0.9691387876882518
70.0,60.0,2.875,0.883904803179265
70.0,60.0,2.9,0.8183409485240766
70.0,60.0,2.925,0.7669213491776938
70.0,60.0,2.95,0.7251974521555321
70.0,60.0,2.975,0.6870686353081142
70.0,60.0,3.0,0.6379182899092165
70.0,60.0,3.025,0.5404654053693112
70.0,60.0,3.05,0.3864343269117645
70.0,60.0,3.075,0.32559991966962853
70.0,60.0,3.1,0.3466210655449393
70.0,60.0,3.125,0.36880621690604903
70.0,60.0,3.15,0.37926005212826275
70.0,60.0,3.175,0.38119857603947876
70.0,60.0,3.2,0.37798473002190447
70.0,60.0,3.225,0.37176046147677316
70.0,60.0,3.25,0.3638116537889725
70.0,60.0,3.275,0.3549096837452025
70.0,60.0,3.3,0.3455197297124752
70.0,60.0,3.325,0.3359223264444936
70.0,60.0,3.35,0.3262847845395663
70.0,60.0,3.375,0.31669729104419514
70.0,60.0,3.4,0.3072235506661062
70.0,60.0,3.425,0.29788264051211205
70.0,60.0,3.45,0.288682075319441
70.0,60.0,3.475,0.2796178204344488
70.0,60.0,3.5,0.2706785082345895
70.0,60.0,3.525,0.26184799434515293
70.0,60.0,3.55,0.25310692682327496
70.0,60.0,3.575,0.2444337701173845
70.0,60.0,3.6,0.23580597123131555
70.0,60.0,3.625,0.22720297995587982
70.0,60.0,3.65,0.21860853778004657
70.0,60.0,3.675,0.20999335166545646
70.0,60.0,3.7,0.20131539211240354
70.0,60.0,3.725,0.19254413345615623
70.0,60.0,3.75,0.183651395942263
70.0,60.0,3.775,0.17460507118960542
70.0,60.0,3.8,0.16536919089161312
70.0,65.0,2.4,-0.48906312375797956
70.0,65.0,2.425,-0.6298931605056141
70.0,65.0,2.45,-0.8289319877798305
70.0,65.0,2.475,-1.1325977090298156
70.0,65.0,2.5,-1.6516945580367817
70.0,65.0,2.525,-2.711878502088437
70.0,65.0,2.55,-5.014508474081316
70.0,65.0,2.575,5.575867809008185
70.0,65.0,2.6,3.4842214351209084
70.0,65.0,2.625,2.288141761678082
70.0,65.0,2.65,1.7218682642905994
70.0,65.0,2.675,1.3990621645145416
70.0,65.0,2.7,1.1921597880049881
70.0,65.0,2.725,1.049219206152141
70.0,65.0,2.75,0.945455691296982
70.0,65.0,2.775,0.8675720161971656
70.0,65.0,2.8,0.8075414593120273
70.0,65.0,2.825,0.7592698842435593
70.0,65.0,2.85,0.7148782090257438
70.0,65.0,2.875,0.6552985918396559
70.0,65.0,2.9,0.53291364074785
70.0,65.0,2.925,0.36919681118894787
70.0,65.0,2.95,0.33951604662791723
70.0,65.0,2.975,0.36985402006430684
70.0,65.0,3.0,0.3905035899070047
70.0,65.0,3.025,0.39810231451215855
70.0,65.0,3.05,0.3975668345918884
70.0,65.0,3.075,0.3923977199904327
70.0,65.0,3.1,0.3846489131919358
70.0,65.0,3.125,0.375508432772466
70.0,65.0,3.15,0.3656704724984893
70.0,65.0,3.175,0.35553357535865193
70.0,65.0,3.2,0.3453427904987907
70.0,65.0,3.225,0.33523154482128803
70.0,65.0,3.25,0.3252715951804695
70.0,65.0,3.275,0.31549810487830066
70.0,65.0,3.3,0.3059229806071877
70.0,65.0,3.325,0.2965438238436744
70.0,65.0,3.35,0.2873494849385906
70.0,65.0,3.375,0.27832349991964844
70.0,65.0,3.4,0.26944621074195285
70.0,65.0,3.425,0.26069605038748733
70.0,65.0,3.45,0.25205029218559616
70.0,65.0,3.475,0.2434854483797341
70.0,65.0,3.5,0.23497743376865615
70.0,65.0,3.525,0.22650157788008826
70.0,65.0,3.55,0.21803261482997077
70.0,65.0,3.575,0.20954512099286043
70.0,65.0,3.6,0.20101565536075655
70.0,65.0,3.625,0.19242320818408584
70.0,65.0,3.65,0.18373497915627948
70.0,65.0,3.675,0.17490966344515763
70.0,65.0,3.7,0.1659131016746856
70.0,65.0,3.725,0.15671096457353703
70.0,65.0,3.75,0.14726433229310565
70.0,65.0,3.775,0.13752925276928768
70.0,65.0,3.8,0.12745637539029125
70.0,70.0,2.4,-1.5493383108687158
70.0,70.0,2.425,-2.5440675913267814
70.0,70.0,2.45,-5.089273231839362
70.0,70.0,2.475,6.052958521777646
70.0,70.0,2.5,3.6832351162091745
70.0,70.0,2.525,2.3455308161705792
70.0,70.0,2.55,1.7448610502621091
70.0,70.0,2.575,1.410661982759086
70.0,70.0,2.6,1.19949944961254
70.0,70.0,2.625,1.055124010534333
70.0,70.0,2.65,0.9512738860723412
70.0,70.0,2.675,0.8739918163372453
70.0,70.0,2.7,0.8146152563266935
70.0,70.0,2.725,0.7653053974551025
70.0,70.0,2.75,0.711030040885206
70.0,70.0,2.775,0.6068751592558702
70.0,70.0,2.8,0.4168089938319581
70.0,70.0,2.825,0.3449707769679528
70.0,70.0,2.85,0.3758881206078707
70.0,70.0,2.875,0.4018377002385348
70.0,70.0,2.9,0.4123560132225223
70.0,70.0,2.925,0.4129525946547683
70.0,70.0,2.95,0.40795229302231345
70.0,70.0,2.975,0.3999027663865334
70.0,70.0,3.0,0.390260297609466
70.0,70.0,3.025,0.37984348495489684
70.0,70.0,3.05,0.36912825486252593
70.0,70.0,3.075,0.35839234800678355
70.0,70.0,3.1,0.347782886082983
70.0,70.0,3.125,0.33737783879288663
70.0,70.0,3.15,0.327212876931003
70.0,70.0,3.175,0.31729823497680687
70.0,70.0,3.2,0.30762895990072736
70.0,70.0,3.225,0.2981911478965821
70.0,70.0,3.25,0.28896573770728085
70.0,70.0,3.275,0.27993081414472876
70.0,70.0,3.3,0.27106298638944504
70.0,70.0,3.325,0.26233818733752584
70.0,70.0,3.35,0.25373210586615774
70.0,70.0,3.375,0.24522038268444862
70.0,70.0,3.4,0.23677865029955125
70.0,70.0,3.425,0.2283824660203335
70.0,70.0,3.45,0.22000716659619923
70.0,70.0,3.475,0.2116276613573098
70.0,70.0,3.5,0.2032181858799225
70.0,70.0,3.525,0.19475211681481894
70.0,70.0,3.55,0.18620232600266948
70.0,70.0,3.575,0.17754306931878894
70.0,70.0,3.6,0.16874877403025854
70.0,70.0,3.625,0.15978173832894998
70.0,70.0,3.65,0.1505983392112411
70.0,70.0,3.675,0.1411586773281823
70.0,70.0,3.7,0.13142013447533343
70.0,70.0,3.725,0.12133405418115807
70.0,70.0,3.75,0.11084483752121004
70.0,70.0,3.775,0.09988891250607922
70.0,70.0,3.8,0.08839330523196134
70.0,75.0,2.4,4.715222880617966
70.0,75.0,2.425,2.6936066037968955
70.0,75.0,2.45,1.9084882149013966
70.0,75.0,2.475,1.5043731047628068
70.0,75.0,2.5,1.2602897622705838
70.0,75.0,2.525,1.098217236295943
70.0,75.0,2.55,0.9840628524177495
70.0,75.0,2.575,0.9005629952613119
70.0,75.0,2.6,0.8374601728210497
70.0,75.0,2.625,0.7856506449201041
70.0,75.0,2.65,0.7260533448839149
70.0,75.0,2.675,0.5941978806805738
70.0,75.0,2.7,0.37862814529747557
70.0,75.0,2.725,0.3574135628866391
70.0,75.0,2.75,0.39837057851588564
70.0,75.0,2.775,0.41996432590370425
70.0,75.0,2.8,0.42654936035080476
70.0,75.0,2.825,0.42457337247396953
70.0,75.0,2.85,0.4178193713313678
70.0,75.0,2.875,0.4085172679411346
70.0,75.0,2.9,0.3979349059499712
70.0,75.0,2.925,0.3867841202154874
70.0,75.0,2.95,0.37550528799831284
70.0,75.0,2.975,0.36432207470839395
70.0,75.0,3.0,0.35335348608785233
70.0,75.0,3.025,0.3426568132381324
70.0,75.0,3.05,0.3322530116413261
70.0,75.0,3.075,0.32214180339042087
70.0,75.0,3.1,0.31231066740413455
70.0,75.0,3.125,0.30274021084046215
70.0,75.0,3.15,0.29340736970777564
70.0,75.0,3.175,0.28428730489139764
70.0,75.0,3.2,0.27535450027985364
70.0,75.0,3.225,0.26658337006949556
70.0,75.0,3.25,0.25794856091630314
70.0,75.0,3.275,0.24942506211359625
70.0,75.0,3.3,0.24098819286141682
70.0,75.0,3.325,0.23261350842689485
70.0,75.0,3.35,0.22427664977633033
70.0,75.0,3.375,0.21595314999095908
70.0,75.0,3.4,0.20761820296819863
70.0,75.0,3.425,0.19924639435536062
70.0,75.0,3.45,0.19081139318807133
70.0,75.0,3.475,0.1822856214768518
70.0,75.0,3.5,0.17364004202565556
70.0,75.0,3.525,0.16484468623897502
70.0,75.0,3.55,0.15587042149405322
70.0,75.0,3.575,0.14668480265252
70.0,75.0,3.6,0.13724224215479533
70.0,75.0,3.625,0.12749379084956455
70.0,75.0,3.65,0.1173906391813243
70.0,75.0,3.675,0.10687818629164829
70.0,75.0,3.7,0.09589341675377391
70.0,75.0,3.725,0.08436338846640111
70.0,75.0,3.75,0.07220330937820492
70.0,75.0,3.775,0.0593138734536617
70.0,75.0,3.8,0.04557850232961041
70.0,80.0,2.4,1.3931029547576204
70.0,80.0,2.425,1.1881211578002175
70.0,80.0,2.45,1.0490646427545263
70.0,80.0,2.475,0.9500591296203841
70.0,80.0,2.5,0.8772688830930303
70.0,80.0,2.525,0.8209657491265099
70.0,80.0,2.55,0.7659968799816322
70.0,80.0,2.575,0.6564134940064161
70.0,80.0,2.6,0.40599346833762934
70.0,80.0,2.625,0.35220211276765545
70.0,80.0,2.65,0.4050777057670757
70.0,80.0,2.675,0.4310406868230226
70.0,80.0,2.7,0.4382712816973549
70.0,80.0,2.725,0.436285690817122
70.0,80.0,2.75,0.4293068887403408
70.0,80.0,2.775,0.41963020563236697
70.0,80.0,2.8,0.4085705818770169
70.0,80.0,2.825,0.3969155539827803
70.0,80.0,2.85,0.38515288958702526
70.0,80.0,2.875,0.373522743168055
70.0,80.0,2.9,0.3621487745052072
70.0,80.0,2.925,0.35108801523330635
70.0,80.0,2.95,0.3403590880563424
70.0,80.0,2.975,0.32995869955295315
70.0,80.0,3.0,0.3198712925937354
70.0,80.0,3.025,0.31007470287440186
70.0,80.0,3.05,0.3005434693305084
70.0,80.0,3.075,0.29125074677037927
70.0,80.0,3.1,0.2821693848379117
70.0,80.0,3.125,0.2732725020661594
70.0,80.0,3.15,0.26453375336398255
70.0,80.0,3.175,0.2559274100995728
70.0,80.0,3.2,0.24742832466338668
70.0,80.0,3.225,0.23901182258475023
70.0,80.0,3.25,0.23065354744146266
70.0,80.0,3.275,0.22232927253739693
70.0,80.0,3.3,0.2140146859796436
70.0,80.0,3.325,0.20568515069930218
70.0,80.0,3.35,0.19731543701911033
70.0,80.0,3.375,0.18887942188599688
70.0,80.0,3.4,0.18034974623212882
70.0,80.0,3.425,0.1716974261527079
70.0,80.0,3.45,0.1628914608993085
70.0,80.0,3.475,0.1538987307519463
70.0,80.0,3.5,0.14468507962313154
70.0,80.0,3.525,0.1352158850685708
70.0,80.0,3.55,0.12544697383159165
70.0,80.0,3.575,0.11532209525003331
70.0,80.0,3.6,0.10478358864344939
70.0,80.0,3.625,0.09376870512272661
70.0,80.0,3.65,0.08220509253480342
70.0,80.0,3.675,0.0700081879466243
70.0,80.0,3.7,0.05707867182733728
70.0,80.0,3.725,0.04329909728341034
70.0,80.0,3.75,0.028529437652044576
70.0,80.0,3.775,0.012601249786694708
70.0,80.0,3.8,-0.004689968329937395
70.0,85.0,2.4,0.9399663678547957
70.0,85.0,2.425,0.8718553214681067
70.0,85.0,2.45,0.8179036147804389
70.0,85.0,2.475,0.7527857417043056
70.0,85.0,2.5,0.5666999951994371
70.0,85.0,2.525,0.33558498267512443
70.0,85.0,2.55,0.38726611118806015
70.0,85.0,2.575,0.43275899260125184
70.0,85.0,2.6,0.447484504648148
70.0,85.0,2.625,0.4483332554925354
70.0,85.0,2.65,0.4426518970073907
70.0,85.0,2.675,0.4334230151845098
70.0,85.0,2.7,0.4223587362750137
70.0,85.0,2.725,0.41039390261862974
70.0,85.0,2.75,0.3981814645988293
70.0,85.0,2.775,0.38606122412232163
70.0,85.0,2.8,0.37419838802520544
70.0,85.0,2.825,0.36267045051099045
70.0,85.0,2.85,0.3515054651962479
70.0,85.0,2.875,0.34070371558720697
70.0,85.0,2.9,0.3302502025378056
70.0,85.0,2.925,0.32012184692383516
70.0,85.0,2.95,0.31029163492473755
70.0,85.0,2.975,0.3007309833288668
70.0,85.0,3.0,0.2914110537388329
70.0,85.0,3.025,0.2823034461532357
70.0,85.0,3.05,0.27338052126300044
70.0,85.0,3.075,0.26461550081527496
70.0,85.0,3.1,0.2559824350363853
70.0,85.0,3.125,0.24745609021966042
70.0,85.0,3.15,0.23901178779308396
70.0,85.0,3.175,0.230625212701939
70.0,85.0,3.2,0.22227220039706622
70.0,85.0,3.225,0.2139285061030948
70.0,85.0,3.25,0.20556955612080718
70.0,85.0,3.275,0.19717017789507532
70.0,85.0,3.3,0.18870430289931028
70.0,85.0,3.325,0.18014463393381047
70.0,85.0,3.35,0.17146227361168223
70.0,85.0,3.375,0.16262614837203668
70.0,85.0,3.4,0.15360293255878515
70.0,85.0,3.425,0.1443560788850717
70.0,85.0,3.45,0.13484676407151017
70.0,85.0,3.475,0.12503523936980168
70.0,85.0,3.5,0.11487509989036235
70.0,85.0,3.525,0.10430458787319843
70.0,85.0,3.55,0.09325564552107204
70.0,85.0,3.575,0.08165506618300596
70.0,85.0,3.6,0.06941843979061227
70.0,85.0,3.625,0.05644633003167962
70.0,85.0,3.65,0.04262079745047356
70.0,85.0,3.675,0.02780091424607651
70.0,85.0,3.7,0.011816765653400025
70.0,85.0,3.725,-0.005538587913465409
70.0,85.0,3.75,-0.024519962326629546
70.0,85.0,3.775,-0.04544486317235936
70.0,85.0,3.8,-0.06871394689695322
70.0,90.0,2.4,0.757012600160016
70.0,90.0,2.425,0.5250909199974308
70.0,90.0,2.45,0.3291903349977132
70.0,90.0,2.475,0.4070455283594404
70.0,90.0,2.5,0.44768787643584884
70.0,90.0,2.525,0.45821850312879514
70.0,90.0,2.55,0.456533959802592
70.0,90.0,2.575,0.449294835994104
70.0,90.0,2.6,0.4390140027090395
70.0,90.0,2.625,0.42715265459423996
70.0,90.0,2.65,0.4146289109176134
70.0,90.0,2.675,0.40200546530659226
70.0,90.0,2.7,0.38957470663470295
70.0,90.0,2.725,0.37746768088894594
70.0,90.0,2.75,0.36574117659985694
70.0,90.0,2.775,0.3544097727634621
70.0,90.0,2.8,0.3434646218716436
70.0,90.0,2.825,0.3328844959142391
70.0,90.0,2.85,0.3226420182988683
70.0,90.0,2.875,0.3127071764683814
70.0,90.0,2.9,0.3030492701201393
70.0,90.0,2.925,0.2936379547386187
70.0,90.0,2.95,0.2844437534486145
70.0,90.0,2.975,0.27543825634180297
70.0,90.0,3.0,0.2665941358102709
70.0,90.0,3.025,0.2578850537760402
70.0,90.0,3.05,0.24928550549812892
70.0,90.0,3.075,0.24077062585961104
70.0,90.0,3.1,0.2323159725489921
70.0,90.0,3.125,0.22389729340097614
70.0,90.0,3.15,0.21549028090210642
70.0,90.0,3.175,0.2070703190352851
70.0,90.0,3.2,0.1986120212629686
70.0,90.0,3.225,0.19008962197238294
70.0,90.0,3.25,0.18147549481693512
70.0,90.0,3.275,0.1727407338659096
70.0,90.0,3.3,0.16385432871243058
70.0,90.0,3.325,0.15478270263664556
70.0,90.0,3.35,0.1454891232405711
70.0,90.0,3.375,0.1359331760908371
70.0,90.0,3.4,0.12607102985705765
70.0,90.0,3.425,0.11585707697728302
70.0,90.0,3.45,0.10523920055170469
70.0,90.0,3.475,0.09414795397794322
70.0,90.0,3.5,0.08250413649439924
70.0,90.0,3.525,0.07022150119918458
70.0,90.0,3.55,0.05720003253181868
70.0,90.0,3.575,0.04332089379800179
70.0,90.0,3.6,0.028441687812046635
70.0,90.0,3.625,0.012390343018655171
70.0,90.0,3.65,-0.005043151451549646
70.0,90.0,3.675,-0.024118010473152058
70.0,90.0,3.7,-0.045158187095308895
70.0,90.0,3.725,-0.06857413243357482
70.0,90.0,3.75,-0.09489383576878677
70.0,90.0,3.775,-0.1248079987095744
70.0,90.0,3.8,-0.1592371934064089
70.0,95.0,2.4,0.40931513700368616
70.0,95.0,2.425,0.45527487190411864
70.0,95.0,2.45,0.46666961668819745
70.0,95.0,2.475,0.4649379530331359
70.0,95.0,2.5,0.45737283528303313
70.0,95.0,2.525,0.4466663645976128
70.0,95.0,2.55,0.43435792378537824
70.0,95.0,2.575,0.42140753789642627
70.0,95.0,2.6,0.40840156526404936
70.0,95.0,2.625,0.3956255844915936
70.0,95.0,2.65,0.38321151923465063
70.0,95.0,2.675,0.37121105013830163
70.0,95.0,2.7,0.3596326874688368
70.0,95.0,2.725,0.34846251729387717
70.0,95.0,2.75,0.33767621514411156
70.0,95.0,2.775,0.32724376647347536
70.0,95.0,2.8,0.317132913995434
70.0,95.0,2.825,0.30731110460773975
70.0,95.0,2.85,0.29774647105396446
70.0,95.0,2.875,0.28840828394438905
70.0,95.0,2.9,0.27926710145669204
70.0,95.0,2.925,0.27029474514940954
70.0,95.0,2.95,0.2614641758027807
70.0,95.0,2.975,0.2527493121320126
70.0,95.0,3.0,0.24412481741752673
70.0,95.0,3.025,0.2355658744787963
70.0,95.0,3.05,0.22704769841459285
70.0,95.0,3.075,0.21854617099351065
70.0,95.0,3.1,0.2100361071810525
70.0,95.0,3.125,0.2014921638229017
70.0,95.0,3.15,0.19288805481384907
70.0,95.0,3.175,0.18419626808322365
70.0,95.0,3.2,0.1753876848136112
70.0,95.0,3.225,0.16643114079754362
70.0,95.0,3.25,0.15729291270524715
70.0,95.0,3.275,0.1479361060297765
70.0,95.0,3.3,0.13831993961606456
70.0,95.0,3.325,0.12839908448308374
70.0,95.0,3.35,0.11812389570863992
70.0,95.0,3.375,0.10744210679774437
70.0,95.0,3.4,0.09629304814939267
70.0,95.0,3.425,0.0845961607050672
70.0,95.0,3.45,0.07225911375277731
70.0,95.0,3.475,0.05917942040056383
70.0,95.0,3.5,0.04523670073357028
70.0,95.0,3.525,0.030286420488722224
70.0,95.0,3.55,0.014153407784932464
70.0,95.0,3.575,-0.0033767083116416274
70.0,95.0,3.6,-0.022569242960963715
70.0,95.0,3.625,-0.043756766289898164
70.0,95.0,3.65,-0.06736210747271168
70.0,95.0,3.675,-0.09393142747894921
70.0,95.0,3.7,-0.12418283440019068
70.0,95.0,3.725,-0.1590796552779049
70.0,95.0,3.75,-0.19994397427584906
70.0,95.0,3.775,-0.24863781491621
70.0,95.0,3.8,-0.3078599034995632
70.0,100.0,2.4,0.4736857030947582
70.0,100.0,2.425,0.4670517670858537
70.0,100.0,2.45,0.4564931269000347
70.0,100.0,2.475,0.4440032354562805
70.0,100.0,2.5,0.4307260328267558
70.0,100.0,2.525,0.4173242357411663
70.0,100.0,2.55,0.40414862623876296
70.0,100.0,2.575,0.3913491604732032
70.0,100.0,2.6,0.37898455546587045
70.0,100.0,2.625,0.3670668023188991
70.0,100.0,2.65,0.3555827525689597
70.0,100.0,2.675,0.3445064976169759
70.0,100.0,2.7,0.33380568209310185
70.0,100.0,2.725,0.32344576082914567
70.0,100.0,2.75,0.3133925010886076
70.0,100.0,2.775,0.3036123696567425
70.0,100.0,2.8,0.2940730807981781
70.0,100.0,2.825,0.28474379973382674
70.0,100.0,2.85,0.2755951202079365
70.0,100.0,2.875,0.26659893149917996
70.0,100.0,2.9,0.2577281011101138
70.0,100.0,2.925,0.24895664247428959
70.0,100.0,2.95,0.24025902827376314
70.0,100.0,2.975,0.23160997128468414
70.0,100.0,3.0,0.2229844029300694
70.0,100.0,3.025,0.21435702856539157
70.0,100.0,3.05,0.20570204603414158
70.0,100.0,3.075,0.1969928233056632
70.0,100.0,3.1,0.18820154433313444
70.0,100.0,3.125,0.17929881444137646
70.0,100.0,3.15,0.17025321217657083
70.0,100.0,3.175,0.1610307697116783
70.0,100.0,3.2,0.1515943573361317
70.0,100.0,3.225,0.14190294202026674
70.0,100.0,3.25,0.1319107124153441
70.0,100.0,3.275,0.12156626834484596
70.0,100.0,3.3,0.11081289218579413
70.0,100.0,3.325,0.09959007295353338
70.0,100.0,3.35,0.08782547069841726
70.0,100.0,3.375,0.07542401311757278
70.0,100.0,3.4,0.06227696896452082
70.0,100.0,3.425,0.04826082561824061
70.0,100.0,3.45,0.03322821712016256
70.0,100.0,3.475,0.01700004292463576
70.0,100.0,3.5,-0.0006436263888336113
70.0,100.0,3.525,-0.019975908361791393
70.0,100.0,3.55,-0.041340388600871754
70.0,100.0,3.575,-0.06517566559809358
70.0,100.0,3.6,-0.0920508974037025
70.0,100.0,3.625,-0.12271848662834266
70.0,100.0,3.65,-0.15819429503457827
70.0,100.0,3.675,-0.19988520735436768
70.0,100.0,3.7,-0.24978439078345224
70.0,100.0,3.725,-0.31083432349628703
70.0,100.0,3.75,-0.3875145943032271
70.0,100.0,3.775,-0.48696555001721725
70.0,100.0,3.8,-0.6213070140739121
70.0,105.0,2.4,0.45598148887689927
70.0,105.0,2.425,0.44252467451304234
70.0,105.0,2.45,0.4287490756709434
70.0,105.0,2.475,0.41511648753802416
70.0,105.0,2.5,0.40184718193939833
70.0,105.0,2.525,0.3890247045798277
70.0,105.0,2.55,0.3766716540541078
70.0,105.0,2.575,0.36477924032950876
70.0,105.0,2.6,0.3533225106819976
70.0,105.0,2.625,0.3422687990209062
70.0,105.0,2.65,0.3315822797498394
70.0,105.0,2.675,0.3212266537349242
70.0,105.0,2.7,0.3111660890799973
70.0,105.0,2.725,0.30136618835654144
70.0,105.0,2.75,0.2917944409435466
70.0,105.0,2.775,0.282419765406443
70.0,105.0,2.8,0.27321254159439706
70.0,105.0,2.825,0.26414474371404106
70.0,105.0,2.85,0.25518873046023416
70.0,105.0,2.875,0.24631798505116992
70.0,105.0,2.9,0.23750641107322623
70.0,105.0,2.925,0.22872809814384287
70.0,105.0,2.95,0.21995702853062316
70.0,105.0,2.975,0.21116676421723385
70.0,105.0,3.0,0.20233011132080975
70.0,105.0,3.025,0.1934187543716939
70.0,105.0,3.05,0.184402850390548
70.0,105.0,3.075,0.1752505697793137
70.0,105.0,3.1,0.16592756706607434
70.0,105.0,3.125,0.15639635876365374
70.0,105.0,3.15,0.14661557745684126
70.0,105.0,3.175,0.13653906413253766
70.0,105.0,3.2,0.12611478742873358
70.0,105.0,3.225,0.11528382614745902
70.0,105.0,3.25,0.1039805613507059
70.0,105.0,3.275,0.09213358348045858
70.0,105.0,3.3,0.07965541936239236
70.0,105.0,3.325,0.06643297284683551
70.0,105.0,3.35,0.0523361077925664
70.0,105.0,3.375,0.037213328875892585
70.0,105.0,3.4,0.02088096766486196
70.0,105.0,3.425,0.0031126833262418497
70.0,105.0,3.45,-0.016373744256139237
70.0,105.0,3.475,-0.03793486102510724
70.0,105.0,3.5,-0.062027973849412915
70.0,105.0,3.525,-0.08924945542234067
70.0,105.0,3.55,-0.12039264514471906
70.0,105.0,3.575,-0.156536639871524
70.0,105.0,3.6,-0.1991862933732759
70.0,105.0,3.625,-0.2505045991300683
70.0,105.0,3.65,-0.3137116116889092
70.0,105.0,3.675,-0.39380644593162023
70.0,105.0,3.7,-0.4989500030478345
70.0,105.0,3.725,-0.6432843345025011
70.0,105.0,3.75,-0.8531625330647208
70.0,105.0,3.775,-1.1816016792060442
70.0,105.0,3.8,-1.726657552275211
70.0,110.0,2.4,0.4285424949269257
70.0,110.0,2.425,0.41473090100034865
70.0,110.0,2.45,0.4013559298134651
70.0,110.0,2.475,0.38846608478829325
70.0,110.0,2.5,0.37606440629635185
70.0,110.0,2.525,0.36413080510952806
70.0,110.0,2.55,0.3526336136426242
70.0,110.0,2.575,0.34153609903883514
70.0,110.0,2.6,0.33080006729376116
70.0,110.0,2.625,0.32038771358095514
70.0,110.0,2.65,0.31026248160557635
70.0,110.0,2.675,0.30038792787169494
70.0,110.0,2.7,0.2907354280041662
70.0,110.0,2.725,0.28126892365330697
70.0,110.0,2.75,0.27195974708986087
70.0,110.0,2.775,0.2627790646834203
70.0,110.0,2.8,0.25369890323444855
70.0,110.0,2.825,0.24469190788966136
70.0,110.0,2.85,0.23573104811140733
70.0,110.0,2.875,0.22678930655153004
70.0,110.0,2.9,0.21783935176284755
70.0,110.0,2.925,0.20885318954981702
70.0,110.0,2.95,0.1998017849839255
70.0,110.0,2.975,0.1906546446976148
70.0,110.0,3.0,0.18137934629211636
70.0,110.0,3.025,0.17194099808272403
70.0,110.0,3.05,0.16230160738382282
70.0,110.0,3.075,0.15241932829864407
70.0,110.0,3.1,0.14224754987950572
70.0,110.0,3.125,0.13173377626618823
70.0,110.0,3.15,0.12081827760971642
70.0,110.0,3.175,0.10943275295358922
70.0,110.0,3.2,0.0975001338204111
70.0,110.0,3.225,0.08493445949493819
70.0,110.0,3.25,0.07162927809480087
70.0,110.0,3.275,0.057448858941124434
70.0,110.0,3.3,0.04223444304660713
70.0,110.0,3.325,0.02579681809110148
70.0,110.0,3.35,0.007902832491890324
70.0,110.0,3.375,-0.011739078365666058
70.0,110.0,3.4,-0.033500710545859035
70.0,110.0,3.425,-0.057858555402677744
70.0,110.0,3.45,-0.08543976793778026
70.0,110.0,3.475,-0.11708357452573756
70.0,110.0,3.5,-0.1539400149938417
70.0,110.0,3.525,-0.19762819581440372
70.0,110.0,3.55,-0.2505010142652891
70.0,110.0,3.575,-0.31610913491871095
70.0,110.0,3.6,-0.40006009544610416
70.0,110.0,3.625,-0.5117154622584771
70.0,110.0,3.65,-0.6678034445089432
70.0,110.0,3.675,-0.9007200304241207
70.0,110.0,3.7,-1.2780408180291414
70.0,110.0,3.725,-1.9220241534387559
70.0,110.0,3.75,-2.104938222026441
70.0,110.0,3.775,2.3749784828673777
70.0,110.0,3.8,2.242509245884676
70.0,115.0,2.4,0.40252815422046107
70.0,115.0,2.425,0.3895108347403901
70.0,115.0,2.45,0.37699493906245213
70.0,115.0,2.475,0.3649537473770814
70.0,115.0,2.5,0.3533514574930216
70.0,115.0,2.525,0.3421486507758469
70.0,115.0,2.55,0.3313052543561094
70.0,115.0,2.575,0.3207804047815795
70.0,115.0,2.6,0.3105415162971663
70.0,115.0,2.625,0.3005482488490512
70.0,115.0,2.65,0.29076797096816903
70.0,115.0,2.675,0.28116851211919286
70.0,115.0,2.7,0.2717188840874438
70.0,115.0,2.725,0.26238925214053965
70.0,115.0,2.75,0.25315072094221425
70.0,115.0,2.775,0.24397484207315512
70.0,115.0,2.8,0.2348333148454547
70.0,115.0,2.825,0.2256976554569513
70.0,115.0,2.85,0.21653883404213023
70.0,115.0,2.875,0.2073268816097187
70.0,115.0,2.9,0.19803045800493183
70.0,115.0,2.925,0.1886163677556402
70.0,115.0,2.95,0.17904900689222522
70.0,115.0,2.975,0.16928971908313278
70.0,115.0,3.0,0.15929603289836358
70.0,115.0,3.025,0.1490207427586394
70.0,115.0,3.05,0.13841078335138068
70.0,115.0,3.075,0.12740583442314615
70.0,115.0,3.1,0.11593661376803506
70.0,115.0,3.125,0.10392305418085651
70.0,115.0,3.15,0.09127332088722115
70.0,115.0,3.175,0.07788238755442359
70.0,115.0,3.2,0.06362000038427149
70.0,115.0,3.225,0.04832122600684043
70.0,115.0,3.25,0.03179027120160098
70.0,115.0,3.275,0.01378211115144855
70.0,115.0,3.3,-0.006000652156069496
70.0,115.0,3.325,-0.027943461246386834
70.0,115.0,3.35,-0.05254480053889645
70.0,115.0,3.375,-0.08046245978406859
70.0,115.0,3.4,-0.11258319545334906
70.0,115.0,3.425,-0.15013198262444638
70.0,115.0,3.45,-0.19484990714241013
70.0,115.0,3.475,-0.24929631279719447
70.0,115.0,3.5,-0.31738820615591046
70.0,115.0,3.525,-0.4054220918436232
70.0,115.0,3.55,-0.5241520433163948
70.0,115.0,3.575,-0.6933838699719451
70.0,115.0,3.6,-0.9530691049697735
70.0,115.0,3.625,-1.3906636355393531
70.0,115.0,3.65,-2.146177030365769
70.0,115.0,3.675,-1.1800999434261321
70.0,115.0,3.7,2.7091786944521026
70.0,115.0,3.725,2.010333829312396
70.0,115.0,3.75,1.470121690196466
70.0,115.0,3.775,1.157482923748381
70.0,115.0,3.8,0.9600174743853028
70.0,120.0,2.4,0.3793381718572798
70.0,120.0,2.425,0.3671253168303779
70.0,120.0,2.45,0.3553569742130081
70.0,120.0,2.475,0.34399136750724263
70.0,120.0,2.5,0.33298684330367345
70.0,120.0,2.525,0.32230412237123557
70.0,120.0,2.55,0.31190279552211586
70.0,120.0,2.575,0.3017464880350474
70.0,120.0,2.6,0.2918002438723828
70.0,120.0,2.625,0.28203071385663564
70.0,120.0,2.65,0.2724058862808044
70.0,120.0,2.675,0.2628948300701298
70.0,120.0,2.7,0.2534672014310303
70.0,120.0,2.725,0.24409305401026032
70.0,120.0,2.75,0.23474253147419236
70.0,120.0,2.775,0.22538534607437494
70.0,120.0,2.8,0.21599039132359804
70.0,120.0,2.825,0.20652530290191204
70.0,120.0,2.85,0.19695595936806204
70.0,120.0,2.875,0.1872459133553409
70.0,120.0,2.9,0.17735573268393837
70.0,120.0,2.925,0.16724222344878314
70.0,120.0,2.95,0.15685749829086554
70.0,120.0,2.975,0.14614784084768473
70.0,120.0,3.0,0.13505230052292747
70.0,120.0,3.025,0.1235009325888014
70.0,120.0,3.05,0.11141260499283755
70.0,120.0,3.075,0.09869247096609757
70.0,120.0,3.1,0.08522975221712661
70.0,120.0,3.125,0.07089451611900781
70.0,120.0,3.15,0.05553266709716255
70.0,120.0,3.175,0.03892585096422287
70.0,120.0,3.2,0.020836203144668698
70.0,120.0,3.225,0.0009508133818551402
70.0,120.0,3.25,-0.021127583475450035
70.0,120.0,3.275,-0.0459161245396319
70.0,120.0,3.3,-0.07410133231758896
70.0,120.0,3.325,-0.10661490161871212
70.0,120.0,3.35,-0.14475397910876012
70.0,120.0,3.375,-0.19037945502245585
70.0,120.0,3.4,-0.24625777190203404
70.0,120.0,3.425,-0.31668223090239916
70.0,120.0,3.45,-0.408676702378844
70.0,120.0,3.475,-0.5345146298151903
70.0,120.0,3.5,-0.7174991600510254
70.0,120.0,3.525,-1.006600075291033
70.0,120.0,3.55,-1.513924693279687
70.0,120.0,3.575,-2.363304649161045
70.0,120.0,3.6,0.5659451431099898
70.0,120.0,3.625,2.5908639868318066
70.0,120.0,3.65,1.7967384636282686
70.0,120.0,3.675,1.335309883627034
70.0,120.0,3.7,1.0669383892965945
70.0,120.0,3.725,0.8942732426593727
70.0,120.0,3.75,0.7740760785478981
70.0,120.0,3.775,0.6853306950625153
70.0,120.0,3.8,0.6167893748848765
70.0,125.0,2.4,0.35856749226874773
70.0,125.0,2.425,0.34698581539806744
70.0,125.0,2.45,0.3357715078774049
70.0,125.0,2.475,0.32488171604242105
70.0,125.0,2.5,0.3142765712369686
70.0,125.0,2.525,0.30391781502395737
70.0,125.0,2.55,0.2937690347787447
70.0,125.0,2.575,0.28379545450557025
70.0,125.0,2.6,0.27396364320093597
70.0,125.0,2.625,0.2642411423854389
70.0,125.0,2.65,0.25459608542879647
70.0,125.0,2.675,0.2449968553627567
70.0,125.0,2.7,0.2354115422687708
70.0,125.0,2.725,0.22580764581567686
70.0,125.0,2.75,0.21615164818517868
70.0,125.0,2.775,0.206408380862831
70.0,125.0,2.8,0.1965404591846742
70.0,125.0,2.825,0.1865076154419796
70.0,125.0,2.85,0.1762659072184164
70.0,125.0,2.875,0.16576677063757186
70.0,125.0,2.9,0.1549558708583196
70.0,125.0,2.925,0.14377168450950584
70.0,125.0,2.95,0.13214372482707937
70.0,125.0,2.975,0.11999028812776777
70.0,125.0,3.0,0.10721556590565462
70.0,125.0,3.025,0.09370586323126157
70.0,125.0,3.05,0.07933137392547575
70.0,125.0,3.075,0.06392385748580476
70.0,125.0,3.1,0.04728620882225549
70.0,125.0,3.125,0.029164010667748288
70.0,125.0,3.15,0.00923805482421103
70.0,125.0,3.175,-0.012898764627286018
70.0,125.0,3.2,-0.03777822546618889
70.0,125.0,3.225,-0.06610986017579908
70.0,125.0,3.25,-0.09886237791693844
70.0,125.0,3.275,-0.13739401564568815
70.0,125.0,3.3,-0.1836698491348273
70.0,125.0,3.325,-0.24064148074743935
70.0,125.0,3.35,-0.3129487512630818
70.0,125.0,3.375,-0.40830801115729687
70.0,125.0,3.4,-0.5404956275421848
70.0,125.0,3.425,-0.7364462782168223
70.0,125.0,3.45,-1.055080490106585
70.0,125.0,3.475,-1.6370806819691437
70.0,125.0,3.5,-2.507130325715391
70.0,125.0,3.525,2.0718070013406513
70.0,125.0,3.55,2.3661301566888704
70.0,125.0,3.575,1.6262918402274185
70.0,125.0,3.6,1.2278644331006103
70.0,125.0,3.625,0.993199070292504
70.0,125.0,3.65,0.8399131803622311
70.0,125.0,3.675,0.7317436683512425
70.0,125.0,3.7,0.650974916429279
70.0,125.0,3.725,0.5880309069839887
70.0,125.0,3.75,0.5372815823022791
70.0,125.0,3.775,0.49520887664748
70.0,125.0,3.8,0.45950467607783646
70.0,130.0,2.4,0.33960993308271326
70.0,130.0,2.425,0.3284690737481374
70.0,130.0,2.45,0.3176192414860641
70.0,130.0,2.475,0.3070203925853818
70.0,130.0,2.5,0.29663437814727095
70.0,130.0,2.525,0.28642468838078544
70.0,130.0,2.55,0.2763561145592331
70.0,130.0,2.575,0.26639437381446923
70.0,130.0,2.6,0.25650571241022424
70.0,130.0,2.625,0.24665644476945728
70.0,130.0,2.65,0.23681248539738162
70.0,130.0,2.675,0.22693889845452694
70.0,130.0,2.7,0.2169992360100794
70.0,130.0,2.725,0.20695505572892509
70.0,130.0,2.75,0.19676526323811414
70.0,130.0,2.775,0.1863852045302534
70.0,130.0,2.8,0.1757657253957703
70.0,130.0,2.825,0.16485201800491744
70.0,130.0,2.85,0.1535821940108019
70.0,130.0,2.875,0.1418854990140883
70.0,130.0,2.9,0.1296800333062951
70.0,130.0,2.925,0.11686970186322036
70.0,130.0,2.95,0.10334002786230238
70.0,130.0,2.975,0.08896218786333313
70.0,130.0,3.0,0.07356204563676107
70.0,130.0,3.025,0.05694385730790414
70.0,130.0,3.05,0.03885584629302708
70.0,130.0,3.075,0.01897518052323979
70.0,130.0,3.1,-0.003111778261851197
70.0,130.0,3.125,-0.027945302902022247
70.0,130.0,3.15,-0.056248564949979644
70.0,130.0,3.175,-0.08901356176711016
70.0,130.0,3.2,-0.12763917427719584
70.0,130.0,3.225,-0.17416336067085025
70.0,130.0,3.25,-0.23167345691098704
70.0,130.0,3.275,-0.30507482238716177
70.0,130.0,3.3,-0.4026399636819655
70.0,130.0,3.325,-0.5394155594011559
70.0,130.0,3.35,-0.7455900152666197
70.0,130.0,3.375,-1.0897022104864367
70.0,130.0,3.4,-1.7424155697301729
70.0,130.0,3.425,-2.5187678700104428
70.0,130.0,3.45,2.741172911021048
70.0,130.0,3.475,2.168669932754226
70.0,130.0,3.5,1.500137054132757
70.0,130.0,3.525,1.1471718114304505
70.0,130.0,3.55,0.9365274011458105
70.0,130.0,3.575,0.7971816921726
70.0,130.0,3.6,0.6979584551118092
70.0,130.0,3.625,0.6233497916464928
70.0,130.0,3.65,0.5648000170281247
70.0,130.0,3.675,0.5172971379636424
70.0,130.0,3.7,0.47771060874975746
70.0,130.0,3.725,0.44396554086623063
70.0,130.0,3.75,0.4146315918460255
70.0,130.0,3.775,0.38869017551428436
70.0,130.0,3.8,0.3653945405992819
70.0,135.0,2.4,0.32190807613864536
70.0,135.0,2.425,0.3110324103163808
70.0,135.0,2.45,0.300375490295522
70.0,135.0,2.475,0.28989875040371577
70.0,135.0,2.5,0.27956491575201337
70.0,135.0,2.525,0.2693375829835862
70.0,135.0,2.55,0.2591807667696723
70.0,135.0,2.575,0.24905842340369835
70.0,135.0,2.6,0.23893394525490247
70.0,135.0,2.625,0.2287695633732342
70.0,135.0,2.65,0.21852571359840756
70.0,135.0,2.675,0.20816037387945366
70.0,135.0,2.7,0.19762813034206547
70.0,135.0,2.725,0.18687932701325266
70.0,135.0,2.75,0.17585893057437463
70.0,135.0,2.775,0.16450500913982133
70.0,135.0,2.8,0.1527469680514602
70.0,135.0,2.825,0.14050326884115533
70.0,135.0,2.85,0.12767821885798908
70.0,135.0,2.875,0.11415958112776678
70.0,135.0,2.9,0.09981724890547734
70.0,135.0,2.925,0.08447966558492635
70.0,135.0,2.95,0.06794913749355977
70.0,135.0,2.975,0.04997660886360197
70.0,135.0,3.0,0.030244657893663967
70.0,135.0,3.025,0.008340734943846283
70.0,135.0,3.05,-0.016275960867320607
70.0,135.0,3.075,-0.04432968661166636
70.0,135.0,3.1,-0.07681654232841259
70.0,135.0,3.125,-0.11514654945264746
70.0,135.0,3.15,-0.16138355816760105
70.0,135.0,3.175,-0.21867317456660954
70.0,135.0,3.2,-0.29205109923974953
70.0,135.0,3.225,-0.3900951660786956
70.0,135.0,3.25,-0.528624827401049
70.0,135.0,3.275,-0.7400213065615288
70.0,135.0,3.3,-1.1001263961114167
70.0,135.0,3.325,-1.8067972899334075
70.0,135.0,3.35,-2.4506779537439343
70.0,135.0,3.375,2.9344487518237377
70.0,135.0,3.4,2.033638981750157
70.0,135.0,3.425,1.414860360239064
70.0,135.0,3.45,1.0906566071164836
70.0,135.0,3.475,0.8957732844883148
70.0,135.0,3.5,0.7659126110561639
70.0,135.0,3.525,0.6728439630505019
70.0,135.0,3.55,0.6024855799205384
70.0,135.0,3.575,0.547092723589116
70.0,135.0,3.6,0.5020345904186801
70.0,135.0,3.625,0.46434840199829064
70.0,135.0,3.65,0.4321081828449207
70.0,135.0,3.675,0.40399918600627627
70.0,135.0,3.7,0.3790776260665092
70.0,135.0,3.725,0.35664684772615174
70.0,135.0,3.75,0.33618009562770657
70.0,135.0,3.775,0.31726954657711526
70.0,135.0,3.8,0.2995920544247654
70.0,140.0,2.4,0.3049875844766096
70.0,140.0,2.425,0.29421334845246433
70.0,140.0,2.45,0.28358645579146086
70.0,140.0,2.475,0.27306808618647427
70.0,140.0,2.5,0.2626197582036073
70.0,140.0,2.525,0.2522027866859891
70.0,140.0,2.55,0.24177769592960138
70.0,140.0,2.575,0.23130358480632446
70.0,140.0,2.6,0.22073741994417048
70.0,140.0,2.625,0.21003316338001835
70.0,140.0,2.65,0.19914079391100278
70.0,140.0,2.675,0.1880052034448367
70.0,140.0,2.7,0.17656467005318527
70.0,140.0,2.725,0.1647492206917799
70.0,140.0,2.75,0.15247840785866457
70.0,140.0,2.775,0.1396580639974903
70.0,140.0,2.8,0.12617691380863952
70.0,140.0,2.825,0.11191049619787174
70.0,140.0,2.85,0.09668888496212795
70.0,140.0,2.875,0.08031780963069325
70.0,140.0,2.9,0.06255228172505586
70.0,140.0,2.925,0.043082332598159995
70.0,140.0,2.95,0.02150720975883069
70.0,140.0,2.975,-0.0027024678817039686
70.0,140.0,3.0,-0.030257127820886864
70.0,140.0,3.025,-0.06213389653971464
70.0,140.0,3.05,-0.09971761362084716
70.0,140.0,3.075,-0.14503949579118391
70.0,140.0,3.1,-0.20120299768878938
70.0,140.0,3.125,-0.2731947082735676
70.0,140.0,3.15,-0.3695502355875335
70.0,140.0,3.175,-0.5061253941142972
70.0,140.0,3.2,-0.7157523341602536
70.0,140.0,3.225,-1.0769730943129798
70.0,140.0,3.25,-1.8054598049344233
70.0,140.0,3.275,-2.488012719264407
70.0,140.0,3.3,3.005196861534615
70.0,140.0,3.325,1.9680670927007364
70.0,140.0,3.35,1.3675503263780968
70.0,140.0,3.375,1.05666069194755
70.0,140.0,3.4,0.8699679347176513
70.0,140.0,3.425,0.7454423381306475
70.0,140.0,3.45,0.6560643983989265
70.0,140.0,3.475,0.5883776046226386
70.0,140.0,3.5,0.5349712882468355
70.0,140.0,3.525,0.4914464322652155
70.0,140.0,3.55,0.45503708286344946
70.0,140.0,3.575,0.4238800759757593
70.0,140.0,3.6,0.3966660317572969
70.0,140.0,3.625,0.3724936625683841
70.0,140.0,3.65,0.35070724613909854
70.0,140.0,3.675,0.33080693355656493
70.0,140.0,3.7,0.3124036127978896
70.0,140.0,3.725,0.29518819463987217
70.0,140.0,3.75,0.2789096614330635
70.0,140.0,3.775,0.2633593064352223
70.0,140.0,3.8,0.24835929089243022
70.0,145.0,2.4,0.2884296161746965
70.0,145.0,2.425,0.27759525745362496
70.0,145.0,2.45,0.2668328641826101
70.0,145.0,2.475,0.2561008449789813
70.0,145.0,2.5,0.24535661618448823
70.0,145.0,2.525,0.2345558659673779
70.0,145.0,2.55,0.2236517209571938
70.0,145.0,2.575,0.21259379818477311
70.0,145.0,2.6,0.20132708877673805
70.0,145.0,2.625,0.18979050917146825
70.0,145.0,2.65,0.17791518634722064
70.0,145.0,2.675,0.1656223778927879
70.0,145.0,2.7,0.15282045459898658
70.0,145.0,2.725,0.13940070072986682
70.0,145.0,2.75,0.12524155924225921
70.0,145.0,2.775,0.11018422342917743
70.0,145.0,2.8,0.09403720897352082
70.0,145.0,2.825,0.0765656066599835
70.0,145.0,2.85,0.05747091496439004
70.0,145.0,2.875,0.03636920309636641
70.0,145.0,2.9,0.01275581115504211
70.0,145.0,2.925,-0.014048274282894417
70.0,145.0,2.95,-0.044976779998407455
70.0,145.0,2.975,-0.08135079011993197
70.0,145.0,3.0,-0.12510543048922845
70.0,145.0,3.025,-0.17919386952680957
70.0,145.0,3.05,-0.24835525792305876
70.0,145.0,3.075,-0.3406921346198353
70.0,145.0,3.1,-0.4712436784100963
70.0,145.0,3.125,-0.6711707004121326
70.0,145.0,3.15,-1.0155049378474685
70.0,145.0,3.175,-1.719287470287619
70.0,145.0,3.2,-2.7149163357405715
70.0,145.0,3.225,3.101651835335942
70.0,145.0,3.25,1.9782352182327174
70.0,145.0,3.275,1.3580082433440614
70.0,145.0,3.3,1.0447696271292781
70.0,145.0,3.325,0.8588043198370215
70.0,145.0,3.35,0.7355323886261445
70.0,145.0,3.375,0.6473812055185314
70.0,145.0,3.4,0.5807769891173877
70.0,145.0,3.425,0.5282986875496122
70.0,145.0,3.45,0.485556314801949
70.0,145.0,3.475,0.44979138885567177
70.0,145.0,3.5,0.41919224587216014
70.0,145.0,3.525,0.39251836051019323
70.0,145.0,3.55,0.3688463568171317
70.0,145.0,3.575,0.34749685597679386
70.0,145.0,3.6,0.32798660438167515
70.0,145.0,3.625,0.30994266329783443
70.0,145.0,3.65,0.29306610875362593
70.0,145.0,3.675,0.27711339244357985
70.0,145.0,3.7,0.2618825751112397
70.0,145.0,3.725,0.24719745732046847
70.0,145.0,3.75,0.2329138930874107
70.0,145.0,3.775,0.21889315784545046
70.0,145.0,3.8,0.20501068586664642
70.0,150.0,2.4,0.2718400713095693
70.0,150.0,2.425,0.260773444183623
70.0,150.0,2.45,0.2496928507715065
70.0,150.0,2.475,0.23855034031077502
70.0,150.0,2.5,0.22729499255213215
70.0,150.0,2.525,0.2158717995961577
70.0,150.0,2.55,0.20422033246947593
70.0,150.0,2.575,0.1922731499182716
70.0,150.0,2.6,0.1799538196534606
70.0,150.0,2.625,0.16717414779874784
70.0,150.0,2.65,0.153830551385124
70.0,150.0,2.675,0.13980047174137825
70.0,150.0,2.7,0.12494363322387658
70.0,150.0,2.725,0.10907332000178949
70.0,150.0,2.75,0.09196713608828809
70.0,150.0,2.775,0.07334472762485506
70.0,150.0,2.8,0.05284536922291436
70.0,150.0,2.825,0.029997175236987462
70.0,150.0,2.85,0.004169005827030218
70.0,150.0,2.875,-0.025506380194504828
70.0,150.0,2.9,-0.06025021793167843
70.0,150.0,2.925,-0.10184423270815293
70.0,150.0,2.95,-0.15299248121943826
70.0,150.0,2.975,-0.2180068618276496
70.0,150.0,3.0,-0.30420253858936874
70.0,150.0,3.025,-0.4250277938057173
70.0,150.0,3.05,-0.6080240339219851
70.0,150.0,3.075,-0.9187297114940874
70.0,150.0,3.1,-1.547616735412065
70.0,150.0,3.125,-2.850787937358464
70.0,150.0,3.15,3.1898558718210257
70.0,150.0,3.175,2.082794504852363
70.0,150.0,3.2,1.3907806989721336
70.0,150.0,3.225,1.0564933783294295
70.0,150.0,3.25,0.8628803752276364
70.0,150.0,3.275,0.7364338223183848
70.0,150.0,3.3,0.6468881238685806
70.0,150.0,3.325,0.5796859790200595
70.0,150.0,3.35,0.5269953108855979
70.0,150.0,3.375,0.48423654535307326
70.0,150.0,3.4,0.44855468118797054
70.0,150.0,3.425,0.4180777074823666
70.0,150.0,3.45,0.39153091692182806
70.0,150.0,3.475,0.3680256891592044
70.0,150.0,3.5,0.34689972095510097
70.0,150.0,3.525,0.32761632801790025
70.0,150.0,3.55,0.30978832719769783
70.0,150.0,3.575,0.2931266510155092
70.0,150.0,3.6,0.2773859344031223
70.0,150.0,3.625,0.26238695014682223
70.0,150.0,3.65,0.24794453433155794
70.0,150.0,3.675,0.23391574908357085
70.0,150.0,3.7,0.22016957292759928
70.0,150.0,3.725,0.20658540818439908
70.0,150.0,3.75,0.19304900876675718
70.0,150.0,3.775,0.17944847173191864
70.0,150.0,3.8,0.16567081774854095
70.0,155.0,2.4,0.25481612450184965
70.0,155.0,2.425,0.2433183344665803
70.0,155.0,2.45,0.23170078403602437
70.0,155.0,2.475,0.21990367580523007
70.0,155.0,2.5,0.2078610233494648
70.0,155.0,2.525,0.19549873813961935
70.0,155.0,2.55,0.18273222437562167
70.0,155.0,2.575,0.1694634451840048
70.0,155.0,2.6,0.1555771254329494
70.0,155.0,2.625,0.1409361532440318
70.0,155.0,2.65,0.12537629608210746
70.0,155.0,2.675,0.10868641043293183
70.0,155.0,2.7,0.09060689205784599
70.0,155.0,2.725,0.07080708503872819
70.0,155.0,2.75,0.048855797649639855
70.0,155.0,2.775,0.02417919033588221
70.0,155.0,2.8,-0.004003885095584765
70.0,155.0,2.825,-0.03678879118199254
70.0,155.0,2.85,-0.0757602149905684
70.0,155.0,2.875,-0.12330114308307209
70.0,155.0,2.9,-0.18316852727941954
70.0,155.0,2.925,-0.26164658450190015
70.0,155.0,2.95,-0.3700811750457771
70.0,155.0,2.975,-0.5311637344859762
70.0,155.0,3.0,-0.797258674425622
70.0,155.0,3.025,-1.3166593348532498
70.0,155.0,3.05,-2.5671764068522465
70.0,155.0,3.075,2.49478550070904
70.0,155.0,3.1,2.3297168057617292
70.0,155.0,3.125,1.4788316020491372
70.0,155.0,3.15,1.0964196749549653
70.0,155.0,3.175,0.8841922782465945
70.0,155.0,3.2,0.7491299948553969
70.0,155.0,3.225,0.6551039611361722
70.0,155.0,3.25,0.5853841695332033
70.0,155.0,3.275,0.531203857177669
70.0,155.0,3.3,0.48753525553745697
70.0,155.0,3.325,0.45129003382926924
70.0,155.0,3.35,0.4204657220792288
70.0,155.0,3.375,0.39370598408085195
70.0,155.0,3.4,0.37006059641357053
70.0,155.0,3.425,0.34885278309221845
70.0,155.0,3.45,0.32958612417262745
70.0,155.0,3.475,0.31183723865522883
70.0,155.0,3.5,0.2952623146762728
70.0,155.0,3.525,0.2796422557864619
70.0,155.0,3.55,0.2647720792112094
70.0,155.0,3.575,0.2504866879202698
70.0,155.0,3.6,0.23664070470730095
70.0,155.0,3.625,0.22310549709754723
70.0,155.0,3.65,0.20976296235196815
70.0,155.0,3.675,0.19650283109194427
70.0,155.0,3.7,0.18321823574657706
70.0,155.0,3.725,0.16980238860958521
70.0,155.0,3.75,0.15614515958477382
70.0,155.0,3.775,0.1421294375362706
70.0,155.0,3.8,0.12762693419775772
70.0,160.0,2.4,0.23690807711894293
70.0,160.0,2.425,0.2247312033035022
70.0,160.0,2.45,0.21229463244201494
70.0,160.0,2.475,0.19951762102258352
70.0,160.0,2.5,0.18630747725776498
70.0,160.0,2.525,0.17255583203745306
70.0,160.0,2.55,0.1581347204373787
70.0,160.0,2.575,0.14289367693929467
70.0,160.0,2.6,0.12664310671628873
70.0,160.0,2.625,0.10914558461246636
70.0,160.0,2.65,0.09010272461532891
70.0,160.0,2.675,0.06912959472272062
70.0,160.0,2.7,0.04571721866618813
70.0,160.0,2.725,0.019178554438077762
70.0,160.0,2.75,-0.011439900043611749
70.0,160.0,2.775,-0.04750242460404304
70.0,160.0,2.8,-0.09103484823757171
70.0,160.0,2.825,-0.14518125342958638
70.0,160.0,2.85,-0.21509810899107415
70.0,160.0,2.875,-0.30986205764065555
70.0,160.0,2.9,-0.44702297573074196
70.0,160.0,2.925,-0.6652423970407639
70.0,160.0,2.95,-1.0675655442734644
70.0,160.0,2.975,-2.0100233581210416
70.0,160.0,3.0,-1.6461157628990863
70.0,160.0,3.025,2.832945441739584
70.0,160.0,3.05,1.6529148796376316
70.0,160.0,3.075,1.1747247535531826
70.0,160.0,3.1,0.9270526922167757
70.0,160.0,3.125,0.7757544233042447
70.0,160.0,3.15,0.6731925872575153
70.0,160.0,3.175,0.5985462398429607
70.0,160.0,3.2,0.5413282916362148
70.0,160.0,3.225,0.4956948742582515
70.0,160.0,3.25,0.458134107810999
70.0,160.0,3.275,0.4264079129249305
70.0,160.0,3.3,0.39902105706087526
70.0,160.0,3.325,0.37493498793547886
70.0,160.0,3.35,0.35340565203655894
70.0,160.0,3.375,0.3338923052936244
70.0,160.0,3.4,0.3160003556561826
70.0,160.0,3.425,0.2993958024090622
70.0,160.0,3.45,0.2837786051660656
70.0,160.0,3.475,0.2689435604352758
70.0,160.0,3.5,0.25472763779733293
70.0,160.0,3.525,0.24098697131576857
70.0,160.0,3.55,0.22759303982576065
70.0,160.0,3.575,0.21442943164510092
70.0,160.0,3.6,0.20138804009324318
70.0,160.0,3.625,0.18836553384106577
70.0,160.0,3.65,0.17526005193489483
70.0,160.0,3.675,0.16196799367898143
70.0,160.0,3.7,0.1483807116968187
70.0,160.0,3.725,0.134380876008909
70.0,160.0,3.75,0.11983819706313208
70.0,160.0,3.775,0.10460436119085068
70.0,160.0,3.8,0.0885097239351718
70.0,165.0,2.4,0.21756963028521217
70.0,165.0,2.425,0.20438285480112908
70.0,165.0,2.45,0.19073856691414237
70.0,165.0,2.475,0.17651865444912193
70.0,165.0,2.5,0.16158205666669656
70.0,165.0,2.525,0.14576263069191397
70.0,165.0,2.55,0.12885165325386932
70.0,165.0,2.575,0.11058048906461648
70.0,165.0,2.6,0.09061212310083272
70.0,165.0,2.625,0.0685055077744296
70.0,165.0,2.65,0.043670764493589004
70.0,165.0,2.675,0.015298643100606062
70.0,165.0,2.7,-0.01775310635576603
70.0,165.0,2.725,-0.057152032476923326
70.0,165.0,2.75,-0.10543758725314134
70.0,165.0,2.775,-0.16667650085434632
70.0,165.0,2.8,-0.24781058085907717
70.0,165.0,2.825,-0.3617247409688699
70.0,165.0,2.85,-0.5352389549283377
70.0,165.0,2.875,-0.8342425432530735
70.0,165.0,2.9,-1.466988214428032
70.0,165.0,2.925,-3.1566546100665955
70.0,165.0,2.95,3.6705376402387633
70.0,165.0,2.975,1.989986914597888
70.0,165.0,3.0,1.3135203910379727
70.0,165.0,3.025,1.0000978540682328
70.0,165.0,3.05,0.8203998296182963
70.0,165.0,3.075,0.7033485543707251
70.0,165.0,3.1,0.6204495141698136
70.0,165.0,3.125,0.5581539601805653
70.0,165.0,3.15,0.5092152572973606
70.0,165.0,3.175,0.4694103145940274
70.0,165.0,3.2,0.43611158973731307
70.0,165.0,3.225,0.40759731733756865
70.0,165.0,3.25,0.3826904444923149
70.0,165.0,3.275,0.36055715495310187
70.0,165.0,3.3,0.3405810097493156
70.0,165.0,3.325,0.3223367787227597
70.0,165.0,3.35,0.3054740140647122
70.0,165.0,3.375,0.28972868926044926
70.0,165.0,3.4,0.2748318625704471
70.0,165.0,3.425,0.26059423846556734
70.0,165.0,3.45,0.24687470789413474
70.0,165.0,3.475,0.23354629854980719
70.0,165.0,3.5,0.22049282243972468
70.0,165.0,3.525,0.20760694326173812
70.0,165.0,3.55,0.19478727005014843
70.0,165.0,3.575,0.18193528520398286
70.0,165.0,3.6,0.16895231291275523
70.0,165.0,3.625,0.15573645402911124
70.0,165.0,3.65,0.14217932162053762
70.0,165.0,3.675,0.12816235945204793
70.0,165.0,3.7,0.11355245427126831
70.0,165.0,3.725,0.0981964468673505
70.0,165.0,3.75,0.08191465868749692
70.0,165.0,3.775,0.06449395699874962
70.0,165.0,3.8,0.0456712968151652
70.0,170.0,2.4,0.19608424154294038
70.0,170.0,2.425,0.18141767309006804
70.0,170.0,2.45,0.1659952783877611
70.0,170.0,2.475,0.14963323062020728
70.0,170.0,2.5,0.1321071260170714
70.0,170.0,2.525,0.11311955290914608
70.0,170.0,2.55,0.09229437634287664
70.0,170.0,2.575,0.0691337673735604
70.0,170.0,2.6,0.04296929882494725
70.0,170.0,2.625,0.012866571778868597
70.0,170.0,2.65,-0.02251256193153085
70.0,170.0,2.675,-0.06515958351297503
70.0,170.0,2.7,-0.1181801802101374
70.0,170.0,2.725,-0.18669909513411925
70.0,170.0,2.75,-0.27981309477907823
70.0,170.0,2.775,-0.4153311614587726
70.0,170.0,2.8,-0.6332854771511223
70.0,170.0,2.825,-1.044539276110664
70.0,170.0,2.85,-2.072555068458338
70.0,170.0,2.875,-0.9731848383718811
70.0,170.0,2.9,2.7147716895914016
70.0,170.0,2.925,1.565670280660304
70.0,170.0,2.95,1.1212596372035475
70.0,170.0,2.975,0.8908871158608378
70.0,170.0,3.0,0.7495624933465571
70.0,170.0,3.025,0.6533533744742457
70.0,170.0,3.05,0.5830554915552308
70.0,170.0,3.075,0.5289762052382804
70.0,170.0,3.1,0.48570184266226435
70.0,170.0,3.125,0.44997195047033156
70.0,170.0,3.15,0.41970460705099977
70.0,170.0,3.175,0.39350644127774453
70.0,170.0,3.2,0.3704071570014176
70.0,170.0,3.225,0.34970966206258997
70.0,170.0,3.25,0.3309021087432684
70.0,170.0,3.275,0.3135915144651394
70.0,170.0,3.3,0.29749574466363643
70.0,170.0,3.325,0.2823918894671106
70.0,170.0,3.35,0.26803919307415724
70.0,170.0,3.375,0.2542532799280267
70.0,170.0,3.4,0.24090766806231534
70.0,170.0,3.425,0.22788826495118542
70.0,170.0,3.45,0.21508796296889354
70.0,170.0,3.475,0.20240592742206892
70.0,170.0,3.5,0.18974540535434375
70.0,170.0,3.525,0.17701100995815336
70.0,170.0,3.55,0.16410586787016482
70.0,170.0,3.575,0.1509286209238384
70.0,170.0,3.6,0.13737013668363945
70.0,170.0,3.625,0.12330971261244479
70.0,170.0,3.65,0.10861048471447429
70.0,170.0,3.675,0.09311363370831138
70.0,170.0,3.7,0.07663080813707702
70.0,170.0,3.725,0.05893454827706505
70.0,170.0,3.75,0.03974596060436106
70.0,170.0,3.775,0.01871299362107963
70.0,170.0,3.8,-0.004615643068079995
70.0,175.0,2.4,0.17144405312714378
70.0,175.0,2.425,0.15458921472618778
70.0,175.0,2.45,0.13650753072606353
70.0,175.0,2.475,0.11688174767168809
70.0,175.0,2.5,0.09529595777509561
70.0,175.0,2.525,0.07120383521143804
70.0,175.0,2.55,0.04385900404154291
70.0,175.0,2.575,0.012209804866025176
70.0,175.0,2.6,-0.025272865108612055
70.0,175.0,2.625,-0.07090325221402902
70.0,175.0,2.65,-0.12836841651641476
70.0,175.0,2.675,-0.20392191775870114
70.0,175.0,2.7,-0.30907766649009877
70.0,175.0,2.725,-0.4675588587704797
70.0,175.0,2.75,-0.7369430969877852
70.0,175.0,2.775,-1.298173057155867
70.0,175.0,2.8,-2.9643128057142283
70.0,175.0,2.825,4.0960581648924
70.0,175.0,2.85,2.0852754240726763
70.0,175.0,2.875,1.332210389746689
70.0,175.0,2.9,1.0031146706451322
70.0,175.0,2.925,0.8193010239155442
70.0,175.0,2.95,0.7012649568797632
70.0,175.0,2.975,0.618388909505868
70.0,175.0,3.0,0.5564562776988334
70.0,175.0,3.025,0.5079819173646355
70.0,175.0,3.05,0.46865241166193494
70.0,175.0,3.075,0.43580655035120086
70.0,175.0,3.1,0.4077118994452839
70.0,175.0,3.125,0.3831874582165655
70.0,175.0,3.15,0.36141072659239765
70.0,175.0,3.175,0.34177256290479324
70.0,175.0,3.2,0.32381883664854677
70.0,175.0,3.225,0.3072065237565869
70.0,175.0,3.25,0.291678870119371
70.0,175.0,3.275,0.2770458637023282
70.0,175.0,3.3,0.26309854148597056
70.0,175.0,3.325,0.24965024287756435
70.0,175.0,3.35,0.23658189869350757
70.0,175.0,3.375,0.22378943729047715
70.0,175.0,3.4,0.21117263660965394
70.0,175.0,3.425,0.1986353032372756
70.0,175.0,3.45,0.186083782212844
70.0,175.0,3.475,0.1734245455761251
70.0,175.0,3.5,0.16056145780014686
70.0,175.0,3.525,0.14739278782450901
70.0,175.0,3.55,0.1338078412864489
70.0,175.0,3.575,0.11968299319019882
70.0,175.0,3.6,0.10487681416647014
70.0,175.0,3.625,0.08922386100774846
70.0,175.0,3.65,0.0725265026818974
70.0,175.0,3.675,0.05454381963678115
70.0,175.0,3.7,0.034976552442738645
70.0,175.0,3.725,0.013446816542993642
70.0,175.0,3.75,-0.010534471644350788
70.0,175.0,3.775,-0.03761394546288809
70.0,175.0,3.8,-0.06866539834745503
70.0,180.0,2.4,0.14213793265600339
70.0,180.0,2.425,0.12196860744841452
70.0,180.0,2.45,0.0997471087095255
70.0,180.0,2.475,0.07488073272573237
70.0,180.0,2.5,0.04655870359047904
70.0,180.0,2.525,0.013626348412254956
70.0,180.0,2.55,-0.02561551303198394
70.0,180.0,2.575,-0.0737749615864778
70.0,180.0,2.6,-0.13508346625852782
70.0,180.0,2.625,-0.2168899097707262
70.0,180.0,2.65,-0.3331649489187506
70.0,180.0,2.675,-0.5140490071034433
70.0,180.0,2.7,-0.8381469950781341
70.0,180.0,2.725,-1.5855510526143906
70.0,180.0,2.75,-3.8910543377570304
70.0,180.0,2.775,3.465226357782666
70.0,180.0,2.8,1.7518492771961376
70.0,180.0,2.825,1.193623453210913
70.0,180.0,2.85,0.9276473110010232
70.0,180.0,2.875,0.7716319688280007
70.0,180.0,2.9,0.6682927653537486
70.0,180.0,2.925,0.5941537111284352
70.0,180.0,2.95,0.5378527584224009
70.0,180.0,2.975,0.4932284178958583
70.0,180.0,3.0,0.4566505201956579
70.0,180.0,3.025,0.4258401627641288
70.0,180.0,3.05,0.3992890835386233
70.0,180.0,3.075,0.37597280689054363
70.0,180.0,3.1,0.3551502558682021
70.0,180.0,3.125,0.3362758848552163
70.0,180.0,3.15,0.31894389236440485
70.0,180.0,3.175,0.3028403211802063
70.0,180.0,3.2,0.2877257122905645
70.0,180.0,3.225,0.2734276406722733
70.0,180.0,3.25,0.25977214064546705
70.0,180.0,3.275,0.24657022755278293
70.0,180.0,3.3,0.23370149864195455
70.0,180.0,3.325,0.22106951746832287
70.0,180.0,3.35,0.2085795328462305
70.0,180.0,3.375,0.1961386810121734
70.0,180.0,3.4,0.18365526158537054
70.0,180.0,3.425,0.17103663590266094
70.0,180.0,3.45,0.15818657932368144
70.0,180.0,3.475,0.14500226422984935
70.0,180.0,3.5,0.13137077265932964
70.0,180.0,3.525,0.11716491150521026
70.0,180.0,3.55,0.10223799662492379
70.0,180.0,3.575,0.08641713115147628
70.0,180.0,3.6,0.06949428751925207
70.0,180.0,3.625,0.0512141495309133
70.0,180.0,3.65,0.031257041916409316
70.0,180.0,3.675,0.009214495414269505
70.0,180.0,3.7,-0.015445167342681863
70.0,180.0,3.725,-0.04343069550773886
70.0,180.0,3.75,-0.07571245366399755
70.0,180.0,3.775,-0.11365572116108687
70.0,180.0,3.8,-0.15924533684268433
80.0,0.0,2.4,0.29663486725066385
80.0,0.0,2.425,0.290728756556771
80.0,0.0,2.45,0.2848987064092976
80.0,0.0,2.475,0.27913891977195365
80.0,0.0,2.5,0.2734426924568334
80.0,0.0,2.525,0.26780262424988766
80.0,0.0,2.55,0.26221134697368664
80.0,0.0,2.575,0.25666222142019945
80.0,0.0,2.6,0.2511495824519294
80.0,0.0,2.625,0.2456685895135068
80.0,0.0,2.65,0.24021473609615826
80.0,0.0,2.675,0.23478368076471542
80.0,0.0,2.7,0.22937090242303587
80.0,0.0,2.725,0.2239712343024204
80.0,0.0,2.75,0.2185797065981371
80.0,0.0,2.775,0.21319123418727376
80.0,0.0,2.8,0.20780052530546905
80.0,0.0,2.825,0.20240209955828328
80.0,0.0,2.85,0.19699028464515328
80.0,0.0,2.875,0.1915591992801406
80.0,0.0,2.9,0.18610272788134496
80.0,0.0,2.925,0.18061448872979968
80.0,0.0,2.95,0.1750877961983844
80.0,0.0,2.975,0.16951561719069594
80.0,0.0,3.0,0.16389052170378804
80.0,0.0,3.025,0.15820462730483037
80.0,0.0,3.05,0.15244953723169102
80.0,0.0,3.075,0.14661627175997202
80.0,0.0,3.1,0.14069519238519715
80.0,0.0,3.125,0.13467591810307258
80.0,0.0,3.15,0.12854723296761908
80.0,0.0,3.175,0.122296983688214
80.0,0.0,3.2,0.11591196553512934
80.0,0.0,3.225,0.10937779423642068
80.0,0.0,3.25,0.1026787608352606
80.0,0.0,3.275,0.09579766565233185
80.0,0.0,3.3,0.08871562656460442
80.0,0.0,3.325,0.08141185575407257
80.0,0.0,3.35,0.07386339786338011
80.0,0.0,3.375,0.06604482105547846
80.0,0.0,3.4,0.0579278507185049
80.0,0.0,3.425,0.04948093335755329
80.0,0.0,3.45,0.04066871540881234
80.0,0.0,3.475,0.03145141809116185
80.0,0.0,3.5,0.021784084673523697
80.0,0.0,3.525,0.011615670014071485
80.0,0.0,3.55,0.0008879313349680518
80.0,0.0,3.575,-0.01046594813845102
80.0,0.0,3.6,-0.022523154510791298
80.0,0.0,3.625,-0.03537366243047386
80.0,0.0,3.65,-0.04912258296626893
80.0,0.0,3.675,-0.06389210859391371
80.0,0.0,3.7,-0.07982658376864686
80.0,0.0,3.725,-0.09709876067574247
80.0,0.0,3.75,-0.11591618434262595
80.0,0.0,3.775,-0.13652979856948588
80.0,0.0,3.8,-0.1592453357555914
80.0,5.0,2.4,0.28224691697786075
80.0,5.0,2.425,0.2762593689540644
80.0,5.0,2.45,0.2703292042139988
80.0,5.0,2.475,0.264451356671934
80.0,5.0,2.5,0.2586206974362753
80.0,5.0,2.525,0.2528319777320961
80.0,5.0,2.55,0.24707982267477457
80.0,5.0,2.575,0.2413587548920411
80.0,5.0,2.6,0.23566326951070274
80.0,5.0,2.625,0.22998781132058813
80.0,5.0,2.65,0.22432665975109936
80.0,5.0,2.675,0.21867403060568918
80.0,5.0,2.7,0.21302396421399128
80.0,5.0,2.725,0.20737031528685254
80.0,5.0,2.75,0.20170690953491247
80.0,5.0,2.775,0.19602737935245318
80.0,5.0,2.8,0.19032513136392937
80.0,5.0,2.825,0.18459332253563776
80.0,5.0,2.85,0.178824824154999
80.0,5.0,2.875,0.17301217729311155
80.0,5.0,2.9,0.16714752324761525
80.0,5.0,2.925,0.16122230727288547
80.0,5.0,2.95,0.15522835091320983
80.0,5.0,2.975,0.1491561871634826
80.0,5.0,3.0,0.14299560738510597
80.0,5.0,3.025,0.13673594349395654
80.0,5.0,3.05,0.13036565252786464
80.0,5.0,3.075,0.12387222670337089
80.0,5.0,3.1,0.11724207037822397
80.0,5.0,3.125,0.11046035525590418
80.0,5.0,3.15,0.10351085491392086
80.0,5.0,3.175,0.09637575634006247
80.0,5.0,3.2,0.08903544445906368
80.0,5.0,3.225,0.08146825426673862
80.0,5.0,3.25,0.07365018361547712
80.0,5.0,3.275,0.06555455780266768
80.0,5.0,3.3,0.05715163482141995
80.0,5.0,3.325,0.04840813733047762
80.0,5.0,3.35,0.0392866939299884
80.0,5.0,3.375,0.02974516796279166
80.0,5.0,3.4,0.019735846478657566
80.0,5.0,3.425,0.009204454770698221
80.0,5.0,3.45,-0.0019110475567812512
80.0,5.0,3.475,-0.013681945548927738
80.0,5.0,3.5,-0.026190596879965986
80.0,5.0,3.525,-0.03953271229971838
80.0,5.0,3.55,-0.053820266807473816
80.0,5.0,3.575,-0.06918543432797873
80.0,5.0,3.6,-0.08578595612139242
80.0,5.0,3.625,-0.10381041215675063
80.0,5.0,3.65,-0.12348395608412276
80.0,5.0,3.675,-0.14508048075634195
80.0,5.0,3.7,-0.16893781373782013
80.0,5.0,3.725,-0.19547596443681936
80.0,5.0,3.75,-0.2252226219607616
80.0,5.0,3.775,-0.2588489228504785
80.0,5.0,3.8,-0.2972195812679315
80.0,10.0,2.4,0.26760498200726407
80.0,10.0,2.425,0.2614691163286006
80.0,10.0,2.45,0.2553812633910857
80.0,10.0,2.475,0.2493345124398263
80.0,10.0,2.5,0.24332113280750142
80.0,10.0,2.525,0.23733495861128795
80.0,10.0,2.55,0.23136966581984825
80.0,10.0,2.575,0.22541880512620485
80.0,10.0,2.6,0.2194758852897425
80.0,10.0,2.625,0.21353427620066623
80.0,10.0,2.65,0.20758710058439067
80.0,10.0,2.675,0.2016273257555539
80.0,10.0,2.7,0.19564769336744034
80.0,10.0,2.725,0.18964069420324364
80.0,10.0,2.75,0.18359857288233866
80.0,10.0,2.775,0.17751322671421974
80.0,10.0,2.8,0.17137615889283958
80.0,10.0,2.825,0.1651784264076572
80.0,10.0,2.85,0.15891057732218303
80.0,10.0,2.875,0.1525625786301429
80.0,10.0,2.9,0.14612373433046022
80.0,10.0,2.925,0.13958259196481093
80.0,10.0,2.95,0.13292683572384847
80.0,10.0,2.975,0.12614316398664432
80.0,10.0,3.0,0.1192171489070476
80.0,10.0,3.025,0.11213307540231923
80.0,10.0,3.05,0.10487375643781846
80.0,10.0,3.075,0.09742031873908914
80.0,10.0,3.1,0.08975192583865697
80.0,10.0,3.125,0.08184513184867794
80.0,10.0,3.15,0.07367271992877665
80.0,10.0,3.175,0.06520905661068632
80.0,10.0,3.2,0.056422228321962246
80.0,10.0,3.225,0.047275063123971214
80.0,10.0,3.25,0.037726899070387176
80.0,10.0,3.275,0.02773179338877719
80.0,10.0,3.3,0.017237470608002646
80.0,10.0,3.325,0.006184180583171815
80.0,10.0,3.35,-0.005496696670571214
80.0,10.0,3.375,-0.01788437760421531
80.0,10.0,3.4,-0.031070826434453063
80.0,10.0,3.425,-0.04516345457144156
80.0,10.0,3.45,-0.060288534039813935
80.0,10.0,3.475,-0.07659555428669859
80.0,10.0,3.5,-0.09426287211551693
80.0,10.0,3.525,-0.11350531408723286
80.0,10.0,3.55,-0.1345849612061219
80.0,10.0,3.575,-0.15782505677063344
80.0,10.0,3.6,-0.18362412103617218
80.0,10.0,3.625,-0.21247882666412346
80.0,10.0,3.65,-0.2450222129148682
80.0,10.0,3.675,-0.2820729247804053
80.0,10.0,3.7,-0.32470480378949707
80.0,10.0,3.725,-0.37435100762368756
80.0,10.0,3.75,-0.43296185908510726
80.0,10.0,3.775,-0.5032480502975889
80.0,10.0,3.8,-0.5890603869041481
80.0,15.0,2.4,0.25239377464043455
80.0,15.0,2.425,0.24605321981276515
80.0,15.0,2.45,0.23974158096456763
80.0,15.0,2.475,0.23345157190797333
80.0,15.0,2.5,0.22717582347950183
80.0,15.0,2.525,0.2209068453578963
80.0,15.0,2.55,0.21463699048652837
80.0,15.0,2.575,0.2083584659671359
80.0,15.0,2.6,0.20206337181659542
80.0,15.0,2.625,0.19574347281004567
80.0,15.0,2.65,0.1893900704829461
80.0,15.0,2.675,0.18299414071927883
80.0,15.0,2.7,0.1765462607332815
80.0,15.0,2.725,0.1700365308152382
80.0,15.0,2.75,0.16345450190185265
80.0,15.0,2.775,0.15678903637233693
80.0,15.0,2.8,0.15002807902004855
80.0,15.0,2.825,0.14315807315703852
80.0,15.0,2.85,0.1361646803667356
80.0,15.0,2.875,0.1290375358065514
80.0,15.0,2.9,0.12176043692478593
80.0,15.0,2.925,0.11431390657693022
80.0,15.0,2.95,0.10667879910123491
80.0,15.0,2.975,0.09883441178715739
80.0,15.0,3.0,0.09075786116801726
80.0,15.0,3.025,0.08242373869531339
80.0,15.0,3.05,0.07380372811292994
80.0,15.0,3.075,0.0648661447322182
80.0,15.0,3.1,0.05557538233589787
80.0,15.0,3.125,0.0458912503307337
80.0,15.0,3.15,0.03576817734452825
80.0,15.0,3.175,0.025154249930936585
80.0,15.0,3.2,0.013990045131296081
80.0,15.0,3.225,0.002207202474329523
80.0,15.0,3.25,-0.010273336555534897
80.0,15.0,3.275,-0.023543517420471664
80.0,15.0,3.3,-0.03771091835804786
80.0,15.0,3.325,-0.052902227003707725
80.0,15.0,3.35,-0.06926768517467805
80.0,15.0,3.375,-0.08698682948352864
80.0,15.0,3.4,-0.10627598699923742
80.0,15.0,3.425,-0.12739818794082827
80.0,15.0,3.45,-0.15067651597433757
80.0,15.0,3.475,-0.17651268717289312
80.0,15.0,3.5,-0.20541404215317657
80.0,15.0,3.525,-0.2380310695032479
80.0,15.0,3.55,-0.27520245013936967
80.0,15.0,3.575,-0.31802369717185
80.0,15.0,3.6,-0.36796540894723256
80.0,15.0,3.625,-0.42704673036852736
80.0,15.0,3.65,-0.49810088158169513
80.0,15.0,3.675,-0.5852043345931867
80.0,15.0,3.7,-0.6943820492039386
80.0,15.0,3.725,-0.8347614447646206
80.0,15.0,3.75,-1.0203200566528559
80.0,15.0,3.775,-1.2714616475215221
80.0,15.0,3.8,-1.6082960430540545
80.0,20.0,2.4,0.23621833172198511
80.0,20.0,2.425,0.22957679570718173
80.0,20.0,2.45,0.22294015225835434
80.0,20.0,2.475,0.21629961096675537
80.0,20.0,2.5,0.20964612235200844
80.0,20.0,2.525,0.20297031005949143
80.0,20.0,2.55,0.19626242774506567
80.0,20.0,2.575,0.1895124813096457
80.0,20.0,2.6,0.18271023948641987
80.0,20.0,2.625,0.17584445093198509
80.0,20.0,2.65,0.16890264490523124
80.0,20.0,2.675,0.1618713806132262
80.0,20.0,2.7,0.15473846517525827
80.0,20.0,2.725,0.14749294143410152
80.0,20.0,2.75,0.14011782384399865
80.0,20.0,2.775,0.13259494047058742
80.0,20.0,2.8,0.12490609399952673
80.0,20.0,2.825,0.11703167461689104
80.0,20.0,2.85,0.10895015221679946
80.0,20.0,2.875,0.10063777636771055
80.0,20.0,2.9,0.09206824849421194
80.0,20.0,2.925,0.08321232691547084
80.0,20.0,2.95,0.07403735040546555
80.0,20.0,2.975,0.06450666440292889
80.0,20.0,3.0,0.05457892884121768
80.0,20.0,3.025,0.044207280144242696
80.0,20.0,3.05,0.033338311872638665
80.0,20.0,3.075,0.021910827988984624
80.0,20.0,3.1,0.009854308662112354
80.0,20.0,3.125,-0.002912990611516707
80.0,20.0,3.15,-0.01648641229896157
80.0,20.0,3.175,-0.030977884678471283
80.0,20.0,3.2,-0.04651971825713402
80.0,20.0,3.225,-0.06326947836827039
80.0,20.0,3.25,-0.08141630762127884
80.0,20.0,3.275,-0.1011892268851064
80.0,20.0,3.3,-0.1228681736673361
80.0,20.0,3.325,-0.14679888576609715
80.0,20.0,3.35,-0.1734132846559155
80.0,20.0,3.375,-0.20325792164713907
80.0,20.0,3.4,-0.23703472374452236
80.0,20.0,3.425,-0.27566158312757705
80.0,20.0,3.45,-0.32036481407750483
80.0,20.0,3.475,-0.37281249669764255
80.0,20.0,3.5,-0.435302863830138
80.0,20.0,3.525,-0.5110897958840078
80.0,20.0,3.55,-0.6049452187421228
80.0,20.0,3.575,-0.7240799574313798
80.0,20.0,3.6,-0.879682354351463
80.0,20.0,3.625,-1.0892944950064039
80.0,20.0,3.65,-1.378598146647113
80.0,20.0,3.675,-1.7664004905453803
80.0,20.0,3.7,-2.097243075517224
80.0,20.0,3.725,-1.0938466193794665
80.0,20.0,3.75,1.7587877162649084
80.0,20.0,3.775,2.362877968194021
80.0,20.0,3.8,2.0139338890031593
80.0,25.0,2.4,0.21854182086497573
80.0,25.0,2.425,0.2114640529429769
80.0,25.0,2.45,0.2043564453267906
80.0,25.0,2.475,0.19720741294736535
80.0,25.0,2.5,0.19000465538993966
80.0,25.0,2.525,0.1827351893901646
80.0,25.0,2.55,0.17538629514802767
80.0,25.0,2.575,0.16794533427833452
80.0,25.0,2.6,0.1603966305952314
80.0,25.0,2.625,0.15272330780759885
80.0,25.0,2.65,0.14490796724590949
80.0,25.0,2.675,0.13693079086295423
80.0,25.0,2.7,0.12877044297239693
80.0,25.0,2.725,0.12040395563158308
80.0,25.0,2.75,0.11180610160810928
80.0,25.0,2.775,0.10294894604704273
80.0,25.0,2.8,0.093801410001226
80.0,25.0,2.825,0.08432875924573038
80.0,25.0,2.85,0.07449198846820985
80.0,25.0,2.875,0.06424707522361926
80.0,25.0,2.9,0.05354407219141601
80.0,25.0,2.925,0.04232599662267114
80.0,25.0,2.95,0.030527463017055143
80.0,25.0,2.975,0.018072987911168622
80.0,25.0,3.0,0.0048748723641636686
80.0,25.0,3.025,-0.00916946437516562
80.0,25.0,3.05,-0.024180871392363697
80.0,25.0,3.075,-0.04030280773123779
80.0,25.0,3.1,-0.05770696543137984
80.0,25.0,3.125,-0.0766006337690954
80.0,25.0,3.15,-0.09723646183353586
80.0,25.0,3.175,-0.11992557489441089
80.0,25.0,3.2,-0.14505545783189164
80.0,25.0,3.225,-0.17311473664462165
80.0,25.0,3.25,-0.20472814160862748
80.0,25.0,3.275,-0.24070684371499343
80.0,25.0,3.3,-0.2821226548998936
80.0,25.0,3.325,-0.3304206618161928
80.0,25.0,3.35,-0.3875968029251388
80.0,25.0,3.375,-0.45648860397835683
80.0,25.0,3.4,-0.5412495681178089
80.0,25.0,3.425,-0.6481017531214893
80.0,25.0,3.45,-0.7866441483375728
80.0,25.0,3.475,-0.9722002551975029
80.0,25.0,3.5,-1.2291437149456839
80.0,25.0,3.525,-1.5894561620313068
80.0,25.0,3.55,-2.0263209546755894
80.0,25.0,3.575,-1.8458313576199563
80.0,25.0,3.6,0.968329609729651
80.0,25.0,3.625,2.446891960812943
80.0,25.0,3.65,2.159750227232205
80.0,25.0,3.675,1.758633501586418
80.0,25.0,3.7,1.459897171143531
80.0,25.0,3.725,1.2455646999151155
80.0,25.0,3.75,1.0877808278447347
80.0,25.0,3.775,0.9677372029930341
80.0,25.0,3.8,0.8736109034686301
80.0,30.0,2.4,0.19863719603905197
80.0,30.0,2.425,0.1909208116052605
80.0,30.0,2.45,0.18312042298757567
80.0,30.0,2.475,0.1752199208129825
80.0,30.0,2.5,0.16720397130382258
80.0,30.0,2.525,0.15905457391994568
80.0,30.0,2.55,0.15074946490643062
80.0,30.0,2.575,0.14226522472788247
80.0,30.0,2.6,0.13357721735528066
80.0,30.0,2.625,0.12465856407220134
80.0,30.0,2.65,0.11547932964609285
80.0,30.0,2.675,0.10600610519094161
80.0,30.0,2.7,0.0962015326168085
80.0,30.0,2.725,0.08602358201257744
80.0,30.0,2.75,0.07542469486722524
80.0,30.0,2.775,0.0643507555247193
80.0,30.0,2.8,0.05273983289610565
80.0,30.0,2.825,0.04052062478265699
80.0,30.0,2.85,0.027610518811208996
80.0,30.0,2.875,0.013913155404307678
80.0,30.0,2.9,-0.0006846625945498402
80.0,30.0,2.925,-0.016316926763479234
80.0,30.0,2.95,-0.03314354230276604
80.0,30.0,2.975,-0.0513570259065586
80.0,30.0,3.0,-0.0711913766682955
80.0,30.0,3.025,-0.09293398219612217
80.0,30.0,3.05,-0.11694183275184897
80.0,30.0,3.075,-0.1436639587012043
80.0,30.0,3.1,-0.17367303327180614
80.0,30.0,3.125,-0.20771076586369713
80.0,30.0,3.15,-0.24675454221497437
80.0,30.0,3.175,-0.29211767239811914
80.0,30.0,3.2,-0.3456043928597007
80.0,30.0,3.225,-0.4097571348106794
80.0,30.0,3.25,-0.4882655337659262
80.0,30.0,3.275,-0.5866720992055909
80.0,30.0,3.3,-0.7136416150039409
80.0,30.0,3.325,-0.8832604646379046
80.0,30.0,3.35,-1.1188131761960485
80.0,30.0,3.375,-1.4562025772191642
80.0,30.0,3.4,-1.9170663510288373
80.0,30.0,3.425,-2.133800458801932
80.0,30.0,3.45,0.1982864164246807
80.0,30.0,3.475,2.4743050199086634
80.0,30.0,3.5,2.2665987377383043
80.0,30.0,3.525,1.8231781060371295
80.0,30.0,3.55,1.4960521318145292
80.0,30.0,3.575,1.266301005968128
80.0,30.0,3.6,1.1001383434350147
80.0,30.0,3.625,0.9754760315751992
80.0,30.0,3.65,0.8788337247389542
80.0,30.0,3.675,0.801824414843081
80.0,30.0,3.7,0.739046049792753
80.0,30.0,3.725,0.6868959647151686
80.0,30.0,3.75,0.642895442279684
80.0,30.0,3.775,0.6052928419610466
80.0,30.0,3.8,0.572822380381062
80.0,35.0,2.4,0.1754511288543163
80.0,35.0,2.425,0.16677980163217387
80.0,35.0,2.45,0.15793988238020049
80.0,35.0,2.475,0.14890457226791148
80.0,35.0,2.5,0.13964360361925265
80.0,35.0,2.525,0.13012454666603324
80.0,35.0,2.55,0.12031177495628512
80.0,35.0,2.575,0.11016541701440892
80.0,35.0,2.6,0.09964049262430429
80.0,35.0,2.625,0.08868594878850952
80.0,35.0,2.65,0.077243455233623
80.0,35.0,2.675,0.06524598995624503
80.0,35.0,2.7,0.052616073318990826
80.0,35.0,2.725,0.03926352036730399
80.0,35.0,2.75,0.02508259902824331
80.0,35.0,2.775,0.009948405587533777
80.0,35.0,2.8,-0.0062878135778994875
80.0,35.0,2.825,-0.023804768805834115
80.0,35.0,2.85,-0.042819197057957746
80.0,35.0,2.875,-0.06359666968238527
80.0,35.0,2.9,-0.08646628050541176
80.0,35.0,2.925,-0.11184093154213118
80.0,35.0,2.95,-0.14024585227279812
80.0,35.0,2.975,-0.1723594933016095
80.0,35.0,3.0,-0.20907346754141082
80.0,35.0,3.025,-0.25158259761747687
80.0,35.0,3.05,-0.3015239770498432
80.0,35.0,3.075,-0.3611984886525236
80.0,35.0,3.1,-0.4339361423998187
80.0,35.0,3.125,-0.5247221637355471
80.0,35.0,3.15,-0.6413144126133726
80.0,35.0,3.175,-0.7963135626496413
80.0,35.0,3.2,-1.011044693173036
80.0,35.0,3.225,-1.3219509281637556
80.0,35.0,3.25,-1.778619963878686
80.0,35.0,3.275,-2.2615500310552044
80.0,35.0,3.3,-0.7932818729439243
80.0,35.0,3.325,2.4623739885004357
80.0,35.0,3.35,2.4136416879385667
80.0,35.0,3.375,1.9088755110202016
80.0,35.0,3.4,1.5436531091573062
80.0,35.0,3.425,1.2946764438329577
80.0,35.0,3.45,1.1187364386804943
80.0,35.0,3.475,0.9891016016948035
80.0,35.0,3.5,0.8901101895684155
80.0,35.0,3.525,0.8123072865085484
80.0,35.0,3.55,0.7497401978682889
80.0,35.0,3.575,0.6985021788509271
80.0,35.0,3.6,0.6559180592998939
80.0,35.0,3.625,0.6200529816977541
80.0,35.0,3.65,0.5893683698043897
80.0,35.0,3.675,0.5624007213905254
80.0,35.0,3.7,0.5373251125562717
80.0,35.0,3.725,0.5112030906457329
80.0,35.0,3.75,0.4788075589973687
80.0,35.0,3.775,0.4325201945123189
80.0,35.0,3.8,0.3705835522707269
80.0,40.0,2.4,0.1473641047626645
80.0,40.0,2.425,0.13721457704582238
80.0,40.0,2.45,0.1267377427808554
80.0,40.0,2.475,0.11588591875223736
80.0,40.0,2.5,0.10460524801968236
80.0,40.0,2.525,0.09283415522939226
80.0,40.0,2.55,0.08050168885485337
80.0,40.0,2.575,0.06752551763510392
80.0,40.0,2.6,0.05380941881056721
80.0,40.0,2.625,0.039240078027723724
80.0,40.0,2.65,0.02368294543444343
80.0,40.0,2.675,0.006976857154121707
80.0,40.0,2.7,-0.011073033330986616
80.0,40.0,2.725,-0.03070469913855327
80.0,40.0,2.75,-0.05221203357073554
80.0,40.0,2.775,-0.07596243566878787
80.0,40.0,2.8,-0.10242142803766771
80.0,40.0,2.825,-0.13218779514386897
80.0,40.0,2.85,-0.16604484332903874
80.0,40.0,2.875,-0.20503703542749432
80.0,40.0,2.9,-0.25058778151925054
80.0,40.0,2.925,-0.3046862739249266
80.0,40.0,2.95,-0.3701946481773584
80.0,40.0,2.975,-0.45137399739078127
80.0,40.0,3.0,-0.5548275569815286
80.0,40.0,3.025,-0.6912782798951589
80.0,40.0,3.05,-0.8790784849709647
80.0,40.0,3.075,-1.1512146009030415
80.0,40.0,3.1,-1.566324098058745
80.0,40.0,3.125,-2.17447390414747
80.0,40.0,3.15,-2.1075413646190784
80.0,40.0,3.175,1.978942394155216
80.0,40.0,3.2,2.6990619207417303
80.0,40.0,3.225,2.095820430826899
80.0,40.0,3.25,1.6526538434128684
80.0,40.0,3.275,1.3633630841169608
80.0,40.0,3.3,1.1663744937154463
80.0,40.0,3.325,1.0254043563466373
80.0,40.0,3.35,0.9202690744393446
80.0,40.0,3.375,0.8392147972871521
80.0,40.0,3.4,0.7749017225567769
80.0,40.0,3.425,0.7222333550207587
80.0,40.0,3.45,0.6769054185770559
80.0,40.0,3.475,0.6339434943842859
80.0,40.0,3.5,0.5857388726590214
80.0,40.0,3.525,0.5211645382971797
80.0,40.0,3.55,0.43674056210287615
80.0,40.0,3.575,0.36310307549585485
80.0,40.0,3.6,0.3330776356427402
80.0,40.0,3.625,0.33175227468650464
80.0,40.0,3.65,0.33643274002012663
80.0,40.0,3.675,0.33870366948876524
80.0,40.0,3.7,0.3373958760777896
80.0,40.0,3.725,0.3331885844963042
80.0,40.0,3.75,0.32694547596309514
80.0,40.0,3.775,0.3193875723770845
80.0,40.0,3.8,0.31102012295802944
80.0,45.0,2.4,0.11166093746747476
80.0,45.0,2.425,0.099077911803774
80.0,45.0,2.45,0.08586069814049906
80.0,45.0,2.475,0.0719102629794879
80.0,45.0,2.5,0.057109679275477644
80.0,45.0,2.525,0.04131968632200611
80.0,45.0,2.55,0.024372885963277427
80.0,45.0,2.575,0.006066047154175374
80.0,45.0,2.6,-0.013850236608159743
80.0,45.0,2.625,-0.0356856527938718
80.0,45.0,2.65,-0.059829767541784096
80.0,45.0,2.675,-0.0867797396502918
80.0,45.0,2.7,-0.1171802954128073
80.0,45.0,2.725,-0.15188284643488423
80.0,45.0,2.75,-0.19203526864235562
80.0,45.0,2.775,-0.23922235093426386
80.0,45.0,2.8,-0.2956934325920481
80.0,45.0,2.825,-0.36474654188409433
80.0,45.0,2.85,-0.4514078474365485
80.0,45.0,2.875,-0.5637011123013297
80.0,45.0,2.9,-0.7151730657370504
80.0,45.0,2.925,-0.9302636811020645
80.0,45.0,2.95,-1.2562515886005798
80.0,45.0,2.975,-1.7856913953597604
80.0,45.0,3.0,-2.5727508023269774
80.0,45.0,3.025,-1.003903141040915
80.0,45.0,3.05,3.121773259786322
80.0,45.0,3.075,2.5177680216269085
80.0,45.0,3.1,1.8932017757520523
80.0,45.0,3.125,1.5119687571129186
80.0,45.0,3.15,1.267648785359166
80.0,45.0,3.175,1.0999522987783974
80.0,45.0,3.2,0.9782087394670753
80.0,45.0,3.225,0.8852605330866465
80.0,45.0,3.25,0.8094522886410518
80.0,45.0,3.275,0.7398447005077357
80.0,45.0,3.3,0.6620467955222199
80.0,45.0,3.325,0.560203348241396
80.0,45.0,3.35,0.448804160491311
80.0,45.0,3.375,0.3863829934798532
80.0,45.0,3.4,0.3771471497155057
80.0,45.0,3.425,0.3832565544872611
80.0,45.0,3.45,0.387098405791492
80.0,45.0,3.475,0.3859993035796155
80.0,45.0,3.5,0.3810117421993189
80.0,45.0,3.525,0.37347865245272743
80.0,45.0,3.55,0.3644079471777525
80.0,45.0,3.575,0.3544724542295541
80.0,45.0,3.6,0.34410213634141124
80.0,45.0,3.625,0.3335643030890293
80.0,45.0,3.65,0.32301996813812495
80.0,45.0,3.675,0.3125615927354525
80.0,45.0,3.7,0.30224056273834693
80.0,45.0,3.725,0.29209318880025487
80.0,45.0,3.75,0.28213396650785055
80.0,45.0,3.775,0.272320352260864
80.0,45.0,3.8,0.262622509095515
80.0,50.0,2.4,0.06337475943580073
80.0,50.0,2.425,0.04646472289316893
80.0,50.0,2.45,0.028239974075064237
80.0,50.0,2.475,0.00845408199734659
80.0,50.0,2.5,-0.013199451324599458
80.0,50.0,2.525,-0.03710696949391004
80.0,50.0,2.55,-0.06376274764226032
80.0,50.0,2.575,-0.09380974478326545
80.0,50.0,2.6,-0.1281001873543888
80.0,50.0,2.625,-0.1677881673136703
80.0,50.0,2.65,-0.21447579624202043
80.0,50.0,2.675,-0.27045251180928576
80.0,50.0,2.7,-0.3391040000451565
80.0,50.0,2.725,-0.42564805520966575
80.0,50.0,2.75,-0.538541929228852
80.0,50.0,2.775,-0.6923776164825459
80.0,50.0,2.8,-0.9143771603540691
80.0,50.0,2.825,-1.260350174235528
80.0,50.0,2.85,-1.8542729963139934
80.0,50.0,2.875,-2.865160508785733
80.0,50.0,2.9,-0.469524475589347
80.0,50.0,2.925,3.518648894512596
80.0,50.0,2.95,2.49134401223183
80.0,50.0,2.975,1.8402074371525488
80.0,50.0,3.0,1.4679564533225704
80.0,50.0,3.025,1.2336644077543686
80.0,50.0,3.05,1.0729800462191013
80.0,50.0,3.075,0.9525450576805926
80.0,50.0,3.1,0.8488009138225755
80.0,50.0,3.125,0.7368771434072672
80.0,50.0,3.15,0.596387102359627
80.0,50.0,3.175,0.4669965330426164
80.0,50.0,3.2,0.4195048981999443
80.0,50.0,3.225,0.42185380283791263
80.0,50.0,3.25,0.4290109462622156
80.0,50.0,3.275,0.4298274310611047
80.0,50.0,3.3,0.4249189479958815
80.0,50.0,3.325,0.4163622459243357
80.0,50.0,3.35,0.40574645470232346
80.0,50.0,3.375,0.39408970850073466
80.0,50.0,3.4,0.38200983548328726
80.0,50.0,3.425,0.36987058803920086
80.0,50.0,3.45,0.3578787407922772
80.0,50.0,3.475,0.34614486743560247
80.0,50.0,3.5,0.33472082392294034
80.0,50.0,3.525,0.32362281033877277
80.0,50.0,3.55,0.3128455594623689
80.0,50.0,3.575,0.30237106198838226
80.0,50.0,3.6,0.2921738969028088
80.0,50.0,3.625,0.28222452134384135
80.0,50.0,3.65,0.2724917596926816
80.0,50.0,3.675,0.26294699314878217
80.0,50.0,3.7,0.2535699911896092
80.0,50.0,3.725,0.24432878620621593
80.0,50.0,3.75,0.2351701643843331
80.0,50.0,3.775,0.22605940740872318
80.0,50.0,3.8,0.21696939141334654
80.0,55.0,2.4,-0.007694894977242806
80.0,55.0,2.425,-0.033273770982818175
80.0,55.0,2.45,-0.06197210530854226
80.0,55.0,2.475,-0.09456890125085574
80.0,55.0,2.5,-0.1321154945685137
80.0,55.0,2.525,-0.17606590031877992
80.0,55.0,2.55,-0.22848935564376552
80.0,55.0,2.575,-0.2924321375561278
80.0,55.0,2.6,-0.3725658580384769
80.0,55.0,2.625,-0.4764234302118558
80.0,55.0,2.65,-0.6169416677910374
80.0,55.0,2.675,-0.8182107571620424
80.0,55.0,2.7,-1.130083063566115
80.0,55.0,2.725,-1.6702581657251396
80.0,55.0,2.75,-2.730921110519499
80.0,55.0,2.775,-2.6802090216879155
80.0,55.0,2.8,4.148582149459835
80.0,55.0,2.825,2.7502496612763006
80.0,55.0,2.85,1.9461603541028787
80.0,55.0,2.875,1.5200103915695942
80.0,55.0,2.9,1.259962029034647
80.0,55.0,2.925,1.07905902272975
80.0,55.0,2.95,0.9295394847314865
80.0,55.0,2.975,0.7721408117423378
80.0,55.0,3.0,0.5958715142051515
80.0,55.0,3.025,0.4802503739500061
80.0,55.0,3.05,0.4579875988280751
80.0,55.0,3.075,0.46489346021326694
80.0,55.0,3.1,0.4682622801582176
80.0,55.0,3.125,0.46416360666075457
80.0,55.0,3.15,0.45489698276358786
80.0,55.0,3.175,0.44276773449227314
80.0,55.0,3.2,0.42928549672170974
80.0,55.0,3.225,0.41533993731702845
80.0,55.0,3.25,0.401430464326798
80.0,55.0,3.275,0.3878241224296923
80.0,55.0,3.3,0.3746521359262508
80.0,55.0,3.325,0.36196716602227114
80.0,55.0,3.35,0.34977703449699477
80.0,55.0,3.375,0.33806456994338574
80.0,55.0,3.4,0.32679926915479296
80.0,55.0,3.425,0.31594411934813005
80.0,55.0,3.45,0.3054595300498646
80.0,55.0,3.475,0.2953055495006934
80.0,55.0,3.5,0.28544307895046367
80.0,55.0,3.525,0.2758347386889784
80.0,55.0,3.55,0.26643739730388566
80.0,55.0,3.575,0.2572295626521177
80.0,55.0,3.6,0.24816850292705156
80.0,55.0,3.625,0.23922343910980956
80.0,55.0,3.65,0.23036598963175386
80.0,55.0,3.675,0.2215736690571957
80.0,55.0,3.7,0.21281444931709761
80.0,55.0,3.725,0.2040442108465035
80.0,55.0,3.75,0.19523036907832628
80.0,55.0,3.775,0.1863437613020649
80.0,55.0,3.8,0.17735251023723378
80.0,60.0,2.4,-0.1264765374490039
80.0,60.0,2.425,-0.17310729777914985
80.0,60.0,2.45,-0.22922667003296865
80.0,60.0,2.475,-0.2984674473081246
80.0,60.0,2.5,-0.38654654350565065
80.0,60.0,2.525,-0.5029918581692462
80.0,60.0,2.55,-0.6648964908340766
80.0,60.0,2.575,-0.9060693020261532
80.0,60.0,2.6,-1.3029168288945232
80.0,60.0,2.625,-2.0615877631023407
80.0,60.0,2.65,-3.718552587579751
80.0,60.0,2.675,3.221476182864215
80.0,60.0,2.7,3.6204020039075626
80.0,60.0,2.725,2.3057321990484847
80.0,60.0,2.75,1.7026897216539045
80.0,60.0,2.775,1.3650064916179403
80.0,60.0,2.8,1.1375705432508296
80.0,60.0,2.825,0.9422942472399698
80.0,60.0,2.85,0.7249421826621502
80.0,60.0,2.875,0.5373401873903095
80.0,60.0,2.9,0.4898593673174853
80.0,60.0,2.925,0.4996981916057863
80.0,60.0,2.95,0.50404474511018
80.0,60.0,2.975,0.4984841845130784
80.0,60.0,3.0,0.48738713222805496
80.0,60.0,3.025,0.4734190197562275
80.0,60.0,3.05,0.45806322073271916
80.0,60.0,3.075,0.44227834070277855
80.0,60.0,3.1,0.42664820733466796
80.0,60.0,3.125,0.4114878394810937
80.0,60.0,3.15,0.39694334383393104
80.0,60.0,3.175,0.3830631016217645
80.0,60.0,3.2,0.36984183690439953
80.0,60.0,3.225,0.35724635396337395
80.0,60.0,3.25,0.3452302055010615
80.0,60.0,3.275,0.3337420562696347
80.0,60.0,3.3,0.32273135850090273
80.0,60.0,3.325,0.31213064051386374
80.0,60.0,3.35,0.3019186881808456
80.0,60.0,3.375,0.2920361584718125
80.0,60.0,3.4,0.2824420093523219
80.0,60.0,3.425,0.27309738561375213
80.0,60.0,3.45,0.26396583627230763
80.0,60.0,3.475,0.2550130858968722
80.0,60.0,3.5,0.24620668240160387
80.0,60.0,3.525,0.23751561273009245
80.0,60.0,3.55,0.22890991265759378
80.0,60.0,3.575,0.2203603285077723
80.0,60.0,3.6,0.21183835062891623
80.0,60.0,3.625,0.2033177498058279
80.0,60.0,3.65,0.19477600014484345
80.0,60.0,3.675,0.18618235241639713
80.0,60.0,3.7,0.17749676581662538
80.0,60.0,3.725,0.16868606655948493
80.0,60.0,3.75,0.15971827337701183
80.0,60.0,3.775,0.1505580234825121
80.0,60.0,3.8,0.14116622627043263
80.0,65.0,2.4,-0.3740553529060519
80.0,65.0,2.425,-0.4939788440033274
80.0,65.0,2.45,-0.6626033035119078
80.0,65.0,2.475,-0.9182096345400363
80.0,65.0,2.5,-1.3514820118304292
80.0,65.0,2.525,-2.229687292870505
80.0,65.0,2.55,-4.383398280288709
80.0,65.0,2.575,5.539491485481909
80.0,65.0,2.6,3.3823554744890796
80.0,65.0,2.625,2.168221627561413
80.0,65.0,2.65,1.6182617701187476
80.0,65.0,2.675,1.2974042508157462
80.0,65.0,2.7,1.0536345604686623
80.0,65.0,2.725,0.7969104101696531
80.0,65.0,2.75,0.5630723210231776
80.0,65.0,2.775,0.5093437980412981
80.0,65.0,2.8,0.5276562735549356
80.0,65.0,2.825,0.53435512993787
80.0,65.0,2.85,0.5268661798435348
80.0,65.0,2.875,0.5122310419319375
80.0,65.0,2.9,0.4950233176535771
80.0,65.0,2.925,0.47737301062996884
80.0,65.0,2.95,0.45994225133085437
80.0,65.0,2.975,0.442978945675512
80.0,65.0,3.0,0.4266743944047337
80.0,65.0,3.025,0.41114313444205564
80.0,65.0,3.05,0.3964186667885752
80.0,65.0,3.075,0.38248094720639464
80.0,65.0,3.1,0.3692831330796923
80.0,65.0,3.125,0.3567560922879641
80.0,65.0,3.15,0.3448276454428716
80.0,65.0,3.175,0.3334608463873366
80.0,65.0,3.2,0.3225812270182602
80.0,65.0,3.225,0.31213338669735774
80.0,65.0,3.25,0.30206641586062144
80.0,65.0,3.275,0.2923336170284493
80.0,65.0,3.3,0.28289218101795033
80.0,65.0,3.325,0.27370276239414915
80.0,65.0,3.35,0.26472902476430965
80.0,65.0,3.375,0.25593718969294105
80.0,65.0,3.4,0.24729560320718963
80.0,65.0,3.425,0.23877432362929615
80.0,65.0,3.45,0.23034472876105647
80.0,65.0,3.475,0.221979136860692
80.0,65.0,3.5,0.21365043394613342
80.0,65.0,3.525,0.20533170502473416
80.0,65.0,3.55,0.19699591388136933
80.0,65.0,3.575,0.1886159320316993
80.0,65.0,3.6,0.18016589418390733
80.0,65.0,3.625,0.1716219135977198
80.0,65.0,3.65,0.1629518199985299
80.0,65.0,3.675,0.1541155198028685
80.0,65.0,3.7,0.14507680634665224
80.0,65.0,3.725,0.13579870438474712
80.0,65.0,3.75,0.12623978308588882
80.0,65.0,3.775,0.11635341483155746
80.0,65.0,3.8,0.10608717112956897
80.0,70.0,2.4,-1.2387491957569214
80.0,70.0,2.425,-2.0322618482443553
80.0,70.0,2.45,-4.163505790444449
80.0,70.0,2.475,5.628917328221238
80.0,70.0,2.5,3.702922317937459
80.0,70.0,2.525,2.2620618559260692
80.0,70.0,2.55,1.655759764572831
80.0,70.0,2.575,1.3075292550486766
80.0,70.0,2.6,1.02883143535684
80.0,70.0,2.625,0.7216466137874045
80.0,70.0,2.65,0.5303940020330307
80.0,70.0,2.675,0.5356511510589004
80.0,70.0,2.7,0.5565269057604013
80.0,70.0,2.725,0.5558160980807187
80.0,70.0,2.75,0.5425867190734467
80.0,70.0,2.775,0.5240922780323743
80.0,70.0,2.8,0.5040507382984307
80.0,70.0,2.825,0.4843296057070326
80.0,70.0,2.85,0.46564778660116174
80.0,70.0,2.875,0.44799751821206346
80.0,70.0,2.9,0.4312634837653902
80.0,70.0,2.925,0.41542538603250534
80.0,70.0,2.95,0.4004788698893466
80.0,70.0,2.975,0.38637346184099336
80.0,70.0,3.0,0.3730125967534457
80.0,70.0,3.025,0.36038968825849715
80.0,70.0,3.05,0.34840834251686825
80.0,70.0,3.075,0.3369975916906214
80.0,70.0,3.1,0.326093319089561
80.0,70.0,3.125,0.31563708987553263
80.0,70.0,3.15,0.30557584569004687
80.0,70.0,3.175,0.29586145660895646
80.0,70.0,3.2,0.2864501833587614
80.0,70.0,3.225,0.2773021203697127
80.0,70.0,3.25,0.2683806580636177
80.0,70.0,3.275,0.25965198090607167
80.0,70.0,3.3,0.25108460559272217
80.0,70.0,3.325,0.24264895738942846
80.0,70.0,3.35,0.23431697946978317
80.0,70.0,3.375,0.22606176852868837
80.0,70.0,3.4,0.21785722907778274
80.0,70.0,3.425,0.20967773805801668
80.0,70.0,3.45,0.20149781042520498
80.0,70.0,3.475,0.19329175596924267
80.0,70.0,3.5,0.1850333253111097
80.0,70.0,3.525,0.17669540340928583
80.0,70.0,3.55,0.16825011564336417
80.0,70.0,3.575,0.1596702707833078
80.0,70.0,3.6,0.15092886504250647
80.0,70.0,3.625,0.14198906704050943
80.0,70.0,3.65,0.13280763168527068
80.0,70.0,3.675,0.12334299770748366
80.0,70.0,3.7,0.11355053332739685
80.0,70.0,3.725,0.10337952439584422
80.0,70.0,3.75,0.09277205898345198
80.0,70.0,3.775,0.08166182505956866
80.0,70.0,3.8,0.06997254359673905
80.0,75.0,2.4,5.11015579277175
80.0,75.0,2.425,2.6727450229943526
80.0,75.0,2.45,1.8410027051113964
80.0,75.0,2.475,1.4159348153807367
80.0,75.0,2.5,1.1052558853716283
80.0,75.0,2.525,0.765179085314896
80.0,75.0,2.55,0.5368487504256996
80.0,75.0,2.575,0.5494064594832638
80.0,75.0,2.6,0.5754969762100652
80.0,75.0,2.625,0.57463330750237
80.0,75.0,2.65,0.5598650550228573
80.0,75.0,2.675,0.5397033487128907
80.0,75.0,2.7,0.5180565973147679
80.0,75.0,2.725,0.4967378450772273
80.0,75.0,2.75,0.4766550747250017
80.0,75.0,2.775,0.45806491290390744
80.0,75.0,2.8,0.4407363061471476
80.0,75.0,2.825,0.42444335067440536
80.0,75.0,2.85,0.409108953413048
80.0,75.0,2.875,0.3945619080010556
80.0,75.0,2.9,0.38087696195821136
80.0,75.0,2.925,0.3679576026227922
80.0,75.0,2.95,0.355719339375197
80.0,75.0,2.975,0.34408738827929347
80.0,75.0,3.0,0.3329934800723476
80.0,75.0,3.025,0.32237569360622653
80.0,75.0,3.05,0.312178153139352
80.0,75.0,3.075,0.3023504962298903
80.0,75.0,3.1,0.29284724332093415
80.0,75.0,3.125,0.28362715723283
80.0,75.0,3.15,0.2746526363647393
80.0,75.0,3.175,0.26588915903318794
80.0,75.0,3.2,0.2573047824355392
80.0,75.0,3.225,0.2488696927980619
80.0,75.0,3.25,0.24055580007136448
80.0,75.0,3.275,0.23233636925949974
80.0,75.0,3.3,0.22418568011902745
80.0,75.0,3.325,0.21607870697479184
80.0,75.0,3.35,0.20799081041209388
80.0,75.0,3.375,0.19989743234368262
80.0,75.0,3.4,0.19177378516958174
80.0,75.0,3.425,0.1835945244308579
80.0,75.0,3.45,0.1753333944252174
80.0,75.0,3.475,0.16696285199817817
80.0,75.0,3.5,0.1584537845770435
80.0,75.0,3.525,0.1497759087871376
80.0,75.0,3.55,0.14089942320087964
80.0,75.0,3.575,0.13179135151920884
80.0,75.0,3.6,0.12240669539170844
80.0,75.0,3.625,0.11269661180579274
80.0,75.0,3.65,0.10261122420470406
80.0,75.0,3.675,0.09209461618708527
80.0,75.0,3.7,0.08108235954659646
80.0,75.0,3.725,0.06949987023685847
80.0,75.0,3.75,0.05726037226406185
80.0,75.0,3.775,0.04426216633409418
80.0,75.0,3.8,0.030385442402247106
80.0,80.0,2.4,1.2930998911874056
80.0,80.0,2.425,0.9561789252037951
80.0,80.0,2.45,0.5984614916605905
80.0,80.0,2.475,0.5392790320987348
80.0,80.0,2.5,0.5829818066545668
80.0,80.0,2.525,0.5925275206835243
80.0,80.0,2.55,0.580753489734899
80.0,80.0,2.575,0.5606659492451551
80.0,80.0,2.6,0.5380504942920904
80.0,80.0,2.625,0.5153686028316865
80.0,80.0,2.65,0.49373211436621883
80.0,80.0,2.675,0.4736693153935106
80.0,80.0,2.7,0.45525333120276656
80.0,80.0,2.725,0.4381958540411644
80.0,80.0,2.75,0.42222210512327785
80.0,80.0,2.775,0.40704481659978725
80.0,80.0,2.8,0.3927673116534003
80.0,80.0,2.825,0.3793223024637416
80.0,80.0,2.85,0.36661856241716784
80.0,80.0,2.875,0.3545751527569698
80.0,80.0,2.9,0.34311808242899217
80.0,80.0,2.925,0.3321802457365582
80.0,80.0,2.95,0.3217012584865045
80.0,80.0,2.975,0.31162695076050595
80.0,80.0,3.0,0.30190869203841997
80.0,80.0,3.025,0.29250267897225507
80.0,80.0,3.05,0.2833692521852962
80.0,80.0,3.075,0.2744722697479448
80.0,80.0,3.1,0.26577854486803537
80.0,80.0,3.125,0.2572573456136419
80.0,80.0,3.15,0.24887995013226455
80.0,80.0,3.175,0.24061924913273197
80.0,80.0,3.2,0.2324493869472982
80.0,80.0,3.225,0.22434543257435965
80.0,80.0,3.25,0.21628307234514435
80.0,80.0,3.275,0.20823831605677756
80.0,80.0,3.3,0.20018720842240625
80.0,80.0,3.325,0.1921055373440371
80.0,80.0,3.35,0.18396852959525486
80.0,80.0,3.375,0.17575052278114256
80.0,80.0,3.4,0.16742460047837035
80.0,80.0,3.425,0.15896218182058863
80.0,80.0,3.45,0.1503326096161866
80.0,80.0,3.475,0.14150307511954396
80.0,80.0,3.5,0.13243987173188182
80.0,80.0,3.525,0.12310857357562509
80.0,80.0,3.55,0.11346434457144187
80.0,80.0,3.575,0.10345204049891889
80.0,80.0,3.6,0.09301431498301525
80.0,80.0,3.625,0.08208833311432064
80.0,80.0,3.65,0.07060143909645845
80.0,80.0,3.675,0.058468765607869067
80.0,80.0,3.7,0.04559062259110091
80.0,80.0,3.725,0.031849073453961284
80.0,80.0,3.75,0.017103440053368897
80.0,80.0,3.775,0.0011844212759407563
80.0,80.0,3.8,-0.016113605120622116
80.0,85.0,2.4,0.5583901717771069
80.0,85.0,2.425,0.6003743311259129
80.0,85.0,2.45,0.6024565664131305
80.0,85.0,2.475,0.5864967131594385
80.0,85.0,2.5,0.5642748136914679
80.0,85.0,2.525,0.5405718528828478
80.0,85.0,2.55,0.5173337635782973
80.0,85.0,2.575,0.49542208371632657
80.0,85.0,2.6,0.4752946997917767
80.0,85.0,2.625,0.45693764713194396
80.0,85.0,2.65,0.4399262570300301
80.0,85.0,2.675,0.42392634450295963
80.0,85.0,2.7,0.40877322242314346
80.0,85.0,2.725,0.3945331146515438
80.0,85.0,2.75,0.38112353041829294
80.0,85.0,2.775,0.36845278725757147
80.0,85.0,2.8,0.3564383601776765
80.0,85.0,2.825,0.34500544809496775
80.0,85.0,2.85,0.3340867752476863
80.0,85.0,2.875,0.3236221713472813
80.0,85.0,2.9,0.31355789176419346
80.0,85.0,2.925,0.30384583981764934
80.0,85.0,2.95,0.2944427953313679
80.0,85.0,2.975,0.2853096978106785
80.0,85.0,3.0,0.27641100095061455
80.0,85.0,3.025,0.2677140995739339
80.0,85.0,3.05,0.25918882309717733
80.0,85.0,3.075,0.2508069869191969
80.0,85.0,3.1,0.24254199245114708
80.0,85.0,3.125,0.23436846670101114
80.0,85.0,3.15,0.22626193280468068
80.0,85.0,3.175,0.21819850336702162
80.0,85.0,3.2,0.2101545887925452
80.0,85.0,3.225,0.20210661286286238
80.0,85.0,3.25,0.19403072758597759
80.0,85.0,3.275,0.1859025187051322
80.0,85.0,3.3,0.177696692157108
80.0,85.0,3.325,0.16938673190094677
80.0,85.0,3.35,0.1609443414487309
80.0,85.0,3.375,0.15233970699442712
80.0,85.0,3.4,0.14353970314877332
80.0,85.0,3.425,0.13450882490137714
80.0,85.0,3.45,0.12520963123330967
80.0,85.0,3.475,0.11560405941214712
80.0,85.0,3.5,0.10564484368059886
80.0,85.0,3.525,0.09527055416431114
80.0,85.0,3.55,0.08441552110008589
80.0,85.0,3.575,0.07300794770209977
80.0,85.0,3.6,0.060964554446429786
80.0,85.0,3.625,0.048187253635160826
80.0,85.0,3.65,0.03455974193845353
80.0,85.0,3.675,0.019943051910749944
80.0,85.0,3.7,0.004169625734622413
80.0,85.0,3.725,-0.01296460869157595
80.0,85.0,3.75,-0.031710924933939164
80.0,85.0,3.775,-0.0523823773862681
80.0,85.0,3.8,-0.07537392367867453
80.0,90.0,2.4,0.59520465645754
80.0,90.0,2.425,0.5722216559119062
80.0,90.0,2.45,0.5478429836658378
80.0,90.0,2.475,0.524039647424036
80.0,90.0,2.5,0.5016816598572076
80.0,90.0,2.525,0.4812459383378974
80.0,90.0,2.55,0.46269472758546537
80.0,90.0,2.575,0.4454761865679768
80.0,90.0,2.6,0.4292087773643
80.0,90.0,2.625,0.4138660215471181
80.0,90.0,2.65,0.39945010302277134
80.0,90.0,2.675,0.3858896471556222
80.0,90.0,2.7,0.37308642228885436
80.0,90.0,2.725,0.36095147029282465
80.0,90.0,2.75,0.34940771923924857
80.0,90.0,2.775,0.33838635198667644
80.0,90.0,2.8,0.32782599450864197
80.0,90.0,2.825,0.31767200374533777
80.0,90.0,2.85,0.3078756192616752
80.0,90.0,2.875,0.2983931341061768
80.0,90.0,2.9,0.28918513723210004
80.0,90.0,2.925,0.28021583950877516
80.0,90.0,2.95,0.2714524802851126
80.0,90.0,2.975,0.2628648057439732
80.0,90.0,3.0,0.25442460853432725
80.0,90.0,3.025,0.24610531814473016
80.0,90.0,3.05,0.23788163214371685
80.0,90.0,3.075,0.22972917925724387
80.0,90.0,3.1,0.2216242060552493
80.0,90.0,3.125,0.21354327980611218
80.0,90.0,3.15,0.20546300244640328
80.0,90.0,3.175,0.19735941380163557
80.0,90.0,3.2,0.18920910126546941
80.0,90.0,3.225,0.18098625766189821
80.0,90.0,3.25,0.17266480249106197
80.0,90.0,3.275,0.16421687089028034
80.0,90.0,3.3,0.15561256614823532
80.0,90.0,3.325,0.14681944757873364
80.0,90.0,3.35,0.13780196014859786
80.0,90.0,3.375,0.12852110724150692
80.0,90.0,3.4,0.11893549606315852
80.0,90.0,3.425,0.10900264836870635
80.0,90.0,3.45,0.09866957489500605
80.0,90.0,3.475,0.087867049558107
80.0,90.0,3.5,0.0765199845582143
80.0,90.0,3.525,0.06454535758124307
80.0,90.0,3.55,0.05184605964164402
80.0,90.0,3.575,0.0383066717044794
80.0,90.0,3.6,0.023788957077032633
80.0,90.0,3.625,0.008125920066699648
80.0,90.0,3.65,-0.008886212232250702
80.0,90.0,3.675,-0.027498898850373116
80.0,90.0,3.7,-0.048026312533704374
80.0,90.0,3.725,-0.07086637086067982
80.0,90.0,3.75,-0.09653070200539342
80.0,90.0,3.775,-0.12568816989253895
80.0,90.0,3.8,-0.159229297831495
80.0,95.0,2.4,0.5353884637461712
80.0,95.0,2.425,0.51232394579916
80.0,95.0,2.45,0.49133112892487724
80.0,95.0,2.475,0.47228369105620416
80.0,95.0,2.5,0.454557021259863
80.0,95.0,2.525,0.4378343896278707
80.0,95.0,2.55,0.42206575786773926
80.0,95.0,2.575,0.4072809324861542
80.0,95.0,2.6,0.39339036305096664
80.0,95.0,2.625,0.38029126435870636
80.0,95.0,2.65,0.3678914955526705
80.0,95.0,2.675,0.35610877771349636
80.0,95.0,2.7,0.3448698469340173
80.0,95.0,2.725,0.33410999090975213
80.0,95.0,2.75,0.3237725690373989
80.0,95.0,2.775,0.31380705972365885
80.0,95.0,2.8,0.3041682321872326
80.0,95.0,2.825,0.294815398794884
80.0,95.0,2.85,0.2857117093155676
80.0,95.0,2.875,0.27682352497008494
80.0,95.0,2.9,0.26811986981685265
80.0,95.0,2.925,0.2595719487013031
80.0,95.0,2.95,0.25115272020628016
80.0,95.0,2.975,0.24283651412742682
80.0,95.0,3.0,0.23459868723134655
80.0,95.0,3.025,0.22641469736826847
80.0,95.0,3.05,0.21826259948587762
80.0,95.0,3.075,0.2101174085976552
80.0,95.0,3.1,0.20195589546978954
80.0,95.0,3.125,0.19375387897644644
80.0,95.0,3.15,0.18548634262424227
80.0,95.0,3.175,0.17712709825755765
80.0,95.0,3.2,0.16864840694038954
80.0,95.0,3.225,0.1600205456848193
80.0,95.0,3.25,0.15121129924827326
80.0,95.0,3.275,0.14218535645749103
80.0,95.0,3.3,0.1329036463071489
80.0,95.0,3.325,0.12332299922614115
80.0,95.0,3.35,0.11339742359651077
80.0,95.0,3.375,0.10307882988977625
80.0,95.0,3.4,0.09230558391153396
80.0,95.0,3.425,0.08099853329582156
80.0,95.0,3.45,0.06907127497531955
80.0,95.0,3.475,0.05642638768628784
80.0,95.0,3.5,0.042948558763048574
80.0,95.0,3.525,0.028499299485869732
80.0,95.0,3.55,0.012910843613032085
80.0,95.0,3.575,-0.004022045694286107
80.0,95.0,3.6,-0.022553305869566515
80.0,95.0,3.625,-0.043001150446180525
80.0,95.0,3.65,-0.06577001689010542
80.0,95.0,3.675,-0.09138209403491977
80.0,95.0,3.7,-0.12052361449653835
80.0,95.0,3.725,-0.1541144982697189
80.0,95.0,3.75,-0.19341585795558372
80.0,95.0,3.775,-0.240199932673208
80.0,95.0,3.8,-0.2970255126672018
80.0,100.0,2.4,0.48563006051788404
80.0,100.0,2.425,0.4671072897903166
80.0,100.0,2.45,0.44967792083827934
80.0,100.0,2.475,0.4332952774746395
80.0,100.0,2.5,0.4179239192964592
80.0,100.0,2.525,0.40351736250439524
80.0,100.0,2.55,0.3899618008813597
80.0,100.0,2.575,0.3771521562813938
80.0,100.0,2.6,0.3649991384808749
80.0,100.0,2.625,0.3534249554763406
80.0,100.0,2.65,0.34236092201402046
80.0,100.0,2.675,0.3317464227838873
80.0,100.0,2.7,0.3215274159447922
80.0,100.0,2.725,0.31165580916330027
80.0,100.0,2.75,0.30208882935732473
80.0,100.0,2.775,0.29278777703080566
80.0,100.0,2.8,0.2837174084486872
80.0,100.0,2.825,0.2748453797265683
80.0,100.0,2.85,0.26614173742765673
80.0,100.0,2.875,0.2575784713855666
80.0,100.0,2.9,0.24912882921982182
80.0,100.0,2.925,0.24076800336696325
80.0,100.0,2.95,0.23247108957283888
80.0,100.0,2.975,0.22421413208383037
80.0,100.0,3.0,0.21597329764431192
80.0,100.0,3.025,0.207724627436482
80.0,100.0,3.05,0.19944372854524822
80.0,100.0,3.075,0.1911054481253425
80.0,100.0,3.1,0.1826835232781121
80.0,100.0,3.125,0.17415019551668942
80.0,100.0,3.15,0.16547577537437844
80.0,100.0,3.175,0.1566281379463102
80.0,100.0,3.2,0.14757212423464977
80.0,100.0,3.225,0.1382688254047647
80.0,100.0,3.25,0.1286748005451779
80.0,100.0,3.275,0.1187417061977321
80.0,100.0,3.3,0.10841768316839019
80.0,100.0,3.325,0.09764696950565584
80.0,100.0,3.35,0.08635684900139394
80.0,100.0,3.375,0.07445595978550935
80.0,100.0,3.4,0.06184327380117894
80.0,100.0,3.425,0.0484023983840669
80.0,100.0,3.45,0.033993757576869475
80.0,100.0,3.475,0.018447704047370523
80.0,100.0,3.5,0.0015559878662601133
80.0,100.0,3.525,-0.01693993801064094
80.0,100.0,3.55,-0.03736525871176877
80.0,100.0,3.575,-0.06013499171292604
80.0,100.0,3.6,-0.08578756029549879
80.0,100.0,3.625,-0.11503454661444022
80.0,100.0,3.65,-0.14883677057577568
80.0,100.0,3.675,-0.18852005863128446
80.0,100.0,3.7,-0.2359732118691455
80.0,100.0,3.725,-0.2939647780299558
80.0,100.0,3.75,-0.3667104328444289
80.0,100.0,3.775,-0.46094062951768683
80.0,100.0,3.8,-0.5881129779107657
80.0,105.0,2.4,0.4475670900234323
80.0,105.0,2.425,0.4314223171334363
80.0,105.0,2.45,0.41629196127880586
80.0,105.0,2.475,0.40209621632435005
80.0,105.0,2.5,0.38871905771096465
80.0,105.0,2.525,0.37605731364226147
80.0,105.0,2.55,0.364024326985814
80.0,105.0,2.575,0.35254490549247636
80.0,105.0,2.6,0.3415530693039947
80.0,105.0,2.625,0.33099056753464723
80.0,105.0,2.65,0.3208056046492324
80.0,105.0,2.675,0.3109519870854768
80.0,105.0,2.7,0.3013879779371289
80.0,105.0,2.725,0.2920758138915311
80.0,105.0,2.75,0.2829811847916439
80.0,105.0,2.775,0.27407199975731605
80.0,105.0,2.8,0.2653197184972304
80.0,105.0,2.825,0.2566957104667425
80.0,105.0,2.85,0.2481737166921583
80.0,105.0,2.875,0.23972827340355676
80.0,105.0,2.9,0.23133454613527396
80.0,105.0,2.925,0.22296801185492607
80.0,105.0,2.95,0.21460413970427475
80.0,105.0,2.975,0.20621806736502876
80.0,105.0,3.0,0.19778426464536955
80.0,105.0,3.025,0.1892761744459233
80.0,105.0,3.05,0.18066581968172493
80.0,105.0,3.075,0.17192336233969077
80.0,105.0,3.1,0.16301659713483796
80.0,105.0,3.125,0.1539103566551376
80.0,105.0,3.15,0.14456579814896042
80.0,105.0,3.175,0.13493954507302147
80.0,105.0,3.2,0.12498273915001597
80.0,105.0,3.225,0.11464051288424204
80.0,105.0,3.25,0.1038531282993272
80.0,105.0,3.275,0.09255451001726653
80.0,105.0,3.3,0.08065869829873376
80.0,105.0,3.325,0.06805893839384446
80.0,105.0,3.35,0.05463466262632931
80.0,105.0,3.375,0.04024413733534946
80.0,105.0,3.4,0.024715048183068484
80.0,105.0,3.425,0.007835031299741944
80.0,105.0,3.45,-0.010660675098427922
80.0,105.0,3.475,-0.031106543094189146
80.0,105.0,3.5,-0.05393142182531193
80.0,105.0,3.525,-0.0796950261867874
80.0,105.0,3.55,-0.10914144675905393
80.0,105.0,3.575,-0.14328262890065394
80.0,105.0,3.6,-0.18353006819681136
80.0,105.0,3.625,-0.23191199158876272
80.0,105.0,3.65,-0.29144663989153236
80.0,105.0,3.675,-0.36681610766310246
80.0,105.0,3.7,-0.4656516380010731
80.0,105.0,3.725,-0.601145859845921
80.0,105.0,3.75,-0.7978270622415129
80.0,105.0,3.775,-1.1041428780735107
80.0,105.0,3.8,-1.6033282254262158
80.0,110.0,2.4,0.4168060949285896
80.0,110.0,2.425,0.4026756313398288
80.0,110.0,2.45,0.3893459524347643
80.0,110.0,2.475,0.3767144657985829
80.0,110.0,2.5,0.36469587307290324
80.0,110.0,2.525,0.3532165444103136
80.0,110.0,2.55,0.342211842696177
80.0,110.0,2.575,0.33162462801971526
80.0,110.0,2.6,0.32140412539888086
80.0,110.0,2.625,0.31150489169187173
80.0,110.0,2.65,0.3018856030928417
80.0,110.0,2.675,0.29250967726739624
80.0,110.0,2.7,0.2833425505432084
80.0,110.0,2.725,0.2743523142077718
80.0,110.0,2.75,0.2655094997538901
80.0,110.0,2.775,0.2567861052640566
80.0,110.0,2.8,0.24815529817208712
80.0,110.0,2.825,0.2395910663550969
80.0,110.0,2.85,0.23106787159374265
80.0,110.0,2.875,0.22256030987056025
80.0,110.0,2.9,0.21404277123225288
80.0,110.0,2.925,0.20548908976376185
80.0,110.0,2.95,0.1968721731872083
80.0,110.0,2.975,0.18816360025116705
80.0,110.0,3.0,0.17933317202235674
80.0,110.0,3.025,0.17034840009531968
80.0,110.0,3.05,0.16117391011867413
80.0,110.0,3.075,0.15177073235515376
80.0,110.0,3.1,0.14209544294952828
80.0,110.0,3.125,0.132099120740907
80.0,110.0,3.15,0.12172616057814221
80.0,110.0,3.175,0.11091339631245174
80.0,110.0,3.2,0.09959059046912494
80.0,110.0,3.225,0.08767827531071401
80.0,110.0,3.25,0.07507448904770679
80.0,110.0,3.275,0.0616524989772308
80.0,110.0,3.3,0.04726549783673374
80.0,110.0,3.325,0.03173765136065724
80.0,110.0,3.35,0.014853246183423383
80.0,110.0,3.375,-0.0036639202842743694
80.0,110.0,3.4,-0.02415439033731282
80.0,110.0,3.425,-0.0470646220139245
80.0,110.0,3.45,-0.07297860486617858
80.0,110.0,3.475,-0.10267843563766746
80.0,110.0,3.5,-0.13723623917956995
80.0,110.0,3.525,-0.17816194920384154
80.0,110.0,3.55,-0.22765053520135084
80.0,110.0,3.575,-0.2890151557714973
80.0,110.0,3.6,-0.3674883438875539
80.0,110.0,3.625,-0.47180079586406337
80.0,110.0,3.65,-0.6175226798803971
80.0,110.0,3.675,-0.8346307681565494
80.0,110.0,3.7,-1.1844613033632279
80.0,110.0,3.725,-1.7651151936879403
80.0,110.0,3.75,-1.7407455117908028
80.0,110.0,3.775,2.152199120854217
80.0,110.0,3.8,2.0097043738748273
80.0,115.0,2.4,0.39162127412307696
80.0,115.0,2.425,0.3789188503651269
80.0,115.0,2.45,0.3668239363248067
80.0,115.0,2.475,0.35526314673279447
80.0,115.0,2.5,0.34417213880129394
80.0,115.0,2.525,0.3334939639076313
80.0,115.0,2.55,0.3231775210254919
80.0,115.0,2.575,0.3131780936050242
80.0,115.0,2.6,0.30345447608992737
80.0,115.0,2.625,0.293968728507548
80.0,115.0,2.65,0.2846865471487372
80.0,115.0,2.675,0.27557592032718664
80.0,115.0,2.7,0.26660663519794714
80.0,115.0,2.725,0.2577499940978615
80.0,115.0,2.75,0.24897845944046001
80.0,115.0,2.775,0.24026514023879778
80.0,115.0,2.8,0.23158344833211525
80.0,115.0,2.825,0.2229067451175633
80.0,115.0,2.85,0.21420797346830944
80.0,115.0,2.875,0.20545927113508913
80.0,115.0,2.9,0.19663155444456162
80.0,115.0,2.925,0.18769405817866855
80.0,115.0,2.95,0.17861381455153164
80.0,115.0,2.975,0.16935505007970744
80.0,115.0,3.0,0.15987847322570523
80.0,115.0,3.025,0.15014041734360814
80.0,115.0,3.05,0.14009179307568137
80.0,115.0,3.075,0.12967680056865225
80.0,115.0,3.1,0.11883140795877874
80.0,115.0,3.125,0.10748192548618811
80.0,115.0,3.15,0.09554450237076799
80.0,115.0,3.175,0.08292246826080113
80.0,115.0,3.2,0.06949376053437503
80.0,115.0,3.225,0.05510840851595683
80.0,115.0,3.25,0.03957616486987266
80.0,115.0,3.275,0.02268174882465036
80.0,115.0,3.3,0.004144843516500025
80.0,115.0,3.325,-0.016390654666084456
80.0,115.0,3.35,-0.039386163093842824
80.0,115.0,3.375,-0.06545103933969842
80.0,115.0,3.4,-0.09540727573298562
80.0,115.0,3.425,-0.130391189245034
80.0,115.0,3.45,-0.1720191330078155
80.0,115.0,3.475,-0.22266913561181728
80.0,115.0,3.5,-0.2859838839591223
80.0,115.0,3.525,-0.36782334514653914
80.0,115.0,3.55,-0.47819890860030567
80.0,115.0,3.575,-0.6355270883829538
80.0,115.0,3.6,-0.8767365893408455
80.0,115.0,3.625,-1.2805481976476678
80.0,115.0,3.65,-1.942066391514484
80.0,115.0,3.675,-0.7132405883188003
80.0,115.0,3.7,2.38133735300076
80.0,115.0,3.725,1.783847525687078
80.0,115.0,3.75,1.3188568748003398
80.0,115.0,3.775,1.044328231629427
80.0,115.0,3.8,0.8687911194539605
80.0,120.0,2.4,0.37027848090218773
80.0,120.0,2.425,0.3585632824247336
80.0,120.0,2.45,0.3473200831142336
80.0,120.0,2.475,0.3364893191630278
80.0,120.0,2.5,0.32602597521019683
80.0,120.0,2.525,0.3158775319901663
80.0,120.0,2.55,0.3060040715613933
80.0,120.0,2.575,0.2963674619354185
80.0,120.0,2.6,0.2869324801806237
80.0,120.0,2.625,0.2776662597415597
80.0,120.0,2.65,0.26853776833570187
80.0,120.0,2.675,0.25951739412692243
80.0,120.0,2.7,0.2505763945964261
80.0,120.0,2.725,0.24168661430502641
80.0,120.0,2.75,0.2328201264422522
80.0,120.0,2.775,0.22394873333569754
80.0,120.0,2.8,0.21504357700373197
80.0,120.0,2.825,0.2060747117812734
80.0,120.0,2.85,0.1970106290705836
80.0,120.0,2.875,0.18781772266871274
80.0,120.0,2.9,0.17845967420837777
80.0,120.0,2.925,0.1688967319218632
80.0,120.0,2.95,0.15908484797469635
80.0,120.0,2.975,0.14897462861322716
80.0,120.0,3.0,0.13851003697089445
80.0,120.0,3.025,0.12762677612099754
80.0,120.0,3.05,0.11625030600644973
80.0,120.0,3.075,0.10429364051777833
80.0,120.0,3.1,0.09165515483263324
80.0,120.0,3.125,0.07822354537136253
80.0,120.0,3.15,0.06383538077549188
80.0,120.0,3.175,0.04831322077734487
80.0,120.0,3.2,0.031426487043055375
80.0,120.0,3.225,0.012889232125175225
80.0,120.0,3.25,-0.007663997073872093
80.0,120.0,3.275,-0.030709451962203916
80.0,120.0,3.3,-0.056879937918639434
80.0,120.0,3.325,-0.08703506436828938
80.0,120.0,3.35,-0.12237289379516744
80.0,120.0,3.375,-0.16461424277478937
80.0,120.0,3.4,-0.21632076731571098
80.0,120.0,3.425,-0.2814737606357666
80.0,120.0,3.45,-0.3665961136430245
80.0,120.0,3.475,-0.48309820440616763
80.0,120.0,3.5,-0.6526350761031419
80.0,120.0,3.525,-0.9204231711563278
80.0,120.0,3.55,-1.3862362502211991
80.0,120.0,3.575,-2.086593298497651
80.0,120.0,3.6,0.8677986878374853
80.0,120.0,3.625,2.243478604502685
80.0,120.0,3.65,1.5828104579851017
80.0,120.0,3.675,1.1891516038746308
80.0,120.0,3.7,0.9557753351793004
80.0,120.0,3.725,0.8037991005575397
80.0,120.0,3.75,0.6970677729974709
80.0,120.0,3.775,0.6176936912812943
80.0,120.0,3.8,0.5559924058065672
80.0,125.0,2.4,0.351579487373334
80.0,125.0,2.425,0.34054712623958044
80.0,125.0,2.45,0.32988228263827823
80.0,125.0,2.475,0.31953904102351005
80.0,125.0,2.5,0.30947440059880027
80.0,125.0,2.525,0.2996489370792469
80.0,125.0,2.55,0.29002618231156896
80.0,125.0,2.575,0.2805720361022737
80.0,125.0,2.6,0.2712542406174681
80.0,125.0,2.625,0.2620418591902188
80.0,125.0,2.65,0.2529048060725277
80.0,125.0,2.675,0.24381345108713684
80.0,125.0,2.7,0.23473808225635168
80.0,125.0,2.725,0.22564857397727534
80.0,125.0,2.75,0.21651395496286252
80.0,125.0,2.775,0.2073018236598755
80.0,125.0,2.8,0.19797781302173567
80.0,125.0,2.825,0.18850496770885594
80.0,125.0,2.85,0.1788430111623131
80.0,125.0,2.875,0.16894747282979639
80.0,125.0,2.9,0.1587686306844493
80.0,125.0,2.925,0.14825020777243658
80.0,125.0,2.95,0.13732773769747633
80.0,125.0,2.975,0.12592647028196946
80.0,125.0,3.0,0.11395847422554967
80.0,125.0,3.025,0.10132394228739561
80.0,125.0,3.05,0.087895790030974
80.0,125.0,3.075,0.07352865454751069
80.0,125.0,3.1,0.058039603564241475
80.0,125.0,3.125,0.04119508162964402
80.0,125.0,3.15,0.022702690624082738
80.0,125.0,3.175,0.002189597111257768
80.0,125.0,3.2,-0.02083156172793869
80.0,125.0,3.225,-0.047011766900441766
80.0,125.0,3.25,-0.07724087441789775
80.0,125.0,3.275,-0.11276826550400548
80.0,125.0,3.3,-0.15540433038729773
80.0,125.0,3.325,-0.20787311855197582
80.0,125.0,3.35,-0.27446516224661943
80.0,125.0,3.375,-0.3623302838989241
80.0,125.0,3.4,-0.48425777208273024
80.0,125.0,3.425,-0.6652545639496408
80.0,125.0,3.45,-0.9596500581332286
80.0,125.0,3.475,-1.4907847697121601
80.0,125.0,3.5,-2.1182498173797395
80.0,125.0,3.525,1.9870305959871501
80.0,125.0,3.55,2.034482351511702
80.0,125.0,3.575,1.4256008297605223
80.0,125.0,3.6,1.0879744840465626
80.0,125.0,3.625,0.8854012486563925
80.0,125.0,3.65,0.7514736981097807
80.0,125.0,3.675,0.6561236753964687
80.0,125.0,3.7,0.584400135028936
80.0,125.0,3.725,0.5281287915579213
80.0,125.0,3.75,0.48246595842502954
80.0,125.0,3.775,0.444366113832562
80.0,125.0,3.8,0.4118206767844927
80.0,130.0,2.4,0.3347066019011912
80.0,130.0,2.425,0.3241249127402526
80.0,130.0,2.45,0.31382930540487675
80.0,130.0,2.475,0.3037786388891353
80.0,130.0,2.5,0.2939348078392516
80.0,130.0,2.525,0.2842621062689226
80.0,130.0,2.55,0.27472665183305106
80.0,130.0,2.575,0.2652958635169943
80.0,130.0,2.6,0.25593797623669917
80.0,130.0,2.625,0.24662152861211228
80.0,130.0,2.65,0.2373148735282815
80.0,130.0,2.675,0.22798572772473527
80.0,130.0,2.7,0.21860055213766053
80.0,130.0,2.725,0.20912407633737487
80.0,130.0,2.75,0.19951867508652862
80.0,130.0,2.775,0.18974354247665215
80.0,130.0,2.8,0.17975382475206483
80.0,130.0,2.825,0.16949956129057792
80.0,130.0,2.85,0.1589243752751
80.0,130.0,2.875,0.14796382253952164
80.0,130.0,2.9,0.1365431756170873
80.0,130.0,2.925,0.12457382789893356
80.0,130.0,2.95,0.11196050873830894
80.0,130.0,2.975,0.09856959545537211
80.0,130.0,3.0,0.08425572046665743
80.0,130.0,3.025,0.06883743374160803
80.0,130.0,3.05,0.05208574752755646
80.0,130.0,3.075,0.03370606716464775
80.0,130.0,3.1,0.013320750882996068
80.0,130.0,3.125,-0.00956324900215389
80.0,130.0,3.15,-0.03560645539604954
80.0,130.0,3.175,-0.06571618125452704
80.0,130.0,3.2,-0.10117392243806589
80.0,130.0,3.225,-0.14384999755705818
80.0,130.0,3.25,-0.19658347386290057
80.0,130.0,3.275,-0.26389657313563364
80.0,130.0,3.3,-0.3534336270517488
80.0,130.0,3.325,-0.4791331976424225
80.0,130.0,3.35,-0.6689834116821889
80.0,130.0,3.375,-0.986077390822019
80.0,130.0,3.4,-1.5778467653816086
80.0,130.0,3.425,-1.9867189664668627
80.0,130.0,3.45,2.4002238712064052
80.0,130.0,3.475,1.858500095180566
80.0,130.0,3.5,1.31101697051571
80.0,130.0,3.525,1.0132623434462618
80.0,130.0,3.55,0.832384523784335
80.0,130.0,3.575,0.7113108533982891
80.0,130.0,3.6,0.6243222062253242
80.0,130.0,3.625,0.5584197631291256
80.0,130.0,3.65,0.5063516379054184
80.0,130.0,3.675,0.4638312489406695
80.0,130.0,3.7,0.4281652051157622
80.0,130.0,3.725,0.39755984472724537
80.0,130.0,3.75,0.3707730247207825
80.0,130.0,3.775,0.34691614858058195
80.0,130.0,3.8,0.32533464857691247
80.0,135.0,2.4,0.319052050449881
80.0,135.0,2.425,0.3087405048508449
80.0,135.0,2.45,0.2986430570283025
80.0,135.0,2.475,0.2887220169240875
80.0,135.0,2.5,0.27894155887779254
80.0,135.0,2.525,0.26926714477099806
80.0,135.0,2.55,0.2596649780032984
80.0,135.0,2.575,0.2501014792269176
80.0,135.0,2.6,0.2405427638517126
80.0,135.0,2.625,0.2309540468737632
80.0,135.0,2.65,0.22129903189445954
80.0,135.0,2.675,0.2115392918873518
80.0,135.0,2.7,0.20163341596277742
80.0,135.0,2.725,0.19153621413240413
80.0,135.0,2.75,0.18119767020497066
80.0,135.0,2.775,0.17056155767183567
80.0,135.0,2.8,0.15956379652778582
80.0,135.0,2.825,0.1481301069982504
80.0,135.0,2.85,0.13617318789506516
80.0,135.0,2.875,0.12359923651735957
80.0,135.0,2.9,0.11027603448350645
80.0,135.0,2.925,0.09605843778946609
80.0,135.0,2.95,0.08076504873033066
80.0,135.0,2.975,0.06417045420072874
80.0,135.0,3.0,0.04598721234200078
80.0,135.0,3.025,0.025840411611235143
80.0,135.0,3.05,0.0032381323774824987
80.0,135.0,3.075,-0.0224783734254175
80.0,135.0,3.1,-0.052216142713169135
80.0,135.0,3.125,-0.08726128474047325
80.0,135.0,3.15,-0.129500055870268
80.0,135.0,3.175,-0.18181348065639877
80.0,135.0,3.2,-0.24882612755811484
80.0,135.0,3.225,-0.3384377207800614
80.0,135.0,3.25,-0.4652589001220184
80.0,135.0,3.275,-0.6592420464929205
80.0,135.0,3.3,-0.9900968236526685
80.0,135.0,3.325,-1.6276724492195056
80.0,135.0,3.35,-1.7934891418846912
80.0,135.0,3.375,2.4898901676174923
80.0,135.0,3.4,1.7398910556200773
80.0,135.0,3.425,1.2343980572202218
80.0,135.0,3.45,0.9617012653279818
80.0,135.0,3.475,0.7949552938851496
80.0,135.0,3.5,0.6825624796555234
80.0,135.0,3.525,0.601300414305467
80.0,135.0,3.55,0.5394057188784832
80.0,135.0,3.575,0.49034148334857874
80.0,135.0,3.6,0.45016942908993324
80.0,135.0,3.625,0.41635234784493386
80.0,135.0,3.65,0.3872319781518386
80.0,135.0,3.675,0.36167165675634133
80.0,135.0,3.7,0.3388521250576851
80.0,135.0,3.725,0.31816592281731976
80.0,135.0,3.75,0.2991513757005683
80.0,135.0,3.775,0.2814488876948622
80.0,135.0,3.8,0.2647714514873381
80.0,140.0,2.4,0.30415027876253603
80.0,140.0,2.425,0.29395132510018035
80.0,140.0,2.45,0.2838989267400109
80.0,140.0,2.475,0.2739562769762731
80.0,140.0,2.5,0.26408728136378773
80.0,140.0,2.525,0.25425596402911427
80.0,140.0,2.55,0.24442586445951947
80.0,140.0,2.575,0.2345594147189095
80.0,140.0,2.6,0.2246172678686875
80.0,140.0,2.625,0.21455747319711413
80.0,140.0,2.65,0.2043345679923681
80.0,140.0,2.675,0.19389857532246543
80.0,140.0,2.7,0.18319361560066427
80.0,140.0,2.725,0.1721563748125009
80.0,140.0,2.75,0.1607138422170209
80.0,140.0,2.775,0.14877974584870823
80.0,140.0,2.8,0.13626345196920753
80.0,140.0,2.825,0.12303676404207954
80.0,140.0,2.85,0.10895638321600916
80.0,140.0,2.875,0.09384536548386976
80.0,140.0,2.9,0.07748254434400587
80.0,140.0,2.925,0.0595884961059972
80.0,140.0,2.95,0.03980161932082988
80.0,140.0,2.975,0.017642668448520825
80.0,140.0,3.0,-0.007532160498135503
80.0,140.0,3.025,-0.03660860609936635
80.0,140.0,3.05,-0.07084416664720544
80.0,140.0,3.075,-0.11208622861923147
80.0,140.0,3.1,-0.16316445664857765
80.0,140.0,3.125,-0.22863734105763928
80.0,140.0,3.15,-0.31633127040552944
80.0,140.0,3.175,-0.44083071212400043
80.0,140.0,3.2,-0.6324027168891022
80.0,140.0,3.225,-0.9631389177296622
80.0,140.0,3.25,-1.619703312488537
80.0,140.0,3.275,-1.7759668560912585
80.0,140.0,3.3,2.5189776499201564
80.0,140.0,3.325,1.6819486323385289
80.0,140.0,3.35,1.1921026388997202
80.0,140.0,3.375,0.9310801096916429
80.0,140.0,3.4,0.771716041281956
80.0,140.0,3.425,0.6642279235411701
80.0,140.0,3.45,0.5864122649509753
80.0,140.0,3.475,0.5270472239392849
80.0,140.0,3.5,0.4798904116810969
80.0,140.0,3.525,0.44120983192520824
80.0,140.0,3.55,0.40864673909572446
80.0,140.0,3.575,0.38060074537813104
80.0,140.0,3.6,0.3559426284310181
80.0,140.0,3.625,0.33389359482502023
80.0,140.0,3.65,0.3138839027060811
80.0,140.0,3.675,0.29547719053159927
80.0,140.0,3.7,0.27833195533442884
80.0,140.0,3.725,0.26217513364418077
80.0,140.0,3.75,0.2467831624680847
80.0,140.0,3.775,0.23196832856479702
80.0,140.0,3.8,0.21756895608354263
80.0,145.0,2.4,0.28961008080260836
80.0,145.0,2.425,0.27937476858962956
80.0,145.0,2.45,0.2692168731394453
80.0,145.0,2.475,0.2590977600846211
80.0,145.0,2.5,0.24897816779030166
80.0,145.0,2.525,0.23881748503564268
80.0,145.0,2.55,0.2285729590166454
80.0,145.0,2.575,0.2181988170239271
80.0,145.0,2.6,0.20764524858951502
80.0,145.0,2.625,0.19685706088621957
80.0,145.0,2.65,0.18577209229203126
80.0,145.0,2.675,0.17431923963913004
80.0,145.0,2.7,0.16241512344212947
80.0,145.0,2.725,0.14996641231151972
80.0,145.0,2.75,0.13686081246574558
80.0,145.0,2.775,0.122953005751031
80.0,145.0,2.8,0.10807447250752018
80.0,145.0,2.825,0.09201340468468375
80.0,145.0,2.85,0.0745016057726205
80.0,145.0,2.875,0.05519430584713302
80.0,145.0,2.9,0.033637735771378845
80.0,145.0,2.925,0.009219569038807295
80.0,145.0,2.95,-0.01890333089826383
80.0,145.0,2.975,-0.05192407843857589
80.0,145.0,3.0,-0.09159394535678256
80.0,145.0,3.025,-0.14059116081319697
80.0,145.0,3.05,-0.2032246935030405
80.0,145.0,3.075,-0.2868834328550813
80.0,145.0,3.1,-0.40532664314306127
80.0,145.0,3.125,-0.5871432902481702
80.0,145.0,3.15,-0.9010564657161391
80.0,145.0,3.175,-1.5365087114591234
80.0,145.0,3.2,-2.055015554083674
80.0,145.0,3.225,2.5894603525622006
80.0,145.0,3.25,1.6884308264644612
80.0,145.0,3.275,1.1832256661654805
80.0,145.0,3.3,0.920524305818736
80.0,145.0,3.325,0.7620095723268754
80.0,145.0,3.35,0.6557900017476547
80.0,145.0,3.375,0.5791962932111295
80.0,145.0,3.4,0.5209101214421857
80.0,145.0,3.425,0.47468394945690057
80.0,145.0,3.45,0.43679602265968365
80.0,145.0,3.475,0.404895658760581
80.0,145.0,3.5,0.37743468730678426
80.0,145.0,3.525,0.35334672356859426
80.0,145.0,3.55,0.33182767930197027
80.0,145.0,3.575,0.31229148013089153
80.0,145.0,3.6,0.2943192236801493
80.0,145.0,3.625,0.27758444834912166
80.0,145.0,3.65,0.2618240591375229
80.0,145.0,3.675,0.24682250545554762
80.0,145.0,3.7,0.23239529973386613
80.0,145.0,3.725,0.21839375209725714
80.0,145.0,3.75,0.20467545274322668
80.0,145.0,3.775,0.19111596791604682
80.0,145.0,3.8,0.17759758081059632
80.0,150.0,2.4,0.2750746534705703
80.0,150.0,2.425,0.26464826499282584
80.0,150.0,2.45,0.25422197193295765
80.0,150.0,2.475,0.24375190709509845
80.0,150.0,2.5,0.23319173403303428
80.0,150.0,2.525,0.2224916069280674
80.0,150.0,2.55,0.21159694631432913
80.0,150.0,2.575,0.2004470012181286
80.0,150.0,2.6,0.18897306365213315
80.0,150.0,2.625,0.17709575610165776
80.0,150.0,2.65,0.16472166394857815
80.0,150.0,2.675,0.1517468170152569
80.0,150.0,2.7,0.13803762649720305
80.0,150.0,2.725,0.12342990251829758
80.0,150.0,2.75,0.10772556949816228
80.0,150.0,2.775,0.09067341888170749
80.0,150.0,2.8,0.07195072404729141
80.0,150.0,2.825,0.05113546870906359
80.0,150.0,2.85,0.027661818738595967
80.0,150.0,2.875,0.0007518200980881603
80.0,150.0,2.9,-0.030693321917915586
80.0,150.0,2.925,-0.06827654378874541
80.0,150.0,2.95,-0.11443559080645138
80.0,150.0,2.975,-0.17306667988951438
80.0,150.0,3.0,-0.2507976127525585
80.0,150.0,3.025,-0.3598504169446292
80.0,150.0,3.05,-0.5253310960075606
80.0,150.0,3.075,-0.8070188269582651
80.0,150.0,3.1,-1.375290983576787
80.0,150.0,3.125,-2.351929122780642
80.0,150.0,3.15,2.6853540040474044
80.0,150.0,3.175,1.773600428123552
80.0,150.0,3.2,1.2111561489021319
80.0,150.0,3.225,0.9310043000362647
80.0,150.0,3.25,0.7660965855618213
80.0,150.0,3.275,0.6572551075279768
80.0,150.0,3.3,0.5795536670963443
80.0,150.0,3.325,0.5208388173362793
80.0,150.0,3.35,0.47451199524205834
80.0,150.0,3.375,0.4366893338321678
80.0,150.0,3.4,0.40493716541623437
80.0,150.0,3.425,0.3776534912664683
80.0,150.0,3.45,0.3537460586317247
80.0,150.0,3.475,0.33245349273081526
80.0,150.0,3.5,0.31319299979109194
80.0,150.0,3.525,0.29549545906966057
80.0,150.0,3.55,0.2790298325017585
80.0,150.0,3.575,0.2635404350947921
80.0,150.0,3.6,0.24881974196176135
80.0,150.0,3.625,0.23469184082585545
80.0,150.0,3.65,0.22100327476638681
80.0,150.0,3.675,0.20762110601198464
80.0,150.0,3.7,0.19442496093560116
80.0,150.0,3.725,0.18130256373159587
80.0,150.0,3.75,0.16814600073024571
80.0,150.0,3.775,0.15484792762027735
80.0,150.0,3.8,0.1412982519335233
80.0,155.0,2.4,0.2601864584135482
80.0,155.0,2.425,0.2493929963462761
80.0,155.0,2.45,0.23850559350332778
80.0,155.0,2.475,0.22747019427875187
80.0,155.0,2.5,0.21622736483010524
80.0,155.0,2.525,0.20471053832269553
80.0,155.0,2.55,0.19284380107163576
80.0,155.0,2.575,0.18053939913262793
80.0,155.0,2.6,0.16769523696198724
80.0,155.0,2.625,0.15419126740348565
80.0,155.0,2.65,0.13987661005229546
80.0,155.0,2.675,0.12456443666666091
80.0,155.0,2.7,0.10802435597254909
80.0,155.0,2.725,0.08996154832516713
80.0,155.0,2.75,0.06999206552830517
80.0,155.0,2.775,0.04760440792451501
80.0,155.0,2.8,0.022102170341444256
80.0,155.0,2.825,-0.007494484277178353
80.0,155.0,2.85,-0.04260348776316994
80.0,155.0,2.875,-0.08535941111428087
80.0,155.0,2.9,-0.139133886534785
80.0,155.0,2.925,-0.2095793261672247
80.0,155.0,2.95,-0.30692749119469276
80.0,155.0,2.975,-0.4516987323058851
80.0,155.0,3.0,-0.6913321767629353
80.0,155.0,3.025,-1.159222403172472
80.0,155.0,3.05,-2.226724283429317
80.0,155.0,3.075,2.3108413894143296
80.0,155.0,3.1,1.9751828936036075
80.0,155.0,3.125,1.2865513586447503
80.0,155.0,3.15,0.9662698947493242
80.0,155.0,3.175,0.7855490200184945
80.0,155.0,3.2,0.6693433860477059
80.0,155.0,3.225,0.587817442102841
80.0,155.0,3.25,0.5269702622769492
80.0,155.0,3.275,0.479401416862145
80.0,155.0,3.3,0.44084057393628195
80.0,155.0,3.325,0.4086523194493687
80.0,155.0,3.35,0.3811213040483855
80.0,155.0,3.375,0.35708209137065366
80.0,155.0,3.4,0.33571778599349095
80.0,155.0,3.425,0.31645009867819895
80.0,155.0,3.45,0.2988432068967932
80.0,155.0,3.475,0.28250665496922356
80.0,155.0,3.5,0.2671739790023268
80.0,155.0,3.525,0.2526283013916116
80.0,155.0,3.55,0.23869944149956346
80.0,155.0,3.575,0.22523831968576785
80.0,155.0,3.6,0.21211399978284537
80.0,155.0,3.625,0.19920911922651438
80.0,155.0,3.65,0.18641534877886656
80.0,155.0,3.675,0.1736297708385464
80.0,155.0,3.7,0.16075139809644773
80.0,155.0,3.725,0.14767793925845402
80.0,155.0,3.75,0.13430250271377142
80.0,155.0,3.775,0.12050996146435348
80.0,155.0,3.8,0.10617296729165425
80.0,160.0,2.4,0.2445514790397402
80.0,160.0,2.425,0.23317366399535724
80.0,160.0,2.45,0.22157850477203198
80.0,160.0,2.475,0.20969367650699441
80.0,160.0,2.5,0.19743626795744326
80.0,160.0,2.525,0.18470940381790887
80.0,160.0,2.55,0.17140082460830716
80.0,160.0,2.575,0.15737790295098242
80.0,160.0,2.6,0.14246899374166666
80.0,160.0,2.625,0.12646439379298086
80.0,160.0,2.65,0.10909992705250264
80.0,160.0,2.675,0.09003451287589492
80.0,160.0,2.7,0.06881564877024898
80.0,160.0,2.725,0.0448355834932326
80.0,160.0,2.75,0.01724702823258702
80.0,160.0,2.775,-0.015164257849272772
80.0,160.0,2.8,-0.05420151050138926
80.0,160.0,2.825,-0.10266624473773625
80.0,160.0,2.85,-0.16516080937317534
80.0,160.0,2.875,-0.24980227083949041
80.0,160.0,2.9,-0.37231894856726466
80.0,160.0,2.925,-0.5674235765989695
80.0,160.0,2.95,-0.9274906716313411
80.0,160.0,2.975,-1.7606182792017493
80.0,160.0,3.0,-0.7925487410746088
80.0,160.0,3.025,2.381334255566519
80.0,160.0,3.05,1.4350805696603468
80.0,160.0,3.075,1.0349768312904621
80.0,160.0,3.1,0.8240266090419969
80.0,160.0,3.125,0.6938371120440057
80.0,160.0,3.15,0.6049321385618011
80.0,160.0,3.175,0.5398271046673018
80.0,160.0,3.2,0.48964254758278664
80.0,160.0,3.225,0.44940232142352754
80.0,160.0,3.25,0.41610335796103465
80.0,160.0,3.275,0.38782535177728006
80.0,160.0,3.3,0.36328162769013517
80.0,160.0,3.325,0.3415762813837951
80.0,160.0,3.35,0.32206733124194803
80.0,160.0,3.375,0.30429051395148643
80.0,160.0,3.4,0.28791035048771607
80.0,160.0,3.425,0.2726058335715659
80.0,160.0,3.45,0.2581265249590516
80.0,160.0,3.475,0.24429794272714112
80.0,160.0,3.5,0.23097413943331185
80.0,160.0,3.525,0.21802559257987034
80.0,160.0,3.55,0.20533613347809088
80.0,160.0,3.575,0.19279962012617385
80.0,160.0,3.6,0.18031642700492193
80.0,160.0,3.625,0.1677902006904192
80.0,160.0,3.65,0.15512480564487757
80.0,160.0,3.675,0.1422213103050101
80.0,160.0,3.7,0.12897482297247875
80.0,160.0,3.725,0.1152709396109571
80.0,160.0,3.75,0.10098151856908949
80.0,160.0,3.775,0.0859604993081813
80.0,160.0,3.8,0.0700397507915184
80.0,165.0,2.4,0.22769512228374125
80.0,165.0,2.425,0.21544477946337454
80.0,165.0,2.45,0.20280351972226726
80.0,165.0,2.475,0.18966617370397498
80.0,165.0,2.5,0.17590827152973526
80.0,165.0,2.525,0.1613854523814377
80.0,165.0,2.55,0.1459091537061137
80.0,165.0,2.575,0.1292430168349178
80.0,165.0,2.6,0.11108990797081984
80.0,165.0,2.625,0.09105962793297737
80.0,165.0,2.65,0.06863270848591631
80.0,165.0,2.675,0.043094968034254603
80.0,165.0,2.7,0.01343676595849753
80.0,165.0,2.725,-0.021817982066875425
80.0,165.0,2.75,-0.06491659756488595
80.0,165.0,2.775,-0.11946077328419376
80.0,165.0,2.8,-0.19160605386496093
80.0,165.0,2.825,-0.2927930468423283
80.0,165.0,2.85,-0.44686375991243593
80.0,165.0,2.875,-0.7123828466875992
80.0,165.0,2.9,-1.272712657593973
80.0,165.0,2.925,-2.6446376281218558
80.0,165.0,2.95,3.0442855932757866
80.0,165.0,2.975,1.720749282952445
80.0,165.0,3.0,1.1561388470835317
80.0,165.0,3.025,0.8890212318686755
80.0,165.0,3.05,0.7342823726171014
80.0,165.0,3.075,0.6327845499408806
80.0,165.0,3.1,0.560492556812256
80.0,165.0,3.125,0.5058877020709098
80.0,165.0,3.15,0.46277732840444125
80.0,165.0,3.175,0.4275392005476629
80.0,165.0,3.2,0.3979131352851927
80.0,165.0,3.225,0.37241449531529186
80.0,165.0,3.25,0.350026058937166
80.0,165.0,3.275,0.3300239600720476
80.0,165.0,3.3,0.31188669290729143
80.0,165.0,3.325,0.29522445014805826
80.0,165.0,3.35,0.2797579180421504
80.0,165.0,3.375,0.26522845031372727
80.0,165.0,3.4,0.25140207317759716
80.0,165.0,3.425,0.23812234895629006
80.0,165.0,3.45,0.22526282186748942
80.0,165.0,3.475,0.21270849943279088
80.0,165.0,3.5,0.20035400925218924
80.0,165.0,3.525,0.18810134251063276
80.0,165.0,3.55,0.17585703341269512
80.0,165.0,3.575,0.16352930564218443
80.0,165.0,3.6,0.15102525812115147
80.0,165.0,3.625,0.13824798671352087
80.0,165.0,3.65,0.12509347544760385
80.0,165.0,3.675,0.11144704337748024
80.0,165.0,3.7,0.09717905772898229
80.0,165.0,3.725,0.08213957484223587
80.0,165.0,3.75,0.06615245705562846
80.0,165.0,3.775,0.04900713078188734
80.0,165.0,3.8,0.030443099508651778
80.0,170.0,2.4,0.20899847148686743
80.0,170.0,2.425,0.19546791071001862
80.0,170.0,2.45,0.1812858690098968
80.0,170.0,2.475,0.1662924150272306
80.0,170.0,2.5,0.15028849099603475
80.0,170.0,2.525,0.13301144452239766
80.0,170.0,2.55,0.11413026901189596
80.0,170.0,2.575,0.09320977750812294
80.0,170.0,2.6,0.06966095097569898
80.0,170.0,2.625,0.04266500911899259
80.0,170.0,2.65,0.011045179808664037
80.0,170.0,2.675,-0.02695138742020738
80.0,170.0,2.7,-0.07405544860204401
80.0,170.0,2.725,-0.13477459555240884
80.0,170.0,2.75,-0.21711431171777748
80.0,170.0,2.775,-0.33675179001836997
80.0,170.0,2.8,-0.5289119073230412
80.0,170.0,2.825,-0.8907869416627935
80.0,170.0,2.85,-1.7837274619201318
80.0,170.0,2.875,-0.417827688893718
80.0,170.0,2.9,2.326144852005433
80.0,170.0,2.925,1.375313521155029
80.0,170.0,2.95,0.9962255207166664
80.0,170.0,2.975,0.7975520866522325
80.0,170.0,3.0,0.6748786098427288
80.0,170.0,3.025,0.590942288524987
80.0,170.0,3.05,0.5293305911968189
80.0,170.0,3.075,0.4817220785491762
80.0,170.0,3.1,0.44345457340442745
80.0,170.0,3.125,0.41171376773763135
80.0,170.0,3.15,0.3846992484223517
80.0,170.0,3.175,0.36120379931398006
80.0,170.0,3.2,0.3403811419124833
80.0,170.0,3.225,0.32164205985607763
80.0,170.0,3.25,0.3045211245310471
80.0,170.0,3.275,0.2886893791933738
80.0,170.0,3.3,0.2739057859663019
80.0,170.0,3.325,0.259958763417908
80.0,170.0,3.35,0.24662990868730497
80.0,170.0,3.375,0.23376951255571812
80.0,170.0,3.4,0.22126490191898257
80.0,170.0,3.425,0.2090121864749395
80.0,170.0,3.45,0.19691398557646045
80.0,170.0,3.475,0.18487816994300205
80.0,170.0,3.5,0.17281560748734295
80.0,170.0,3.525,0.16063760885681738
80.0,170.0,3.55,0.14825327161392718
80.0,170.0,3.575,0.13556666801157002
80.0,170.0,3.6,0.12247372633038232
80.0,170.0,3.625,0.10885859695322914
80.0,170.0,3.65,0.0945892224652454
80.0,170.0,3.675,0.07951171161273794
80.0,170.0,3.7,0.06344297067369178
80.0,170.0,3.725,0.04616155596788028
80.0,170.0,3.75,0.027395128942612732
80.0,170.0,3.775,0.006799646973618343
80.0,170.0,3.8,-0.01606581896708347
80.0,175.0,2.4,0.18759475722123117
80.0,175.0,2.425,0.17217258622162535
80.0,175.0,2.45,0.15569136210114737
80.0,175.0,2.475,0.13787204138964984
80.0,175.0,2.5,0.11834870071421752
80.0,175.0,2.525,0.09664537681179147
80.0,175.0,2.55,0.07210953678128162
80.0,175.0,2.575,0.04382414266086047
80.0,175.0,2.6,0.010451820178674522
80.0,175.0,2.625,-0.030031955734012936
80.0,175.0,2.65,-0.08084690411625499
80.0,175.0,2.675,-0.14745220981866064
80.0,175.0,2.7,-0.23989419505273413
80.0,175.0,2.725,-0.37884844161646786
80.0,175.0,2.75,-0.6143541126765328
80.0,175.0,2.775,-1.102227320951925
80.0,175.0,2.8,-2.497907887925441
80.0,175.0,2.825,3.3866132626365344
80.0,175.0,2.85,1.8246909150190134
80.0,175.0,2.875,1.1822873465605392
80.0,175.0,2.9,0.8977255392127833
80.0,175.0,2.925,0.7378372424635606
80.0,175.0,2.95,0.6347275344362776
80.0,175.0,2.975,0.5620541425739475
80.0,175.0,3.0,0.507539023619929
80.0,175.0,3.025,0.46470274808805007
80.0,175.0,3.05,0.42980550499652204
80.0,175.0,3.075,0.40053709863399845
80.0,175.0,3.1,0.37539116539851414
80.0,175.0,3.125,0.35334202204865234
80.0,175.0,3.15,0.33367550466365625
80.0,175.0,3.175,0.31585353986184567
80.0,175.0,3.2,0.29948498766183423
80.0,175.0,3.225,0.284270903658605
80.0,175.0,3.25,0.2699926932013341
80.0,175.0,3.275,0.2564755594167488
80.0,175.0,3.3,0.24352209928589977
80.0,175.0,3.325,0.23097938549828886
80.0,175.0,3.35,0.21874300456626986
80.0,175.0,3.375,0.2067178278304661
80.0,175.0,3.4,0.1948125758671343
80.0,175.0,3.425,0.18293937893304282
80.0,175.0,3.45,0.17101208367872767
80.0,175.0,3.475,0.1589439562677308
80.0,175.0,3.5,0.14664513401662047
80.0,175.0,3.525,0.13401982987277397
80.0,175.0,3.55,0.1209631552198791
80.0,175.0,3.575,0.10735734862310316
80.0,175.0,3.6,0.09306711650758158
80.0,175.0,3.625,0.07793367319504145
80.0,175.0,3.65,0.061766871434672216
80.0,175.0,3.675,0.0443344903852016
80.0,175.0,3.7,0.025347782104581607
80.0,175.0,3.725,0.004441838679485169
80.0,175.0,3.75,-0.01885582364954768
80.0,175.0,3.775,-0.04516979198607225
80.0,175.0,3.8,-0.07534397430511201
80.0,180.0,2.4,0.16219117556655369
80.0,180.0,2.425,0.14391015881776337
80.0,180.0,2.45,0.12385257476474439
80.0,180.0,2.475,0.10150462147840303
80.0,180.0,2.5,0.07616105226205724
80.0,180.0,2.525,0.046820951764800826
80.0,180.0,2.55,0.012006418530277455
80.0,180.0,2.575,-0.03054987629156704
80.0,180.0,2.6,-0.0845164735995005
80.0,180.0,2.625,-0.15625719738502786
80.0,180.0,2.65,-0.25784927276021685
80.0,180.0,2.675,-0.4152702393944903
80.0,180.0,2.7,-0.6958631036532497
80.0,180.0,2.725,-1.3356043857847129
80.0,180.0,2.75,-3.1577573344981507
80.0,180.0,2.775,2.989675443741709
80.0,180.0,2.8,1.5521199838689
80.0,180.0,2.825,1.0673767407474464
80.0,180.0,2.85,0.8351372951586155
80.0,180.0,2.875,0.6985021786838598
80.0,180.0,2.9,0.6077515781821968
80.0,180.0,2.925,0.5424538078830187
80.0,180.0,2.95,0.4927082516527471
80.0,180.0,2.975,0.4531424437144055
80.0,180.0,3.0,0.4205896622291682
80.0,180.0,3.025,0.39306006123233883
80.0,180.0,3.05,0.36923777512873646
80.0,180.0,3.075,0.348236208351266
80.0,180.0,3.1,0.3293920545344098
80.0,180.0,3.125,0.31223777897516897
80.0,180.0,3.15,0.2964164360446951
80.0,180.0,3.175,0.28165369713662114
80.0,180.0,3.2,0.26774343094329994
80.0,180.0,3.225,0.25453284167613127
80.0,180.0,3.25,0.24185432732087025
80.0,180.0,3.275,0.2295477573401665
80.0,180.0,3.3,0.2175095438478122
80.0,180.0,3.325,0.20565144434905297
80.0,180.0,3.35,0.19388707475303535
80.0,180.0,3.375,0.18213168862058557
80.0,180.0,3.4,0.1703011055436069
80.0,180.0,3.425,0.158309681143179
80.0,180.0,3.45,0.1460678417780242
80.0,180.0,3.475,0.1334792721771351
80.0,180.0,3.5,0.12043764285657917
80.0,180.0,3.525,0.10682265891588655
80.0,180.0,3.55,0.09249511309897464
80.0,180.0,3.575,0.07729049167408929
80.0,180.0,3.6,0.06101047533410174
80.0,180.0,3.625,0.04341133771041749
80.0,180.0,3.65,0.02418763294925446
80.0,180.0,3.675,0.0029488612603315997
80.0,180.0,3.7,-0.020813306588778925
80.0,180.0,3.725,-0.047776477958888064
80.0,180.0,3.75,-0.0788681467153934
80.0,180.0,3.775,-0.11539272804310217
80.0,180.0,3.8,-0.15924533684145514
90.0,0.0,2.4,0.2966348672506669
90.0,0.0,2.425,0.29072875655676716
90.0,0.0,2.45,0.2848987064092948
90.0,0.0,2.475,0.27913891977195465
90.0,0.0,2.5,0.27344269245683217
90.0,0.0,2.525,0.2678026242498875
90.0,0.0,2.55,0.26221134697368226
90.0,0.0,2.575,0.25666222142020345
90.0,0.0,2.6,0.2511495824519263
90.0,0.0,2.625,0.24566858951350398
90.0,0.0,2.65,0.24021473609615668
90.0,0.0,2.675,0.23478368076471817
90.0,0.0,2.7,0.22937090242303704
90.0,0.0,2.725,0.2239712343024251
90.0,0.0,2.75,0.21857970659813922
90.0,0.0,2.775,0.2131912341872755
90.0,0.0,2.8,0.20780052530547288
90.0,0.0,2.825,0.20240209955827884
90.0,0.0,2.85,0.19699028464515697
90.0,0.0,2.875,0.19155919928013979
90.0,0.0,2.9,0.18610272788134227
90.0,0.0,2.925,0.18061448872979824
90.0,0.0,2.95,0.17508779619837814
90.0,0.0,2.975,0.16951561719069358
90.0,0.0,3.0,0.16389052170378696
90.0,0.0,3.025,0.15820462730482962
90.0,0.0,3.05,0.15244953723169444
90.0,0.0,3.075,0.14661627175997685
90.0,0.0,3.1,0.1406951923852033
90.0,0.0,3.125,0.1346759181030728
90.0,0.0,3.15,0.1285472329676169
90.0,0.0,3.175,0.12229698368821618
90.0,0.0,3.2,0.11591196553512795
90.0,0.0,3.225,0.10937779423641747
90.0,0.0,3.25,0.10267876083525955
90.0,0.0,3.275,0.09579766565234074
90.0,0.0,3.3,0.08871562656460877
90.0,0.0,3.325,0.08141185575407395
90.0,0.0,3.35,0.07386339786338399
90.0,0.0,3.375,0.06604482105547414
90.0,0.0,3.4,0.05792785071850657
90.0,0.0,3.425,0.04948093335754484
90.0,0.0,3.45,0.04066871540881166
90.0,0.0,3.475,0.031451418091157896
90.0,0.0,3.5,0.021784084673522833
90.0,0.0,3.525,0.011615670014074224
90.0,0.0,3.55,0.0008879313349690269
90.0,0.0,3.575,-0.010465948138453082
90.0,0.0,3.6,-0.022523154510790414
90.0,0.0,3.625,-0.035373662430464976
90.0,0.0,3.65,-0.04912258296627216
90.0,0.0,3.675,-0.06389210859391586
90.0,0.0,3.7,-0.07982658376864944
90.0,0.0,3.725,-0.09709876067573966
90.0,0.0,3.75,-0.1159161843426347
90.0,0.0,3.775,-0.13652979856948635
90.0,0.0,3.8,-0.15924533575559016
90.0,5.0,2.4,0.28386244690257795
90.0,5.0,2.425,0.2778839833505825
90.0,5.0,2.45,0.27196422821098154
90.0,5.0,2.475,0.2660980766235732
90.0,5.0,2.5,0.26028031448953476
90.0,5.0,2.525,0.2545056128035392
90.0,5.0,2.55,0.24876853952878641
90.0,5.0,2.575,0.24306358691041055
90.0,5.0,2.6,0.23738524369123923
90.0,5.0,2.625,0.23172796087056388
90.0,5.0,2.65,0.22608603337926328
90.0,5.0,2.675,0.22045370167101985
90.0,5.0,2.7,0.21482504042149778
90.0,5.0,2.725,0.20919395629853946
90.0,5.0,2.75,0.20355432621242073
90.0,5.0,2.775,0.19789983578927606
90.0,5.0,2.8,0.19222393030340731
90.0,5.0,2.825,0.1865195853224567
90.0,5.0,2.85,0.18078001058152893
90.0,5.0,2.875,0.17499836717714282
90.0,5.0,2.9,0.1691662224599539
90.0,5.0,2.925,0.16327549461393218
90.0,5.0,2.95,0.1573175539196187
90.0,5.0,2.975,0.15128318967177212
90.0,5.0,3.0,0.145162547303016
90.0,5.0,3.025,0.13894504320402543
90.0,5.0,3.05,0.13261926511160618
90.0,5.0,3.075,0.12617285872326572
90.0,5.0,3.1,0.1195923994701679
90.0,5.0,3.125,0.11286324758029358
90.0,5.0,3.15,0.10596938391878416
90.0,5.0,3.175,0.09889322348847732
90.0,5.0,3.2,0.09161540238724106
90.0,5.0,3.225,0.08411453282374935
90.0,5.0,3.25,0.07636691927976194
90.0,5.0,3.275,0.06834622704610673
90.0,5.0,3.3,0.06002309209101367
90.0,5.0,3.325,0.051364658442492855
90.0,5.0,3.35,0.042334025824798865
90.0,5.0,3.375,0.03288958595922625
90.0,5.0,3.4,0.022984220401992078
90.0,5.0,3.425,0.012564325619579736
90.0,5.0,3.45,0.0015686216131046264
90.0,5.0,3.475,-0.010073312074823372
90.0,5.0,3.5,-0.02244284665395173
90.0,5.0,3.525,-0.03563456441988172
90.0,5.0,3.55,-0.04975914952917274
90.0,5.0,3.575,-0.06494730223981567
90.0,5.0,3.6,-0.08135504306190483
90.0,5.0,3.625,-0.09916883557790544
90.0,5.0,3.65,-0.11861134917564568
90.0,5.0,3.675,-0.13995364447593736
90.0,5.0,3.7,-0.16353016801468298
90.0,5.0,3.725,-0.18975683297423068
90.0,5.0,3.75,-0.219156438330112
90.0,5.0,3.775,-0.2523953428030956
90.0,5.0,3.8,-0.29032797635847746
90.0,10.0,2.4,0.2708517320114749
90.0,10.0,2.425,0.26474606274920537
90.0,10.0,2.45,0.25868826747783075
90.0,10.0,2.475,0.2526722396295786
90.0,10.0,2.5,0.246691788690172
90.0,10.0,2.525,0.2407406285419609
90.0,10.0,2.55,0.23481240500726788
90.0,10.0,2.575,0.22890071608850862
90.0,10.0,2.6,0.22299915427305383
90.0,10.0,2.625,0.21710118116428162
90.0,10.0,2.65,0.21120001376915193
90.0,10.0,2.675,0.20528872662700726
90.0,10.0,2.7,0.1993601831746957
90.0,10.0,2.725,0.19340701217134998
90.0,10.0,2.75,0.18742160300829208
90.0,10.0,2.775,0.18139600925475893
90.0,10.0,2.8,0.1753219039929968
90.0,10.0,2.825,0.16919052888818983
90.0,10.0,2.85,0.16299263275120732
90.0,10.0,2.875,0.15671840121447447
90.0,10.0,2.9,0.15035737691777926
90.0,10.0,2.925,0.14389836848357712
90.0,10.0,2.95,0.13732934612692782
90.0,10.0,2.975,0.13063731951741445
90.0,10.0,3.0,0.12380818016520469
90.0,10.0,3.025,0.11682639599224788
90.0,10.0,3.05,0.10967404139601929
90.0,10.0,3.075,0.1023325831989789
90.0,10.0,3.1,0.09478565379612347
90.0,10.0,3.125,0.0870086191302522
90.0,10.0,3.15,0.07897569661328113
90.0,10.0,3.175,0.0706589849536041
90.0,10.0,3.2,0.06202725168774137
90.0,10.0,3.225,0.05304535463435378
90.0,10.0,3.25,0.04367361619905312
90.0,10.0,3.275,0.033867067656189555
90.0,10.0,3.3,0.023574530492628285
90.0,10.0,3.325,0.012737494789014057
90.0,10.0,3.35,0.001288741355131563
90.0,10.0,3.375,-0.010849362713367857
90.0,10.0,3.4,-0.023766987852766798
90.0,10.0,3.425,-0.03756950839502581
90.0,10.0,3.45,-0.05238087716491675
90.0,10.0,3.475,-0.06834793965869958
90.0,10.0,3.5,-0.08564604973918455
90.0,10.0,3.525,-0.10448668426699628
90.0,10.0,3.55,-0.1251282431244061
90.0,10.0,3.575,-0.14788944288865796
90.0,10.0,3.6,-0.1731629870763993
90.0,10.0,3.625,-0.2014394231498501
90.0,10.0,3.65,-0.23334518050113376
90.0,10.0,3.675,-0.26969126102727303
90.0,10.0,3.7,-0.3115428136828022
90.0,10.0,3.725,-0.3603233063767632
90.0,10.0,3.75,-0.4179723243568365
90.0,10.0,3.775,-0.487188197261092
90.0,10.0,3.8,-0.5718048208357247
90.0,15.0,2.4,0.2573617672209932
90.0,15.0,2.425,0.2510722809650618
90.0,15.0,2.45,0.24481470817238443
90.0,15.0,2.475,0.23858188610105086
90.0,15.0,2.5,0.2323665790133458
90.0,15.0,2.525,0.22616143949403858
90.0,15.0,2.55,0.21995897509516169
90.0,15.0,2.575,0.21375157359407643
90.0,15.0,2.6,0.2075315509021659
90.0,15.0,2.625,0.20129087136185447
90.0,15.0,2.65,0.19502102306566108
90.0,15.0,2.675,0.1887131935502608
90.0,15.0,2.7,0.18235817989953898
90.0,15.0,2.725,0.17594625926273708
90.0,15.0,2.75,0.16946694086411676
90.0,15.0,2.775,0.16290844365197255
90.0,15.0,2.8,0.15625913702949468
90.0,15.0,2.825,0.14951141008955712
90.0,15.0,2.85,0.1426512716362915
90.0,15.0,2.875,0.13566214983638006
90.0,15.0,2.9,0.12852842898610925
90.0,15.0,2.925,0.12123348037546076
90.0,15.0,2.95,0.11375906652287618
90.0,15.0,2.975,0.10608509541376335
90.0,15.0,3.0,0.09818936020324211
90.0,15.0,3.025,0.09004722226374766
90.0,15.0,3.05,0.08163122925931923
90.0,15.0,3.075,0.07291065871351932
90.0,15.0,3.1,0.06385097333847883
90.0,15.0,3.125,0.05441316963323815
90.0,15.0,3.15,0.04455299542197038
90.0,15.0,3.175,0.03422000499780587
90.0,15.0,3.2,0.023356410654275937
90.0,15.0,3.225,0.011895676409280185
90.0,15.0,3.25,-0.00023921781875402626
90.0,15.0,3.275,-0.013137937234949805
90.0,15.0,3.3,-0.026905506886674292
90.0,15.0,3.325,-0.04166575414678605
90.0,15.0,3.35,-0.05756571707583405
90.0,15.0,3.375,-0.0747813483654823
90.0,15.0,3.4,-0.09352497995666757
90.0,15.0,3.425,-0.114055230078711
90.0,15.0,3.45,-0.13669044350235166
90.0,15.0,3.475,-0.1618276405121834
90.0,15.0,3.5,-0.18997004093624054
90.0,15.0,3.525,-0.22176324831180608
90.0,15.0,3.55,-0.2580389044011111
90.0,15.0,3.575,-0.29988861777116704
90.0,15.0,3.6,-0.348784623222596
90.0,15.0,3.625,-0.4067540177567739
90.0,15.0,3.65,-0.47664918420331903
90.0,15.0,3.675,-0.5625842466824676
90.0,15.0,3.7,-0.670644815274328
90.0,15.0,3.725,-0.8100155329323219
90.0,15.0,3.75,-0.9945211349347314
90.0,15.0,3.775,-1.2430114529507115
90.0,15.0,3.8,-1.5657844630749733
90.0,20.0,2.4,0.24303697818145018
90.0,20.0,2.425,0.23647913524286182
90.0,20.0,2.45,0.22993102821820544
90.0,20.0,2.475,0.2233840884776763
90.0,20.0,2.5,0.21682949433135715
90.0,20.0,2.525,0.21025809590202293
90.0,20.0,2.55,0.20366039130621638
90.0,20.0,2.575,0.19702675414710139
90.0,20.0,2.6,0.1903473158403391
90.0,20.0,2.625,0.18361072990127703
90.0,20.0,2.65,0.1768047636446301
90.0,20.0,2.675,0.16991944009816828
90.0,20.0,2.7,0.16294402753647014
90.0,20.0,2.725,0.15586261565912216
90.0,20.0,2.75,0.14865930546081985
90.0,20.0,2.775,0.1413180901259935
90.0,20.0,2.8,0.13382171628429407
90.0,20.0,2.825,0.1261513061445158
90.0,20.0,2.85,0.11828612089221419
90.0,20.0,2.875,0.11020329530921844
90.0,20.0,2.9,0.10187751610217025
90.0,20.0,2.925,0.09328063380024915
90.0,20.0,2.95,0.08438119622306976
90.0,20.0,2.975,0.07514388722900683
90.0,20.0,3.0,0.06552884937483754
90.0,20.0,3.025,0.05549086291742531
90.0,20.0,3.05,0.044978345640943086
90.0,20.0,3.075,0.03393212751968042
90.0,20.0,3.1,0.022283940110108577
90.0,20.0,3.125,0.009954541022410777
90.0,20.0,3.15,-0.0031486324110461235
90.0,20.0,3.175,-0.01713442359790558
90.0,20.0,3.2,-0.03213172719370212
90.0,20.0,3.225,-0.048294340599782715
90.0,20.0,3.25,-0.06580727593073492
90.0,20.0,3.275,-0.0848950711594617
90.0,20.0,3.3,-0.10583287704265425
90.0,20.0,3.325,-0.12896146138970702
90.0,20.0,3.35,-0.1547078584478791
90.0,20.0,3.375,-0.18361441496372213
90.0,20.0,3.4,-0.21638096940445617
90.0,20.0,3.425,-0.2539284362582182
90.0,20.0,3.45,-0.2974934865398697
90.0,20.0,3.475,-0.34875754363750927
90.0,20.0,3.5,-0.41004398701273104
90.0,20.0,3.525,-0.48467249522976547
90.0,20.0,3.55,-0.5775384899028291
90.0,20.0,3.575,-0.6960521113643373
90.0,20.0,3.6,-0.8516530485778044
90.0,20.0,3.625,-1.061780656953978
90.0,20.0,3.65,-1.3487734675708274
90.0,20.0,3.675,-1.7054300233785604
90.0,20.0,3.7,-1.8105206462279524
90.0,20.0,3.725,-0.17451325613409588
90.0,20.0,3.75,1.940993723112281
90.0,20.0,3.775,2.0767163513029434
90.0,20.0,3.8,1.74736616136003
90.0,25.0,2.4,0.2274083851935139
90.0,25.0,2.425,0.220461016934573
90.0,25.0,2.45,0.21349136433343302
90.0,25.0,2.475,0.20648814468376928
90.0,25.0,2.5,0.19943939723230242
90.0,25.0,2.525,0.1923330653067162
90.0,25.0,2.55,0.18515826954831321
90.0,25.0,2.575,0.1779024359237407
90.0,25.0,2.6,0.1705495065352469
90.0,25.0,2.625,0.1630833437024152
90.0,25.0,2.65,0.15548691493703554
90.0,25.0,2.675,0.1477414971211816
90.0,25.0,2.7,0.13982699717977318
90.0,25.0,2.725,0.13172152806586135
90.0,25.0,2.75,0.12340097551152364
90.0,25.0,2.775,0.11483862479646062
90.0,25.0,2.8,0.1060047461950294
90.0,25.0,2.825,0.09686609878224738
90.0,25.0,2.85,0.08738533057704558
90.0,25.0,2.875,0.07752025097413284
90.0,25.0,2.9,0.0672229441263524
90.0,25.0,2.925,0.05643868214415507
90.0,25.0,2.95,0.045104584068698356
90.0,25.0,2.975,0.033147949250634315
90.0,25.0,3.0,0.0204841701415375
90.0,25.0,3.025,0.007014096851958569
90.0,25.0,3.05,-0.0073793199605580026
90.0,25.0,3.075,-0.02283534693102004
90.0,25.0,3.1,-0.03952107902292747
90.0,25.0,3.125,-0.05763881434860302
90.0,25.0,3.15,-0.07743586865308026
90.0,25.0,3.175,-0.09921781617535554
90.0,25.0,3.2,-0.1233666236587485
90.0,25.0,3.225,-0.15036590200852754
90.0,25.0,3.25,-0.18083672924527014
90.0,25.0,3.275,-0.21558956956501724
90.0,25.0,3.3,-0.2557015082083694
90.0,25.0,3.325,-0.30263510586286946
90.0,25.0,3.35,-0.358428793835443
90.0,25.0,3.375,-0.42600695170225994
90.0,25.0,3.4,-0.5096635646502019
90.0,25.0,3.425,-0.6158380010922446
90.0,25.0,3.45,-0.7545143463521896
90.0,25.0,3.475,-0.9414830992997496
90.0,25.0,3.5,-1.2002721284796944
90.0,25.0,3.525,-1.549928335817965
90.0,25.0,3.55,-1.8580044680357686
90.0,25.0,3.575,-0.9620573736063593
90.0,25.0,3.6,1.6417033366908136
90.0,25.0,3.625,2.1533023084743133
90.0,25.0,3.65,1.822688290846323
90.0,25.0,3.675,1.5006697714809223
90.0,25.0,3.7,1.263644425918514
90.0,25.0,3.725,1.0909939453076505
90.0,25.0,3.75,0.9618076378012007
90.0,25.0,3.775,0.8621519449082697
90.0,25.0,3.8,0.783134215785392
90.0,30.0,2.4,0.20984195240416476
90.0,30.0,2.425,0.2023243760823287
90.0,30.0,2.45,0.1947350422551932
90.0,30.0,2.475,0.1870595725004665
90.0,30.0,2.5,0.1792836111019765
90.0,30.0,2.525,0.17138856805532537
90.0,30.0,2.55,0.1633531134897574
90.0,30.0,2.575,0.15515539976984896
90.0,30.0,2.6,0.14677219899306865
90.0,30.0,2.625,0.13817800806792416
90.0,30.0,2.65,0.12934441320898488
90.0,30.0,2.675,0.12023971536693691
90.0,30.0,2.7,0.11082843277906658
90.0,30.0,2.725,0.10107060705592986
90.0,30.0,2.75,0.09092097680520547
90.0,30.0,2.775,0.08032798034033002
90.0,30.0,2.8,0.06923253014917806
90.0,30.0,2.825,0.05756649288640077
90.0,30.0,2.85,0.045250789415048356
90.0,30.0,2.875,0.032192999738404025
90.0,30.0,2.9,0.018284315992497264
90.0,30.0,2.925,0.003395627524880118
90.0,30.0,2.95,-0.01262756298558078
90.0,30.0,2.975,-0.029971817855127886
90.0,30.0,3.0,-0.0488646485303446
90.0,30.0,3.025,-0.06958649524343044
90.0,30.0,3.05,-0.09248712387955414
90.0,30.0,3.075,-0.11800844038806041
90.0,30.0,3.1,-0.14671681491028873
90.0,30.0,3.125,-0.17934980824341762
90.0,30.0,3.15,-0.2168852426248535
90.0,30.0,3.175,-0.26064588086946766
90.0,30.0,3.2,-0.3124625957060494
90.0,30.0,3.225,-0.3749370435840909
90.0,30.0,3.25,-0.45188078617479266
90.0,30.0,3.275,-0.5490811136327534
90.0,30.0,3.3,-0.6756754237558114
90.0,30.0,3.325,-0.8465129268506045
90.0,30.0,3.35,-1.085356557627875
90.0,30.0,3.375,-1.4226801053698408
90.0,30.0,3.4,-1.817845267636244
90.0,30.0,3.425,-1.4518134335983226
90.0,30.0,3.45,1.311394540871089
90.0,30.0,3.475,2.229380679258664
90.0,30.0,3.5,1.8911118890000385
90.0,30.0,3.525,1.538617739785784
90.0,30.0,3.55,1.2846828517512008
90.0,30.0,3.575,1.1037592385932748
90.0,30.0,3.6,0.9708470384351306
90.0,30.0,3.625,0.8699246925547696
90.0,30.0,3.65,0.7910556899635312
90.0,30.0,3.675,0.7279205631471706
90.0,30.0,3.7,0.6763328100536776
90.0,30.0,3.725,0.6333610273106159
90.0,30.0,3.75,0.5967620575973424
90.0,30.0,3.775,0.5645317224725543
90.0,30.0,3.8,0.5344245963789896
90.0,35.0,2.4,0.18942422476915877
90.0,35.0,2.425,0.18105729806589427
90.0,35.0,2.45,0.17254214136163368
90.0,35.0,2.475,0.1638529748449757
90.0,35.0,2.5,0.15496132280788896
90.0,35.0,2.525,0.145836785399268
90.0,35.0,2.55,0.13644589099654209
90.0,35.0,2.575,0.12675112397302482
90.0,35.0,2.6,0.11671011373780739
90.0,35.0,2.625,0.10627470924202531
90.0,35.0,2.65,0.09538983141860029
90.0,35.0,2.675,0.08399210731311342
90.0,35.0,2.7,0.07200814923691713
90.0,35.0,2.725,0.05935236943954829
90.0,35.0,2.75,0.04592420519938146
90.0,35.0,2.775,0.03160456654537659
90.0,35.0,2.8,0.016251233419010577
90.0,35.0,2.825,-0.0003071786773553604
90.0,35.0,2.85,-0.018279229404034914
90.0,35.0,2.875,-0.03792143475076319
90.0,35.0,2.9,-0.059552999593579466
90.0,35.0,2.925,-0.08357628430975207
90.0,35.0,2.95,-0.11050576285526392
90.0,35.0,2.975,-0.14100983735353995
90.0,35.0,3.0,-0.17597259940913335
90.0,35.0,3.025,-0.21658739119159776
90.0,35.0,3.05,-0.26450260824360905
90.0,35.0,3.075,-0.322056214506298
90.0,35.0,3.1,-0.3926663720682655
90.0,35.0,3.125,-0.4815070485108931
90.0,35.0,3.15,-0.5967207754298062
90.0,35.0,3.175,-0.7516526028113838
90.0,35.0,3.2,-0.9688404694940796
90.0,35.0,3.225,-1.2847189194936355
90.0,35.0,3.25,-1.725087644460658
90.0,35.0,3.275,-1.8837098417519593
90.0,35.0,3.3,0.6782401025665159
90.0,35.0,3.325,2.385059046991933
90.0,35.0,3.35,2.032848238150617
90.0,35.0,3.375,1.622247966903422
90.0,35.0,3.4,1.3375441436650046
90.0,35.0,3.425,1.141253147372436
90.0,35.0,3.45,1.0001837734857932
90.0,35.0,3.475,0.8939460283102554
90.0,35.0,3.5,0.8095280472620839
90.0,35.0,3.525,0.7371676205624342
90.0,35.0,3.55,0.6675505733115887
90.0,35.0,3.575,0.5910078232746532
90.0,35.0,3.6,0.5040715685316972
90.0,35.0,3.625,0.424597704274515
90.0,35.0,3.65,0.3789223571908971
90.0,35.0,3.675,0.3640793198433397
90.0,35.0,3.7,0.36120948739276404
90.0,35.0,3.725,0.3593539846264475
90.0,35.0,3.75,0.35536033619303287
90.0,35.0,3.775,0.3490589688620662
90.0,35.0,3.8,0.34102718008791627
90.0,40.0,2.4,0.1647570417869265
90.0,40.0,2.425,0.15507732094858923
90.0,40.0,2.45,0.145105087089547
90.0,40.0,2.475,0.13479588981645352
90.0,40.0,2.5,0.12409952232628126
90.0,40.0,2.525,0.11295851548547099
90.0,40.0,2.55,0.10130655166707893
90.0,40.0,2.575,0.08906654763144388
90.0,40.0,2.6,0.07614823717487107
90.0,40.0,2.625,0.06244507798143502
90.0,40.0,2.65,0.047830238825170325
90.0,40.0,2.675,0.03215136571088059
90.0,40.0,2.7,0.015223662024578264
90.0,40.0,2.725,-0.0031793966861501945
90.0,40.0,2.75,-0.023338709680018856
90.0,40.0,2.775,-0.04560704199883545
90.0,40.0,2.8,-0.07043367304201612
90.0,40.0,2.825,-0.09839983425521408
90.0,40.0,2.85,-0.13027082371551843
90.0,40.0,2.875,-0.1670746216921286
90.0,40.0,2.9,-0.21022394739672576
90.0,40.0,2.925,-0.26171206611830244
90.0,40.0,2.95,-0.32443884508096277
90.0,40.0,2.975,-0.4027771996967824
90.0,40.0,3.0,-0.5036048580374282
90.0,40.0,3.025,-0.638279546031264
90.0,40.0,3.05,-0.8265758444098082
90.0,40.0,3.075,-1.1043282111783257
90.0,40.0,3.1,-1.531211825012441
90.0,40.0,3.125,-2.077530052831811
90.0,40.0,3.15,-0.8997676530171206
90.0,40.0,3.175,2.5570375040520497
90.0,40.0,3.2,2.3420669148628983
90.0,40.0,3.225,1.802776316116835
90.0,40.0,3.25,1.4417157816713821
90.0,40.0,3.275,1.1979763530983178
90.0,40.0,3.3,1.0162710595135152
90.0,40.0,3.325,0.8602841987426715
90.0,40.0,3.35,0.7085067725416945
90.0,40.0,3.375,0.5708650200112364
90.0,40.0,3.4,0.48647581788248917
90.0,40.0,3.425,0.45719399478694456
90.0,40.0,3.45,0.45001363813202744
90.0,40.0,3.475,0.44493667715034846
90.0,40.0,3.5,0.43695774277243477
90.0,40.0,3.525,0.4261938409224208
90.0,40.0,3.55,0.41366361949783637
90.0,40.0,3.575,0.4002381188267699
90.0,40.0,3.6,0.38650448695338674
90.0,40.0,3.625,0.37282202252408103
90.0,40.0,3.65,0.3593963122335399
90.0,40.0,3.675,0.34633162445124205
90.0,40.0,3.7,0.3336714265062593
90.0,40.0,3.725,0.3214244004224776
90.0,40.0,3.75,0.3095916323582703
90.0,40.0,3.775,0.29815953975316467
90.0,40.0,3.8,0.2870559844770469
90.0,45.0,2.4,0.13349785677590997
90.0,45.0,2.425,0.12166316439116245
90.0,45.0,2.45,0.1092590716877444
90.0,45.0,2.475,0.09619398214443434
90.0,45.0,2.5,0.08235952798530369
90.0,45.0,2.525,0.06762633025914659
90.0,45.0,2.55,0.05183843610885428
90.0,45.0,2.575,0.03480590557452846
90.0,45.0,2.6,0.016294794078863976
90.0,45.0,2.625,-0.003986593046846501
90.0,45.0,2.65,-0.02640691308947115
90.0,45.0,2.675,-0.05143914759749739
90.0,45.0,2.7,-0.07970040157001587
90.0,45.0,2.725,-0.11201126522214258
90.0,45.0,2.75,-0.14948685985039264
90.0,45.0,2.775,-0.19368092407231427
90.0,45.0,2.8,-0.24682244817212384
90.0,45.0,2.825,-0.3122212876709802
90.0,45.0,2.85,-0.39499925081747944
90.0,45.0,2.875,-0.5034880653433301
90.0,45.0,2.9,-0.6520922558217765
90.0,45.0,2.925,-0.8676003500817775
90.0,45.0,2.95,-1.2037606666822438
90.0,45.0,2.975,-1.7666909330202296
90.0,45.0,3.0,-2.4679127136554677
90.0,45.0,3.025,1.3373447219437005
90.0,45.0,3.05,3.0182837784004377
90.0,45.0,3.075,2.128344987520057
90.0,45.0,3.1,1.5682110949787336
90.0,45.0,3.125,1.2021244191798919
90.0,45.0,3.15,0.9195321831447234
90.0,45.0,3.175,0.7049089957517766
90.0,45.0,3.2,0.592450626396557
90.0,45.0,3.225,0.5567905569517779
90.0,45.0,3.25,0.5436985094286348
90.0,45.0,3.275,0.5304106128061468
90.0,45.0,3.3,0.5136783847484151
90.0,45.0,3.325,0.49478270356800275
90.0,45.0,3.35,0.4751524099537159
90.0,45.0,3.375,0.45570006391792706
90.0,45.0,3.4,0.43691467871644507
90.0,45.0,3.425,0.41902014717086045
90.0,45.0,3.45,0.4020884676760753
90.0,45.0,3.475,0.3861090564320689
90.0,45.0,3.5,0.37102901488689255
90.0,45.0,3.525,0.35677592299202227
90.0,45.0,3.55,0.343270440690283
90.0,45.0,3.575,0.3304330476609452
90.0,45.0,3.6,0.31818741348015717
90.0,45.0,3.625,0.3064618662105959
90.0,45.0,3.65,0.2951898599283889
90.0,45.0,3.675,0.2843104093737705
90.0,45.0,3.7,0.2737709644132228
90.0,45.0,3.725,0.26353232945854826
90.0,45.0,3.75,0.253545244727483
90.0,45.0,3.775,0.24374272657732748
90.0,45.0,3.8,0.23408079744720048
90.0,50.0,2.4,0.09137501274378243
90.0,50.0,2.425,0.07572074577847059
90.0,50.0,2.45,0.05888468233316837
90.0,50.0,2.475,0.0406397477663169
90.0,50.0,2.5,0.020702436013400192
90.0,50.0,2.525,-0.0012862028278691022
90.0,50.0,2.55,-0.02578775073267306
90.0,50.0,2.575,-0.05340618666148683
90.0,50.0,2.6,-0.08494755691064995
90.0,50.0,2.625,-0.12151211508651315
90.0,50.0,2.65,-0.1646414750968198
90.0,50.0,2.675,-0.21656295772746212
90.0,50.0,2.7,-0.280614278539352
90.0,50.0,2.725,-0.3620238770953228
90.0,50.0,2.75,-0.46944461001229404
90.0,50.0,2.775,-0.6182279735923016
90.0,50.0,2.8,-0.8381698583822577
90.0,50.0,2.825,-1.1941462272052459
90.0,50.0,2.85,-1.8441249399470676
90.0,50.0,2.875,-2.9250230689101757
90.0,50.0,2.9,3.1769927247700553
90.0,50.0,2.925,3.030198874425162
90.0,50.0,2.95,1.8624113835938292
90.0,50.0,2.975,1.239499361286416
90.0,50.0,3.0,0.8779642954528333
90.0,50.0,3.025,0.723937127567726
90.0,50.0,3.05,0.6763847316921604
90.0,50.0,3.075,0.6484394743720605
90.0,50.0,3.1,0.6193741483358075
90.0,50.0,3.125,0.5895123876789832
90.0,50.0,3.15,0.5602541505968042
90.0,50.0,3.175,0.5323146838747982
90.0,50.0,3.2,0.5061152458414419
90.0,50.0,3.225,0.48183021786011415
90.0,50.0,3.25,0.45944462164336936
90.0,50.0,3.275,0.4388364419099292
90.0,50.0,3.3,0.41983787120093036
90.0,50.0,3.325,0.4022705157532346
90.0,50.0,3.35,0.3859629303102138
90.0,50.0,3.375,0.370758130766681
90.0,50.0,3.4,0.3565158977147458
90.0,50.0,3.425,0.34311252732056446
90.0,50.0,3.45,0.33043945927535695
90.0,50.0,3.475,0.3184014975803546
90.0,50.0,3.5,0.3069149787921613
90.0,50.0,3.525,0.29590604768597906
90.0,50.0,3.55,0.28530910022880446
90.0,50.0,3.575,0.2750654036704324
90.0,50.0,3.6,0.26512188640023576
90.0,50.0,3.625,0.2554301344648246
90.0,50.0,3.65,0.2459459502507073
90.0,50.0,3.675,0.23663096369655146
90.0,50.0,3.7,0.22745471532483166
90.0,50.0,3.725,0.21837824248466783
90.0,50.0,3.75,0.20935291467454623
90.0,50.0,3.775,0.2003436310000058
90.0,50.0,3.8,0.19131310800366416
90.0,55.0,2.4,0.029618189480507272
90.0,55.0,2.425,0.006325895238770324
90.0,55.0,2.45,-0.019774616875707047
90.0,55.0,2.475,-0.04940329247591666
90.0,55.0,2.5,-0.08353879721181896
90.0,55.0,2.525,-0.12354625578247984
90.0,55.0,2.55,-0.1713883177512063
90.0,55.0,2.575,-0.22999024846007224
90.0,55.0,2.6,-0.30390732892192523
90.0,55.0,2.625,-0.40063095123310716
90.0,55.0,2.65,-0.5333745043960563
90.0,55.0,2.675,-0.7277189521131641
90.0,55.0,2.7,-1.0399997389861273
90.0,55.0,2.725,-1.6188582362908603
90.0,55.0,2.75,-2.908219639216648
90.0,55.0,2.775,2.369626960408301
90.0,55.0,2.8,3.209419678949302
90.0,55.0,2.825,1.6912580405554085
90.0,55.0,2.85,1.0650911754323449
90.0,55.0,2.875,0.8498572429195598
90.0,55.0,2.9,0.7921781204997655
90.0,55.0,2.925,0.7511179419546994
90.0,55.0,2.95,0.7054911916588467
90.0,55.0,2.975,0.6596992392063565
90.0,55.0,3.0,0.6172200762002097
90.0,55.0,3.025,0.5793532498859035
90.0,55.0,3.05,0.5460871641128214
90.0,55.0,3.075,0.5166691676669237
90.0,55.0,3.1,0.49032865961355604
90.0,55.0,3.125,0.46655659133865246
90.0,55.0,3.15,0.4449929091701675
90.0,55.0,3.175,0.42533664064167054
90.0,55.0,3.2,0.407323704356806
90.0,55.0,3.225,0.3907240179941032
90.0,55.0,3.25,0.3753396395299385
90.0,55.0,3.275,0.3610015133816552
90.0,55.0,3.3,0.347565561089138
90.0,55.0,3.325,0.33490881033262454
90.0,55.0,3.35,0.3229259026492542
90.0,55.0,3.375,0.31152608487404965
90.0,55.0,3.4,0.30063067718104836
90.0,55.0,3.425,0.2901709684448169
90.0,55.0,3.45,0.2800864894896403
90.0,55.0,3.475,0.2703237008218876
90.0,55.0,3.5,0.2608354303528427
90.0,55.0,3.525,0.25156803186143123
90.0,55.0,3.55,0.24249720728131635
90.0,55.0,3.575,0.23357701960082425
90.0,55.0,3.6,0.2247729923568035
90.0,55.0,3.625,0.21605196667238544
90.0,55.0,3.65,0.20738380348953409
90.0,55.0,3.675,0.1987429147816119
90.0,55.0,3.7,0.19009713745789805
90.0,55.0,3.725,0.18140618387313018
90.0,55.0,3.75,0.17263700259194362
90.0,55.0,3.775,0.16375830808301747
90.0,55.0,3.8,0.1547364411086314
90.0,60.0,2.4,-0.07329935498451283
90.0,60.0,2.425,-0.11519732793842706
90.0,60.0,2.45,-0.1657091087518103
90.0,60.0,2.475,-0.2282548339950313
90.0,60.0,2.5,-0.30830374615972717
90.0,60.0,2.525,-0.41516741717646843
90.0,60.0,2.55,-0.5660656308199495
90.0,60.0,2.575,-0.7967095437268789
90.0,60.0,2.6,-1.1947908477546272
90.0,60.0,2.625,-2.039850698087941
90.0,60.0,2.65,-4.0519198302135235
90.0,60.0,2.675,4.644359615362033
90.0,60.0,2.7,1.9367239511150913
90.0,60.0,2.725,1.1467899550645673
90.0,60.0,2.75,0.952878481527195
90.0,60.0,2.775,0.8924194119978349
90.0,60.0,2.8,0.8296212751452532
90.0,60.0,2.825,0.7646105568219628
90.0,60.0,2.85,0.7050017476734625
90.0,60.0,2.875,0.6528737656782437
90.0,60.0,2.9,0.6078865016360664
90.0,60.0,2.925,0.5691020439131725
90.0,60.0,2.95,0.5356108761447725
90.0,60.0,2.975,0.506567548468204
90.0,60.0,3.0,0.48104800292640953
90.0,60.0,3.025,0.4582255532960081
90.0,60.0,3.05,0.43756516194898104
90.0,60.0,3.075,0.4187279601288534
90.0,60.0,3.1,0.40145450834710655
90.0,60.0,3.125,0.38552492119689585
90.0,60.0,3.15,0.3707501980376875
90.0,60.0,3.175,0.3569688181308717
90.0,60.0,3.2,0.34404331590886067
90.0,60.0,3.225,0.3318567881106178
90.0,60.0,3.25,0.3203101827601854
90.0,60.0,3.275,0.30931151188291417
90.0,60.0,3.3,0.2987851466627911
90.0,60.0,3.325,0.2886814187954589
90.0,60.0,3.35,0.2789324946228152
90.0,60.0,3.375,0.26948862767934556
90.0,60.0,3.4,0.26030478426355735
90.0,60.0,3.425,0.25134012544553813
90.0,60.0,3.45,0.2425572806845056
90.0,60.0,3.475,0.2339216689044144
90.0,60.0,3.5,0.2254008908937711
90.0,60.0,3.525,0.2169641809739746
90.0,60.0,3.55,0.20858190407093152
90.0,60.0,3.575,0.20022511666484483
90.0,60.0,3.6,0.19186540416522538
90.0,60.0,3.625,0.1834758533900472
90.0,60.0,3.65,0.1750322659660469
90.0,60.0,3.675,0.1665046502084088
90.0,60.0,3.7,0.15785521008101333
90.0,60.0,3.725,0.14905000506207144
90.0,60.0,3.75,0.14005538186358607
90.0,60.0,3.775,0.1308343945063055
90.0,60.0,3.8,0.1213462473978875
90.0,65.0,2.4,-0.2884549220579154
90.0,65.0,2.425,-0.39637275504267644
90.0,65.0,2.45,-0.5502103923764291
90.0,65.0,2.475,-0.789206570639023
90.0,65.0,2.5,-1.214829305920337
90.0,65.0,2.525,-2.1884444153607396
90.0,65.0,2.55,-4.24500652481057
90.0,65.0,2.575,3.5632719252784546
90.0,65.0,2.6,1.5325102036927805
90.0,65.0,2.625,1.101549631127148
90.0,65.0,2.65,1.017448050397697
90.0,65.0,2.675,0.9367974605656141
90.0,65.0,2.7,0.8505772317785473
90.0,65.0,2.725,0.7733942482214382
90.0,65.0,2.75,0.7081276308040669
90.0,65.0,2.775,0.6534826402251943
90.0,65.0,2.8,0.6074621602630508
90.0,65.0,2.825,0.5682928249284894
90.0,65.0,2.85,0.534597232717075
90.0,65.0,2.875,0.5053746609182626
90.0,65.0,2.9,0.4798715667518481
90.0,65.0,2.925,0.45735763082639924
90.0,65.0,2.95,0.43712364137714865
90.0,65.0,2.975,0.41868029047885996
90.0,65.0,3.0,0.40173890555237596
90.0,65.0,3.025,0.3860941428105985
90.0,65.0,3.05,0.37157367902910193
90.0,65.0,3.075,0.35803224035670245
90.0,65.0,3.1,0.34529486362763095
90.0,65.0,3.125,0.33330391035873325
90.0,65.0,3.15,0.32194637637163315
90.0,65.0,3.175,0.31113321428678287
90.0,65.0,3.2,0.30079221012969143
90.0,65.0,3.225,0.2908603523701348
90.0,65.0,3.25,0.2812822429261512
90.0,65.0,3.275,0.272008801758761
90.0,65.0,3.3,0.2629961704011435
90.0,65.0,3.325,0.2542047882271698
90.0,65.0,3.35,0.2455986113562521
90.0,65.0,3.375,0.23714444589331313
90.0,65.0,3.4,0.22881137102917412
90.0,65.0,3.425,0.22057023125146116
90.0,65.0,3.45,0.21239317979692923
90.0,65.0,3.475,0.20425325726163068
90.0,65.0,3.5,0.19612399031764033
90.0,65.0,3.525,0.18797899967654952
90.0,65.0,3.55,0.17979163963185785
90.0,65.0,3.575,0.17153488703797978
90.0,65.0,3.6,0.16318229601969894
90.0,65.0,3.625,0.15470886653387003
90.0,65.0,3.65,0.14608320664126026
90.0,65.0,3.675,0.1372664031606766
90.0,65.0,3.7,0.12822135491132144
90.0,65.0,3.725,0.11890965369200314
90.0,65.0,3.75,0.10928841778173182
90.0,65.0,3.775,0.09930939112448463
90.0,65.0,3.8,0.08891819432037003
90.0,70.0,2.4,-1.0712104446527317
90.0,70.0,2.425,-1.8909097113390203
90.0,70.0,2.45,-4.657237275882602
90.0,70.0,2.475,3.9872065120558435
90.0,70.0,2.5,1.5540488053051478
90.0,70.0,2.525,1.1671689081313137
90.0,70.0,2.55,1.0890762170345674
90.0,70.0,2.575,0.9862751868188662
90.0,70.0,2.6,0.8835324668167917
90.0,70.0,2.625,0.7965027044794032
90.0,70.0,2.65,0.7253784602931619
90.0,70.0,2.675,0.6671260196993035
90.0,70.0,2.7,0.6187947888270233
90.0,70.0,2.725,0.5780781440707391
90.0,70.0,2.75,0.543270146176967
90.0,70.0,2.775,0.5131326127970273
90.0,70.0,2.8,0.48679407030863125
90.0,70.0,2.825,0.46363441175084147
90.0,70.0,2.85,0.4430806278083711
90.0,70.0,2.875,0.42452693596513824
90.0,70.0,2.9,0.40752366280113467
90.0,70.0,2.925,0.3918328912092915
90.0,70.0,2.95,0.3772164964873957
90.0,70.0,2.975,0.36356014759020755
90.0,70.0,3.0,0.3507839204953167
90.0,70.0,3.025,0.3387506506238446
90.0,70.0,3.05,0.3273606712294312
90.0,70.0,3.075,0.3165294008098854
90.0,70.0,3.1,0.30618373359329093
90.0,70.0,3.125,0.2962600327007606
90.0,70.0,3.15,0.28670251569638805
90.0,70.0,3.175,0.2774619050660582
90.0,70.0,3.2,0.2684943011635089
90.0,70.0,3.225,0.2597602413006558
90.0,70.0,3.25,0.25122391107384817
90.0,70.0,3.275,0.24285247794873616
90.0,70.0,3.3,0.23461552160119806
90.0,70.0,3.325,0.22648453969641713
90.0,70.0,3.35,0.21843251131550742
90.0,70.0,3.375,0.21043350298543173
90.0,70.0,3.4,0.20246230419136763
90.0,70.0,3.425,0.1944940802831315
90.0,70.0,3.45,0.18650403074739835
90.0,70.0,3.475,0.178467040440591
90.0,70.0,3.5,0.17035731624313138
90.0,70.0,3.525,0.16214804912564754
90.0,70.0,3.55,0.1538114098300418
90.0,70.0,3.575,0.14531976665039018
90.0,70.0,3.6,0.13664552998060764
90.0,70.0,3.625,0.12775249604693673
90.0,70.0,3.65,0.11859795496203153
90.0,70.0,3.675,0.10913958283826827
90.0,70.0,3.7,0.09933164195104016
90.0,70.0,3.725,0.08912224400350606
90.0,70.0,3.75,0.07845212568640898
90.0,70.0,3.775,0.06725334207260582
90.0,70.0,3.8,0.055447613968664745
90.0,75.0,2.4,2.043599082574804
90.0,75.0,2.425,1.2548137202823877
90.0,75.0,2.45,1.1714902879574738
90.0,75.0,2.475,1.061690034412872
90.0,75.0,2.5,0.9423803610598461
90.0,75.0,2.525,0.8418332336247725
90.0,75.0,2.55,0.7611672299554959
90.0,75.0,2.575,0.6962643185000784
90.0,75.0,2.6,0.6432179827970604
90.0,75.0,2.625,0.5990785162798516
90.0,75.0,2.65,0.561717406174768
90.0,75.0,2.675,0.5296042062660938
90.0,75.0,2.7,0.501632806733798
90.0,75.0,2.725,0.4770381848506812
90.0,75.0,2.75,0.45529492202595945
90.0,75.0,2.775,0.4359261685541862
90.0,75.0,2.8,0.41841595038695434
90.0,75.0,2.825,0.4023534104613573
90.0,75.0,2.85,0.387273505339687
90.0,75.0,2.875,0.37326342038004595
90.0,75.0,2.9,0.3601642738711175
90.0,75.0,2.925,0.34785037530193685
90.0,75.0,2.95,0.3362185448936693
90.0,75.0,2.975,0.3251801454449527
90.0,75.0,3.0,0.3146584801115462
90.0,75.0,3.025,0.3045869174035529
90.0,75.0,3.05,0.29490725712521926
90.0,75.0,3.075,0.28556831479405975
90.0,75.0,3.1,0.27652471967054604
90.0,75.0,3.125,0.2677359053125894
90.0,75.0,3.15,0.2591652641713119
90.0,75.0,3.175,0.25077943746069387
90.0,75.0,3.2,0.24254771432134398
90.0,75.0,3.225,0.23444151790950485
90.0,75.0,3.25,0.22643395950136316
90.0,75.0,3.275,0.21849944466378973
90.0,75.0,3.3,0.21061331791655258
90.0,75.0,3.325,0.20275153408836488
90.0,75.0,3.35,0.19489034573088276
90.0,75.0,3.375,0.1870059964193075
90.0,75.0,3.4,0.17907440936673927
90.0,75.0,3.425,0.17107085940835612
90.0,75.0,3.45,0.1629696156336431
90.0,75.0,3.475,0.154743555623479
90.0,75.0,3.5,0.14636386402859197
90.0,75.0,3.525,0.1378004285390003
90.0,75.0,3.55,0.12902349438435173
90.0,75.0,3.575,0.11999983143710378
90.0,75.0,3.6,0.11068475765812066
90.0,75.0,3.625,0.10102988216188544
90.0,75.0,3.65,0.09098495910769644
90.0,75.0,3.675,0.08049345800178669
90.0,75.0,3.7,0.06949027436151883
90.0,75.0,3.725,0.05790002552085333
90.0,75.0,3.75,0.04563486424562975
90.0,75.0,3.775,0.032592099633063455
90.0,75.0,3.8,0.018650122793508566
90.0,80.0,2.4,1.0376108721874342
90.0,80.0,2.425,0.9176492057394449
90.0,80.0,2.45,0.8211167064792722
90.0,80.0,2.475,0.7446510829858255
90.0,80.0,2.5,0.6832560506523603
90.0,80.0,2.525,0.6329949821655928
90.0,80.0,2.55,0.5910476116094111
90.0,80.0,2.575,0.5554163118432658
90.0,80.0,2.6,0.5246758358575327
90.0,80.0,2.625,0.49781034141828706
90.0,80.0,2.65,0.4741177793881076
90.0,80.0,2.675,0.45311113395127967
90.0,80.0,2.7,0.4343785317378534
90.0,80.0,2.725,0.4175045865436285
90.0,80.0,2.75,0.4017153796334862
90.0,80.0,2.775,0.38701078091768687
90.0,80.0,2.8,0.3733068706816375
90.0,80.0,2.825,0.3604652147975878
90.0,80.0,2.85,0.34837263683247055
90.0,80.0,2.875,0.33693208496700433
90.0,80.0,2.9,0.3260596013930734
90.0,80.0,2.925,0.3156824396861782
90.0,80.0,2.95,0.3057373587638192
90.0,80.0,2.975,0.2961690792122099
90.0,80.0,3.0,0.28692894133326285
90.0,80.0,3.025,0.2779737665792
90.0,80.0,3.05,0.2692649015820529
90.0,80.0,3.075,0.2607674169069043
90.0,80.0,3.1,0.252449433034552
90.0,80.0,3.125,0.24428154917450157
90.0,80.0,3.15,0.2362363541495918
90.0,80.0,3.175,0.22828800192223284
90.0,80.0,3.2,0.220411837077599
90.0,80.0,3.225,0.21258405771141153
90.0,80.0,3.25,0.20478140473868228
90.0,80.0,3.275,0.19698086769317766
90.0,80.0,3.3,0.18915939763175638
90.0,80.0,3.325,0.18129361770709368
90.0,80.0,3.35,0.17335952111020236
90.0,80.0,3.375,0.16533214411750816
90.0,80.0,3.4,0.1571851994623278
90.0,80.0,3.425,0.14889066044074875
90.0,80.0,3.45,0.1404183552974845
90.0,80.0,3.475,0.13173601806607335
90.0,80.0,3.5,0.1228108909997595
90.0,80.0,3.525,0.11360894984209052
90.0,80.0,3.55,0.10408434067045429
90.0,80.0,3.575,0.09418292610448477
90.0,80.0,3.6,0.08384826579179348
90.0,80.0,3.625,0.07301769100833569
90.0,80.0,3.65,0.061618643875117264
90.0,80.0,3.675,0.049566385623197956
90.0,80.0,3.7,0.03676135991699827
90.0,80.0,3.725,0.02308574727673902
90.0,80.0,3.75,0.008398958260200904
90.0,80.0,3.775,-0.007468256351169071
90.0,80.0,3.8,-0.024721513762642172
90.0,85.0,2.4,0.7440563909670362
90.0,85.0,2.425,0.6834886416006501
90.0,85.0,2.45,0.6339008832543259
90.0,85.0,2.475,0.592490483867342
90.0,85.0,2.5,0.5572834757719218
90.0,85.0,2.525,0.5268745193549195
90.0,85.0,2.55,0.5002624993860155
90.0,85.0,2.575,0.47677319045763245
90.0,85.0,2.6,0.45600211176037564
90.0,85.0,2.625,0.4375317008811946
90.0,85.0,2.65,0.4207208337272656
90.0,85.0,2.675,0.40497753237441464
90.0,85.0,2.7,0.3903276873403294
90.0,85.0,2.725,0.37666796021399196
90.0,85.0,2.75,0.36386235451001114
90.0,85.0,2.775,0.35179824292606043
90.0,85.0,2.8,0.3403792443617486
90.0,85.0,2.825,0.32952230683189854
90.0,85.0,2.85,0.3191556760760616
90.0,85.0,2.875,0.30921709073296405
90.0,85.0,2.9,0.2996521958050159
90.0,85.0,2.925,0.29041318869632965
90.0,85.0,2.95,0.28145768274350164
90.0,85.0,2.975,0.27274775870672485
90.0,85.0,3.0,0.2642491721498014
90.0,85.0,3.025,0.25593068733770324
90.0,85.0,3.05,0.2477635125552598
90.0,85.0,3.075,0.23972081601282466
90.0,85.0,3.1,0.23177730518128167
90.0,85.0,3.125,0.22390885534568772
90.0,85.0,3.15,0.21609217540901
90.0,85.0,3.175,0.20830450058875058
90.0,85.0,3.2,0.2005233027032939
90.0,85.0,3.225,0.19272600929084274
90.0,85.0,3.25,0.18488972284416264
90.0,85.0,3.275,0.17699093092947285
90.0,85.0,3.3,0.16900519710333478
90.0,85.0,3.325,0.16090683413071036
90.0,85.0,3.35,0.15266835977589596
90.0,85.0,3.375,0.14426044662006113
90.0,85.0,3.4,0.13565092899698736
90.0,85.0,3.425,0.12680513803394527
90.0,85.0,3.45,0.11768749265094605
90.0,85.0,3.475,0.10826126202698914
90.0,85.0,3.5,0.09847724069130114
90.0,85.0,3.525,0.08827493871774403
90.0,85.0,3.55,0.07759095206798544
90.0,85.0,3.575,0.0663546722603443
90.0,85.0,3.6,0.05448382260453838
90.0,85.0,3.625,0.04188149118472407
90.0,85.0,3.65,0.02843276847817579
90.0,85.0,3.675,0.0140003239578038
90.0,85.0,3.7,-0.0015814721644496399
90.0,85.0,3.725,-0.01851439931797681
90.0,85.0,3.75,-0.03704697063084676
90.0,85.0,3.775,-0.05748886859874417
90.0,85.0,3.8,-0.0802308585963937
90.0,90.0,2.4,0.6022626701340783
90.0,90.0,2.425,0.5663184988340211
90.0,90.0,2.45,0.5353167631596332
90.0,90.0,2.475,0.5082218046229904
90.0,90.0,2.5,0.4843622240312429
90.0,90.0,2.525,0.4633536306436112
90.0,90.0,2.55,0.4447291928024063
90.0,90.0,2.575,0.42762421730131817
90.0,90.0,2.6,0.41164235579019853
90.0,90.0,2.625,0.39678251719664526
90.0,90.0,2.65,0.3829403744151935
90.0,90.0,2.675,0.3699784933723247
90.0,90.0,2.7,0.3577755679901402
90.0,90.0,2.725,0.34623008910904146
90.0,90.0,2.75,0.33525717996442583
90.0,90.0,2.775,0.32478379012086006
90.0,90.0,2.8,0.314746635600335
90.0,90.0,2.825,0.30509058750510865
90.0,90.0,2.85,0.2957672630479225
90.0,90.0,2.875,0.28673384571208715
90.0,90.0,2.9,0.27795210670151865
90.0,90.0,2.925,0.2693875914547538
90.0,90.0,2.95,0.2610089385632933
90.0,90.0,2.975,0.2527873038364494
90.0,90.0,3.0,0.24469586728167458
90.0,90.0,3.025,0.23670940494803988
90.0,90.0,3.05,0.22880391089024688
90.0,90.0,3.075,0.22095625705410762
90.0,90.0,3.1,0.2131438808293208
90.0,90.0,3.125,0.2053444919360971
90.0,90.0,3.15,0.19753580170358512
90.0,90.0,3.175,0.18969506749940937
90.0,90.0,3.2,0.18179934740391654
90.0,90.0,3.225,0.17382440783127462
90.0,90.0,3.25,0.1657449675639179
90.0,90.0,3.275,0.1575341210575169
90.0,90.0,3.3,0.1491629170068191
90.0,90.0,3.325,0.14059984361553746
90.0,90.0,3.35,0.13181032054039002
90.0,90.0,3.375,0.12275679156554999
90.0,90.0,3.4,0.11340073582856981
90.0,90.0,3.425,0.10370142040460689
90.0,90.0,3.45,0.09360316593580852
90.0,90.0,3.475,0.0830383358432262
90.0,90.0,3.5,0.07193530679681581
90.0,90.0,3.525,0.060213243247238035
90.0,90.0,3.55,0.04777706824970308
90.0,90.0,3.575,0.03451374313735235
90.0,90.0,3.6,0.02028786900699584
90.0,90.0,3.625,0.004935828192617074
90.0,90.0,3.65,-0.01174211311102522
90.0,90.0,3.675,-0.0299925434302228
90.0,90.0,3.7,-0.05012369999224193
90.0,90.0,3.725,-0.07252617623770465
90.0,90.0,3.75,-0.09770241799326064
90.0,90.0,3.775,-0.12630947971196613
90.0,90.0,3.8,-0.15922180864421445
90.0,95.0,2.4,0.5213918463181008
90.0,95.0,2.425,0.4965967669571555
90.0,95.0,2.45,0.4749295941951621
90.0,95.0,2.475,0.4556608197878057
90.0,95.0,2.5,0.43796075365711457
90.0,95.0,2.525,0.4214585302111641
90.0,95.0,2.55,0.4061411540916885
90.0,95.0,2.575,0.3919109913407791
90.0,95.0,2.6,0.37860879115191404
90.0,95.0,2.625,0.36610467472718916
90.0,95.0,2.65,0.35429131042260675
90.0,95.0,2.675,0.3430780595414671
90.0,95.0,2.7,0.33238732177479463
90.0,95.0,2.725,0.32215243919857484
90.0,95.0,2.75,0.31231609970830737
90.0,95.0,2.775,0.30282805150021413
90.0,95.0,2.8,0.2936439032750536
90.0,95.0,2.825,0.28472412841100203
90.0,95.0,2.85,0.2760332093105495
90.0,95.0,2.875,0.2675389188269839
90.0,95.0,2.9,0.25921171461602804
90.0,95.0,2.925,0.2510242229283245
90.0,95.0,2.95,0.24295079243403073
90.0,95.0,2.975,0.2349671033609183
90.0,95.0,3.0,0.22704983525619832
90.0,95.0,3.025,0.21917608824694332
90.0,95.0,3.05,0.211323867887349
90.0,95.0,3.075,0.2034706794434885
90.0,95.0,3.1,0.19559403265281108
90.0,95.0,3.125,0.187670885444436
90.0,95.0,3.15,0.17967735657191294
90.0,95.0,3.175,0.17158839316451793
90.0,95.0,3.2,0.16337739868393886
90.0,95.0,3.225,0.1550158050680874
90.0,95.0,3.25,0.14647256775838963
90.0,95.0,3.275,0.1377135757749892
90.0,95.0,3.3,0.12870110411004484
90.0,95.0,3.325,0.11939406289030849
90.0,95.0,3.35,0.10975016568589704
90.0,95.0,3.375,0.09972279946231345
90.0,95.0,3.4,0.08924777323067139
90.0,95.0,3.425,0.07824887072447237
90.0,95.0,3.45,0.06664402357472765
90.0,95.0,3.475,0.05433895891822684
90.0,95.0,3.5,0.04122158428708909
90.0,95.0,3.525,0.027157210287882753
90.0,95.0,3.55,0.011982606958183631
90.0,95.0,3.575,-0.004502036794311889
90.0,95.0,3.6,-0.022544133431682427
90.0,95.0,3.625,-0.04245398787086734
90.0,95.0,3.65,-0.06462636456356685
90.0,95.0,3.675,-0.0895715024185944
90.0,95.0,3.7,-0.11796070094818234
90.0,95.0,3.725,-0.15069492555444303
90.0,95.0,3.75,-0.18901052290637718
90.0,95.0,3.775,-0.23464600103627242
90.0,95.0,3.8,-0.2901286955387813
90.0,100.0,2.4,0.4703474001530495
90.0,100.0,2.425,0.45165022169596325
90.0,100.0,2.45,0.4343730045003875
90.0,100.0,2.475,0.4183591917943395
90.0,100.0,2.5,0.40350785183064847
90.0,100.0,2.525,0.38967560328044654
90.0,100.0,2.55,0.37670778017618967
90.0,100.0,2.575,0.36448246999612455
90.0,100.0,2.6,0.35290056712020423
90.0,100.0,2.625,0.34187868819198813
90.0,100.0,2.65,0.3313453571031645
90.0,100.0,2.675,0.3212389176415068
90.0,100.0,2.7,0.3115054357510595
90.0,100.0,2.725,0.3020975753429925
90.0,100.0,2.75,0.29297360844852777
90.0,100.0,2.775,0.2840961179258871
90.0,100.0,2.8,0.27543126367575604
90.0,100.0,2.825,0.2669481523827775
90.0,100.0,2.85,0.2586182899101661
90.0,100.0,2.875,0.2504142327783557
90.0,100.0,2.9,0.24231326705673029
90.0,100.0,2.925,0.2342891930347835
90.0,100.0,2.95,0.22631949240652713
90.0,100.0,2.975,0.2183814579766758
90.0,100.0,3.0,0.21045253354612173
90.0,100.0,3.025,0.2025100248916223
90.0,100.0,3.05,0.1945307980767643
90.0,100.0,3.075,0.18649096365125603
90.0,100.0,3.1,0.17836553760598903
90.0,100.0,3.125,0.17012806737992953
90.0,100.0,3.15,0.16175020787882619
90.0,100.0,3.175,0.15320122769689906
90.0,100.0,3.2,0.1444474221412509
90.0,100.0,3.225,0.13545142918420214
90.0,100.0,3.25,0.12617160690622808
90.0,100.0,3.275,0.11656229691286406
90.0,100.0,3.3,0.10657574468502602
90.0,100.0,3.325,0.09615750824553938
90.0,100.0,3.35,0.08523361061070701
90.0,100.0,3.375,0.07371688996295764
90.0,100.0,3.4,0.06151133746346978
90.0,100.0,3.425,0.04850480657520264
90.0,100.0,3.45,0.034562371259122426
90.0,100.0,3.475,0.019519897867988936
90.0,100.0,3.5,0.0031757265480760123
90.0,100.0,3.525,-0.014720784990209432
90.0,100.0,3.55,-0.034485286772910004
90.0,100.0,3.575,-0.0565212189059168
90.0,100.0,3.6,-0.08135286390170099
90.0,100.0,3.625,-0.10967532630257622
90.0,100.0,3.65,-0.14242437617888387
90.0,100.0,3.675,-0.18090414069355867
90.0,100.0,3.7,-0.22696767267262744
90.0,100.0,3.725,-0.2833437340212546
90.0,100.0,3.75,-0.3542039402324963
90.0,100.0,3.775,-0.4462678005676132
90.0,100.0,3.8,-0.570956701025687
90.0,105.0,2.4,0.4335166454801232
90.0,105.0,2.425,0.4178163443677824
90.0,105.0,2.45,0.403227708731616
90.0,105.0,2.475,0.3896085743423003
90.0,105.0,2.5,0.3768130021575936
90.0,105.0,2.525,0.36472493135807327
90.0,105.0,2.55,0.35325039729358637
90.0,105.0,2.575,0.3423102594883162
90.0,105.0,2.6,0.3318367387750138
90.0,105.0,2.625,0.3217711241170171
90.0,105.0,2.65,0.31206200914712134
90.0,105.0,2.675,0.30266409104828557
90.0,105.0,2.7,0.293536874601812
90.0,105.0,2.725,0.28464400020093295
90.0,105.0,2.75,0.27595156540388543
90.0,105.0,2.775,0.26743219299557675
90.0,105.0,2.8,0.25905519362879403
90.0,105.0,2.825,0.2507949808128365
90.0,105.0,2.85,0.24262656599222118
90.0,105.0,2.875,0.23452588936159496
90.0,105.0,2.9,0.22646950493423237
90.0,105.0,2.925,0.21843426346700687
90.0,105.0,2.95,0.21039700105457854
90.0,105.0,2.975,0.20233422571980952
90.0,105.0,3.0,0.19422179285279473
90.0,105.0,3.025,0.18603455943234568
90.0,105.0,3.05,0.17774600550948447
90.0,105.0,3.075,0.16932780904443107
90.0,105.0,3.1,0.16074935645173385
90.0,105.0,3.125,0.1519771659919076
90.0,105.0,3.15,0.1429741974317395
90.0,105.0,3.175,0.13369904140125582
90.0,105.0,3.2,0.12410513942788479
90.0,105.0,3.225,0.11414079018802618
90.0,105.0,3.25,0.10375050723211879
90.0,105.0,3.275,0.09287014355568636
90.0,105.0,3.3,0.08141437916784482
90.0,105.0,3.325,0.06928158003373394
90.0,105.0,3.35,0.05635700033779231
90.0,105.0,3.375,0.04250454327106547
90.0,105.0,3.4,0.027558319218587212
90.0,105.0,3.425,0.01131360987498976
90.0,105.0,3.45,-0.006485173855430063
90.0,105.0,3.475,-0.02616142941191981
90.0,105.0,3.5,-0.048131218813895434
90.0,105.0,3.525,-0.07293749290216474
90.0,105.0,3.55,-0.10130509213508618
90.0,105.0,3.575,-0.1342222841232558
90.0,105.0,3.6,-0.17307227289151497
90.0,105.0,3.625,-0.21985049779621577
90.0,105.0,3.65,-0.27754000286801206
90.0,105.0,3.675,-0.3507925691362772
90.0,105.0,3.7,-0.4472348348051216
90.0,105.0,3.725,-0.5801431713036054
90.0,105.0,3.75,-0.7743249208210469
90.0,105.0,3.775,-1.0780236630739846
90.0,105.0,3.8,-1.56129646729392
90.0,110.0,2.4,0.4049453202353642
90.0,110.0,2.425,0.3913872334338791
90.0,110.0,2.45,0.3786321071858815
90.0,110.0,2.475,0.36656573639769335
90.0,110.0,2.5,0.3550966477585553
90.0,110.0,2.525,0.3441480602948516
90.0,110.0,2.55,0.3336540508181138
90.0,110.0,2.575,0.3235573563156648
90.0,110.0,2.6,0.31380779230212485
90.0,110.0,2.625,0.3043609109887758
90.0,110.0,2.65,0.29517639591313455
90.0,110.0,2.675,0.2862201105424296
90.0,110.0,2.7,0.27745773448274536
90.0,110.0,2.725,0.2688594924072683
90.0,110.0,2.75,0.26039735176096623
90.0,110.0,2.775,0.2520448058937375
90.0,110.0,2.8,0.24377651099731942
90.0,110.0,2.825,0.2355679314545884
90.0,110.0,2.85,0.2273949976465557
90.0,110.0,2.875,0.21923377456306564
90.0,110.0,2.9,0.2110601325220306
90.0,110.0,2.925,0.20284941006986665
90.0,110.0,2.95,0.19457605842514017
90.0,110.0,2.975,0.1862132556533017
90.0,110.0,3.0,0.17773247682162172
90.0,110.0,3.025,0.16910300337656556
90.0,110.0,3.05,0.16029135051760518
90.0,110.0,3.075,0.15126058526001637
90.0,110.0,3.1,0.14196950271663805
90.0,110.0,3.125,0.13237164229988985
90.0,110.0,3.15,0.12241425031356007
90.0,110.0,3.175,0.11203777794834965
90.0,110.0,3.2,0.10117645967329601
90.0,110.0,3.225,0.08975401075994237
90.0,110.0,3.25,0.07767121286378703
90.0,110.0,3.275,0.06480734265846314
90.0,110.0,3.3,0.05102256697456811
90.0,110.0,3.325,0.03614949076813707
90.0,110.0,3.35,0.019976180447774876
90.0,110.0,3.375,0.002244879755786736
90.0,110.0,3.4,-0.01737820965231906
90.0,110.0,3.425,-0.039323129807340776
90.0,110.0,3.45,-0.06415579123974416
90.0,110.0,3.475,-0.09263657080791389
90.0,110.0,3.5,-0.12581172606825067
90.0,110.0,3.525,-0.16516117081652187
90.0,110.0,3.55,-0.21284716568191347
90.0,110.0,3.575,-0.2721529353062213
90.0,110.0,3.6,-0.3482998257167966
90.0,110.0,3.625,-0.4500691075404243
90.0,110.0,3.65,-0.5932503654768667
90.0,110.0,3.675,-0.8083897721167855
90.0,110.0,3.7,-1.1567008886542511
90.0,110.0,3.725,-1.7034189704931746
90.0,110.0,3.75,-1.0627977616071136
90.0,110.0,3.775,2.0821828821985977
90.0,110.0,3.8,1.7403972306411466
90.0,115.0,2.4,0.38196531938937966
90.0,115.0,2.425,0.36982216687540354
90.0,115.0,2.45,0.35827144826228896
90.0,115.0,2.475,0.3472369117692038
90.0,115.0,2.5,0.3366531564404576
90.0,115.0,2.525,0.32646320447030874
90.0,115.0,2.55,0.3166159289209421
90.0,115.0,2.575,0.307070474756308
90.0,115.0,2.6,0.29778365483440516
90.0,115.0,2.625,0.2887204802877471
90.0,115.0,2.65,0.27984802847014656
90.0,115.0,2.675,0.27113582880873965
90.0,115.0,2.7,0.2625552532495067
90.0,115.0,2.725,0.2540791835860883
90.0,115.0,2.75,0.24568163594209674
90.0,115.0,2.775,0.23733728016486028
90.0,115.0,2.8,0.2290210991038018
90.0,115.0,2.825,0.22070804381864903
90.0,115.0,2.85,0.21237267861645628
90.0,115.0,2.875,0.20398881037577613
90.0,115.0,2.9,0.19552909070820398
90.0,115.0,2.925,0.18696457700478625
90.0,115.0,2.95,0.1782642356503378
90.0,115.0,2.975,0.16939436675215228
90.0,115.0,3.0,0.16031792409115683
90.0,115.0,3.025,0.15099369633528612
90.0,115.0,3.05,0.14137530746016844
90.0,115.0,3.075,0.13140999869959935
90.0,115.0,3.1,0.12103723505625345
90.0,115.0,3.125,0.11018751904826893
90.0,115.0,3.15,0.09878192959760539
90.0,115.0,3.175,0.08672842820705402
90.0,115.0,3.2,0.07391097370968713
90.0,115.0,3.225,0.06018344325831428
90.0,115.0,3.25,0.04536962564995238
90.0,115.0,3.275,0.02926002724693045
90.0,115.0,3.3,0.011586744671992862
90.0,115.0,3.325,-0.007992166116095798
90.0,115.0,3.35,-0.029921298426371194
90.0,115.0,3.375,-0.0547897693300589
90.0,115.0,3.4,-0.08339531627519306
90.0,115.0,3.425,-0.11684561954923091
90.0,115.0,3.45,-0.15672445460857848
90.0,115.0,3.475,-0.20537609883905333
90.0,115.0,3.5,-0.26641735835680214
90.0,115.0,3.525,-0.34571594425077157
90.0,115.0,3.55,-0.45339473425130666
90.0,115.0,3.575,-0.6082658501529737
90.0,115.0,3.6,-0.8482452380875867
90.0,115.0,3.625,-1.251086370721705
90.0,115.0,3.65,-1.8225903012809603
90.0,115.0,3.675,0.30607168830964104
90.0,115.0,3.7,2.0734498046265477
90.0,115.0,3.725,1.5252136077809741
90.0,115.0,3.75,1.1487848309054833
90.0,115.0,3.775,0.9212764508032105
90.0,115.0,3.8,0.772573035402134
90.0,120.0,2.4,0.3626622098269766
90.0,120.0,2.425,0.35147221814024826
90.0,120.0,2.45,0.3407350437154898
90.0,120.0,2.475,0.3303971860294247
90.0,120.0,2.5,0.3204044590471827
90.0,120.0,2.525,0.3107124016174247
90.0,120.0,2.55,0.3012807913308205
90.0,120.0,2.575,0.29207295175753517
90.0,120.0,2.6,0.28305523489662493
90.0,120.0,2.625,0.27419639075791646
90.0,120.0,2.65,0.26546702246347614
90.0,120.0,2.675,0.25683915926541007
90.0,120.0,2.7,0.2482857300276011
90.0,120.0,2.725,0.2397802613148079
90.0,120.0,2.75,0.23129651681804814
90.0,120.0,2.775,0.2228080335065487
90.0,120.0,2.8,0.21428774511926998
90.0,120.0,2.825,0.20570757271605747
90.0,120.0,2.85,0.19703797211753515
90.0,120.0,2.875,0.18824742585239979
90.0,120.0,2.9,0.17930185957138414
90.0,120.0,2.925,0.17016395699712591
90.0,120.0,2.95,0.1607923398918772
90.0,120.0,2.975,0.1511405691499143
90.0,120.0,3.0,0.14115591010949177
90.0,120.0,3.025,0.13077779596137148
90.0,120.0,3.05,0.11993594774962436
90.0,120.0,3.075,0.10854814959933366
90.0,120.0,3.1,0.09652298944305963
90.0,120.0,3.125,0.08374244923981988
90.0,120.0,3.15,0.07006690914199462
90.0,120.0,3.175,0.05531914143795304
90.0,120.0,3.2,0.03928071428721898
90.0,120.0,3.225,0.02167881461223128
90.0,120.0,3.25,0.0021636497896165736
90.0,120.0,3.275,-0.019722148588181453
90.0,120.0,3.3,-0.04458858339205948
90.0,120.0,3.325,-0.07326785589158491
90.0,120.0,3.35,-0.10692561398516075
90.0,120.0,3.375,-0.14724589555459502
90.0,120.0,3.4,-0.1967529119502432
90.0,120.0,3.425,-0.25940198375818185
90.0,120.0,3.45,-0.34173679913947114
90.0,120.0,3.475,-0.4553344411644051
90.0,120.0,3.5,-0.6224258866592968
90.0,120.0,3.525,-0.8896409205456047
90.0,120.0,3.55,-1.3530187647430052
90.0,120.0,3.575,-1.8217741266751482
90.0,120.0,3.6,1.5492647447885295
90.0,120.0,3.625,1.8795926351711807
90.0,120.0,3.65,1.3463857873678668
90.0,120.0,3.675,1.0315955230354164
90.0,120.0,3.7,0.839568166024336
90.0,120.0,3.725,0.711704492951512
90.0,120.0,3.75,0.6203737351893908
90.0,120.0,3.775,0.5515226172536205
90.0,120.0,3.8,0.49737810922075093
90.0,125.0,2.4,0.3458420690442142
90.0,125.0,2.425,0.33530189913594793
90.0,125.0,2.45,0.3251146161856465
90.0,125.0,2.475,0.31523410927514633
90.0,125.0,2.5,0.30561871671520163
90.0,125.0,2.525,0.29623055617403876
90.0,125.0,2.55,0.28703479724583386
90.0,125.0,2.575,0.27799903078480376
90.0,125.0,2.6,0.26909272166571974
90.0,125.0,2.625,0.2602866789725136
90.0,125.0,2.65,0.2515525869511016
90.0,125.0,2.675,0.2428626146103977
90.0,125.0,2.7,0.23418891122340638
90.0,125.0,2.725,0.22550326985879032
90.0,125.0,2.75,0.2167767066966898
90.0,125.0,2.775,0.20797891853916026
90.0,125.0,2.8,0.19907777311815006
90.0,125.0,2.825,0.1900387184473702
90.0,125.0,2.85,0.18082408912728148
90.0,125.0,2.875,0.17139228004805296
90.0,125.0,2.9,0.16169674370246004
90.0,125.0,2.925,0.15168474988181666
90.0,125.0,2.95,0.14129581190444868
90.0,125.0,2.975,0.13045951365202008
90.0,125.0,3.0,0.1190944144989463
90.0,125.0,3.025,0.10710578061038951
90.0,125.0,3.05,0.09437319896883226
90.0,125.0,3.075,0.08076106089371175
90.0,125.0,3.1,0.06609580911417626
90.0,125.0,3.125,0.05015588405878876
90.0,125.0,3.15,0.03266293780853374
90.0,125.0,3.175,0.01326140295578682
90.0,125.0,3.2,-0.008514926108436056
90.0,125.0,3.225,-0.033291245641405606
90.0,125.0,3.25,-0.06192611930625946
90.0,125.0,3.275,-0.09563146185974168
90.0,125.0,3.3,-0.13617443698835274
90.0,125.0,3.325,-0.18623393986466663
90.0,125.0,3.35,-0.25006717260912004
90.0,125.0,3.375,-0.3348446813312613
90.0,125.0,3.4,-0.4535541258789885
90.0,125.0,3.425,-0.6319236420533234
90.0,125.0,3.45,-0.9260225316025702
90.0,125.0,3.475,-1.4495922518421662
90.0,125.0,3.5,-1.5766662562367113
90.0,125.0,3.525,2.0520946510113367
90.0,125.0,3.55,1.6845513370266127
90.0,125.0,3.575,1.2114527693127863
90.0,125.0,3.6,0.9426490919064356
90.0,125.0,3.625,0.77647376297167
90.0,125.0,3.65,0.6641755436340087
90.0,125.0,3.675,0.5828907605317283
90.0,125.0,3.7,0.5209231967521836
90.0,125.0,3.725,0.47174291720885575
90.0,125.0,3.75,0.43141826468884953
90.0,125.0,3.775,0.3974450447854627
90.0,125.0,3.8,0.3681537163311397
90.0,130.0,2.4,0.330716530343118
90.0,130.0,2.425,0.3206061047338787
90.0,130.0,2.45,0.3107692412281618
90.0,130.0,2.475,0.3011663867620527
90.0,130.0,2.5,0.2917611370301104
90.0,130.0,2.525,0.28251955787424093
90.0,130.0,2.55,0.2734095882630656
90.0,130.0,2.575,0.26440051058177955
90.0,130.0,2.6,0.2554624669936002
90.0,130.0,2.625,0.24656595518037588
90.0,130.0,2.65,0.23768135324543357
90.0,130.0,2.675,0.22877848843787785
90.0,130.0,2.7,0.21982606020239387
90.0,130.0,2.725,0.2107911759591724
90.0,130.0,2.75,0.2016387561044082
90.0,130.0,2.775,0.19233076540533417
90.0,130.0,2.8,0.18282539288922509
90.0,130.0,2.825,0.17307604927383127
90.0,130.0,2.85,0.16303011726149189
90.0,130.0,2.875,0.15262730113481823
90.0,130.0,2.9,0.14179659262845504
90.0,130.0,2.925,0.13046293228915032
90.0,130.0,2.95,0.11852280761079077
90.0,130.0,2.975,0.10586172582409326
90.0,130.0,3.0,0.09234028106717661
90.0,130.0,3.025,0.07778762401114597
90.0,130.0,3.05,0.06198818614633283
90.0,130.0,3.075,0.044663206202082
90.0,130.0,3.1,0.025453717888722315
90.0,130.0,3.125,0.003890017989379523
90.0,130.0,3.15,-0.020659368905420732
90.0,130.0,3.175,-0.04906593386315759
90.0,130.0,3.2,-0.08256740771333476
90.0,130.0,3.225,-0.12298202836586161
90.0,130.0,3.25,-0.17309136970665995
90.0,130.0,3.275,-0.2373671364062486
90.0,130.0,3.3,-0.3234545595958165
90.0,130.0,3.325,-0.4454803507176071
90.0,130.0,3.35,-0.6322093090140495
90.0,130.0,3.375,-0.9486350047349212
90.0,130.0,3.4,-1.5244643024193603
90.0,130.0,3.425,-1.1049514947635646
90.0,130.0,3.45,2.125900456207674
90.0,130.0,3.475,1.5361893997695624
90.0,130.0,3.5,1.1154908412772357
90.0,130.0,3.525,0.8784408856665248
90.0,130.0,3.55,0.7301321586054522
90.0,130.0,3.575,0.6287373612845734
90.0,130.0,3.6,0.5547043163294314
90.0,130.0,3.625,0.4978778198464843
90.0,130.0,3.65,0.45247298251351786
90.0,130.0,3.675,0.41501521267982827
90.0,130.0,3.7,0.383294810574189
90.0,130.0,3.725,0.35582518508319855
90.0,130.0,3.75,0.3315673975984564
90.0,130.0,3.775,0.309771855097171
90.0,130.0,3.8,0.28988174980066944
90.0,135.0,2.4,0.31672163969287154
90.0,135.0,2.425,0.30687008118964004
90.0,135.0,2.45,0.2972243578470098
90.0,135.0,2.475,0.2877486409725897
90.0,135.0,2.5,0.27840903652569987
90.0,135.0,2.525,0.2691730005238064
90.0,135.0,2.55,0.2600087958165726
90.0,135.0,2.575,0.2508849795295762
90.0,135.0,2.6,0.24176989920111042
90.0,135.0,2.625,0.2326311195559066
90.0,135.0,2.65,0.22343484009948883
90.0,135.0,2.675,0.21414531380906696
90.0,135.0,2.7,0.2047240543322615
90.0,135.0,2.725,0.19512907578630515
90.0,135.0,2.75,0.1853138991882526
90.0,135.0,2.775,0.1752262363112296
90.0,135.0,2.8,0.16480626988050315
90.0,135.0,2.825,0.15398327760247657
90.0,135.0,2.85,0.14268585035047068
90.0,135.0,2.875,0.1308104630931733
90.0,135.0,2.9,0.11824426462564107
90.0,135.0,2.925,0.10484940610657861
90.0,135.0,2.95,0.09045576159201972
90.0,135.0,2.975,0.07485181866444468
90.0,135.0,3.0,0.05776766722107623
90.0,135.0,3.025,0.038849465747080994
90.0,135.0,3.05,0.017630599133486274
90.0,135.0,3.075,-0.006515561341070199
90.0,135.0,3.1,-0.03445542220661645
90.0,135.0,3.125,-0.06742411447353534
90.0,135.0,3.15,-0.10724529935459365
90.0,135.0,3.175,-0.15672540674888474
90.0,135.0,3.2,-0.2204122434504796
90.0,135.0,3.225,-0.3061633664044637
90.0,135.0,3.25,-0.42871179902332185
90.0,135.0,3.275,-0.618709164171988
90.0,135.0,3.3,-0.947744793266116
90.0,135.0,3.325,-1.56242918206987
90.0,135.0,3.35,-0.674761185479733
90.0,135.0,3.375,2.090937484404064
90.0,135.0,3.4,1.4405081407210676
90.0,135.0,3.425,1.0527272457592896
90.0,135.0,3.45,0.8351916413672503
90.0,135.0,3.475,0.6983158915337269
90.0,135.0,3.5,0.6041661481944967
90.0,135.0,3.525,0.5350322051896708
90.0,135.0,3.55,0.48170372693755587
90.0,135.0,3.575,0.4389640688710723
90.0,135.0,3.6,0.40362188577297536
90.0,135.0,3.625,0.37359411338049775
90.0,135.0,3.65,0.347506936248478
90.0,135.0,3.675,0.3244105726147727
90.0,135.0,3.7,0.30361497157985884
90.0,135.0,3.725,0.28460444527389106
90.0,135.0,3.75,0.26698384153607274
90.0,135.0,3.775,0.2504426207570557
90.0,135.0,3.8,0.2347304327868101
90.0,140.0,2.4,0.30342772899606857
90.0,140.0,2.425,0.29368950638795344
90.0,140.0,2.45,0.28409445215864576
90.0,140.0,2.475,0.2746078977953896
90.0,140.0,2.5,0.2651959778194274
90.0,140.0,2.525,0.25582504864336575
90.0,140.0,2.55,0.24646110688689596
90.0,140.0,2.575,0.23706919706065102
90.0,140.0,2.6,0.22761277927834905
90.0,140.0,2.625,0.21805294468136197
90.0,140.0,2.65,0.2083475570646084
90.0,140.0,2.675,0.19845031772576965
90.0,140.0,2.7,0.18830945160038015
90.0,140.0,2.725,0.17786611567962204
90.0,140.0,2.75,0.16705132124175237
90.0,140.0,2.775,0.15579271671709816
90.0,140.0,2.8,0.14399564872439624
90.0,140.0,2.825,0.13154589563019567
90.0,140.0,2.85,0.11831054257335005
90.0,140.0,2.875,0.10412427309630273
90.0,140.0,2.9,0.0887805801994575
90.0,140.0,2.925,0.07201814326611165
90.0,140.0,2.95,0.05349833482170669
90.0,140.0,2.975,0.03277007142922736
90.0,140.0,3.0,0.009224293415166026
90.0,140.0,3.025,-0.01797993571705938
90.0,140.0,3.05,-0.05004170033138635
90.0,140.0,3.075,-0.08873443004760892
90.0,140.0,3.1,-0.13679422867166532
90.0,140.0,3.125,-0.19866919052332077
90.0,140.0,3.15,-0.2820815805974794
90.0,140.0,3.175,-0.4016183731340186
90.0,140.0,3.2,-0.5880176051631761
90.0,140.0,3.225,-0.9150199982034638
90.0,140.0,3.25,-1.5489011982108856
90.0,140.0,3.275,-0.5959300176881712
90.0,140.0,3.3,2.077806714842787
90.0,140.0,3.325,1.3955318665259355
90.0,140.0,3.35,1.0192438124730387
90.0,140.0,3.375,0.810451796324758
90.0,140.0,3.4,0.6793846073934595
90.0,140.0,3.425,0.58924147565377
90.0,140.0,3.45,0.5230053985785528
90.0,140.0,3.475,0.47185488217226257
90.0,140.0,3.5,0.4307914221092094
90.0,140.0,3.525,0.39678586018435924
90.0,140.0,3.55,0.3679033764264748
90.0,140.0,3.575,0.34281265369525815
90.0,140.0,3.6,0.32056870895394945
90.0,140.0,3.625,0.3005170620561904
90.0,140.0,3.65,0.2821742383722438
90.0,140.0,3.675,0.2651670962347282
90.0,140.0,3.7,0.2492012894698349
90.0,140.0,3.725,0.23403932167376681
90.0,140.0,3.75,0.21948471274771156
90.0,140.0,3.775,0.2053705387095253
90.0,140.0,3.8,0.1915468993903612
90.0,145.0,2.4,0.2904794330328053
90.0,145.0,2.425,0.2807187442065505
90.0,145.0,2.45,0.2710377826944768
90.0,145.0,2.475,0.26140046071350054
90.0,145.0,2.5,0.25177022289844175
90.0,145.0,2.525,0.2421093580680103
90.0,145.0,2.55,0.23237825147454275
90.0,145.0,2.575,0.22253456467931812
90.0,145.0,2.6,0.21253229149203823
90.0,145.0,2.625,0.20232047088463595
90.0,145.0,2.65,0.19184162756471593
90.0,145.0,2.675,0.1810295701855663
90.0,145.0,2.7,0.1698077583704193
90.0,145.0,2.725,0.15809616642039154
90.0,145.0,2.75,0.1457796142738483
90.0,145.0,2.775,0.1327305020689515
90.0,145.0,2.8,0.11879181541883636
90.0,145.0,2.825,0.10376682542911193
90.0,145.0,2.85,0.08740613304632429
90.0,145.0,2.875,0.0693885711895055
90.0,145.0,2.9,0.04929062105970556
90.0,145.0,2.925,0.026537471454133623
90.0,145.0,2.95,0.00033494797759704427
90.0,145.0,2.975,-0.03044699988609623
90.0,145.0,3.0,-0.06747473680035519
90.0,145.0,3.025,-0.11331466966149595
90.0,145.0,3.05,-0.17213076735540078
90.0,145.0,3.075,-0.2511378556216367
90.0,145.0,3.1,-0.3639451766407504
90.0,145.0,3.125,-0.5392644147397586
90.0,145.0,3.15,-0.846923165419705
90.0,145.0,3.175,-1.4655619627979453
90.0,145.0,3.2,-1.0276565856774493
90.0,145.0,3.225,2.1338143993848546
90.0,145.0,3.25,1.4025531980117938
90.0,145.0,3.275,1.0138539663988295
90.0,145.0,3.3,0.8031574645251099
90.0,145.0,3.325,0.6725026843251604
90.0,145.0,3.35,0.5832839284455622
90.0,145.0,3.375,0.5180229142249785
90.0,145.0,3.4,0.46777657762994485
90.0,145.0,3.425,0.4275204516025363
90.0,145.0,3.45,0.39422114393577756
90.0,145.0,3.475,0.36594349871519205
90.0,145.0,3.5,0.34140527679481164
90.0,145.0,3.525,0.31971159226076745
90.0,145.0,3.55,0.30017653495560515
90.0,145.0,3.575,0.28230684291904895
90.0,145.0,3.6,0.26574577618501616
90.0,145.0,3.625,0.2502118427322372
90.0,145.0,3.65,0.23547656631777542
90.0,145.0,3.675,0.22134533325800837
90.0,145.0,3.7,0.20767201015863115
90.0,145.0,3.725,0.194304695826515
90.0,145.0,3.75,0.18112170582378737
90.0,145.0,3.775,0.168007540841772
90.0,145.0,3.8,0.15485178176682604
90.0,150.0,2.4,0.2775559855943026
90.0,150.0,2.425,0.2676332142305368
90.0,150.0,2.45,0.2577198431795942
90.0,150.0,2.475,0.24777521790720672
90.0,150.0,2.5,0.2377565061890726
90.0,150.0,2.525,0.2276177215004452
90.0,150.0,2.55,0.21730857409318383
90.0,150.0,2.575,0.2067731315291198
90.0,150.0,2.6,0.19594813288286436
90.0,150.0,2.625,0.18476016941776527
90.0,150.0,2.65,0.17312572117309985
90.0,150.0,2.675,0.16094957529384368
90.0,150.0,2.7,0.14810366267006309
90.0,150.0,2.725,0.13444060296375693
90.0,150.0,2.75,0.11977722814176939
90.0,150.0,2.775,0.10388132611305637
90.0,150.0,2.8,0.0864541513496332
90.0,150.0,2.825,0.06710451899864339
90.0,150.0,2.85,0.04530605917348961
90.0,150.0,2.875,0.020332078247295125
90.0,150.0,2.9,-0.008849152963927692
90.0,150.0,2.925,-0.043748895909951395
90.0,150.0,2.95,-0.0866790801925713
90.0,150.0,2.975,-0.14136254575936863
90.0,150.0,3.0,-0.21419105888222356
90.0,150.0,3.025,-0.3170889681365005
90.0,150.0,3.05,-0.4749044924288242
90.0,150.0,3.075,-0.7476731514928745
90.0,150.0,3.1,-1.3027231800876575
90.0,150.0,3.125,-1.7453578404462025
90.0,150.0,3.15,2.2665272561322554
90.0,150.0,3.175,1.471949432576049
90.0,150.0,3.2,1.0391087256561453
90.0,150.0,3.225,0.8139527312331162
90.0,150.0,3.25,0.677737850111287
90.0,150.0,3.275,0.5861584705341714
90.0,150.0,3.3,0.5198713926916089
90.0,150.0,3.325,0.46921680903868135
90.0,150.0,3.35,0.42886027571785595
90.0,150.0,3.375,0.39562177427948164
90.0,150.0,3.4,0.36748870287573643
90.0,150.0,3.425,0.343126134353689
90.0,150.0,3.45,0.32162132258985493
90.0,150.0,3.475,0.30233424204462467
90.0,150.0,3.5,0.2847556658309076
90.0,150.0,3.525,0.26848643987512866
90.0,150.0,3.55,0.2532478452948171
90.0,150.0,3.575,0.23881303776734034
90.0,150.0,3.6,0.22500848076429172
90.0,150.0,3.625,0.21167202055638443
90.0,150.0,3.65,0.19866918156604715
90.0,150.0,3.675,0.18587980020352157
90.0,150.0,3.7,0.1731935283374542
90.0,150.0,3.725,0.16050690926783456
90.0,150.0,3.75,0.14771764071964458
90.0,150.0,3.775,0.13472339617155915
90.0,150.0,3.8,0.12141739453640166
90.0,155.0,2.4,0.2643387275568568
90.0,155.0,2.425,0.25409631045622233
90.0,155.0,2.45,0.24377834707042037
90.0,155.0,2.475,0.2333351039185716
90.0,155.0,2.5,0.22271198710535972
90.0,155.0,2.525,0.2118478738482641
90.0,155.0,2.55,0.20067299595815274
90.0,155.0,2.575,0.1891072588246747
90.0,155.0,2.6,0.17705948179994374
90.0,155.0,2.625,0.16441826124048406
90.0,155.0,2.65,0.15104311030646067
90.0,155.0,2.675,0.13676481131370777
90.0,155.0,2.7,0.1213718177001587
90.0,155.0,2.725,0.10459297968849053
90.0,155.0,2.75,0.08607435324074489
90.0,155.0,2.775,0.06534505932291801
90.0,155.0,2.8,0.04176011839499183
90.0,155.0,2.825,0.014408432330922502
90.0,155.0,2.85,-0.018034302295208453
90.0,155.0,2.875,-0.05757025004020244
90.0,155.0,2.9,-0.10738157901757264
90.0,155.0,2.925,-0.17284500970744127
90.0,155.0,2.95,-0.2637896705483427
90.0,155.0,2.975,-0.40017637398604233
90.0,155.0,3.0,-0.628838650840459
90.0,155.0,3.025,-1.082068867201701
90.0,155.0,3.05,-1.9929899411929204
90.0,155.0,3.075,2.2820532502464634
90.0,155.0,3.1,1.6323672044893747
90.0,155.0,3.125,1.1035614114491155
90.0,155.0,3.15,0.8459118479187863
90.0,155.0,3.175,0.6963585865974339
90.0,155.0,3.2,0.5984121302539618
90.0,155.0,3.225,0.5287676596133138
90.0,155.0,3.25,0.4762255989022029
90.0,155.0,3.275,0.43476803557181015
90.0,155.0,3.3,0.40088010201836105
90.0,155.0,3.325,0.3723721240318899
90.0,155.0,3.35,0.3478079619477155
90.0,155.0,3.375,0.3262060918699404
90.0,155.0,3.4,0.3068779233274095
90.0,155.0,3.425,0.2893376049371414
90.0,155.0,3.45,0.2732015487255222
90.0,155.0,3.475,0.2581205237867322
90.0,155.0,3.5,0.24387637258945877
90.0,155.0,3.525,0.2302836729607578
90.0,155.0,3.55,0.21718987708435838
90.0,155.0,3.575,0.20446212688830975
90.0,155.0,3.6,0.19198283102806918
90.0,155.0,3.625,0.17964544769106633
90.0,155.0,3.65,0.16735043633229496
90.0,155.0,3.675,0.1550019676910726
90.0,155.0,3.7,0.14250476899516532
90.0,155.0,3.725,0.1297610995235475
90.0,155.0,3.75,0.11666758339063735
90.0,155.0,3.775,0.1031116616180724
90.0,155.0,3.8,0.08896893777930652
90.0,160.0,2.4,0.2504789716436461
90.0,160.0,2.425,0.2397235388801992
90.0,160.0,2.45,0.22878165336150508
90.0,160.0,2.475,0.21758716192886962
90.0,160.0,2.5,0.2060641774701907
90.0,160.0,2.525,0.1941242989023621
90.0,160.0,2.55,0.18166811050707402
90.0,160.0,2.575,0.16857245823438402
90.0,160.0,2.6,0.15467981115849966
90.0,160.0,2.625,0.13979991358527663
90.0,160.0,2.65,0.1236916828079267
90.0,160.0,2.675,0.10604260548615017
90.0,160.0,2.7,0.08643985883890215
90.0,160.0,2.725,0.0643247127489016
90.0,160.0,2.75,0.03891860073671458
90.0,160.0,2.775,0.009098460961343499
90.0,160.0,2.8,-0.02680911282946953
90.0,160.0,2.825,-0.07141497943444715
90.0,160.0,2.85,-0.1290349910000395
90.0,160.0,2.875,-0.20734101246825629
90.0,160.0,2.9,-0.3213488430005296
90.0,160.0,2.925,-0.504623385916748
90.0,160.0,2.95,-0.8476185081058452
90.0,160.0,2.975,-1.6367774588853479
90.0,160.0,3.0,0.49613829822686545
90.0,160.0,3.025,1.951956694791354
90.0,160.0,3.05,1.2278503113678791
90.0,160.0,3.075,0.9062838485645627
90.0,160.0,3.1,0.7314773123393972
90.0,160.0,3.125,0.6215589575125896
90.0,160.0,3.15,0.5455014515210603
90.0,160.0,3.175,0.4892249729573405
90.0,160.0,3.2,0.4454626097762445
90.0,160.0,3.225,0.4100944211722781
90.0,160.0,3.25,0.3806120395869325
90.0,160.0,3.275,0.3554001218726522
90.0,160.0,3.3,0.33336989434690184
90.0,160.0,3.325,0.3137596745736606
90.0,160.0,3.35,0.2960231029002249
90.0,160.0,3.375,0.27977312796021137
90.0,160.0,3.4,0.26470400087535273
90.0,160.0,3.425,0.2505301171558301
90.0,160.0,3.45,0.23704359294786784
90.0,160.0,3.475,0.2240931397821016
90.0,160.0,3.5,0.21154915715770084
90.0,160.0,3.525,0.19929455200166393
90.0,160.0,3.55,0.18722471502627727
90.0,160.0,3.575,0.17524285789272043
90.0,160.0,3.6,0.16325710736930726
90.0,160.0,3.625,0.15117755367191205
90.0,160.0,3.65,0.1389134396883636
90.0,160.0,3.675,0.12637033880647783
90.0,160.0,3.7,0.11344713535374919
90.0,160.0,3.725,0.10003257001036585
90.0,160.0,3.75,0.08600119866255007
90.0,160.0,3.775,0.07120998412438315
90.0,160.0,3.8,0.055491522788607583
90.0,165.0,2.4,0.23555908773101628
90.0,165.0,2.425,0.22403528807593587
90.0,165.0,2.45,0.21216957475682102
90.0,165.0,2.475,0.199866217707085
90.0,165.0,2.5,0.18701385103348717
90.0,165.0,2.525,0.17348220051473842
90.0,165.0,2.55,0.15909730744628656
90.0,165.0,2.575,0.1436459853004498
90.0,165.0,2.6,0.12685820811583715
90.0,165.0,2.625,0.10837989229541488
90.0,165.0,2.65,0.08773762801344387
90.0,165.0,2.675,0.06428135862829931
90.0,165.0,2.7,0.03708856489846829
90.0,165.0,2.725,0.004803086768923056
90.0,165.0,2.75,-0.03464492391020463
90.0,165.0,2.775,-0.084585973644494
90.0,165.0,2.8,-0.1507455816734976
90.0,165.0,2.825,-0.24384469478353327
90.0,165.0,2.85,-0.38644149535649225
90.0,165.0,2.875,-0.6346051685730322
90.0,165.0,2.9,-1.164551569860171
90.0,165.0,2.925,-2.2175694141611286
90.0,165.0,2.95,2.5147867249665237
90.0,165.0,2.975,1.4628796242798165
90.0,165.0,3.0,1.0110142232109007
90.0,165.0,3.025,0.78953774129123
90.0,165.0,3.05,0.65868291984148
90.0,165.0,3.075,0.5717178916709627
90.0,165.0,3.1,0.5091555948386561
90.0,165.0,3.125,0.4615044538724684
90.0,165.0,3.15,0.42360419445732017
90.0,165.0,3.175,0.39241138023623084
90.0,165.0,3.2,0.36601466185769566
90.0,165.0,3.225,0.3431518096160854
90.0,165.0,3.25,0.32295378914723516
90.0,165.0,3.275,0.3048010789350498
90.0,165.0,3.3,0.2882447734199771
90.0,165.0,3.325,0.2729555861196538
90.0,165.0,3.35,0.2586885642872085
90.0,165.0,3.375,0.24519958028780628
90.0,165.0,3.4,0.23229522959292276
90.0,165.0,3.425,0.21984058892115788
90.0,165.0,3.45,0.20772230492843846
90.0,165.0,3.475,0.19583647581642527
90.0,165.0,3.5,0.18408748819572104
90.0,165.0,3.525,0.17238566406488556
90.0,165.0,3.55,0.16064461446912665
90.0,165.0,3.575,0.148778612949072
90.0,165.0,3.6,0.13669998789075524
90.0,165.0,3.625,0.12431641877864211
90.0,165.0,3.65,0.11152797374481264
90.0,165.0,3.675,0.09822367966402255
90.0,165.0,3.7,0.08427733869107558
90.0,165.0,3.725,0.0695423368504456
90.0,165.0,3.75,0.05384606884912028
90.0,165.0,3.775,0.03698073205064116
90.0,165.0,3.8,0.018689436222829002
90.0,170.0,2.4,0.21903685913355922
90.0,170.0,2.425,0.20638464797994768
90.0,170.0,2.45,0.1931584910584008
90.0,170.0,2.475,0.17921599677630312
90.0,170.0,2.5,0.16437540777195342
90.0,170.0,2.525,0.14839998773269528
90.0,170.0,2.55,0.13099017282642494
90.0,170.0,2.575,0.11175368745553935
90.0,170.0,2.6,0.09015766974244542
90.0,170.0,2.625,0.06546232527360876
90.0,170.0,2.65,0.036599879263228156
90.0,170.0,2.675,0.0019715623683476393
90.0,170.0,2.7,-0.04091597190773753
90.0,170.0,2.725,-0.09619313152215493
90.0,170.0,2.75,-0.1712330951929407
90.0,170.0,2.775,-0.2805686801814989
90.0,170.0,2.8,-0.4571268610001784
90.0,170.0,2.825,-0.7925885171597268
90.0,170.0,2.85,-1.6203298470440302
90.0,170.0,2.875,0.6166178694276728
90.0,170.0,2.9,1.9511446826697936
90.0,170.0,2.925,1.1981047944422338
90.0,170.0,2.95,0.8840671777687266
90.0,170.0,2.975,0.7158047142620423
90.0,170.0,3.0,0.610511101994278
90.0,170.0,3.025,0.5377678658260509
90.0,170.0,3.05,0.48395126377786907
90.0,170.0,3.075,0.4420779955505586
90.0,170.0,3.1,0.40820513728401847
90.0,170.0,3.125,0.37993853240895986
90.0,170.0,3.15,0.35573926470318373
90.0,170.0,3.175,0.33456722470068434
90.0,170.0,3.2,0.3157110753339009
90.0,170.0,3.225,0.29863499440466046
90.0,170.0,3.25,0.28295443401057063
90.0,170.0,3.275,0.26838375676058024
90.0,170.0,3.3,0.254714848789057
90.0,170.0,3.325,0.24174548427311635
90.0,170.0,3.35,0.2292872202600926
90.0,170.0,3.375,0.21721454465696483
90.0,170.0,3.4,0.205425780840906
90.0,170.0,3.425,0.1938264853042512
90.0,170.0,3.45,0.1823279560276971
90.0,170.0,3.475,0.17084569203567615
90.0,170.0,3.5,0.15929720590071456
90.0,170.0,3.525,0.1475996461520465
90.0,170.0,3.55,0.13566732345258828
90.0,170.0,3.575,0.12340906305177449
90.0,170.0,3.6,0.11072523435320436
90.0,170.0,3.625,0.09750425520940138
90.0,170.0,3.65,0.0836182972958989
90.0,170.0,3.675,0.06891779773056983
90.0,170.0,3.7,0.05322426147538019
90.0,170.0,3.725,0.03632138376277743
90.0,170.0,3.75,0.017942386624291828
90.0,170.0,3.775,-0.002250012820017399
90.0,170.0,3.8,-0.024688449775695225
90.0,175.0,2.4,0.20015596989688877
90.0,175.0,2.425,0.18583860895255191
90.0,175.0,2.45,0.17058654561386177
90.0,175.0,2.475,0.15414839625898988
90.0,175.0,2.5,0.13619586704247055
90.0,175.0,2.525,0.11630101858549256
90.0,175.0,2.55,0.09387829885506292
90.0,175.0,2.575,0.06810586871688966
90.0,175.0,2.6,0.03777903074164788
90.0,175.0,2.625,0.0010660392495727392
90.0,175.0,2.65,-0.044945104039639805
90.0,175.0,2.675,-0.10520578729559736
90.0,175.0,2.7,-0.18886360654509263
90.0,175.0,2.725,-0.3148368098990442
90.0,175.0,2.75,-0.5291880700206743
90.0,175.0,2.775,-0.9759220252632421
90.0,175.0,2.8,-2.20454594954207
90.0,175.0,2.825,2.852913396147851
90.0,175.0,2.85,1.576434678180957
90.0,175.0,2.875,1.0466280129369199
90.0,175.0,2.9,0.8052966095776976
90.0,175.0,2.925,0.6677616320776312
90.0,175.0,2.95,0.5782328116423614
90.0,175.0,2.975,0.5146686317551573
90.0,175.0,3.0,0.46668410432683965
90.0,175.0,3.025,0.4287590761194865
90.0,175.0,3.05,0.39769066816336734
90.0,175.0,3.075,0.37149214754855014
90.0,175.0,3.1,0.3488516555798953
90.0,175.0,3.125,0.32892277960508165
90.0,175.0,3.15,0.311038392144872
90.0,175.0,3.175,0.29475197058981817
90.0,175.0,3.2,0.27972028407177385
90.0,175.0,3.225,0.2656845570261093
90.0,175.0,3.25,0.2524567871245183
90.0,175.0,3.275,0.23987290056751284
90.0,175.0,3.3,0.2277548286525925
90.0,175.0,3.325,0.21597452937138803
90.0,175.0,3.35,0.20443828430010838
90.0,175.0,3.375,0.1930591999327921
90.0,175.0,3.4,0.18175388864831613
90.0,175.0,3.425,0.17044163712322877
90.0,175.0,3.45,0.15904268022848297
90.0,175.0,3.475,0.14747604098224293
90.0,175.0,3.5,0.13565714831193518
90.0,175.0,3.525,0.1234952025094279
90.0,175.0,3.55,0.11089015162017825
90.0,175.0,3.575,0.09772907263186847
90.0,175.0,3.6,0.08388167244900295
90.0,175.0,3.625,0.06919450678488233
90.0,175.0,3.65,0.0534833195337872
90.0,175.0,3.675,0.03652258511813604
90.0,175.0,3.7,0.01803141949022083
90.0,175.0,3.725,-0.002345683324636197
90.0,175.0,3.75,-0.025069561411445947
90.0,175.0,3.775,-0.050749995946262415
90.0,175.0,3.8,-0.08021177925586301
90.0,180.0,2.4,0.17779309814115307
90.0,180.0,2.425,0.160964318108666
90.0,180.0,2.45,0.14256490508350397
90.0,180.0,2.475,0.12213655112817663
90.0,180.0,2.5,0.09905080994201428
90.0,180.0,2.525,0.0724184701276579
90.0,180.0,2.55,0.04091786429224574
90.0,180.0,2.575,0.002515064504571263
90.0,180.0,2.6,-0.04607436438157568
90.0,180.0,2.625,-0.11055843138924906
90.0,180.0,2.65,-0.20179519084465727
90.0,180.0,2.675,-0.34320236717002234
90.0,180.0,2.7,-0.5956453666812522
90.0,180.0,2.725,-1.1716202445987716
90.0,180.0,2.75,-2.5801656883472193
90.0,180.0,2.775,2.532231943806744
90.0,180.0,2.8,1.3672049580823413
90.0,180.0,2.825,0.9558500175725232
90.0,180.0,2.85,0.7554851069033086
90.0,180.0,2.875,0.6365211871989814
90.0,180.0,2.9,0.5569829994880281
90.0,180.0,2.925,0.49943186075958723
90.0,180.0,2.95,0.4553614721055545
90.0,180.0,2.975,0.4201352515884112
90.0,180.0,3.0,0.3910109416207354
90.0,180.0,3.025,0.3662476026146157
90.0,180.0,3.05,0.34474835078522226
90.0,180.0,3.075,0.3256813836418135
90.0,180.0,3.1,0.3084967889317765
90.0,180.0,3.125,0.29278081178626597
90.0,180.0,3.15,0.2782205454566127
90.0,180.0,3.175,0.2645760076463879
90.0,180.0,3.2,0.2516685375005835
90.0,180.0,3.225,0.23935964655870137
90.0,180.0,3.25,0.22749361387034076
90.0,180.0,3.275,0.21593340246978449
90.0,180.0,3.3,0.20458697133891257
90.0,180.0,3.325,0.1933734655669519
90.0,180.0,3.35,0.1822138091576031
90.0,180.0,3.375,0.17103010927611187
90.0,180.0,3.4,0.15974444802500185
90.0,180.0,3.425,0.14827695376349442
90.0,180.0,3.45,0.13654349235915383
90.0,180.0,3.475,0.12445301699869372
90.0,180.0,3.5,0.11190445789055865
90.0,180.0,3.525,0.09878293965156883
90.0,180.0,3.55,0.08495501942285458
90.0,180.0,3.575,0.07026250738361396
90.0,180.0,3.6,0.05451422892320048
90.0,180.0,3.625,0.03747475330415177
90.0,180.0,3.65,0.01884850724037763
90.0,180.0,3.675,-0.0017429808157863969
90.0,180.0,3.7,-0.024793053724738105
90.0,180.0,3.725,-0.050960235866114596
90.0,180.0,3.75,-0.08114718354369514
90.0,180.0,3.775,-0.11662538156924745
90.0,180.0,3.8,-0.15924533684013645
100.0,0.0,2.4,0.2966348672506644
100.0,0.0,2.425,0.2907287565567659
100.0,0.0,2.45,0.28489870640929293
100.0,0.0,2.475,0.27913891977195343
100.0,0.0,2.5,0.27344269245683195
100.0,0.0,2.525,0.2678026242498881
100.0,0.0,2.55,0.2622113469736889
100.0,0.0,2.575,0.2566622214202014
100.0,0.0,2.6,0.2511495824519287
100.0,0.0,2.625,0.24566858951350293
100.0,0.0,2.65,0.24021473609615374
100.0,0.0,2.675,0.23478368076471784
100.0,0.0,2.7,0.22937090242303845
100.0,0.0,2.725,0.22397123430242513
100.0,0.0,2.75,0.21857970659813744
100.0,0.0,2.775,0.21319123418727093
100.0,0.0,2.8,0.20780052530546786
100.0,0.0,2.825,0.20240209955827898
100.0,0.0,2.85,0.19699028464515558
100.0,0.0,2.875,0.19155919928014023
100.0,0.0,2.9,0.18610272788134483
100.0,0.0,2.925,0.1806144887297993
100.0,0.0,2.95,0.17508779619838047
100.0,0.0,2.975,0.16951561719069755
100.0,0.0,3.0,0.1638905217037869
100.0,0.0,3.025,0.1582046273048302
100.0,0.0,3.05,0.15244953723169574
100.0,0.0,3.075,0.14661627175997566
100.0,0.0,3.1,0.1406951923851985
100.0,0.0,3.125,0.13467591810306812
100.0,0.0,3.15,0.12854723296761816
100.0,0.0,3.175,0.1222969836882193
100.0,0.0,3.2,0.11591196553513487
100.0,0.0,3.225,0.10937779423641923
100.0,0.0,3.25,0.1026787608352666
100.0,0.0,3.275,0.0957976656523336
100.0,0.0,3.3,0.08871562656461209
100.0,0.0,3.325,0.08141185575407679
100.0,0.0,3.35,0.07386339786338267
100.0,0.0,3.375,0.06604482105548536
100.0,0.0,3.4,0.05792785071850215
100.0,0.0,3.425,0.0494809333575491
100.0,0.0,3.45,0.04066871540881147
100.0,0.0,3.475,0.031451418091159554
100.0,0.0,3.5,0.02178408467352928
100.0,0.0,3.525,0.011615670014066807
100.0,0.0,3.55,0.0008879313349709636
100.0,0.0,3.575,-0.010465948138449857
100.0,0.0,3.6,-0.022523154510793217
100.0,0.0,3.625,-0.03537366243047332
100.0,0.0,3.65,-0.049122582966269285
100.0,0.0,3.675,-0.0638921085939179
100.0,0.0,3.7,-0.07982658376864092
100.0,0.0,3.725,-0.09709876067574755
100.0,0.0,3.75,-0.1159161843426292
100.0,0.0,3.775,-0.13652979856948974
100.0,0.0,3.8,-0.159245335755589
100.0,5.0,2.4,0.2851537662500682
100.0,5.0,2.425,0.2791825313696303
100.0,5.0,2.45,0.27327114032052935
100.0,5.0,2.475,0.267414379593437
100.0,5.0,2.5,0.2616069280038224
100.0,5.0,2.525,0.2558433739892303
100.0,5.0,2.55,0.250118230931772
100.0,5.0,2.575,0.24442596194169477
100.0,5.0,2.6,0.23876104724900654
100.0,5.0,2.625,0.23311793902021694
100.0,5.0,2.65,0.22749093985441535
100.0,5.0,2.675,0.22187430303129996
100.0,5.0,2.7,0.21626211855031877
100.0,5.0,2.725,0.210648277699943
100.0,5.0,2.75,0.20502629584127963
100.0,5.0,2.775,0.1993906685985017
100.0,5.0,2.8,0.1937350976035428
100.0,5.0,2.825,0.18805213941721413
100.0,5.0,2.85,0.18233491365681354
100.0,5.0,2.875,0.17657613695163252
100.0,5.0,2.9,0.1707681297825302
100.0,5.0,2.925,0.1649027823189996
100.0,5.0,2.95,0.158971498236387
100.0,5.0,2.975,0.15296512676814658
100.0,5.0,3.0,0.1468738845569364
100.0,5.0,3.025,0.14068726688236663
100.0,5.0,3.05,0.13439394724803747
100.0,5.0,3.075,0.12798166400586636
100.0,5.0,3.1,0.12143709243470154
100.0,5.0,3.125,0.11474570024131553
100.0,5.0,3.15,0.1078915839214513
100.0,5.0,3.175,0.10085728284512456
100.0,5.0,3.2,0.09362356685288459
100.0,5.0,3.225,0.0861691919595419
100.0,5.0,3.25,0.078470617244876
100.0,5.0,3.275,0.0705016741443269
100.0,5.0,3.3,0.062233177074548625
100.0,5.0,3.325,0.053632461537501806
100.0,5.0,3.35,0.04466283238675584
100.0,5.0,3.375,0.03528290058196417
100.0,5.0,3.4,0.025445781181566582
100.0,5.0,3.425,0.015098118092118546
100.0,5.0,3.45,0.004178891603955048
100.0,5.0,3.475,-0.007382047937715041
100.0,5.0,3.5,-0.01966579501017044
100.0,5.0,3.525,-0.032766658613078606
100.0,5.0,3.55,-0.04679507357280619
100.0,5.0,3.575,-0.06188155041288048
100.0,5.0,3.6,-0.07818196627549973
100.0,5.0,3.625,-0.09588256174538211
100.0,5.0,3.65,-0.11520576326159046
100.0,5.0,3.675,-0.13642342305281685
100.0,5.0,3.7,-0.15987035821350193
100.0,5.0,3.725,-0.1859635505924363
100.0,5.0,3.75,-0.2152276315076353
100.0,5.0,3.775,-0.24833068630017882
100.0,5.0,3.8,-0.2861345746014113
100.0,10.0,2.4,0.2734489510722663
100.0,10.0,2.425,0.2673650399447514
100.0,10.0,2.45,0.2613305802413352
100.0,10.0,2.475,0.2553393437255205
100.0,10.0,2.5,0.24938507564773404
100.0,10.0,2.525,0.24346149671306588
100.0,10.0,2.55,0.23756228819011482
100.0,10.0,2.575,0.23168110078139387
100.0,10.0,2.6,0.2258115942905269
100.0,10.0,2.625,0.21994729499287113
100.0,10.0,2.65,0.21408148111321249
100.0,10.0,2.675,0.2082072970871083
100.0,10.0,2.7,0.2023176871551634
100.0,10.0,2.725,0.19640537151840817
100.0,10.0,2.75,0.19046283267712288
100.0,10.0,2.775,0.18448222379274642
100.0,10.0,2.8,0.1784553253869451
100.0,10.0,2.825,0.1723734948026555
100.0,10.0,2.85,0.1662276050692817
100.0,10.0,2.875,0.16000797439883652
100.0,10.0,2.9,0.15370428231331001
100.0,10.0,2.925,0.1473054556519373
100.0,10.0,2.95,0.1407994391228908
100.0,10.0,2.975,0.13417248621563105
100.0,10.0,3.0,0.12740973061906982
100.0,10.0,3.025,0.12050074238081945
100.0,10.0,3.05,0.11342772131971068
100.0,10.0,3.075,0.10617073588896829
100.0,10.0,3.1,0.09870966233611579
100.0,10.0,3.125,0.09102232948325639
100.0,10.0,3.15,0.08308402765061734
100.0,10.0,3.175,0.07486713776502059
100.0,10.0,3.2,0.06634069264546917
100.0,10.0,3.225,0.05746984864671088
100.0,10.0,3.25,0.048215251068438054
100.0,10.0,3.275,0.03853226974346143
100.0,10.0,3.3,0.028370072811278298
100.0,10.0,3.325,0.017670496544312065
100.0,10.0,3.35,0.006366656140397961
100.0,10.0,3.375,-0.005618774675204321
100.0,10.0,3.4,-0.018375710311205776
100.0,10.0,3.425,-0.03200935264176602
100.0,10.0,3.45,-0.046643613973264324
100.0,10.0,3.475,-0.06242550595720072
100.0,10.0,3.5,-0.07953088597620707
100.0,10.0,3.525,-0.09817232633394335
100.0,10.0,3.55,-0.11861021927741132
100.0,10.0,3.575,-0.14116587747572512
100.0,10.0,3.6,-0.1662354848698581
100.0,10.0,3.625,-0.1943160032428624
100.0,10.0,3.65,-0.2260440563913429
100.0,10.0,3.675,-0.2622459608890869
100.0,10.0,3.7,-0.3040102227319229
100.0,10.0,3.725,-0.35279629654435374
100.0,10.0,3.75,-0.41059952775864417
100.0,10.0,3.775,-0.48020470616477806
100.0,10.0,3.8,-0.5655780078962128
100.0,15.0,2.4,0.26133307697243746
100.0,15.0,2.425,0.25508411313000273
100.0,15.0,2.45,0.24886921253344232
100.0,15.0,2.475,0.2426812986420119
100.0,15.0,2.5,0.23651322643391978
100.0,15.0,2.525,0.23035774294601916
100.0,15.0,2.55,0.22420745631863206
100.0,15.0,2.575,0.21805487857860983
100.0,15.0,2.6,0.21189248125963195
100.0,15.0,2.625,0.20571234507119393
100.0,15.0,2.65,0.19950603326522945
100.0,15.0,2.675,0.19326478377555073
100.0,15.0,2.7,0.1869793037306871
100.0,15.0,2.725,0.18063936841052922
100.0,15.0,2.75,0.17423418036669264
100.0,15.0,2.775,0.1677567001120992
100.0,15.0,2.8,0.16119771429497454
100.0,15.0,2.825,0.15454199389469123
100.0,15.0,2.85,0.14777573425196017
100.0,15.0,2.875,0.14088509992510728
100.0,15.0,2.9,0.1338551085457935
100.0,15.0,2.925,0.1266693674612739
100.0,15.0,2.95,0.11930989201257353
100.0,15.0,2.975,0.11175688599691229
100.0,15.0,3.0,0.10398847234988377
100.0,15.0,3.025,0.09598036925176223
100.0,15.0,3.05,0.08770550385734664
100.0,15.0,3.075,0.0791335523447084
100.0,15.0,3.1,0.07023039132901254
100.0,15.0,3.125,0.060957441089147676
100.0,15.0,3.15,0.05127087552445771
100.0,15.0,3.175,0.041120666411414125
100.0,15.0,3.2,0.03044941931696836
100.0,15.0,3.225,0.019190945053788207
100.0,15.0,3.25,0.007268492206543978
100.0,15.0,3.275,-0.0054074588305747925
100.0,15.0,3.3,-0.01894197444806518
100.0,15.0,3.325,-0.03345920138147497
100.0,15.0,3.35,-0.04910690568957962
100.0,15.0,3.375,-0.06606236608008073
100.0,15.0,3.4,-0.0845401197209225
100.0,15.0,3.425,-0.10480231028788091
100.0,15.0,3.45,-0.1271728930331015
100.0,15.0,3.475,-0.15205796200695132
100.0,15.0,3.5,-0.17997476602699228
100.0,15.0,3.525,-0.2115873844622876
100.0,15.0,3.55,-0.2477536829880752
100.0,15.0,3.575,-0.2896096755045219
100.0,15.0,3.6,-0.33869775717942163
100.0,15.0,3.625,-0.39715373782400015
100.0,15.0,3.65,-0.468001488452018
100.0,15.0,3.675,-0.5556272982413201
100.0,15.0,3.7,-0.6665393835933211
100.0,15.0,3.725,-0.8105095958466614
100.0,15.0,3.75,-1.0017722247047556
100.0,15.0,3.775,-1.2567722902219645
100.0,15.0,3.8,-1.5636944297796178
100.0,20.0,2.4,0.24848894722413165
100.0,20.0,2.425,0.24199692950525886
100.0,20.0,2.45,0.23551812235210914
100.0,20.0,2.475,0.2290440929522589
100.0,20.0,2.5,0.2225661433344073
100.0,20.0,2.525,0.21607522367968468
100.0,20.0,2.55,0.20956195823596988
100.0,20.0,2.575,0.20301705429854622
100.0,20.0,2.6,0.19643090259183688
100.0,20.0,2.625,0.18979238157491732
100.0,20.0,2.65,0.18309165580147443
100.0,20.0,2.675,0.176318747980632
100.0,20.0,2.7,0.1694592615023666
100.0,20.0,2.725,0.16249861742174837
100.0,20.0,2.75,0.15542232189650299
100.0,20.0,2.775,0.14821486025383468
100.0,20.0,2.8,0.14085931931291423
100.0,20.0,2.825,0.13333718295380645
100.0,20.0,2.85,0.12562811068651708
100.0,20.0,2.875,0.11770966833094461
100.0,20.0,2.9,0.10955700230166895
100.0,20.0,2.925,0.10114244816222653
100.0,20.0,2.95,0.0924350604296858
100.0,20.0,2.975,0.08340004632518941
100.0,20.0,3.0,0.07399808108601383
100.0,20.0,3.025,0.06418447607397891
100.0,20.0,3.05,0.053908162632727866
100.0,20.0,3.075,0.04311044359613248
100.0,20.0,3.1,0.031723448996327584
100.0,20.0,3.125,0.01966821254533568
100.0,20.0,3.15,0.006852256644517947
100.0,20.0,3.175,-0.006833466388208514
100.0,20.0,3.2,-0.021518485923819348
100.0,20.0,3.225,-0.037357868026194556
100.0,20.0,3.25,-0.054538823008029494
100.0,20.0,3.275,-0.07328945003561882
100.0,20.0,3.3,-0.09389046837671385
100.0,20.0,3.325,-0.11669120034023422
100.0,20.0,3.35,-0.14213176562591226
100.0,20.0,3.375,-0.17077473159862214
100.0,20.0,3.4,-0.20335194601248513
100.0,20.0,3.425,-0.24083530514543164
100.0,20.0,3.45,-0.2845366526915045
100.0,20.0,3.475,-0.3362441788086575
100.0,20.0,3.5,-0.3984577086352738
100.0,20.0,3.525,-0.47479488252024754
100.0,20.0,3.55,-0.5706329710651037
100.0,20.0,3.575,-0.6941384932259814
100.0,20.0,3.6,-0.8577744322759531
100.0,20.0,3.625,-1.0792560876091908
100.0,20.0,3.65,-1.3723321234105412
100.0,20.0,3.675,-1.6559333764029094
100.0,20.0,3.7,-1.2209888359336327
100.0,20.0,3.725,0.950087639482442
100.0,20.0,3.75,1.951730091097029
100.0,20.0,3.775,1.7820942408588312
100.0,20.0,3.8,1.4894425121147716
100.0,25.0,2.4,0.23449996830303327
100.0,25.0,2.425,0.22765459865822077
100.0,25.0,2.45,0.22079232528885842
100.0,25.0,2.475,0.21390203647996572
100.0,25.0,2.5,0.2069721892203385
100.0,25.0,2.525,0.19999210511404814
100.0,25.0,2.55,0.19295176997768568
100.0,25.0,2.575,0.18583728323124515
100.0,25.0,2.6,0.17863271198281291
100.0,25.0,2.625,0.17132257210935414
100.0,25.0,2.65,0.16389031890385589
100.0,25.0,2.675,0.15631793994083273
100.0,25.0,2.7,0.1485859536917451
100.0,25.0,2.725,0.1406730262889428
100.0,25.0,2.75,0.13255561468326346
100.0,25.0,2.775,0.12420761073108598
100.0,25.0,2.8,0.11559992677689329
100.0,25.0,2.825,0.10669999546877729
100.0,25.0,2.85,0.0974711639616088
100.0,25.0,2.875,0.0878719575321405
100.0,25.0,2.9,0.07785517971753837
100.0,25.0,2.925,0.067366805744217
100.0,25.0,2.95,0.056344612282356835
100.0,25.0,2.975,0.0447164680284232
100.0,25.0,3.0,0.03239818430580176
100.0,25.0,3.025,0.019290788652381857
100.0,25.0,3.05,0.005277035222609343
100.0,25.0,3.075,-0.009783105869803835
100.0,25.0,3.1,-0.026058342441964106
100.0,25.0,3.125,-0.043753852780120804
100.0,25.0,3.15,-0.06312172230963761
100.0,25.0,3.175,-0.0844751212649014
100.0,25.0,3.2,-0.10820786791282254
100.0,25.0,3.225,-0.13482189661525348
100.0,25.0,3.25,-0.16496659322966756
100.0,25.0,3.275,-0.19949645879180786
100.0,25.0,3.3,-0.23955819773229342
100.0,25.0,3.325,-0.28672740770161553
100.0,25.0,3.35,-0.343230463614446
100.0,25.0,3.375,-0.41229749043060765
100.0,25.0,3.4,-0.4987000494285459
100.0,25.0,3.425,-0.6096644595318214
100.0,25.0,3.45,-0.7564520777337308
100.0,25.0,3.475,-0.9563080846146339
100.0,25.0,3.5,-1.2300930665769494
100.0,25.0,3.525,-1.554806145975309
100.0,25.0,3.55,-1.4844611992949943
100.0,25.0,3.575,0.44783362780452585
100.0,25.0,3.6,1.9278968272133692
100.0,25.0,3.625,1.8288847645445572
100.0,25.0,3.65,1.5172384119519549
100.0,25.0,3.675,1.2682740354825284
100.0,25.0,3.7,1.0863294455951855
100.0,25.0,3.725,0.9517096262023914
100.0,25.0,3.75,0.8492890486235182
100.0,25.0,3.775,0.769191189283413
100.0,25.0,3.8,0.7050276239059212
100.0,30.0,2.4,0.21880821358910796
100.0,30.0,2.425,0.21144596885720615
100.0,30.0,2.45,0.20402115369065987
100.0,30.0,2.475,0.19652064113897338
100.0,30.0,2.5,0.18892990302345186
100.0,30.0,2.525,0.18122997061933627
100.0,30.0,2.55,0.17340046980888268
100.0,30.0,2.575,0.16542055006372716
100.0,30.0,2.6,0.15726779781461334
100.0,30.0,2.625,0.14891749028634133
100.0,30.0,2.65,0.14034206405419644
100.0,30.0,2.675,0.13151073773198174
100.0,30.0,2.7,0.12238898919885857
100.0,30.0,2.725,0.1129378655521533
100.0,30.0,2.75,0.10311315182256116
100.0,30.0,2.775,0.09286436219413766
100.0,30.0,2.8,0.0821334938934139
100.0,30.0,2.825,0.07085347466185969
100.0,30.0,2.85,0.058946213391100885
100.0,30.0,2.875,0.046320130872675384
100.0,30.0,2.9,0.03286700251498168
100.0,30.0,2.925,0.018457878005036593
100.0,30.0,2.95,0.0029377499857916483
100.0,30.0,2.975,-0.013881495163528912
100.0,30.0,3.0,-0.032230521093200605
100.0,30.0,3.025,-0.052395374655422385
100.0,30.0,3.05,-0.0747351991403924
100.0,30.0,3.075,-0.09970710640853099
100.0,30.0,3.1,-0.12790176877887088
100.0,30.0,3.125,-0.16009542890803227
100.0,30.0,3.15,-0.19732768911307938
100.0,30.0,3.175,-0.24102090913136634
100.0,30.0,3.2,-0.29316888151938886
100.0,30.0,3.225,-0.3566451025200166
100.0,30.0,3.25,-0.43572649884219156
100.0,30.0,3.275,-0.5370199645273318
100.0,30.0,3.3,-0.6711128569307643
100.0,30.0,3.325,-0.8551612673721483
100.0,30.0,3.35,-1.1145572052579185
100.0,30.0,3.375,-1.4615622622886608
100.0,30.0,3.4,-1.6413860535995768
100.0,30.0,3.425,-0.031661319844625314
100.0,30.0,3.45,1.9840982309861637
100.0,30.0,3.475,1.9339473197759895
100.0,30.0,3.5,1.579628213176891
100.0,30.0,3.525,1.3057799858834322
100.0,30.0,3.55,1.1115764895286215
100.0,30.0,3.575,0.9702677142849601
100.0,30.0,3.6,0.8624981628832921
100.0,30.0,3.625,0.775045466031368
100.0,30.0,3.65,0.6976474485452594
100.0,30.0,3.675,0.6212903313570194
100.0,30.0,3.7,0.5403309953655658
100.0,30.0,3.725,0.46079874340056387
100.0,30.0,3.75,0.4014988532526751
100.0,30.0,3.775,0.3711172097671222
100.0,30.0,3.8,0.3591498846832955
100.0,35.0,2.4,0.20061614919333504
100.0,35.0,2.425,0.1924874285956857
100.0,35.0,2.45,0.1842251835575605
100.0,35.0,2.475,0.1758043421279532
100.0,35.0,2.5,0.1671976589394475
100.0,35.0,2.525,0.15837603116180665
100.0,35.0,2.55,0.14930730463540348
100.0,35.0,2.575,0.13995535421128016
100.0,35.0,2.6,0.13027928992731636
100.0,35.0,2.625,0.12023253161691708
100.0,35.0,2.65,0.10976166701599258
100.0,35.0,2.675,0.09880507001026037
100.0,35.0,2.7,0.08729114652594129
100.0,35.0,2.725,0.07513610419782106
100.0,35.0,2.75,0.06224109963562065
100.0,35.0,2.775,0.04848856492522485
100.0,35.0,2.8,0.033737415470385494
100.0,35.0,2.825,0.017816717084772653
100.0,35.0,2.85,0.0005172114559421004
100.0,35.0,2.875,-0.018420191133592386
100.0,35.0,2.9,-0.039320288058247284
100.0,35.0,2.925,-0.06259587573200893
100.0,35.0,2.95,-0.08877966155753506
100.0,35.0,2.975,-0.11857094463019022
100.0,35.0,3.0,-0.15290556352684787
100.0,35.0,3.025,-0.1930635685850754
100.0,35.0,3.05,-0.2408400329281591
100.0,35.0,3.075,-0.29882526291747163
100.0,35.0,3.1,-0.37088162618283843
100.0,35.0,3.125,-0.46298643244469734
100.0,35.0,3.15,-0.5847725511602023
100.0,35.0,3.175,-0.7523639414976347
100.0,35.0,3.2,-0.9929683612845209
100.0,35.0,3.225,-1.344234099372335
100.0,35.0,3.25,-1.738745192479034
100.0,35.0,3.275,-0.7497572596364688
100.0,35.0,3.3,2.229758540862111
100.0,35.0,3.325,2.1755717708108406
100.0,35.0,3.35,1.6697688611803934
100.0,35.0,3.375,1.3028540371771153
100.0,35.0,3.4,1.0328543314991514
100.0,35.0,3.425,0.8171011329385642
100.0,35.0,3.45,0.6541038645835199
100.0,35.0,3.475,0.5592290176622213
100.0,35.0,3.5,0.5176267192006048
100.0,35.0,3.525,0.4980687236231663
100.0,35.0,3.55,0.4829602150128347
100.0,35.0,3.575,0.46721673555631915
100.0,35.0,3.6,0.450384988908564
100.0,35.0,3.625,0.4330269282961522
100.0,35.0,3.65,0.4156978189205447
100.0,35.0,3.675,0.3987641696126436
100.0,35.0,3.7,0.3824262901317015
100.0,35.0,3.725,0.3667707520941194
100.0,35.0,3.75,0.3518162760498038
100.0,35.0,3.775,0.3375571482273925
100.0,35.0,3.8,0.32397290353063085
100.0,40.0,2.4,0.1787095373068387
100.0,40.0,2.425,0.16939852485084492
100.0,40.0,2.45,0.15982058938171048
100.0,40.0,2.475,0.1499334004609393
100.0,40.0,2.5,0.13968906985417506
100.0,40.0,2.525,0.1290326372331278
100.0,40.0,2.55,0.11790048557043042
100.0,40.0,2.575,0.10621841805536011
100.0,40.0,2.6,0.09389921482887495
100.0,40.0,2.625,0.08083947941201385
100.0,40.0,2.65,0.0669155212949849
100.0,40.0,2.675,0.051977936372827
100.0,40.0,2.7,0.03584436447041468
100.0,40.0,2.725,0.018289676401513615
100.0,40.0,2.75,-0.0009675457719021312
100.0,40.0,2.775,-0.02228394776637576
100.0,40.0,2.8,-0.04611846179210748
100.0,40.0,2.825,-0.07307182091598716
100.0,40.0,2.85,-0.10394569037592949
100.0,40.0,2.875,-0.13983363816308933
100.0,40.0,2.9,-0.18226557206194444
100.0,40.0,2.925,-0.23344550991586707
100.0,40.0,2.95,-0.2966596322677173
100.0,40.0,2.975,-0.3770108599484834
100.0,40.0,3.0,-0.4828141126033597
100.0,40.0,3.025,-0.628395225714199
100.0,40.0,3.05,-0.8398768161758068
100.0,40.0,3.075,-1.165325561699261
100.0,40.0,3.1,-1.651250238738506
100.0,40.0,3.125,-1.4270895736501492
100.0,40.0,3.15,2.313696201834719
100.0,40.0,3.175,2.0650757196086817
100.0,40.0,3.2,1.3794723683912335
100.0,40.0,3.225,0.9927520600581058
100.0,40.0,3.25,0.8139695898571163
100.0,40.0,3.275,0.7362091151727617
100.0,40.0,3.3,0.6884106170802806
100.0,40.0,3.325,0.6468700603989053
100.0,40.0,3.35,0.6077343828076305
100.0,40.0,3.375,0.5712618117340758
100.0,40.0,3.4,0.537841013856697
100.0,40.0,3.425,0.5075052088693527
100.0,40.0,3.45,0.48005523331813843
100.0,40.0,3.475,0.45519409657415966
100.0,40.0,3.5,0.43260430659143
100.0,40.0,3.525,0.41198436309360964
100.0,40.0,3.55,0.3930630342283623
100.0,40.0,3.575,0.3756027323834784
100.0,40.0,3.6,0.35939795574145056
100.0,40.0,3.625,0.3442718658482988
100.0,40.0,3.65,0.3300722616935568
100.0,40.0,3.675,0.31666767079017544
100.0,40.0,3.7,0.30394470831429005
100.0,40.0,3.725,0.29180901414731486
100.0,40.0,3.75,0.28018888531140645
100.0,40.0,3.775,0.2690044549800085
100.0,40.0,3.8,0.2581627848251241
100.0,45.0,2.4,0.1510612886971275
100.0,45.0,2.425,0.13981751506673432
100.0,45.0,2.45,0.12805225953776717
100.0,45.0,2.475,0.11567858759864343
100.0,45.0,2.5,0.10259318363444042
100.0,45.0,2.525,0.08867206170871071
100.0,45.0,2.55,0.07376487291324951
100.0,45.0,2.575,0.05768723201893918
100.0,45.0,2.6,0.04021020235658806
100.0,45.0,2.625,0.021045657130066443
100.0,45.0,2.65,-0.00017450745722720018
100.0,45.0,2.675,-0.02392851069384542
100.0,45.0,2.7,-0.05084940265322847
100.0,45.0,2.725,-0.08179322567781784
100.0,45.0,2.75,-0.11794612529609037
100.0,45.0,2.775,-0.16099852265959
100.0,45.0,2.8,-0.21343993500887667
100.0,45.0,2.825,-0.2790816715000707
100.0,45.0,2.85,-0.36403409254737124
100.0,45.0,2.875,-0.47864108446297504
100.0,45.0,2.9,-0.6414778711332032
100.0,45.0,2.925,-0.8869586013632657
100.0,45.0,2.95,-1.2614830948595346
100.0,45.0,2.975,-1.4341287281777606
100.0,45.0,3.0,0.7134409705024504
100.0,45.0,3.025,1.2842466522955127
100.0,45.0,3.05,1.1742210062600371
100.0,45.0,3.075,1.1058326681720037
100.0,45.0,3.1,1.0074452756363115
100.0,45.0,3.125,0.9009412234372413
100.0,45.0,3.15,0.8075651746601067
100.0,45.0,3.175,0.7310126211100518
100.0,45.0,3.2,0.6684144440462714
100.0,45.0,3.225,0.6163849189080415
100.0,45.0,3.25,0.5724537550687431
100.0,45.0,3.275,0.5348705527821107
100.0,45.0,3.3,0.5023248860104726
100.0,45.0,3.325,0.47382229303580875
100.0,45.0,3.35,0.4485940316081973
100.0,45.0,3.375,0.4260415256650509
100.0,45.0,3.4,0.40569443270106714
100.0,45.0,3.425,0.38717951713957627
100.0,45.0,3.45,0.37019752857209975
100.0,45.0,3.475,0.3545060063257764
100.0,45.0,3.5,0.33990642612474253
100.0,45.0,3.525,0.32623452453788243
100.0,45.0,3.55,0.3133529512973716
100.0,45.0,3.575,0.3011456325119284
100.0,45.0,3.6,0.2895133965786841
100.0,45.0,3.625,0.27837054320100374
100.0,45.0,3.65,0.26764218562363656
100.0,45.0,3.675,0.2572626380935744
100.0,45.0,3.7,0.24717645200399951
100.0,45.0,3.725,0.23733926182128948
100.0,45.0,3.75,0.22769803348495513
100.0,45.0,3.775,0.21819475394480292
100.0,45.0,3.8,0.20878769281408896
100.0,50.0,2.4,0.11398937295572319
100.0,50.0,2.425,0.09933145360257131
100.0,50.0,2.45,0.08358763394165403
100.0,50.0,2.475,0.06654066146557251
100.0,50.0,2.5,0.047916602186459864
100.0,50.0,2.525,0.02736453074607617
100.0,50.0,2.55,0.004426862297682695
100.0,50.0,2.575,-0.02150504931458717
100.0,50.0,2.6,-0.051259177243664314
100.0,50.0,2.625,-0.08599097715747062
100.0,50.0,2.65,-0.12736058193203986
100.0,50.0,2.675,-0.1778339257182402
100.0,50.0,2.7,-0.24121365742962061
100.0,50.0,2.725,-0.3236018458174577
100.0,50.0,2.75,-0.4351015731044213
100.0,50.0,2.775,-0.5918546573094143
100.0,50.0,2.8,-0.8074379958631477
100.0,50.0,2.825,-0.9769532822665867
100.0,50.0,2.85,-0.720357165810889
100.0,50.0,2.875,-0.3466098731989629
100.0,50.0,2.9,0.5441435806896702
100.0,50.0,2.925,1.3332951953208454
100.0,50.0,2.95,1.3088118237857043
100.0,50.0,2.975,1.120659309421375
100.0,50.0,3.0,0.9600598520087736
100.0,50.0,3.025,0.8387398911924094
100.0,50.0,3.05,0.7468261768431947
100.0,50.0,3.075,0.6756562733174893
100.0,50.0,3.1,0.6192281170021278
100.0,50.0,3.125,0.573248952628166
100.0,50.0,3.15,0.534735390287388
100.0,50.0,3.175,0.5017886780012364
100.0,50.0,3.2,0.4731710371629137
100.0,50.0,3.225,0.44800146566261595
100.0,50.0,3.25,0.4256169885366473
100.0,50.0,3.275,0.40550621077677174
100.0,50.0,3.3,0.38726909493202766
100.0,50.0,3.325,0.3705890301496189
100.0,50.0,3.35,0.3552125623832244
100.0,50.0,3.375,0.3409344846926247
100.0,50.0,3.4,0.3275867822709804
100.0,50.0,3.425,0.31503036579226
100.0,50.0,3.45,0.3031488297563812
100.0,50.0,3.475,0.29184368984440684
100.0,50.0,3.5,0.2810307079926745
100.0,50.0,3.525,0.2706370229178123
100.0,50.0,3.55,0.26059888020475613
100.0,50.0,3.575,0.2508598099599906
100.0,50.0,3.6,0.24136914317250657
100.0,50.0,3.625,0.2320808273330817
100.0,50.0,3.65,0.222952775326142
100.0,50.0,3.675,0.2139478452400202
100.0,50.0,3.7,0.20503478042341167
100.0,50.0,3.725,0.19617603150160112
100.0,50.0,3.75,0.1873292823748948
100.0,50.0,3.775,0.1784538144519334
100.0,50.0,3.8,0.16952738235811574
100.0,55.0,2.4,0.05989494182325509
100.0,55.0,2.425,0.038384329964412114
100.0,55.0,2.45,0.014253571785268409
100.0,55.0,2.475,-0.013214785613161572
100.0,55.0,2.5,-0.04501836656918616
100.0,55.0,2.525,-0.0825844298809878
100.0,55.0,2.55,-0.12801957566134348
100.0,55.0,2.575,-0.18453388285339759
100.0,55.0,2.6,-0.2571371379062333
100.0,55.0,2.625,-0.3534633117914536
100.0,55.0,2.65,-0.48182462759232986
100.0,55.0,2.675,-0.6235227730658512
100.0,55.0,2.7,-0.6624065142838288
100.0,55.0,2.725,-0.7362005901582748
100.0,55.0,2.75,-1.010300189777407
100.0,55.0,2.775,-0.475747213511346
100.0,55.0,2.8,1.4766032043171335
100.0,55.0,2.825,1.549280301342924
100.0,55.0,2.85,1.2592193903262636
100.0,55.0,2.875,1.0411960574310621
100.0,55.0,2.9,0.8901975681330936
100.0,55.0,2.925,0.7818662689563173
100.0,55.0,2.95,0.7007094526548283
100.0,55.0,2.975,0.6376174712886883
100.0,55.0,3.0,0.5871270000555067
100.0,55.0,3.025,0.5458118471008792
100.0,55.0,3.05,0.5112855054445474
100.0,55.0,3.075,0.481741566637305
100.0,55.0,3.1,0.4559337887761942
100.0,55.0,3.125,0.4330677560002786
100.0,55.0,3.15,0.41259467015763635
100.0,55.0,3.175,0.3940956456497163
100.0,55.0,3.2,0.3772374277596858
100.0,55.0,3.225,0.36175150763952846
100.0,55.0,3.25,0.3474200263145367
100.0,55.0,3.275,0.3340648928611852
100.0,55.0,3.3,0.3215392684231862
100.0,55.0,3.325,0.3097209477519088
100.0,55.0,3.35,0.2985072340020441
100.0,55.0,3.375,0.28781096419613544
100.0,55.0,3.4,0.2775574159857769
100.0,55.0,3.425,0.2676819108442335
100.0,55.0,3.45,0.2581281517345614
100.0,55.0,3.475,0.24884223796563876
100.0,55.0,3.5,0.23978166662211295
100.0,55.0,3.525,0.23090946144052862
100.0,55.0,3.55,0.22218369638456933
100.0,55.0,3.575,0.2135697431355053
100.0,55.0,3.6,0.20503441650465928
100.0,55.0,3.625,0.19654597048020517
100.0,55.0,3.65,0.18807490675621055
100.0,55.0,3.675,0.17959507834819652
100.0,55.0,3.7,0.171075576714309
100.0,55.0,3.725,0.16247912480559548
100.0,55.0,3.75,0.15377286513763902
100.0,55.0,3.775,0.14492468591518573
100.0,55.0,3.8,0.1359001413168557
100.0,60.0,2.4,-0.030443598773450747
100.0,60.0,2.425,-0.0691704428030197
100.0,60.0,2.45,-0.1163745030100798
100.0,60.0,2.475,-0.1756549379963034
100.0,60.0,2.5,-0.25237363134118845
100.0,60.0,2.525,-0.3522591290677987
100.0,60.0,2.55,-0.46264329327457676
100.0,60.0,2.575,-0.5045139426475869
100.0,60.0,2.6,-0.5979120714155611
100.0,60.0,2.625,-0.9387416656094281
100.0,60.0,2.65,-1.4235019128742414
100.0,60.0,2.675,0.13740098388949176
100.0,60.0,2.7,1.8979332598877252
100.0,60.0,2.725,1.5328085829557294
100.0,60.0,2.75,1.2052322296197504
100.0,60.0,2.775,0.9953164700978344
100.0,60.0,2.8,0.8545354138082412
100.0,60.0,2.825,0.7541818581530809
100.0,60.0,2.85,0.6789373524770981
100.0,60.0,2.875,0.6202202154435364
100.0,60.0,2.9,0.5729343311532007
100.0,60.0,2.925,0.5339106508650066
100.0,60.0,2.95,0.5011091377892526
100.0,60.0,2.975,0.4731150068829744
100.0,60.0,3.0,0.44879171558668834
100.0,60.0,3.025,0.4272377436084711
100.0,60.0,3.05,0.4078556302806793
100.0,60.0,3.075,0.39025941967156985
100.0,60.0,3.1,0.3741628994755328
100.0,60.0,3.125,0.3593336610043592
100.0,60.0,3.15,0.3455787226460242
100.0,60.0,3.175,0.3327374453801859
100.0,60.0,3.2,0.32067601942761675
100.0,60.0,3.225,0.3092837931631583
100.0,60.0,3.25,0.2984464544908414
100.0,60.0,3.275,0.28811236468809137
100.0,60.0,3.3,0.27820052761829744
100.0,60.0,3.325,0.2686478237837024
100.0,60.0,3.35,0.25940196012917205
100.0,60.0,3.375,0.25041621309363715
100.0,60.0,3.4,0.24164864675391895
100.0,60.0,3.425,0.23306124612580453
100.0,60.0,3.45,0.22461914559811574
100.0,60.0,3.475,0.21628995926806552
100.0,60.0,3.5,0.20804319417908515
100.0,60.0,3.525,0.19984972463532236
100.0,60.0,3.55,0.1916813088512483
100.0,60.0,3.575,0.18351015252014943
100.0,60.0,3.6,0.17530866852673388
100.0,60.0,3.625,0.16705011612168968
100.0,60.0,3.65,0.15870970825595573
100.0,60.0,3.675,0.1502583197493167
100.0,60.0,3.7,0.14165987387199258
100.0,60.0,3.725,0.13288019897986036
100.0,60.0,3.75,0.12388476372676811
100.0,60.0,3.775,0.11463572460428927
100.0,60.0,3.8,0.10509124801873981
100.0,65.0,2.4,-0.22391675483302728
100.0,65.0,2.425,-0.31855214883803806
100.0,65.0,2.45,-0.40354954812367916
100.0,65.0,2.475,-0.4269762240666147
100.0,65.0,2.5,-0.600399497297255
100.0,65.0,2.525,-1.0066904960154814
100.0,65.0,2.55,-1.6626072566336016
100.0,65.0,2.575,0.17918925626089546
100.0,65.0,2.6,2.090392332583731
100.0,65.0,2.625,1.5709540002161155
100.0,65.0,2.65,1.212947051089808
100.0,65.0,2.675,0.9960048088526777
100.0,65.0,2.7,0.8536310610823318
100.0,65.0,2.725,0.7532201991824857
100.0,65.0,2.75,0.6783835170681062
100.0,65.0,2.775,0.6201911760654046
100.0,65.0,2.8,0.5734111623663118
100.0,65.0,2.825,0.5347947071859566
100.0,65.0,2.85,0.5022390646114137
100.0,65.0,2.875,0.4743514928271853
100.0,65.0,2.9,0.4501731558034386
100.0,65.0,2.925,0.4289329052034667
100.0,65.0,2.95,0.4099424512545346
100.0,65.0,2.975,0.3926968855062817
100.0,65.0,3.0,0.37688447555449145
100.0,65.0,3.025,0.3622920202333267
100.0,65.0,3.05,0.34875672765107807
100.0,65.0,3.075,0.33605753351585566
100.0,65.0,3.1,0.3241591613993122
100.0,65.0,3.125,0.31292342930539857
100.0,65.0,3.15,0.30225381514697164
100.0,65.0,3.175,0.2920717751528445
100.0,65.0,3.2,0.28230966278941777
100.0,65.0,3.225,0.2729086867264837
100.0,65.0,3.25,0.26381731095766187
100.0,65.0,3.275,0.2549899372994399
100.0,65.0,3.3,0.24638581891612785
100.0,65.0,3.325,0.2379681597643414
100.0,65.0,3.35,0.22970336095660635
100.0,65.0,3.375,0.22156038178432133
100.0,65.0,3.4,0.2135101891318057
100.0,65.0,3.425,0.20552527377073004
100.0,65.0,3.45,0.19757921543376386
100.0,65.0,3.475,0.18964628058751934
100.0,65.0,3.5,0.18170103764810316
100.0,65.0,3.525,0.17371797663688715
100.0,65.0,3.55,0.16567114364842095
100.0,65.0,3.575,0.1575339562640505
100.0,65.0,3.6,0.14927990970833288
100.0,65.0,3.625,0.14088352102146426
100.0,65.0,3.65,0.13231405728269666
100.0,65.0,3.675,0.12353359289443026
100.0,65.0,3.7,0.1145046603016375
100.0,65.0,3.725,0.10518806723576993
100.0,65.0,3.75,0.09554010761548681
100.0,65.0,3.775,0.08551157259892513
100.0,65.0,3.8,0.07504690978180012
100.0,70.0,2.4,-0.5201274570266511
100.0,70.0,2.425,-0.8846807883898394
100.0,70.0,2.45,-1.57337060121104
100.0,70.0,2.475,-1.2899195790845623
100.0,70.0,2.5,2.342894750486413
100.0,70.0,2.525,1.7424958973305427
100.0,70.0,2.55,1.2996827367302477
100.0,70.0,2.575,1.0469599417486375
100.0,70.0,2.6,0.8875038124195476
100.0,70.0,2.625,0.7779096236389416
100.0,70.0,2.65,0.6976744473748981
100.0,70.0,2.675,0.6360884859112935
100.0,70.0,2.7,0.5870569950485968
100.0,70.0,2.725,0.5468728381300852
100.0,70.0,2.75,0.5131602467152152
100.0,70.0,2.775,0.4843378332802037
100.0,70.0,2.8,0.459336225690096
100.0,70.0,2.825,0.4374221453058186
100.0,70.0,2.85,0.4180186487528653
100.0,70.0,2.875,0.4005765087290462
100.0,70.0,2.9,0.3846807983838664
100.0,70.0,2.925,0.36995803718846904
100.0,70.0,2.95,0.3562340927100676
100.0,70.0,2.975,0.34345600428055323
100.0,70.0,3.0,0.3314681605795696
100.0,70.0,3.025,0.32015909660956127
100.0,70.0,3.05,0.30943556900160973
100.0,70.0,3.075,0.2992178429665914
100.0,70.0,3.1,0.28943723608362554
100.0,70.0,3.125,0.28003417331259906
100.0,70.0,3.15,0.27095656727388095
100.0,70.0,3.175,0.26215847524036207
100.0,70.0,3.2,0.2535989904720519
100.0,70.0,3.225,0.2452413259302203
100.0,70.0,3.25,0.2370520523947204
100.0,70.0,3.275,0.22900045861227342
100.0,70.0,3.3,0.22105800668792194
100.0,70.0,3.325,0.2131978607858134
100.0,70.0,3.35,0.20539447112245843
100.0,70.0,3.375,0.19762319820378202
100.0,70.0,3.4,0.18985996429525565
100.0,70.0,3.425,0.1820809201747067
100.0,70.0,3.45,0.17426211515884554
100.0,70.0,3.475,0.16637915744288234
100.0,70.0,3.5,0.15840685441702668
100.0,70.0,3.525,0.15031886237783762
100.0,70.0,3.55,0.1420876253326525
100.0,70.0,3.575,0.13368548550465129
100.0,70.0,3.6,0.1250846820642126
100.0,70.0,3.625,0.11624948000837615
100.0,70.0,3.65,0.10713773793779216
100.0,70.0,3.675,0.09770687727218409
100.0,70.0,3.7,0.08791062654771746
100.0,70.0,3.725,0.07769651813132691
100.0,70.0,3.75,0.0670046126056207
100.0,70.0,3.775,0.055766131787270294
100.0,70.0,3.8,0.04390175739738033
100.0,75.0,2.4,1.5921219438227159
100.0,75.0,2.425,2.1610888751195834
100.0,75.0,2.45,1.5116974940368384
100.0,75.0,2.475,1.1669979316836219
100.0,75.0,2.5,0.9647878232115688
100.0,75.0,2.525,0.8325482976135272
100.0,75.0,2.55,0.7390371777303306
100.0,75.0,2.575,0.6690537931666019
100.0,75.0,2.6,0.614395862345746
100.0,75.0,2.625,0.5702665113342661
100.0,75.0,2.65,0.5336792537911953
100.0,75.0,2.675,0.502681036077408
100.0,75.0,2.7,0.4759456971906646
100.0,75.0,2.725,0.4525710149070219
100.0,75.0,2.75,0.4319401307827014
100.0,75.0,2.775,0.4135901434235291
100.0,75.0,2.8,0.3972029699789039
100.0,75.0,2.825,0.3819355394529382
100.0,75.0,2.85,0.36778275941881255
100.0,75.0,2.875,0.35461318085743365
100.0,75.0,2.9,0.3422844448973018
100.0,75.0,2.925,0.33068169760611227
100.0,75.0,2.95,0.31970694159806595
100.0,75.0,2.975,0.30927588431941455
100.0,75.0,3.0,0.2993158879481555
100.0,75.0,3.025,0.28976411255278556
100.0,75.0,3.05,0.280565855358445
100.0,75.0,3.075,0.27167312457328746
100.0,75.0,3.1,0.2630434433000617
100.0,75.0,3.125,0.25463885603026415
100.0,75.0,3.15,0.2464251041019695
100.0,75.0,3.175,0.23837093810116633
100.0,75.0,3.2,0.23044753934828807
100.0,75.0,3.225,0.2226280270941887
100.0,75.0,3.25,0.21488703203392387
100.0,75.0,3.275,0.20720032000953523
100.0,75.0,3.3,0.19954445231314477
100.0,75.0,3.325,0.19189647085878725
100.0,75.0,3.35,0.18423359767105338
100.0,75.0,3.375,0.17653293855572252
100.0,75.0,3.4,0.16877118024775808
100.0,75.0,3.425,0.1609242685318077
100.0,75.0,3.45,0.1529670531616585
100.0,75.0,3.475,0.14487289880338566
100.0,75.0,3.5,0.13661338610536017
100.0,75.0,3.525,0.12815879505872557
100.0,75.0,3.55,0.11947981264148501
100.0,75.0,3.575,0.11054301774053585
100.0,75.0,3.6,0.10130391264401134
100.0,75.0,3.625,0.09171477327483155
100.0,75.0,3.65,0.08172540270798477
100.0,75.0,3.675,0.07127911734574865
100.0,75.0,3.7,0.06031064263079259
100.0,75.0,3.725,0.04874439101808925
100.0,75.0,3.75,0.036492280737280634
100.0,75.0,3.775,0.02345111955759503
100.0,75.0,3.8,0.009498959377428189
100.0,80.0,2.4,1.112746057464136
100.0,80.0,2.425,0.931116243489068
100.0,80.0,2.45,0.810354772090648
100.0,80.0,2.475,0.7238478714589601
100.0,80.0,2.5,0.6584435693851353
100.0,80.0,2.525,0.6069398625605602
100.0,80.0,2.55,0.565071634406206
100.0,80.0,2.575,0.5301545880060691
100.0,80.0,2.6,0.5004186532457087
100.0,80.0,2.625,0.4746607353909509
100.0,80.0,2.65,0.4520569375823225
100.0,80.0,2.675,0.43204241107249863
100.0,80.0,2.7,0.41431924313783963
100.0,80.0,2.725,0.39829426998687556
100.0,80.0,2.75,0.38333948409730134
100.0,80.0,2.775,0.3694666761471986
100.0,80.0,2.8,0.35652734421913074
100.0,80.0,2.825,0.34439454237697903
100.0,80.0,2.85,0.33296000283149535
100.0,80.0,2.875,0.3221303198655951
100.0,80.0,2.9,0.3118250475957758
100.0,80.0,2.925,0.30197486794809997
100.0,80.0,2.95,0.292519808064019
100.0,80.0,2.975,0.28340764163456494
100.0,80.0,3.0,0.2745925228758213
100.0,80.0,3.025,0.26603384493174825
100.0,80.0,3.05,0.25769529292388693
100.0,80.0,3.075,0.249544057865534
100.0,80.0,3.1,0.2415501804017244
100.0,80.0,3.125,0.23368599794722297
100.0,80.0,3.15,0.2259256733535627
100.0,80.0,3.175,0.21824478710818926
100.0,80.0,3.2,0.21061997813057964
100.0,80.0,3.225,0.20302862054027532
100.0,80.0,3.25,0.1954485254294409
100.0,80.0,3.275,0.18785765775303717
100.0,80.0,3.3,0.18023385895853586
100.0,80.0,3.325,0.17255456580617204
100.0,80.0,3.35,0.16479651469006298
100.0,80.0,3.375,0.15693541825130264
100.0,80.0,3.4,0.148945597938318
100.0,80.0,3.425,0.14079956440219832
100.0,80.0,3.45,0.13246764046023052
100.0,80.0,3.475,0.12391826291921125
100.0,80.0,3.5,0.11512000956538396
100.0,80.0,3.525,0.10603879597428015
100.0,80.0,3.55,0.0966279786892801
100.0,80.0,3.575,0.08683433942790184
100.0,80.0,3.6,0.07660253942919001
100.0,80.0,3.625,0.06587029410301859
100.0,80.0,3.65,0.05456539647402709
100.0,80.0,3.675,0.04260352285970906
100.0,80.0,3.7,0.02988559095136841
100.0,80.0,3.725,0.016294312943201144
100.0,80.0,3.75,0.00168969830405159
100.0,80.0,3.775,-0.014096818593959655
100.0,80.0,3.8,-0.031270063317189255
100.0,85.0,2.4,0.7264100859438847
100.0,85.0,2.425,0.6616259438925491
100.0,85.0,2.45,0.6105732302315715
100.0,85.0,2.475,0.5690352023552587
100.0,85.0,2.5,0.5343596946547741
100.0,85.0,2.525,0.5047974840029973
100.0,85.0,2.55,0.47915878668648304
100.0,85.0,2.575,0.4566453418851716
100.0,85.0,2.6,0.4367907255246155
100.0,85.0,2.625,0.41925065907135134
100.0,85.0,2.65,0.4031976358106738
100.0,85.0,2.675,0.3882311272502369
100.0,85.0,2.7,0.37435048003904975
100.0,85.0,2.725,0.36140599661010686
100.0,85.0,2.75,0.3492676985342864
100.0,85.0,2.775,0.33782615281045736
100.0,85.0,2.8,0.3269876806573719
100.0,85.0,2.825,0.3166720895886767
100.0,85.0,2.85,0.30681055531749585
100.0,85.0,2.875,0.2973436852204763
100.0,85.0,2.9,0.2882198499467651
100.0,85.0,2.925,0.2793937899430194
100.0,85.0,2.95,0.2708254657889721
100.0,85.0,2.975,0.26247911137845276
100.0,85.0,3.0,0.2543224508911441
100.0,85.0,3.025,0.24632604611010228
100.0,85.0,3.05,0.23846274665970374
100.0,85.0,3.075,0.23070722102639732
100.0,85.0,3.1,0.22303555049900736
100.0,85.0,3.125,0.21542487146233974
100.0,85.0,3.15,0.20785305392127176
100.0,85.0,3.175,0.20029840585282715
100.0,85.0,3.2,0.192739394085941
100.0,85.0,3.225,0.18515437294797854
100.0,85.0,3.25,0.17752131188988457
100.0,85.0,3.275,0.1698175126693423
100.0,85.0,3.3,0.1620193064653366
100.0,85.0,3.325,0.15410152852560674
100.0,85.0,3.35,0.14603794995142083
100.0,85.0,3.375,0.13779926078098773
100.0,85.0,3.4,0.1293541456753568
100.0,85.0,3.425,0.1206690597398954
100.0,85.0,3.45,0.1117107153346134
100.0,85.0,3.475,0.10244243766383172
100.0,85.0,3.5,0.09281273233363091
100.0,85.0,3.525,0.08276295438724642
100.0,85.0,3.55,0.07223161749021817
100.0,85.0,3.575,0.06114907394045194
100.0,85.0,3.6,0.04943393301591355
100.0,85.0,3.625,0.03699031714731007
100.0,85.0,3.65,0.023704522533918904
100.0,85.0,3.675,0.009440611180506688
100.0,85.0,3.7,-0.005965436715600441
100.0,85.0,3.725,-0.022713527403022866
100.0,85.0,3.75,-0.04104997518970607
100.0,85.0,3.775,-0.06128184998937332
100.0,85.0,3.8,-0.08379674240807411
100.0,90.0,2.4,0.5810940849947159
100.0,90.0,2.425,0.5453975585111971
100.0,90.0,2.45,0.5150447923360794
100.0,90.0,2.475,0.48878192280007454
100.0,90.0,2.5,0.4657995256512799
100.0,90.0,2.525,0.4456540322733168
100.0,90.0,2.55,0.42788095231443635
100.0,90.0,2.575,0.4114620705935553
100.0,90.0,2.6,0.3962016539889239
100.0,90.0,2.625,0.382066161049946
100.0,90.0,2.65,0.368908769382856
100.0,90.0,2.675,0.356588156188251
100.0,90.0,2.7,0.3449856831358673
100.0,90.0,2.725,0.33400239799537734
100.0,90.0,2.75,0.3235557744196038
100.0,90.0,2.775,0.3135752782640504
100.0,90.0,2.8,0.30400018617356867
100.0,90.0,2.825,0.2947778541498275
100.0,90.0,2.85,0.285862250984646
100.0,90.0,2.875,0.27721275466919876
100.0,90.0,2.9,0.26879316828454475
100.0,90.0,2.925,0.26057091078897016
100.0,90.0,2.95,0.25251634535497297
100.0,90.0,2.975,0.2446022153224703
100.0,90.0,3.0,0.2368031640089432
100.0,90.0,3.025,0.22909531946503242
100.0,90.0,3.05,0.22145592897023053
100.0,90.0,3.075,0.21386303085357633
100.0,90.0,3.1,0.20629515340384633
100.0,90.0,3.125,0.19873103376858692
100.0,90.0,3.15,0.19114928678990625
100.0,90.0,3.175,0.18352829698047346
100.0,90.0,3.2,0.17584576139585764
100.0,90.0,3.225,0.16807841868168427
100.0,90.0,3.25,0.16020179195195214
100.0,90.0,3.275,0.15218976695174138
100.0,90.0,3.3,0.14401415225204595
100.0,90.0,3.325,0.13564417458785452
100.0,90.0,3.35,0.1270461238982742
100.0,90.0,3.375,0.11818417507605408
100.0,90.0,3.4,0.10902281188567317
100.0,90.0,3.425,0.09952053963979016
100.0,90.0,3.45,0.08961919783512291
100.0,90.0,3.475,0.079253931291055
100.0,90.0,3.5,0.06835562405790019
100.0,90.0,3.525,0.05684489430036305
100.0,90.0,3.55,0.04462809157111488
100.0,90.0,3.575,0.031593830620516
100.0,90.0,3.6,0.017608627114477103
100.0,90.0,3.625,0.0025110615691097513
100.0,90.0,3.65,-0.013896083290763672
100.0,90.0,3.675,-0.031856517418984515
100.0,90.0,3.7,-0.051675189749378764
100.0,90.0,3.725,-0.07373894633574199
100.0,90.0,3.75,-0.0985459580483616
100.0,90.0,3.775,-0.12674826192367747
100.0,90.0,3.8,-0.15921383744547765
100.0,95.0,2.4,0.5033402279784988
100.0,95.0,2.425,0.4793386015768938
100.0,95.0,2.45,0.4584855585886771
100.0,95.0,2.475,0.43995786909229484
100.0,95.0,2.5,0.4228962928686755
100.0,95.0,2.525,0.40705652534878944
100.0,95.0,2.55,0.39243686867943756
100.0,95.0,2.575,0.3788716099052186
100.0,95.0,2.6,0.366195998251968
100.0,95.0,2.625,0.3542810954468802
100.0,95.0,2.65,0.3430210668894467
100.0,95.0,2.675,0.33232736293876286
100.0,95.0,2.7,0.32212475331944274
100.0,95.0,2.725,0.31234900145820443
100.0,95.0,2.75,0.3029450545358985
100.0,95.0,2.775,0.29386485414005914
100.0,95.0,2.8,0.28506609479190803
100.0,95.0,2.825,0.2765112038799166
100.0,95.0,2.85,0.26816648232090806
100.0,95.0,2.875,0.26000139077612267
100.0,95.0,2.9,0.25198795274724217
100.0,95.0,2.925,0.24410024902205724
100.0,95.0,2.95,0.23631398317467342
100.0,95.0,2.975,0.22860610521741545
100.0,95.0,3.0,0.2209539384614798
100.0,95.0,3.025,0.21333733266073004
100.0,95.0,3.05,0.20573368768723072
100.0,95.0,3.075,0.19812213133380827
100.0,95.0,3.1,0.1904811350792088
100.0,95.0,3.125,0.1827886079567001
100.0,95.0,3.15,0.175021600573555
100.0,95.0,3.175,0.16715597822012396
100.0,95.0,3.2,0.15916605324510724
100.0,95.0,3.225,0.15102415885658982
100.0,95.0,3.25,0.14270014596062497
100.0,95.0,3.275,0.13416082638651372
100.0,95.0,3.3,0.12536965693492966
100.0,95.0,3.325,0.11628780987424657
100.0,95.0,3.35,0.10687607562788265
100.0,95.0,3.375,0.09708639540460684
100.0,95.0,3.4,0.08685305124358376
100.0,95.0,3.425,0.0761032997386629
100.0,95.0,3.45,0.06475785995337127
100.0,95.0,3.475,0.05272437054832645
100.0,95.0,3.5,0.03989272253535277
100.0,95.0,3.525,0.026130497347307487
100.0,95.0,3.55,0.011277049936793331
100.0,95.0,3.575,-0.004864522256163932
100.0,95.0,3.6,-0.022538396048005022
100.0,95.0,3.625,-0.04205133441023994
100.0,95.0,3.65,-0.06379433119889685
100.0,95.0,3.675,-0.08827381666999444
100.0,95.0,3.7,-0.11615764312086663
100.0,95.0,3.725,-0.14834444315130185
100.0,95.0,3.75,-0.18607070066617815
100.0,95.0,3.775,-0.23108337504178234
100.0,95.0,3.8,-0.2859466523287788
100.0,100.0,2.4,0.4555595776751524
100.0,100.0,2.425,0.43745732208453725
100.0,100.0,2.45,0.42081066737269557
100.0,100.0,2.475,0.40545562935534785
100.0,100.0,2.5,0.39126024822150185
100.0,100.0,2.525,0.3780487200146355
100.0,100.0,2.55,0.3656659788148334
100.0,100.0,2.575,0.35399213244587024
100.0,100.0,2.6,0.34292982393123544
100.0,100.0,2.625,0.3323975614326841
100.0,100.0,2.65,0.32232595241906337
100.0,100.0,2.675,0.3126554671178945
100.0,100.0,2.7,0.3033343083206895
100.0,100.0,2.725,0.2943171862425418
100.0,100.0,2.75,0.2855642529894492
100.0,100.0,2.775,0.2770398732913734
100.0,100.0,2.8,0.2687118824653913
100.0,100.0,2.825,0.26055095643766857
100.0,100.0,2.85,0.2525300786706267
100.0,100.0,2.875,0.24462378833388418
100.0,100.0,2.9,0.2368087693566563
100.0,100.0,2.925,0.22906194733111712
100.0,100.0,2.95,0.22136135372653362
100.0,100.0,2.975,0.21368538651980468
100.0,100.0,3.0,0.20601256254004588
100.0,100.0,3.025,0.1983212316490646
100.0,100.0,3.05,0.19058928386977242
100.0,100.0,3.075,0.1827938426997441
100.0,100.0,3.1,0.1749109348648379
100.0,100.0,3.125,0.1669151244321382
100.0,100.0,3.15,0.15877909577387286
100.0,100.0,3.175,0.1504731656709388
100.0,100.0,3.2,0.14196470657263027
100.0,100.0,3.225,0.13321751242795737
100.0,100.0,3.25,0.12419142058242191
100.0,100.0,3.275,0.11484325564149878
100.0,100.0,3.3,0.10512808715103808
100.0,100.0,3.325,0.09499038384908008
100.0,100.0,3.35,0.08435585866241749
100.0,100.0,3.375,0.07314102546274422
100.0,100.0,3.4,0.06125288715200869
100.0,100.0,3.425,0.04858170612151337
100.0,100.0,3.45,0.03499511987562975
100.0,100.0,3.475,0.020331869049356886
100.0,100.0,3.5,0.004393474411169969
100.0,100.0,3.525,-0.013067265370767994
100.0,100.0,3.55,-0.03236240345559577
100.0,100.0,3.575,-0.053891851856592704
100.0,100.0,3.6,-0.07817701316725884
100.0,100.0,3.625,-0.10590985961946056
100.0,100.0,3.65,-0.13803133794567518
100.0,100.0,3.675,-0.17585021798892536
100.0,100.0,3.7,-0.22124171831794118
100.0,100.0,3.725,-0.2769825618370917
100.0,100.0,3.75,-0.3473545549714454
100.0,100.0,3.775,-0.43931998427118746
100.0,100.0,3.8,-0.5647617802981164
100.0,105.0,2.4,0.421254967174714
100.0,105.0,2.425,0.4061882903981005
100.0,105.0,2.45,0.39221885948642177
100.0,105.0,2.475,0.3791874130736846
100.0,105.0,2.5,0.3669471566122117
100.0,105.0,2.525,0.35538385379014303
100.0,105.0,2.55,0.34440524294968566
100.0,105.0,2.575,0.3339340146326918
100.0,105.0,2.6,0.32390432044449136
100.0,105.0,2.625,0.3142594007040624
100.0,105.0,2.65,0.30494978139474965
100.0,105.0,2.675,0.2959320166051735
100.0,105.0,2.7,0.28716741489003655
100.0,105.0,2.725,0.2786213155948167
100.0,105.0,2.75,0.27026207790238643
100.0,105.0,2.775,0.2620617659755649
100.0,105.0,2.8,0.2539930947504928
100.0,105.0,2.825,0.2460312037238718
100.0,105.0,2.85,0.23815235627810974
100.0,105.0,2.875,0.2303337067854401
100.0,105.0,2.9,0.22255298033022236
100.0,105.0,2.925,0.21478816438333287
100.0,105.0,2.95,0.2070172073677278
100.0,105.0,2.975,0.19921771545915548
100.0,105.0,3.0,0.19136663834510304
100.0,105.0,3.025,0.1834399338584368
100.0,105.0,3.05,0.17541219993305734
100.0,105.0,3.075,0.16725625988867152
100.0,105.0,3.1,0.15894268336015668
100.0,105.0,3.125,0.15043922079016345
100.0,105.0,3.15,0.14171013055112547
100.0,105.0,3.175,0.13271542047449264
100.0,105.0,3.2,0.12341026050449899
100.0,105.0,3.225,0.11374543658045
100.0,105.0,3.25,0.10366814835842701
100.0,105.0,3.275,0.09311430476414406
100.0,105.0,3.3,0.08199930070451375
100.0,105.0,3.325,0.07022514623217965
100.0,105.0,3.35,0.057680400734893084
100.0,105.0,3.375,0.044231935601818324
100.0,105.0,3.4,0.029717030421911077
100.0,105.0,3.425,0.013934427747600628
100.0,105.0,3.45,-0.003366854258196253
100.0,105.0,3.475,-0.02250988555282211
100.0,105.0,3.5,-0.04390367732821018
100.0,105.0,3.525,-0.06809067751246642
100.0,105.0,3.55,-0.0957958892358316
100.0,105.0,3.575,-0.12801313620443186
100.0,105.0,3.6,-0.16614171496816227
100.0,105.0,3.625,-0.21221438379352853
100.0,105.0,3.65,-0.26929492370843056
100.0,105.0,3.675,-0.3422071207697833
100.0,105.0,3.7,-0.4389487572908016
100.0,105.0,3.725,-0.5736209061654147
100.0,105.0,3.75,-0.7727915279061436
100.0,105.0,3.775,-1.0868899095152713
100.0,105.0,3.8,-1.5595193989460752
100.0,110.0,2.4,0.3950007824137948
100.0,110.0,2.425,0.382005928056768
100.0,110.0,2.45,0.36978512510594375
100.0,110.0,2.475,0.3582252257972027
100.0,110.0,2.5,0.3472362066511024
100.0,110.0,2.525,0.336742969171202
100.0,110.0,2.55,0.32668139567069754
100.0,110.0,2.575,0.3169960652495335
100.0,110.0,2.6,0.3076386088530408
100.0,110.0,2.625,0.2985658154080062
100.0,110.0,2.65,0.28974105534016403
100.0,110.0,2.675,0.281129004390028
100.0,110.0,2.7,0.27269858333233526
100.0,110.0,2.725,0.2644211433400003
100.0,110.0,2.75,0.2562700195588693
100.0,110.0,2.775,0.24822003045977709
100.0,110.0,2.8,0.24024711026207418
100.0,110.0,2.825,0.2323279607228902
100.0,110.0,2.85,0.22443971862577833
100.0,110.0,2.875,0.2165596348820063
100.0,110.0,2.9,0.2086647561225139
100.0,110.0,2.925,0.20073159881644026
100.0,110.0,2.95,0.1927358053343984
100.0,110.0,2.975,0.18465177022927542
100.0,110.0,3.0,0.1764522230758435
100.0,110.0,3.025,0.16810775122122396
100.0,110.0,3.05,0.15958624146892028
100.0,110.0,3.075,0.1508522143864955
100.0,110.0,3.1,0.14186602310841437
100.0,110.0,3.125,0.1325829158281079
100.0,110.0,3.15,0.12295212385149641
100.0,110.0,3.175,0.11291660543571036
100.0,110.0,3.2,0.10241332659533509
100.0,110.0,3.225,0.0913674025108249
100.0,110.0,3.25,0.07968135685862614
100.0,110.0,3.275,0.06723814434466878
100.0,110.0,3.3,0.053901921826567153
100.0,110.0,3.325,0.03950675374217564
100.0,110.0,3.35,0.023848619238479883
100.0,110.0,3.375,0.0066704840341512
100.0,110.0,3.4,-0.012356800991122085
100.0,110.0,3.425,-0.03366002395810828
100.0,110.0,3.45,-0.05780352533297107
100.0,110.0,3.475,-0.08554966631574233
100.0,110.0,3.5,-0.11795398523673013
100.0,110.0,3.525,-0.15652040275242232
100.0,110.0,3.55,-0.2034650936452887
100.0,110.0,3.575,-0.26218731837930376
100.0,110.0,3.6,-0.3381580476648669
100.0,110.0,3.625,-0.4407074915818015
100.0,110.0,3.65,-0.5868636644295945
100.0,110.0,3.675,-0.8098597207294349
100.0,110.0,3.7,-1.1731084251651565
100.0,110.0,3.725,-1.6570290390431412
100.0,110.0,3.75,0.024697444467105617
100.0,110.0,3.775,1.9204967522074192
100.0,110.0,3.8,1.4792391736649164
100.0,115.0,2.4,0.37400795393636854
100.0,115.0,2.425,0.36235945447636475
100.0,115.0,2.45,0.3512790261632708
100.0,115.0,2.475,0.34069187824153824
100.0,115.0,2.5,0.33053428410232144
100.0,115.0,2.525,0.32075036801405343
100.0,115.0,2.55,0.31129379786835154
100.0,115.0,2.575,0.30212037791659
100.0,115.0,2.6,0.2931921234825563
100.0,115.0,2.625,0.2844747564190612
100.0,115.0,2.65,0.27593684278269454
100.0,115.0,2.675,0.2675493563643384
100.0,115.0,2.7,0.25928507850823046
100.0,115.0,2.725,0.25111824856020276
100.0,115.0,2.75,0.2430241866864199
100.0,115.0,2.775,0.23497884373202643
100.0,115.0,2.8,0.22695846788212234
100.0,115.0,2.825,0.2189392696481598
100.0,115.0,2.85,0.21089707864436466
100.0,115.0,2.875,0.2028069855360382
100.0,115.0,2.9,0.1946429576358088
100.0,115.0,2.925,0.18637741432568047
100.0,115.0,2.95,0.1779807457792444
100.0,115.0,2.975,0.1694207545812341
100.0,115.0,3.0,0.160661994356929
100.0,115.0,3.025,0.1516649723891267
100.0,115.0,3.05,0.1423851769659709
100.0,115.0,3.075,0.13277190047831494
100.0,115.0,3.1,0.12276692219931357
100.0,115.0,3.125,0.11230342655823045
100.0,115.0,3.15,0.10130534986996373
100.0,115.0,3.175,0.08968286136846389
100.0,115.0,3.2,0.07732803298927197
100.0,115.0,3.225,0.06408611620837922
100.0,115.0,3.25,0.0497972338943521
100.0,115.0,3.275,0.03425137305282634
100.0,115.0,3.3,0.017185532981563303
100.0,115.0,3.325,-0.001737882883126317
100.0,115.0,3.35,-0.02295991463925262
100.0,115.0,3.375,-0.04706811136575478
100.0,115.0,3.4,-0.07486300067744037
100.0,115.0,3.425,-0.10746410856575142
100.0,115.0,3.45,-0.14648560588759715
100.0,115.0,3.475,-0.19434053074966867
100.0,115.0,3.5,-0.25479593733836237
100.0,115.0,3.525,-0.3340498654891292
100.0,115.0,3.55,-0.4429724123201193
100.0,115.0,3.575,-0.6021161555058231
100.0,115.0,3.6,-0.8531836188124
100.0,115.0,3.625,-1.2730474383073818
100.0,115.0,3.65,-1.6125522452342367
100.0,115.0,3.675,1.305382423881374
100.0,115.0,3.7,1.750943976237101
100.0,115.0,3.725,1.2826172799660587
100.0,115.0,3.75,0.9877956706664088
100.0,115.0,3.775,0.8046203730554866
100.0,115.0,3.8,0.6816638126560346
100.0,120.0,2.4,0.3564390407779213
100.0,120.0,2.425,0.34569271976142973
100.0,120.0,2.45,0.33537959862112837
100.0,120.0,2.475,0.3254481343460319
100.0,120.0,2.5,0.31584452308540295
100.0,120.0,2.525,0.30652694572666744
100.0,120.0,2.55,0.2974566365255957
100.0,120.0,2.575,0.28859848140826067
100.0,120.0,2.6,0.27992035182747005
100.0,120.0,2.625,0.27139246835312725
100.0,120.0,2.65,0.26298686155711776
100.0,120.0,2.675,0.25467694900230436
100.0,120.0,2.7,0.24643703619687368
100.0,120.0,2.725,0.23824200704740395
100.0,120.0,2.75,0.2300669675834344
100.0,120.0,2.775,0.22188681042512673
100.0,120.0,2.8,0.2136758491195883
100.0,120.0,2.825,0.2054074221164839
100.0,120.0,2.85,0.19705345592926843
100.0,120.0,2.875,0.18858397444597752
100.0,120.0,2.9,0.1799665344878199
100.0,120.0,2.925,0.17116556200733699
100.0,120.0,2.95,0.16214155582939607
100.0,120.0,2.975,0.15285011560303877
100.0,120.0,3.0,0.14324073762959347
100.0,120.0,3.025,0.13325530974479588
100.0,120.0,3.05,0.12282620905558639
100.0,120.0,3.075,0.11187330614408676
100.0,120.0,3.1,0.1003127444695077
100.0,120.0,3.125,0.08802497523845285
100.0,120.0,3.15,0.07487756929425544
100.0,120.0,3.175,0.060696912030205434
100.0,120.0,3.2,0.04526957799340037
100.0,120.0,3.225,0.028327947341563638
100.0,120.0,3.25,0.009527417462874034
100.0,120.0,3.275,-0.01158489126406875
100.0,120.0,3.3,-0.035616538930775106
100.0,120.0,3.325,-0.06340199836787025
100.0,120.0,3.35,-0.09611930065113562
100.0,120.0,3.375,-0.13548614539315354
100.0,120.0,3.4,-0.18410557951271034
100.0,120.0,3.425,-0.24611039725810982
100.0,120.0,3.45,-0.32844658589463754
100.0,120.0,3.475,-0.4436324695097594
100.0,120.0,3.5,-0.6161671302593622
100.0,120.0,3.525,-0.8975343472415228
100.0,120.0,3.55,-1.3727608186413283
100.0,120.0,3.575,-1.2259272657842872
100.0,120.0,3.6,1.832313108617373
100.0,120.0,3.625,1.5421775091830192
100.0,120.0,3.65,1.1297096712062655
100.0,120.0,3.675,0.8856960977306579
100.0,120.0,3.7,0.7318061024496444
100.0,120.0,3.725,0.626542250485379
100.0,120.0,3.75,0.5497616581428503
100.0,120.0,3.775,0.49088785111691147
100.0,120.0,3.8,0.4439170157600709
100.0,125.0,2.4,0.3411726756171576
100.0,125.0,2.425,0.3310403038054191
100.0,125.0,2.45,0.32124550625121534
100.0,125.0,2.475,0.311743645041077
100.0,125.0,2.5,0.3024946718928993
100.0,125.0,2.525,0.2934622935007776
100.0,125.0,2.55,0.2846132304319585
100.0,125.0,2.575,0.27591658702788474
100.0,125.0,2.6,0.2673433088704354
100.0,125.0,2.625,0.25886566141010614
100.0,125.0,2.65,0.25045677145272355
100.0,125.0,2.675,0.24209024623492234
100.0,125.0,2.7,0.23373969708159673
100.0,125.0,2.725,0.22537840161644654
100.0,125.0,2.75,0.21697889321150474
100.0,125.0,2.775,0.20851244871506042
100.0,125.0,2.8,0.19994859564182482
100.0,125.0,2.825,0.19125454187806923
100.0,125.0,2.85,0.18239450566839582
100.0,125.0,2.875,0.1733289157598235
100.0,125.0,2.9,0.16401343698348264
100.0,125.0,2.925,0.15439775294226962
100.0,125.0,2.95,0.1444239423561828
100.0,125.0,2.975,0.13402338573474712
100.0,125.0,3.0,0.12312498242916105
100.0,125.0,3.025,0.11162581600575346
100.0,125.0,3.05,0.09941847095966969
100.0,125.0,3.075,0.08636933145475907
100.0,125.0,3.1,0.0723105327212494
100.0,125.0,3.125,0.05702657801946005
100.0,125.0,3.15,0.04024502693215968
100.0,125.0,3.175,0.02161657473833932
100.0,125.0,3.2,0.0006810588281253934
100.0,125.0,3.225,-0.023182352723881434
100.0,125.0,3.25,-0.05083229575198867
100.0,125.0,3.275,-0.08349085756007486
100.0,125.0,3.3,-0.12295752002708399
100.0,125.0,3.325,-0.17199215515023464
100.0,125.0,3.35,-0.23504271184832376
100.0,125.0,3.375,-0.3197292702487583
100.0,125.0,3.4,-0.4401323960868266
100.0,125.0,3.425,-0.6247114222645463
100.0,125.0,3.45,-0.9352061859534033
100.0,125.0,3.475,-1.453221427361106
100.0,125.0,3.5,-0.46023478857412187
100.0,125.0,3.525,1.8664219126814119
100.0,125.0,3.55,1.373666091704728
100.0,125.0,3.575,1.0184546059479163
100.0,125.0,3.6,0.8104015909392657
100.0,125.0,3.625,0.6772482106389099
100.0,125.0,3.65,0.584862898761181
100.0,125.0,3.675,0.5166174030819851
100.0,125.0,3.7,0.4637213479094993
100.0,125.0,3.725,0.42114151304149383
100.0,125.0,3.75,0.38578607318102925
100.0,125.0,3.775,0.35565308238344656
100.0,125.0,3.8,0.3293891203120993
100.0,130.0,2.4,0.3274739172222747
100.0,130.0,2.425,0.3177484892711913
100.0,130.0,2.45,0.3082851912049523
100.0,130.0,2.475,0.2990460949321535
100.0,130.0,2.5,0.2899963940926123
100.0,130.0,2.525,0.2811037268511413
100.0,130.0,2.55,0.27233758471710195
100.0,130.0,2.575,0.26366879175235847
100.0,130.0,2.6,0.25506903190422675
100.0,130.0,2.625,0.24651035746991384
100.0,130.0,2.65,0.2379647284422486
100.0,130.0,2.675,0.22940359710678956
100.0,130.0,2.7,0.22079736322722074
100.0,130.0,2.725,0.2121149166033553
100.0,130.0,2.75,0.20332306099669667
100.0,130.0,2.775,0.19438578304575357
100.0,130.0,2.8,0.18526345897729543
100.0,130.0,2.825,0.1759118787368965
100.0,130.0,2.85,0.16628099079038583
100.0,130.0,2.875,0.15631281104490835
100.0,130.0,2.9,0.14594293181761192
100.0,130.0,2.925,0.13509515439992087
100.0,130.0,2.95,0.12367231908846432
100.0,130.0,2.975,0.11156515050874402
100.0,130.0,3.0,0.09863897343036887
100.0,130.0,3.025,0.08472876785824475
100.0,130.0,3.05,0.06962624643108163
100.0,130.0,3.075,0.05306063033492516
100.0,130.0,3.1,0.03468059825103578
100.0,130.0,3.125,0.014024377186770142
100.0,130.0,3.15,-0.009532247612569916
100.0,130.0,3.175,-0.036856863109373146
100.0,130.0,3.2,-0.06919206914511478
100.0,130.0,3.225,-0.10838153171778217
100.0,130.0,3.25,-0.1572796675668312
100.0,130.0,3.275,-0.22054204941457792
100.0,130.0,3.3,-0.3062697988315459
100.0,130.0,3.325,-0.42974819495218175
100.0,130.0,3.35,-0.6227605501430085
100.0,130.0,3.375,-0.9564686009728969
100.0,130.0,3.4,-1.500121660378826
100.0,130.0,3.425,0.3166470467848025
100.0,130.0,3.45,1.7751970886916462
100.0,130.0,3.475,1.2551792912925825
100.0,130.0,3.5,0.9414427586564851
100.0,130.0,3.525,0.7574379567643458
100.0,130.0,3.55,0.6383193586804397
100.0,130.0,3.575,0.5547891484321439
100.0,130.0,3.6,0.4925893500149419
100.0,130.0,3.625,0.44407368533744757
100.0,130.0,3.65,0.40477403751825375
100.0,130.0,3.675,0.37195406817383975
100.0,130.0,3.7,0.34384680523522765
100.0,130.0,3.725,0.3192477199742062
100.0,130.0,3.75,0.29730500497677215
100.0,130.0,3.775,0.2773973070377075
100.0,130.0,3.8,0.2590581286454492
100.0,135.0,2.4,0.3148227771739109
100.0,135.0,2.425,0.3053445539769654
100.0,135.0,2.45,0.2960647171481414
100.0,135.0,2.475,0.2869490852435354
100.0,135.0,2.5,0.2779654050293406
100.0,135.0,2.525,0.2690827761396949
100.0,135.0,2.55,0.2602711203007081
100.0,135.0,2.575,0.2515006841514024
100.0,135.0,2.6,0.2427415534057125
100.0,135.0,2.625,0.233963097958278
100.0,135.0,2.65,0.22513341033324177
100.0,135.0,2.675,0.21621875094209791
100.0,135.0,2.7,0.20718279674276896
100.0,135.0,2.725,0.19798589861782673
100.0,135.0,2.75,0.18858410985817112
100.0,135.0,2.775,0.1789278405232743
100.0,135.0,2.8,0.16895935875538673
100.0,135.0,2.825,0.15861704427255036
100.0,135.0,2.85,0.14782568570164317
100.0,135.0,2.875,0.13648973458085684
100.0,135.0,2.9,0.12450217672138707
100.0,135.0,2.925,0.11173058675886809
100.0,135.0,2.95,0.09801152227117448
100.0,135.0,2.975,0.0831411150341488
100.0,135.0,3.0,0.06685888733606438
100.0,135.0,3.025,0.04882163625995201
100.0,135.0,3.05,0.028573135220103744
100.0,135.0,3.075,0.005497407641036202
100.0,135.0,3.1,-0.02126262920289195
100.0,135.0,3.125,-0.052938937461552
100.0,135.0,3.15,-0.09136798066964089
100.0,135.0,3.175,-0.13941022848713186
100.0,135.0,3.2,-0.20176763392364208
100.0,135.0,3.225,-0.2867087871682526
100.0,135.0,3.25,-0.410070015086534
100.0,135.0,3.275,-0.6055296395603451
100.0,135.0,3.3,-0.9511635464466688
100.0,135.0,3.325,-1.5156653242878624
100.0,135.0,3.35,0.7693956224154284
100.0,135.0,3.375,1.6972116786204519
100.0,135.0,3.4,1.1821069955194887
100.0,135.0,3.425,0.8925234875672144
100.0,135.0,3.45,0.7228803001239908
100.0,135.0,3.475,0.6125406184583304
100.0,135.0,3.5,0.5347764972388291
100.0,135.0,3.525,0.4765894335066447
100.0,135.0,3.55,0.43100742517431423
100.0,135.0,3.575,0.39398954664882097
100.0,135.0,3.6,0.3630150970865232
100.0,135.0,3.625,0.33641154751891933
100.0,135.0,3.65,0.3130638814921118
100.0,135.0,3.675,0.2921925158144901
100.0,135.0,3.7,0.27322512671722987
100.0,135.0,3.725,0.25572971141455786
100.0,135.0,3.75,0.2393718370566475
100.0,135.0,3.775,0.22388580058153207
100.0,135.0,3.8,0.20905482385697718
100.0,140.0,2.4,0.30282487802549474
100.0,140.0,2.425,0.29345908662740533
100.0,140.0,2.45,0.28423314676221995
100.0,140.0,2.475,0.2751141523492372
100.0,140.0,2.5,0.26607003258772677
100.0,140.0,2.525,0.25706898767986885
100.0,140.0,2.55,0.24807892754243815
100.0,140.0,2.575,0.23906690440362202
100.0,140.0,2.6,0.2299985105538435
100.0,140.0,2.625,0.22083712059489888
100.0,140.0,2.65,0.21154306252905922
100.0,140.0,2.675,0.2020727178748087
100.0,140.0,2.7,0.1923771988248689
100.0,140.0,2.725,0.18240026203114698
100.0,140.0,2.75,0.17207839699685334
100.0,140.0,2.775,0.1613462461456276
100.0,140.0,2.8,0.1501060642510568
100.0,140.0,2.825,0.13825492350639798
100.0,140.0,2.85,0.1256654731147601
100.0,140.0,2.875,0.11217988124306927
100.0,140.0,2.9,0.09760041550289122
100.0,140.0,2.925,0.08167595557400965
100.0,140.0,2.95,0.0640803974360171
100.0,140.0,2.975,0.04437707427505679
100.0,140.0,3.0,0.02197161397131927
100.0,140.0,3.025,-0.003961686317881983
100.0,140.0,3.05,-0.03460862276470064
100.0,140.0,3.075,-0.0717393186860632
100.0,140.0,3.1,-0.11811574771989918
100.0,140.0,3.125,-0.1782903454208735
100.0,140.0,3.15,-0.2603023094321095
100.0,140.0,3.175,-0.3796576658668284
100.0,140.0,3.2,-0.5697888555321854
100.0,140.0,3.225,-0.9110191595452866
100.0,140.0,3.25,-1.5044874326923536
100.0,140.0,3.275,0.8388915628157981
100.0,140.0,3.3,1.672693743131551
100.0,140.0,3.325,1.149937058579023
100.0,140.0,3.35,0.8679046588273639
100.0,140.0,3.375,0.7042726643190159
100.0,140.0,3.4,0.5981841841801245
100.0,140.0,3.425,0.5234949043798849
100.0,140.0,3.45,0.46761480038897174
100.0,140.0,3.475,0.4238187714519165
100.0,140.0,3.5,0.3882097573293694
100.0,140.0,3.525,0.35838647367301074
100.0,140.0,3.55,0.33279414869525425
100.0,140.0,3.575,0.31034249672677594
100.0,140.0,3.6,0.2902534736591728
100.0,140.0,3.625,0.27198482241433636
100.0,140.0,3.65,0.2551309160411447
100.0,140.0,3.675,0.23937570041080722
100.0,140.0,3.7,0.22446743997574778
100.0,140.0,3.725,0.21020082499895348
100.0,140.0,3.75,0.19640395686209716
100.0,140.0,3.775,0.1829290258159229
100.0,140.0,3.8,0.16964257504506294
100.0,145.0,2.4,0.29115635089330816
100.0,145.0,2.425,0.2817782096398105
100.0,145.0,2.45,0.27248108185369907
100.0,145.0,2.475,0.2632308976028591
100.0,145.0,2.5,0.25399321392872204
100.0,145.0,2.525,0.244732554365817
100.0,145.0,2.55,0.23541169377257343
100.0,145.0,2.575,0.22599087932559753
100.0,145.0,2.6,0.21642693640412364
100.0,145.0,2.625,0.2066719896825714
100.0,145.0,2.65,0.19667177341458866
100.0,145.0,2.675,0.1863630653680439
100.0,145.0,2.7,0.1756809929819133
100.0,145.0,2.725,0.16454061743462978
100.0,145.0,2.75,0.1528369857818444
100.0,145.0,2.775,0.14045019850558102
100.0,145.0,2.8,0.12723109084214
100.0,145.0,2.825,0.11299263975332602
100.0,145.0,2.85,0.0974969905668686
100.0,145.0,2.875,0.08043672969829503
100.0,145.0,2.9,0.061405376764488796
100.0,145.0,2.925,0.03984805320430022
100.0,145.0,2.95,0.014991838829386095
100.0,145.0,2.975,-0.014269846390826532
100.0,145.0,3.0,-0.04958231021960606
100.0,145.0,3.025,-0.0935056574803439
100.0,145.0,3.05,-0.15024672051189525
100.0,145.0,3.075,-0.22721071678071827
100.0,145.0,3.1,-0.33864436211732407
100.0,145.0,3.125,-0.515309125817455
100.0,145.0,3.15,-0.8329915680655335
100.0,145.0,3.175,-1.4408462631391787
100.0,145.0,3.2,0.4367004961168957
100.0,145.0,3.225,1.7190028465259561
100.0,145.0,3.25,1.1586640807198532
100.0,145.0,3.275,0.8663743434146299
100.0,145.0,3.3,0.7005242458821146
100.0,145.0,3.325,0.5943535283365345
100.0,145.0,3.35,0.5201913264081403
100.0,145.0,3.375,0.4649933307450887
100.0,145.0,3.4,0.421888003308308
100.0,145.0,3.425,0.3869303280991141
100.0,145.0,3.45,0.3576986867334997
100.0,145.0,3.475,0.3326291038791847
100.0,145.0,3.5,0.31067753709883245
100.0,145.0,3.525,0.2910995698164731
100.0,145.0,3.55,0.2733169448402906
100.0,145.0,3.575,0.2569201832135419
100.0,145.0,3.6,0.24160752594440138
100.0,145.0,3.625,0.2271377505606223
100.0,145.0,3.65,0.21331363263831718
100.0,145.0,3.675,0.19996677516713968
100.0,145.0,3.7,0.18696107666105652
100.0,145.0,3.725,0.1741682337684113
100.0,145.0,3.75,0.16147516702110085
100.0,145.0,3.775,0.14877524960383118
100.0,145.0,3.8,0.13596498757411224
100.0,150.0,2.4,0.27952675619845674
100.0,150.0,2.425,0.270008901672632
100.0,150.0,2.45,0.260507250646969
100.0,150.0,2.475,0.25098363585706657
100.0,150.0,2.5,0.24139790724321356
100.0,150.0,2.525,0.23170699751779955
100.0,150.0,2.55,0.2218638145133604
100.0,150.0,2.575,0.2118159492038718
100.0,150.0,2.6,0.20150402554705638
100.0,150.0,2.625,0.1908594707542628
100.0,150.0,2.65,0.1798085137150462
100.0,150.0,2.675,0.1682545795214723
100.0,150.0,2.7,0.1560804064907951
100.0,150.0,2.725,0.1431478320532553
100.0,150.0,2.75,0.12928382928113677
100.0,150.0,2.775,0.11426868202078563
100.0,150.0,2.8,0.09781883101016069
100.0,150.0,2.825,0.0795612814470663
100.0,150.0,2.85,0.058994277695185386
100.0,150.0,2.875,0.03541796046022516
100.0,150.0,2.9,0.007832946477459237
100.0,150.0,2.925,-0.025235043647012734
100.0,150.0,2.95,-0.06606117401850421
100.0,150.0,2.975,-0.11835035305572286
100.0,150.0,3.0,-0.18855336165789824
100.0,150.0,3.025,-0.2889200054027005
100.0,150.0,3.05,-0.44554465696360074
100.0,150.0,3.075,-0.7227996678901488
100.0,150.0,3.1,-1.2866742605007961
100.0,150.0,3.125,-0.6255416228279456
100.0,150.0,3.15,1.8524554791723415
100.0,150.0,3.175,1.215817674349238
100.0,150.0,3.2,0.8898872958462936
100.0,150.0,3.225,0.7120832604811903
100.0,150.0,3.25,0.601014512562627
100.0,150.0,3.275,0.5246586534345377
100.0,150.0,3.3,0.4684525563829344
100.0,150.0,3.325,0.42491229732860386
100.0,150.0,3.35,0.3898177541217427
100.0,150.0,3.375,0.36061270081005553
100.0,150.0,3.4,0.33565876333717964
100.0,150.0,3.425,0.31385912955804357
100.0,150.0,3.45,0.29446205967239625
100.0,150.0,3.475,0.2769313045350192
100.0,150.0,3.5,0.26082324180516364
100.0,150.0,3.525,0.24580545074385104
100.0,150.0,3.55,0.23163461678723143
100.0,150.0,3.575,0.21813709341626583
100.0,150.0,3.6,0.20513732277919924
100.0,150.0,3.625,0.19250131175904234
100.0,150.0,3.65,0.18010867463699423
100.0,150.0,3.675,0.16785087163809254
100.0,150.0,3.7,0.1556270724853977
100.0,150.0,3.725,0.14334070109092356
100.0,150.0,3.75,0.1308959899536679
100.0,150.0,3.775,0.11819506478911422
100.0,150.0,3.8,0.10513458914860807
100.0,155.0,2.4,0.26764937627637103
100.0,155.0,2.425,0.2578489652454858
100.0,155.0,2.45,0.24798689491968381
100.0,155.0,2.475,0.23801672653137623
100.0,155.0,2.5,0.22788750673269778
100.0,155.0,2.525,0.21754212017612717
100.0,155.0,2.55,0.206915287241733
100.0,155.0,2.575,0.19593369124735602
100.0,155.0,2.6,0.1845138315950438
100.0,155.0,2.625,0.1725479822944236
100.0,155.0,2.65,0.1599058459591029
100.0,155.0,2.675,0.1464297952289128
100.0,155.0,2.7,0.13192120118030226
100.0,155.0,2.725,0.11612491057353867
100.0,155.0,2.75,0.09870671081988475
100.0,155.0,2.775,0.07922091367380049
100.0,155.0,2.8,0.05705478090088386
100.0,155.0,2.825,0.031336833599360125
100.0,155.0,2.85,0.0007909191714303796
100.0,155.0,2.875,-0.0365251724118831
100.0,155.0,2.9,-0.08372692568656405
100.0,155.0,2.925,-0.14614109486394042
100.0,155.0,2.95,-0.2336532943304932
100.0,155.0,2.975,-0.36673036747760024
100.0,155.0,3.0,-0.5944963350947957
100.0,155.0,3.025,-1.0554213778465602
100.0,155.0,3.05,-1.6312984721596284
100.0,155.0,3.075,2.03998610204982
100.0,155.0,3.1,1.3428725318730574
100.0,155.0,3.125,0.9452516156172199
100.0,155.0,3.15,0.7414848464852841
100.0,155.0,3.175,0.6192141679435522
100.0,155.0,3.2,0.53732958008772
100.0,155.0,3.225,0.4781388205453783
100.0,155.0,3.25,0.4328921704857424
100.0,155.0,3.275,0.3967910688262265
100.0,155.0,3.3,0.3669895384767297
100.0,155.0,3.325,0.34169310861824437
100.0,155.0,3.35,0.31971325286507124
100.0,155.0,3.375,0.30023188554238267
100.0,155.0,3.4,0.2826755679731384
100.0,155.0,3.425,0.2666367233884379
100.0,155.0,3.45,0.25176591034898554
100.0,155.0,3.475,0.23778155256534322
100.0,155.0,3.5,0.22448684427893908
100.0,155.0,3.525,0.21172510994689575
100.0,155.0,3.55,0.19936125405382238
100.0,155.0,3.575,0.18727698161628886
100.0,155.0,3.6,0.17536656138651155
100.0,155.0,3.625,0.16353313845913103
100.0,155.0,3.65,0.15168505922236822
100.0,155.0,3.675,0.1397329582288436
100.0,155.0,3.7,0.12758687787008727
100.0,155.0,3.725,0.11515344332206816
100.0,155.0,3.75,0.1023328264739757
100.0,155.0,3.775,0.08901550691264422
100.0,155.0,3.8,0.07508069845139315
100.0,160.0,2.4,0.2552122764467237
100.0,160.0,2.425,0.24495488452274963
100.0,160.0,2.45,0.23453459850360234
100.0,160.0,2.475,0.22388989479590174
100.0,160.0,2.5,0.21295007859060366
100.0,160.0,2.525,0.20163379256478525
100.0,160.0,2.55,0.18985130008638934
100.0,160.0,2.575,0.17748435345947683
100.0,160.0,2.6,0.1643873877430466
100.0,160.0,2.625,0.15038379209444194
100.0,160.0,2.65,0.13524873647896882
100.0,160.0,2.675,0.11868973704345984
100.0,160.0,2.7,0.10031978086818118
100.0,160.0,2.725,0.07961341766390083
100.0,160.0,2.75,0.055836342385426015
100.0,160.0,2.775,0.02792097236643937
100.0,160.0,2.8,-0.005733742473149602
100.0,160.0,2.825,-0.04764186624506617
100.0,160.0,2.85,-0.1019984052378063
100.0,160.0,2.875,-0.1763510292610005
100.0,160.0,2.9,-0.2857052054950127
100.0,160.0,2.925,-0.46428273060418174
100.0,160.0,2.95,-0.8060776091031312
100.0,160.0,2.975,-1.5675400879174861
100.0,160.0,3.0,1.4928619925611606
100.0,160.0,3.025,1.591891304339394
100.0,160.0,3.05,1.0488076017554144
100.0,160.0,3.075,0.7947628955959216
100.0,160.0,3.1,0.6516097905968424
100.0,160.0,3.125,0.5595086604024861
100.0,160.0,3.15,0.4947296344659194
100.0,160.0,3.175,0.44618220012120063
100.0,160.0,3.2,0.4080248446873609
100.0,160.0,3.225,0.37689616948033733
100.0,160.0,3.25,0.35072607534071754
100.0,160.0,3.275,0.3281690827212317
100.0,160.0,3.3,0.308311294372073
100.0,160.0,3.325,0.290509724432795
100.0,160.0,3.35,0.27430442780403136
100.0,160.0,3.375,0.2593699942348918
100.0,160.0,3.4,0.2454276994554696
100.0,160.0,3.425,0.2322281301058988
100.0,160.0,3.45,0.2195996626226624
100.0,160.0,3.475,0.2074095378611823
100.0,160.0,3.5,0.19554127244717384
100.0,160.0,3.525,0.18389039253951564
100.0,160.0,3.55,0.17236200552382133
100.0,160.0,3.575,0.16086759910431936
100.0,160.0,3.6,0.1493221975901337
100.0,160.0,3.625,0.1376416831357919
100.0,160.0,3.65,0.12574020815616263
100.0,160.0,3.675,0.11352755092384907
100.0,160.0,3.7,0.1009062344766969
100.0,160.0,3.725,0.08776818081680147
100.0,160.0,3.75,0.0739909444782924
100.0,160.0,3.775,0.059434439850220434
100.0,160.0,3.8,0.0439327481177329
100.0,165.0,2.4,0.24184368864082129
100.0,165.0,2.425,0.2308998756907451
100.0,165.0,2.45,0.21965166907922087
100.0,165.0,2.475,0.2080106177708512
100.0,165.0,2.5,0.19587604674714573
100.0,165.0,2.525,0.18312629069234868
100.0,165.0,2.55,0.16959930224308833
100.0,165.0,2.575,0.15509876147957405
100.0,165.0,2.6,0.13937413031881032
100.0,165.0,2.625,0.12209686148173618
100.0,165.0,2.65,0.10282572131732354
100.0,165.0,2.675,0.08095449317017732
100.0,165.0,2.7,0.055619887455667816
100.0,165.0,2.725,0.0255421708160736
100.0,165.0,2.75,-0.011241736197800698
100.0,165.0,2.775,-0.057909723045820365
100.0,165.0,2.8,-0.11997489798259355
100.0,165.0,2.825,-0.20788265301081071
100.0,165.0,2.85,-0.343953710433207
100.0,165.0,2.875,-0.5847538541547207
100.0,165.0,2.9,-1.1086749668120384
100.0,165.0,2.925,-1.6052793329430792
100.0,165.0,2.95,2.059119656326632
100.0,165.0,2.975,1.2403008501465378
100.0,165.0,3.0,0.885137701703033
100.0,165.0,3.025,0.7037263849840749
100.0,165.0,3.05,0.5938892785548427
100.0,165.0,3.075,0.519675495941758
100.0,165.0,3.1,0.46561453762233895
100.0,165.0,3.125,0.4240139048590871
100.0,165.0,3.15,0.3906299303016247
100.0,165.0,3.175,0.36293224585292555
100.0,165.0,3.2,0.33931795829011885
100.0,165.0,3.225,0.3187209390804028
100.0,165.0,3.25,0.3003985542556314
100.0,165.0,3.275,0.28383531490041236
100.0,165.0,3.3,0.26863363713491073
100.0,165.0,3.325,0.2545218300977394
100.0,165.0,3.35,0.24127730753487017
100.0,165.0,3.375,0.22867864920347217
100.0,165.0,3.4,0.21656468165198658
100.0,165.0,3.425,0.20481877736900808
100.0,165.0,3.45,0.19333822748800922
100.0,165.0,3.475,0.18202905122445423
100.0,165.0,3.5,0.17080421882351873
100.0,165.0,3.525,0.15958135000497714
100.0,165.0,3.55,0.14828027047252879
100.0,165.0,3.575,0.13682059956589057
100.0,165.0,3.6,0.12511932977739004
100.0,165.0,3.625,0.11308828046483431
100.0,165.0,3.65,0.10063126879482072
100.0,165.0,3.675,0.08764079475219481
100.0,165.0,3.7,0.07399396011024707
100.0,165.0,3.725,0.059547447512813025
100.0,165.0,3.75,0.04413204297352695
100.0,165.0,3.775,0.027543031955989943
100.0,165.0,3.8,0.009527434653075192
100.0,170.0,2.4,0.22706294040942326
100.0,170.0,2.425,0.2151103009066949
100.0,170.0,2.45,0.2026437091558726
100.0,170.0,2.475,0.1895337368971051
100.0,170.0,2.5,0.175611283037636
100.0,170.0,2.525,0.16065888196586334
100.0,170.0,2.55,0.14440127093833718
100.0,170.0,2.575,0.12647602610380632
100.0,170.0,2.6,0.10639090421218844
100.0,170.0,2.625,0.08346218458426849
100.0,170.0,2.65,0.05669916879465529
100.0,170.0,2.675,0.02460531197522685
100.0,170.0,2.7,-0.015159773674691228
100.0,170.0,2.725,-0.06649500925154021
100.0,170.0,2.75,-0.1364184135543377
100.0,170.0,2.775,-0.23891249329202355
100.0,170.0,2.8,-0.4061125850248782
100.0,170.0,2.825,-0.7289872753405968
100.0,170.0,2.85,-1.5235423410103803
100.0,170.0,2.875,1.4727896749175868
100.0,170.0,2.9,1.629287563056486
100.0,170.0,2.925,1.0438243820393085
100.0,170.0,2.95,0.7871427378810859
100.0,170.0,2.975,0.6457436330759255
100.0,170.0,3.0,0.555722573468093
100.0,170.0,3.025,0.4927556114491023
100.0,170.0,3.05,0.4457095753318506
100.0,170.0,3.075,0.4087939401187529
100.0,170.0,3.1,0.37870462146753003
100.0,170.0,3.125,0.35341912878053827
100.0,170.0,3.15,0.3316287154931747
100.0,170.0,3.175,0.3124467739115281
100.0,170.0,3.2,0.2952566833576863
100.0,170.0,3.225,0.27960064032369447
100.0,170.0,3.25,0.26514619775825476
100.0,170.0,3.275,0.2516494272228034
100.0,170.0,3.3,0.23892548212164183
100.0,170.0,3.325,0.22678536828896007
100.0,170.0,3.35,0.2150691580963216
100.0,170.0,3.375,0.20366835532612515
100.0,170.0,3.4,0.19249076974641674
100.0,170.0,3.425,0.1814504221795348
100.0,170.0,3.45,0.17046619472884691
100.0,170.0,3.475,0.15946019361323088
100.0,170.0,3.5,0.14835568009837405
100.0,170.0,3.525,0.1370748626931636
100.0,170.0,3.55,0.12553658501857964
100.0,170.0,3.575,0.11365382136067628
100.0,170.0,3.6,0.10133083368649581
100.0,170.0,3.625,0.08845979363180051
100.0,170.0,3.65,0.07491660168485191
100.0,170.0,3.675,0.0605555131332464
100.0,170.0,3.7,0.045202078782956734
100.0,170.0,3.725,0.02864443406473196
100.0,170.0,3.75,0.01062060960341004
100.0,170.0,3.775,-0.009200945406554679
100.0,170.0,3.8,-0.03124608373260672
100.0,175.0,2.4,0.2102023357341675
100.0,175.0,2.425,0.19676329809074972
100.0,175.0,2.45,0.1824847362788302
100.0,175.0,2.475,0.16713833363711575
100.0,175.0,2.5,0.15042169976595895
100.0,175.0,2.525,0.13194346556141096
100.0,175.0,2.55,0.11116700654970793
100.0,175.0,2.575,0.08734043797607652
100.0,175.0,2.6,0.0593556219209606
100.0,175.0,2.625,0.025513460089339548
100.0,175.0,2.65,-0.016888183717397705
100.0,175.0,2.675,-0.07246653967529647
100.0,175.0,2.7,-0.14981148251345702
100.0,175.0,2.725,-0.26684843102526884
100.0,175.0,2.75,-0.4677429768316257
100.0,175.0,2.775,-0.8920787004620822
100.0,175.0,2.8,-1.9719891805881797
100.0,175.0,2.825,2.4080637088859325
100.0,175.0,2.85,1.3588239129036688
100.0,175.0,2.875,0.9287568882941308
100.0,175.0,2.9,0.7259081887916217
100.0,175.0,2.925,0.6081025117969512
100.0,175.0,2.95,0.5304542624246692
100.0,175.0,2.975,0.4747990794159427
100.0,175.0,3.0,0.43245002349497585
100.0,175.0,3.025,0.398742096006653
100.0,175.0,3.05,0.3709481524059174
100.0,175.0,3.075,0.3473655138222103
100.0,175.0,3.1,0.3268788463869151
100.0,175.0,3.125,0.3087237787830873
100.0,175.0,3.15,0.2923515286276669
100.0,175.0,3.175,0.2773645500911598
100.0,175.0,3.2,0.2634635196677153
100.0,175.0,3.225,0.25042425647251587
100.0,175.0,3.25,0.23808280048458563
100.0,175.0,3.275,0.22628527600993614
100.0,175.0,3.3,0.21487432449650798
100.0,175.0,3.325,0.2037399107059148
100.0,175.0,3.35,0.19279704860095065
100.0,175.0,3.375,0.18196621157476084
100.0,175.0,3.4,0.17117085886295852
100.0,175.0,3.425,0.16033639982835643
100.0,175.0,3.45,0.1493885086212538
100.0,175.0,3.475,0.1382510982557008
100.0,175.0,3.5,0.12684408201926428
100.0,175.0,3.525,0.11508087279905062
100.0,175.0,3.55,0.10286548359528712
100.0,175.0,3.575,0.09008902797762514
100.0,175.0,3.6,0.07662534155442333
100.0,175.0,3.625,0.062325329054203155
100.0,175.0,3.65,0.04700944540478789
100.0,175.0,3.675,0.030457399268075464
100.0,175.0,3.7,0.012394266839133245
100.0,175.0,3.725,-0.007528591570365781
100.0,175.0,3.75,-0.029763865168962133
100.0,175.0,3.775,-0.05491157543826864
100.0,175.0,3.8,-0.08378485823261701
100.0,180.0,2.4,0.19027214846165325
100.0,180.0,2.425,0.1745974282659201
100.0,180.0,2.45,0.1575092316979939
100.0,180.0,2.475,0.1385930760830351
100.0,180.0,2.5,0.11727786503153784
100.0,180.0,2.525,0.09275907067134867
100.0,180.0,2.55,0.06383071860204462
100.0,180.0,2.575,0.028624966436154465
100.0,180.0,2.6,-0.01586858113527251
100.0,180.0,2.625,-0.07490256359526705
100.0,180.0,2.65,-0.1585200144528391
100.0,180.0,2.675,-0.2885214587751844
100.0,180.0,2.7,-0.5220319329814777
100.0,180.0,2.725,-1.0589935236230874
100.0,180.0,2.75,-2.0091133763047577
100.0,180.0,2.775,2.135822778231854
100.0,180.0,2.8,1.204616407770561
100.0,180.0,2.825,0.8595013759034615
100.0,180.0,2.85,0.6875262732180293
100.0,180.0,2.875,0.5840894881375094
100.0,180.0,2.9,0.5142999330288488
100.0,180.0,2.925,0.46343011495312164
100.0,180.0,2.95,0.4242241274175428
100.0,180.0,2.975,0.39269943123136686
100.0,180.0,3.0,0.3664868972917571
100.0,180.0,3.025,0.3440924234189475
100.0,180.0,3.05,0.32452774279252
100.0,180.0,3.075,0.30709665678927
100.0,180.0,3.1,0.2913098648149562
100.0,180.0,3.125,0.2768040150698949
100.0,180.0,3.15,0.2633040163689689
100.0,180.0,3.175,0.2505992789285744
100.0,180.0,3.2,0.23853355175421
100.0,180.0,3.225,0.22698022603149692
100.0,180.0,3.25,0.21579724987616702
100.0,180.0,3.275,0.20486525984661277
100.0,180.0,3.3,0.19410109419297816
100.0,180.0,3.325,0.1834304454906429
100.0,180.0,3.35,0.17278053059622153
100.0,180.0,3.375,0.16207924731132375
100.0,180.0,3.4,0.1512539251631557
100.0,180.0,3.425,0.1402294995144247
100.0,180.0,3.45,0.12892633391252728
100.0,180.0,3.475,0.11725769864961098
100.0,180.0,3.5,0.10512678383936983
100.0,180.0,3.525,0.09242303875078663
100.0,180.0,3.55,0.07901753606935853
100.0,180.0,3.575,0.06475692890955113
100.0,180.0,3.6,0.04945536632208224
100.0,180.0,3.625,0.03288339831854821
100.0,180.0,3.65,0.014752291346418719
100.0,180.0,3.675,-0.005308501510935079
100.0,180.0,3.7,-0.027783074747870822
100.0,180.0,3.725,-0.05331910385886712
100.0,180.0,3.75,-0.08280666870974467
100.0,180.0,3.775,-0.11750326395649852
100.0,180.0,3.8,-0.1592453368386864
110.0,0.0,2.4,0.29663486725066723
110.0,0.0,2.425,0.29072875655676705
110.0,0.0,2.45,0.2848987064092958
110.0,0.0,2.475,0.27913891977195493
110.0,0.0,2.5,0.27344269245683345
110.0,0.0,2.525,0.2678026242498877
110.0,0.0,2.55,0.2622113469736855
110.0,0.0,2.575,0.2566622214202038
110.0,0.0,2.6,0.25114958245192964
110.0,0.0,2.625,0.24566858951350576
110.0,0.0,2.65,0.24021473609615696
110.0,0.0,2.675,0.2347836807647172
110.0,0.0,2.7,0.2293709024230345
110.0,0.0,2.725,0.22397123430242244
110.0,0.0,2.75,0.218579706598138
110.0,0.0,2.775,0.2131912341872765
110.0,0.0,2.8,0.20780052530546528
110.0,0.0,2.825,0.2024020995582763
110.0,0.0,2.85,0.19699028464515753
110.0,0.0,2.875,0.19155919928014026
110.0,0.0,2.9,0.18610272788134424
110.0,0.0,2.925,0.180614488729796
110.0,0.0,2.95,0.17508779619837997
110.0,0.0,2.975,0.16951561719069705
110.0,0.0,3.0,0.1638905217037844
110.0,0.0,3.025,0.15820462730483087
110.0,0.0,3.05,0.15244953723169521
110.0,0.0,3.075,0.14661627175997582
110.0,0.0,3.1,0.1406951923851998
110.0,0.0,3.125,0.13467591810306861
110.0,0.0,3.15,0.1285472329676165
110.0,0.0,3.175,0.12229698368821769
110.0,0.0,3.2,0.11591196553512952
110.0,0.0,3.225,0.10937779423641883
110.0,0.0,3.25,0.10267876083525772
110.0,0.0,3.275,0.09579766565233395
110.0,0.0,3.3,0.08871562656460646
110.0,0.0,3.325,0.08141185575407456
110.0,0.0,3.35,0.07386339786338267
110.0,0.0,3.375,0.06604482105548429
110.0,0.0,3.4,0.057927850718501116
110.0,0.0,3.425,0.04948093335754936
110.0,0.0,3.45,0.04066871540880976
110.0,0.0,3.475,0.03145141809116275
110.0,0.0,3.5,0.02178408467353052
110.0,0.0,3.525,0.011615670014066501
110.0,0.0,3.55,0.0008879313349675597
110.0,0.0,3.575,-0.010465948138457408
110.0,0.0,3.6,-0.022523154510790913
110.0,0.0,3.625,-0.03537366243046632
110.0,0.0,3.65,-0.04912258296626838
110.0,0.0,3.675,-0.06389210859392239
110.0,0.0,3.7,-0.07982658376864134
110.0,0.0,3.725,-0.09709876067574236
110.0,0.0,3.75,-0.11591618434262994
110.0,0.0,3.775,-0.13652979856949132
110.0,0.0,3.8,-0.1592453357555808
110.0,5.0,2.4,0.2862087555825162
110.0,5.0,2.425,0.280243625593836
110.0,5.0,2.45,0.27433926415044163
110.0,5.0,2.475,0.2684903270995031
110.0,5.0,2.5,0.26269138936142233
110.0,5.0,2.525,0.25693696640039726
110.0,5.0,2.55,0.2512215252015279
110.0,5.0,2.575,0.2455395036866089
110.0,5.0,2.6,0.23988537215523828
110.0,5.0,2.625,0.2342535747132955
110.0,5.0,2.65,0.2286383779559596
110.0,5.0,2.675,0.22303376494082497
110.0,5.0,2.7,0.21743381520408694
110.0,5.0,2.725,0.21183406986972023
110.0,5.0,2.75,0.20622699880978487
110.0,5.0,2.775,0.20060644978410686
110.0,5.0,2.8,0.1949660476407704
110.0,5.0,2.825,0.1892991167328794
110.0,5.0,2.85,0.18359868940433752
110.0,5.0,2.875,0.17785747505170926
110.0,5.0,2.9,0.1720678154120429
110.0,5.0,2.925,0.16622163130958856
110.0,5.0,2.95,0.16031036154243322
110.0,5.0,2.975,0.15432489341257263
110.0,5.0,3.0,0.14825548400773117
110.0,5.0,3.025,0.1420916711531867
110.0,5.0,3.05,0.13582217280290373
110.0,5.0,3.075,0.1294347734641163
110.0,5.0,3.1,0.12291619603191589
110.0,5.0,3.125,0.11625195696793285
110.0,5.0,3.15,0.10942620223885095
110.0,5.0,3.175,0.10242152085031284
110.0,5.0,3.2,0.09521873172554794
110.0,5.0,3.225,0.08779663847751489
110.0,5.0,3.25,0.08013174509073483
110.0,5.0,3.275,0.07219792364030632
110.0,5.0,3.3,0.06396602286937189
110.0,5.0,3.325,0.055403403618557424
110.0,5.0,3.35,0.046473383595345655
110.0,5.0,3.375,0.037134569560308556
110.0,5.0,3.4,0.027340049378428634
110.0,5.0,3.425,0.017036409129122767
110.0,5.0,3.45,0.006162531072793906
110.0,5.0,3.475,-0.005351884116982154
110.0,5.0,3.5,-0.017588148443858732
110.0,5.0,3.525,-0.03064098974951927
110.0,5.0,3.55,-0.04462204651998881
110.0,5.0,3.575,-0.059661229305051876
110.0,5.0,3.6,-0.07591591639217819
110.0,5.0,3.625,-0.09357383610204588
110.0,5.0,3.65,-0.11285931629475494
110.0,5.0,3.675,-0.13404629534971357
110.0,5.0,3.7,-0.15747344803192787
110.0,5.0,3.725,-0.18356282816434832
110.0,5.0,3.75,-0.2128461103901359
110.0,5.0,3.775,-0.24600142326249677
110.0,5.0,3.8,-0.283905021666286
110.0,10.0,2.4,0.27557071302154534
110.0,10.0,2.425,0.2695052163938537
110.0,10.0,2.45,0.2634901545530183
110.0,10.0,2.475,0.2575192714779429
110.0,10.0,2.5,0.25158632131675246
110.0,10.0,2.525,0.24568504859418286
110.0,10.0,2.55,0.23980916608663957
110.0,10.0,2.575,0.23395236479108875
110.0,10.0,2.6,0.22810835500401683
110.0,10.0,2.625,0.22227070647831196
110.0,10.0,2.65,0.21643273401022842
110.0,10.0,2.675,0.21058762505482398
110.0,10.0,2.7,0.20472837542614056
110.0,10.0,2.725,0.1988477635234108
110.0,10.0,2.75,0.19293832819652568
110.0,10.0,2.775,0.18699228140759194
110.0,10.0,2.8,0.18100146476898973
110.0,10.0,2.825,0.1749572955839057
110.0,10.0,2.85,0.1688506938228239
110.0,10.0,2.875,0.16267196242312454
110.0,10.0,2.9,0.1564104829314725
110.0,10.0,2.925,0.15005397092416506
110.0,10.0,2.95,0.14359123520683928
110.0,10.0,2.975,0.1370143349747284
110.0,10.0,3.0,0.13030669191614647
110.0,10.0,3.025,0.12345193417884535
110.0,10.0,3.05,0.11643363774077799
110.0,10.0,3.075,0.10923378087520187
110.0,10.0,3.1,0.10183239742833895
110.0,10.0,3.125,0.0942073131528983
110.0,10.0,3.15,0.08633382854347578
110.0,10.0,3.175,0.07818433681615317
110.0,10.0,3.2,0.06972786867804297
110.0,10.0,3.225,0.06092955022294358
110.0,10.0,3.25,0.051749954563279695
110.0,10.0,3.275,0.04214432133730037
110.0,10.0,3.3,0.032061610267378304
110.0,10.0,3.325,0.021443344724645163
110.0,10.0,3.35,0.010222187843799836
110.0,10.0,3.375,-0.0016798241398514016
110.0,10.0,3.4,-0.014353490812831628
110.0,10.0,3.425,-0.027905231558292557
110.0,10.0,3.45,-0.04246062566835532
110.0,10.0,3.475,-0.058168970438058604
110.0,10.0,3.5,-0.07520929616987386
110.0,10.0,3.525,-0.0937986937601558
110.0,10.0,3.55,-0.11420390625441261
110.0,10.0,3.575,-0.13675425665814525
110.0,10.0,3.6,-0.1618567084835182
110.0,10.0,3.625,-0.19002459480143508
110.0,10.0,3.65,-0.22191811306311968
110.0,10.0,3.675,-0.2583973670556657
110.0,10.0,3.7,-0.30060029374240854
110.0,10.0,3.725,-0.35005988008218375
110.0,10.0,3.75,-0.40888236570414144
110.0,10.0,3.775,-0.480021276818402
110.0,10.0,3.8,-0.5676983883634851
110.0,15.0,2.4,0.2645792594406235
110.0,15.0,2.425,0.25836348423859307
110.0,15.0,2.45,0.2521833284112048
110.0,15.0,2.475,0.24603177447852612
110.0,15.0,2.5,0.2399017369444072
110.0,15.0,2.525,0.2337860213036373
110.0,15.0,2.55,0.2276772955771037
110.0,15.0,2.575,0.22156815475916064
110.0,15.0,2.6,0.21545117886425386
110.0,15.0,2.625,0.20931847619919652
110.0,15.0,2.65,0.20316152468438417
110.0,15.0,2.675,0.19697129169944388
110.0,15.0,2.7,0.19073791156707837
110.0,15.0,2.725,0.1844523493901049
110.0,15.0,2.75,0.1781093150812175
110.0,15.0,2.775,0.17169771748312193
110.0,15.0,2.8,0.16520359124753897
110.0,15.0,2.825,0.15861462288849737
110.0,15.0,2.85,0.15191817039736807
110.0,15.0,2.875,0.14510053418979446
110.0,15.0,2.9,0.1381467751462984
110.0,15.0,2.925,0.13104056405523754
110.0,15.0,2.95,0.12376399353505711
110.0,15.0,2.975,0.11629734628260358
110.0,15.0,3.0,0.10861881617108028
110.0,15.0,3.025,0.10070417573472226
110.0,15.0,3.05,0.09252638056067611
110.0,15.0,3.075,0.084055098068713
110.0,15.0,3.1,0.0752561445995919
110.0,15.0,3.125,0.06609080993838194
110.0,15.0,3.15,0.05651504289245566
110.0,15.0,3.175,0.04647846335039241
110.0,15.0,3.2,0.03592315548843761
110.0,15.0,3.225,0.024782182261719358
110.0,15.0,3.25,0.012977741466498329
110.0,15.0,3.275,0.00041885640725663575
110.0,15.0,3.3,-0.01300154355514334
110.0,15.0,3.325,-0.02741035024156191
110.0,15.0,3.35,-0.042959084869519194
110.0,15.0,3.375,-0.05983017150551739
110.0,15.0,3.4,-0.07824523448410428
110.0,15.0,3.425,-0.0984762917169802
110.0,15.0,3.45,-0.12086136376804668
110.0,15.0,3.475,-0.1458270360529844
110.0,15.0,3.5,-0.17391929000775394
110.0,15.0,3.525,-0.20583990326407914
110.0,15.0,3.55,-0.24250231703719136
110.0,15.0,3.575,-0.2851293967413186
110.0,15.0,3.6,-0.3353946249805423
110.0,15.0,3.625,-0.3956338956060707
110.0,15.0,3.65,-0.46918230441047626
110.0,15.0,3.675,-0.5609125015961535
110.0,15.0,3.7,-0.6780698297083289
110.0,15.0,3.725,-0.8313769920121052
110.0,15.0,3.75,-1.0352819383047005
110.0,15.0,3.775,-1.2989543660095906
110.0,15.0,3.8,-1.5538282708579803
110.0,20.0,2.4,0.2529465787473628
110.0,20.0,2.425,0.24650805999735018
110.0,20.0,2.45,0.24008527128920004
110.0,20.0,2.475,0.23366985033467325
110.0,20.0,2.5,0.22725314047206538
110.0,20.0,2.525,0.2208261015729723
110.0,20.0,2.55,0.21437948709616303
110.0,20.0,2.575,0.20790455600207403
110.0,20.0,2.6,0.20139214251578152
110.0,20.0,2.625,0.19483199035997528
110.0,20.0,2.65,0.18821442931425428
110.0,20.0,2.675,0.18152685252726677
110.0,20.0,2.7,0.17475550174720814
110.0,20.0,2.725,0.16788692098667687
110.0,20.0,2.75,0.16090693090569444
110.0,20.0,2.775,0.15380014434776543
110.0,20.0,2.8,0.14654976583208018
110.0,20.0,2.825,0.1391374020897049
110.0,20.0,2.85,0.13154283266798633
110.0,20.0,2.875,0.12374373111988483
110.0,20.0,2.9,0.11571532936753978
110.0,20.0,2.925,0.10743001472656248
110.0,20.0,2.95,0.09885684527342702
110.0,20.0,2.975,0.08996096486316786
110.0,20.0,3.0,0.08070289373971955
110.0,20.0,3.025,0.07103766385814567
110.0,20.0,3.05,0.06091375894618421
110.0,20.0,3.075,0.050271806718733957
110.0,20.0,3.1,0.03904295491594252
110.0,20.0,3.125,0.02714683950649814
110.0,20.0,3.15,0.01448902153206838
110.0,20.0,3.175,0.0009577241268543833
110.0,20.0,3.2,-0.013580362984371156
110.0,20.0,3.225,-0.029285537077763983
110.0,20.0,3.25,-0.046352255962121364
110.0,20.0,3.275,-0.06501869714488402
110.0,20.0,3.3,-0.08557968206354803
110.0,20.0,3.325,-0.10840445205815116
110.0,20.0,3.35,-0.1339616746960885
110.0,20.0,3.375,-0.16285577499913612
110.0,20.0,3.4,-0.19588160910093752
110.0,20.0,3.425,-0.2341052374844069
110.0,20.0,3.45,-0.27897223086004286
110.0,20.0,3.475,-0.332471211847343
110.0,20.0,3.5,-0.3974301780379528
110.0,20.0,3.525,-0.4779953863873731
110.0,20.0,3.55,-0.5803811184380572
110.0,20.0,3.575,-0.7140100069395868
110.0,20.0,3.6,-0.8927106159993343
110.0,20.0,3.625,-1.1320978391599146
110.0,20.0,3.65,-1.414392651387703
110.0,20.0,3.675,-1.4407839497662187
110.0,20.0,3.7,-0.061132972472318824
110.0,20.0,3.725,1.6161520151535729
110.0,20.0,3.75,1.759635845408486
110.0,20.0,3.775,1.503258578823135
110.0,20.0,3.8,1.2635364532116502
110.0,25.0,2.4,0.24030070950974206
110.0,25.0,2.425,0.23353790840307795
110.0,25.0,2.45,0.22676211506722724
110.0,25.0,2.475,0.2199623788304913
110.0,25.0,2.5,0.213127839995799
110.0,25.0,2.525,0.20624911673132224
110.0,25.0,2.55,0.19931550391412398
110.0,25.0,2.575,0.19231202358900815
110.0,25.0,2.6,0.1852233737494105
110.0,25.0,2.625,0.17803453251955542
110.0,25.0,2.65,0.1707292722326669
110.0,25.0,2.675,0.16328992651007
110.0,25.0,2.7,0.15569727326829724
110.0,25.0,2.725,0.14793019597923043
110.0,25.0,2.75,0.13996535100926602
110.0,25.0,2.775,0.13177680858634844
110.0,25.0,2.8,0.12333562534167695
110.0,25.0,2.825,0.11460932633538505
110.0,25.0,2.85,0.10556127611810101
110.0,25.0,2.875,0.09614991169913979
110.0,25.0,2.9,0.08632780159774965
110.0,25.0,2.925,0.07604048378671609
110.0,25.0,2.95,0.06522502035863266
110.0,25.0,2.975,0.053808184717491825
110.0,25.0,3.0,0.04170416937225012
110.0,25.0,3.025,0.02881166212596987
110.0,25.0,3.05,0.015010080231483335
110.0,25.0,3.075,0.00015466932283385754
110.0,25.0,3.1,-0.01592994767487463
110.0,25.0,3.125,-0.033458367523746785
110.0,25.0,3.15,-0.05269601970557684
110.0,25.0,3.175,-0.07397508915121988
110.0,25.0,3.2,-0.0977167105249172
110.0,25.0,3.225,-0.12446247951059324
110.0,25.0,3.25,-0.15492015288068506
110.0,25.0,3.275,-0.19003167394688814
110.0,25.0,3.3,-0.23107795304985648
110.0,25.0,3.325,-0.2798470387023035
110.0,25.0,3.35,-0.3389087148243924
110.0,25.0,3.375,-0.412040243372636
110.0,25.0,3.4,-0.5048877752144846
110.0,25.0,3.425,-0.626116748995515
110.0,25.0,3.45,-0.7890984142836217
110.0,25.0,3.475,-1.0121286004690822
110.0,25.0,3.5,-1.2995524542096233
110.0,25.0,3.525,-1.4689610687654673
110.0,25.0,3.55,-0.4126198424209693
110.0,25.0,3.575,1.5528361138436637
110.0,25.0,3.6,1.80316057904658
110.0,25.0,3.625,1.5282511372941745
110.0,25.0,3.65,1.2733353756127452
110.0,25.0,3.675,1.084697703720451
110.0,25.0,3.7,0.9461572452189662
110.0,25.0,3.725,0.8416285255014458
110.0,25.0,3.75,0.7600055059014124
110.0,25.0,3.775,0.6936442099369883
110.0,25.0,3.8,0.6367275674869797
110.0,30.0,2.4,0.22614894567537996
110.0,30.0,2.425,0.21891274188140622
110.0,30.0,2.45,0.21162111778356008
110.0,30.0,2.475,0.2042615931233485
110.0,30.0,2.5,0.19681899425174504
110.0,30.0,2.525,0.1892743258517972
110.0,30.0,2.55,0.1816079841951563
110.0,30.0,2.575,0.17379971082074147
110.0,30.0,2.6,0.1658275253145451
110.0,30.0,2.625,0.15766709188479097
110.0,30.0,2.65,0.1492912393610635
110.0,30.0,2.675,0.14066956066852138
110.0,30.0,2.7,0.13176786047961486
110.0,30.0,2.725,0.12254744584435472
110.0,30.0,2.75,0.11296426052645948
110.0,30.0,2.775,0.10296782891109682
110.0,30.0,2.8,0.09249994286787099
110.0,30.0,2.825,0.08149301612239891
110.0,30.0,2.85,0.06986800462738744
110.0,30.0,2.875,0.057531752121647226
110.0,30.0,2.9,0.04437357070963949
110.0,30.0,2.925,0.030260786620129196
110.0,30.0,2.95,0.015032869034494401
110.0,30.0,2.975,-0.0015064080909991165
110.0,30.0,3.0,-0.0195995767348237
110.0,30.0,3.025,-0.03955005801547235
110.0,30.0,3.05,-0.06174254149376573
110.0,30.0,3.075,-0.08667198987643929
110.0,30.0,3.1,-0.11498576052469096
110.0,30.0,3.125,-0.14754615127071236
110.0,30.0,3.15,-0.18552557979095127
110.0,30.0,3.175,-0.23055539361917737
110.0,30.0,3.2,-0.28496562879026177
110.0,30.0,3.225,-0.35218486685999223
110.0,30.0,3.25,-0.4374355843791949
110.0,30.0,3.275,-0.548997154281812
110.0,30.0,3.3,-0.7004570454039696
110.0,30.0,3.325,-0.9135638087203445
110.0,30.0,3.35,-1.2123248408334313
110.0,30.0,3.375,-1.508435016909587
110.0,30.0,3.4,-0.682752281185529
110.0,30.0,3.425,1.8165081920461579
110.0,30.0,3.45,1.9908425298891361
110.0,30.0,3.475,1.572619032855024
110.0,30.0,3.5,1.2350274812094273
110.0,30.0,3.525,0.9815455723453606
110.0,30.0,3.55,0.7831885053593931
110.0,30.0,3.575,0.6376591997342392
110.0,30.0,3.6,0.5504446164477869
110.0,30.0,3.625,0.5067701876470373
110.0,30.0,3.65,0.48295080326710393
110.0,30.0,3.675,0.4648683015510069
110.0,30.0,3.7,0.4475982870540844
110.0,30.0,3.725,0.4301516163078573
110.0,30.0,3.75,0.4126599927810173
110.0,30.0,3.775,0.39542174574681727
110.0,30.0,3.8,0.3786726584865448
110.0,35.0,2.4,0.2097960768533767
110.0,35.0,2.425,0.20186182122938556
110.0,35.0,2.45,0.19380516193042105
110.0,35.0,2.475,0.18560155583338073
110.0,35.0,2.5,0.17722463005697986
110.0,35.0,2.525,0.16864612309752702
110.0,35.0,2.55,0.1598346719325064
110.0,35.0,2.575,0.15075491843588326
110.0,35.0,2.6,0.1413667082649342
110.0,35.0,2.625,0.13162413855697785
110.0,35.0,2.65,0.12147437574261398
110.0,35.0,2.675,0.11085619635235079
110.0,35.0,2.7,0.0996981221187735
110.0,35.0,2.725,0.0879160359862076
110.0,35.0,2.75,0.07541009477916522
110.0,35.0,2.775,0.06206071213831664
110.0,35.0,2.8,0.04772325549645318
110.0,35.0,2.825,0.032220949677375765
110.0,35.0,2.85,0.015335244366397072
110.0,35.0,2.875,-0.0032074686420294467
110.0,35.0,2.9,-0.023754490999983724
110.0,35.0,2.925,-0.04675346479454485
110.0,35.0,2.95,-0.07279128172330242
110.0,35.0,2.975,-0.10265222802850224
110.0,35.0,3.0,-0.13740712905818575
110.0,35.0,3.025,-0.17855393504897446
110.0,35.0,3.05,-0.22824635253061257
110.0,35.0,3.075,-0.28967783416925247
110.0,35.0,3.1,-0.3677461634283818
110.0,35.0,3.125,-0.4702219175169488
110.0,35.0,3.15,-0.6097116702508707
110.0,35.0,3.175,-0.8058222901601428
110.0,35.0,3.2,-1.0759437632065987
110.0,35.0,3.225,-1.2849904665303196
110.0,35.0,3.25,-0.1378803754269279
110.0,35.0,3.275,1.5046205471679208
110.0,35.0,3.3,1.302403324854871
110.0,35.0,3.325,1.037580642146857
110.0,35.0,3.35,0.9045742144677842
110.0,35.0,3.375,0.822099337581333
110.0,35.0,3.4,0.7535673941604945
110.0,35.0,3.425,0.6925123841648702
110.0,35.0,3.45,0.6386050150112588
110.0,35.0,3.475,0.5915257731028974
110.0,35.0,3.5,0.5505218842213908
110.0,35.0,3.525,0.5147000427295249
110.0,35.0,3.55,0.48321239967919566
110.0,35.0,3.575,0.4553237857279482
110.0,35.0,3.6,0.4304211818308282
110.0,35.0,3.625,0.4080015177263648
110.0,35.0,3.65,0.38765377607534585
110.0,35.0,3.675,0.36904156725687176
110.0,35.0,3.7,0.35188818785557885
110.0,35.0,3.725,0.33596518889631527
110.0,35.0,3.75,0.32108767026071605
110.0,35.0,3.775,0.30711526184148646
110.0,35.0,3.8,0.29390857610922455
110.0,40.0,2.4,0.1901968970165584
110.0,40.0,2.425,0.18119137058434584
110.0,40.0,2.45,0.17193928241195222
110.0,40.0,2.475,0.1623998365085706
110.0,40.0,2.5,0.15252671721716649
110.0,40.0,2.525,0.14226654068517894
110.0,40.0,2.55,0.13155721910816096
110.0,40.0,2.575,0.12032594248128334
110.0,40.0,2.6,0.10848657722591569
110.0,40.0,2.625,0.09593625612298355
110.0,40.0,2.65,0.08255086220656482
110.0,40.0,2.675,0.06817897253319385
110.0,40.0,2.7,0.052633612808484276
110.0,40.0,2.725,0.035680865896558694
110.0,40.0,2.75,0.01702384115206941
110.0,40.0,2.775,-0.0037202723535282685
110.0,40.0,2.8,-0.02705366489277111
110.0,40.0,2.825,-0.05364761157355094
110.0,40.0,2.85,-0.0844175764377004
110.0,40.0,2.875,-0.12063805545017342
110.0,40.0,2.9,-0.16411774862447823
110.0,40.0,2.925,-0.21745470528555064
110.0,40.0,2.95,-0.28433454972664957
110.0,40.0,2.975,-0.3694682442051309
110.0,40.0,3.0,-0.4758444855704688
110.0,40.0,3.025,-0.5895573046507577
110.0,40.0,3.05,-0.6482053574574177
110.0,40.0,3.075,-0.6376103862266784
110.0,40.0,3.1,-0.6470168602736038
110.0,40.0,3.125,-0.33528811995241287
110.0,40.0,3.15,0.7049131098352948
110.0,40.0,3.175,1.212621236206675
110.0,40.0,3.2,1.1490340938031658
110.0,40.0,3.225,0.9992214729954004
110.0,40.0,3.25,0.8706493152988539
110.0,40.0,3.275,0.7700904363542722
110.0,40.0,3.3,0.6913183093017866
110.0,40.0,3.325,0.6284538384980674
110.0,40.0,3.35,0.5772199933657016
110.0,40.0,3.375,0.5346242962749163
110.0,40.0,3.4,0.4985658252502184
110.0,40.0,3.425,0.4675466438179083
110.0,40.0,3.45,0.4404783305163483
110.0,40.0,3.475,0.4165545624644087
110.0,40.0,3.5,0.39516678140096817
110.0,40.0,3.525,0.37584759069565277
110.0,40.0,3.55,0.3582321179721018
110.0,40.0,3.575,0.3420311598637149
110.0,40.0,3.6,0.32701207578269254
110.0,40.0,3.625,0.3129855244475714
110.0,40.0,3.65,0.2997946962941479
110.0,40.0,3.675,0.2873085990555813
110.0,40.0,3.7,0.27541694239731435
110.0,40.0,3.725,0.26402954134942086
110.0,40.0,3.75,0.253074220902612
110.0,40.0,3.775,0.24247049810650234
110.0,40.0,3.8,0.23214104834249244
110.0,45.0,2.4,0.16563658538567783
110.0,45.0,2.425,0.1548980064348471
110.0,45.0,2.45,0.1436786625547233
110.0,45.0,2.475,0.13189507077042212
110.0,45.0,2.5,0.11944724791191848
110.0,45.0,2.525,0.10621408307539777
110.0,45.0,2.55,0.09204705068759927
110.0,45.0,2.575,0.07676152291070731
110.0,45.0,2.6,0.06012458161885235
110.0,45.0,2.625,0.041837670980809503
110.0,45.0,2.65,0.021511594314599747
110.0,45.0,2.675,-0.0013697158274514184
110.0,45.0,2.7,-0.027501106413898403
110.0,45.0,2.725,-0.05782661329761651
110.0,45.0,2.75,-0.09361625037518138
110.0,45.0,2.775,-0.1364615737963554
110.0,45.0,2.8,-0.18776211787930727
110.0,45.0,2.825,-0.24596011493039624
110.0,45.0,2.85,-0.2983659774413918
110.0,45.0,2.875,-0.3313518369007975
110.0,45.0,2.9,-0.39896090652500343
110.0,45.0,2.925,-0.5561979195313326
110.0,45.0,2.95,-0.810748383011699
110.0,45.0,2.975,-1.1159427249923393
110.0,45.0,3.0,-0.701831434385752
110.0,45.0,3.025,1.1498306113232006
110.0,45.0,3.05,1.4418415443142245
110.0,45.0,3.075,1.2105799175813237
110.0,45.0,3.1,1.0066390726683503
110.0,45.0,3.125,0.8603537825706382
110.0,45.0,3.15,0.7546774653908175
110.0,45.0,3.175,0.675485093317743
110.0,45.0,3.2,0.6137336037083476
110.0,45.0,3.225,0.5639777703634237
110.0,45.0,3.25,0.5228713117460322
110.0,45.0,3.275,0.48821310719016475
110.0,45.0,3.3,0.45848081100695004
110.0,45.0,3.325,0.43258437679181677
110.0,45.0,3.35,0.4097244274341045
110.0,45.0,3.375,0.38930266007753067
110.0,45.0,3.4,0.370862930471435
110.0,45.0,3.425,0.35405152199839207
110.0,45.0,3.45,0.33858979566734554
110.0,45.0,3.475,0.3242550071171629
110.0,45.0,3.5,0.3108666125720205
110.0,45.0,3.525,0.2982763281512426
110.0,45.0,3.55,0.28636079713067697
110.0,45.0,3.575,0.2750160954408364
110.0,45.0,3.6,0.2641535491266648
110.0,45.0,3.625,0.25369650412454553
110.0,45.0,3.65,0.24357784988387726
110.0,45.0,3.675,0.2337384936274322
110.0,45.0,3.7,0.22412797251033015
110.0,45.0,3.725,0.21470384576743537
110.0,45.0,3.75,0.20541697087106733
110.0,45.0,3.775,0.196217567590056
110.0,45.0,3.8,0.18706664954570276
110.0,50.0,2.4,0.13307542362033256
110.0,50.0,2.425,0.11931953085530601
110.0,50.0,2.45,0.10456621942718188
110.0,50.0,2.475,0.08860394763576117
110.0,50.0,2.5,0.07116095662404205
110.0,50.0,2.525,0.051882124310859104
110.0,50.0,2.55,0.030296549422842864
110.0,50.0,2.575,0.005776084164892442
110.0,50.0,2.6,-0.022499950830736335
110.0,50.0,2.625,-0.0554877443634001
110.0,50.0,2.65,-0.0937278797434918
110.0,50.0,2.675,-0.13476905886754284
110.0,50.0,2.7,-0.16796346698062065
110.0,50.0,2.725,-0.1958412088812521
110.0,50.0,2.75,-0.2625254951266005
110.0,50.0,2.775,-0.3816020519069566
110.0,50.0,2.8,-0.5604433814348134
110.0,50.0,2.825,-0.8350554069663654
110.0,50.0,2.85,-1.2490920867888093
110.0,50.0,2.875,-1.2393496723288007
110.0,50.0,2.9,1.2495383059159175
110.0,50.0,2.925,1.62194345643834
110.0,50.0,2.95,1.2914285236195047
110.0,50.0,2.975,1.0446022745109953
110.0,50.0,3.0,0.8795449380272917
110.0,50.0,3.025,0.7644233976554128
110.0,50.0,3.05,0.6801016625990661
110.0,50.0,3.075,0.6158021881212621
110.0,50.0,3.1,0.5651094358478674
110.0,50.0,3.125,0.5238625136507474
110.0,50.0,3.15,0.4893324038232556
110.0,50.0,3.175,0.45979741186488515
110.0,50.0,3.2,0.43412632143591434
110.0,50.0,3.225,0.41151370693036887
110.0,50.0,3.25,0.39135724810826966
110.0,50.0,3.275,0.37319588358276096
110.0,50.0,3.3,0.35667139275274945
110.0,50.0,3.325,0.34150178555163396
110.0,50.0,3.35,0.32746222522534674
110.0,50.0,3.375,0.3143711772344643
110.0,50.0,3.4,0.30208025531456023
110.0,50.0,3.425,0.2904666994229069
110.0,50.0,3.45,0.2794277389879695
110.0,50.0,3.475,0.2688763174534869
110.0,50.0,3.5,0.2587378084697372
110.0,50.0,3.525,0.24894746054440145
110.0,50.0,3.55,0.23944838024212992
110.0,50.0,3.575,0.23018991477576542
110.0,50.0,3.6,0.2211263336959777
110.0,50.0,3.625,0.21221576600481193
110.0,50.0,3.65,0.2034195652839357
110.0,50.0,3.675,0.19470295334793136
110.0,50.0,3.7,0.1860355888430065
110.0,50.0,3.725,0.17738316368487045
110.0,50.0,3.75,0.16870062089380455
110.0,50.0,3.775,0.15996395442832073
110.0,50.0,3.8,0.1511356279202852
110.0,55.0,2.4,0.08636659569322407
110.0,55.0,2.425,0.06662022900650054
110.0,55.0,2.45,0.04445649268301345
110.0,55.0,2.475,0.019217537334742806
110.0,55.0,2.5,-0.009813290099755411
110.0,55.0,2.525,-0.04273520128983656
110.0,55.0,2.55,-0.07613758860447858
110.0,55.0,2.575,-0.10205679551655461
110.0,55.0,2.6,-0.13825743416211725
110.0,55.0,2.625,-0.20919483469200933
110.0,55.0,2.65,-0.3134536296518294
110.0,55.0,2.675,-0.4619530239175688
110.0,55.0,2.7,-0.6881541421493074
110.0,55.0,2.725,-1.063008829342274
110.0,55.0,2.75,-1.612268905616022
110.0,55.0,2.775,-0.06461367650625119
110.0,55.0,2.8,1.901596948695472
110.0,55.0,2.825,1.4969322305039225
110.0,55.0,2.85,1.160278627440799
110.0,55.0,2.875,0.9503641477105597
110.0,55.0,2.9,0.811747820792018
110.0,55.0,2.925,0.7139691921713113
110.0,55.0,2.95,0.641226702423417
110.0,55.0,2.975,0.5848278472326185
110.0,55.0,3.0,0.5396939865086186
110.0,55.0,3.025,0.5026828766804249
110.0,55.0,3.05,0.47166617251050424
110.0,55.0,3.075,0.44507228098712853
110.0,55.0,3.1,0.42179946018542364
110.0,55.0,3.125,0.40113102741191126
110.0,55.0,3.15,0.3825728670210872
110.0,55.0,3.175,0.3657506571283829
110.0,55.0,3.2,0.3503678642514892
110.0,55.0,3.225,0.33618607606186757
110.0,55.0,3.25,0.32301208117029134
110.0,55.0,3.275,0.3106880282392994
110.0,55.0,3.3,0.2990837711729941
110.0,55.0,3.325,0.2880909426208842
110.0,55.0,3.35,0.2776183796461881
110.0,55.0,3.375,0.2675885920490334
110.0,55.0,3.4,0.2579350546352926
110.0,55.0,3.425,0.24860037964033502
110.0,55.0,3.45,0.23952788568544459
110.0,55.0,3.475,0.23068009777574597
110.0,55.0,3.5,0.22201529300215986
110.0,55.0,3.525,0.21349334243151422
110.0,55.0,3.55,0.20508013973534162
110.0,55.0,3.575,0.1967432216936017
110.0,55.0,3.6,0.1884515035532306
110.0,55.0,3.625,0.18017496006458017
110.0,55.0,3.65,0.17188511845561175
110.0,55.0,3.675,0.16355597553452236
110.0,55.0,3.7,0.15515794782959375
110.0,55.0,3.725,0.14665599261553464
110.0,55.0,3.75,0.13801762137645904
110.0,55.0,3.775,0.1292104148861914
110.0,55.0,3.8,0.12019956874245499
110.0,60.0,2.4,0.010679080878710008
110.0,60.0,2.425,-0.0204779130787154
110.0,60.0,2.45,-0.048920867059044304
110.0,60.0,2.475,-0.07970996950748033
110.0,60.0,2.5,-0.13496261309784213
110.0,60.0,2.525,-0.21494281103793797
110.0,60.0,2.55,-0.3245236166265043
110.0,60.0,2.575,-0.48312509904357726
110.0,60.0,2.6,-0.7342861689662687
110.0,60.0,2.625,-1.1771696221788461
110.0,60.0,2.65,-1.848794322862514
110.0,60.0,2.675,0.9460330334111797
110.0,60.0,2.7,1.9724698424297937
110.0,60.0,2.725,1.4362731326045184
110.0,60.0,2.75,1.1111866627626965
110.0,60.0,2.775,0.9153570859909667
110.0,60.0,2.8,0.7864735696379478
110.0,60.0,2.825,0.6952981468969913
110.0,60.0,2.85,0.6271731287403791
110.0,60.0,2.875,0.5740905513209408
110.0,60.0,2.9,0.5313502887965755
110.0,60.0,2.925,0.49604065989905755
110.0,60.0,2.95,0.46628638725280064
110.0,60.0,2.975,0.4408103441580515
110.0,60.0,3.0,0.418629583426348
110.0,60.0,3.025,0.3989534501491773
110.0,60.0,3.05,0.38122931507114755
110.0,60.0,3.075,0.3650971148818635
110.0,60.0,3.1,0.3502961997808346
110.0,60.0,3.125,0.33661782504614096
110.0,60.0,3.15,0.32388930799678356
110.0,60.0,3.175,0.3119672181785334
110.0,60.0,3.2,0.30073385421850557
110.0,60.0,3.225,0.29006547598683696
110.0,60.0,3.25,0.27991104530600036
110.0,60.0,3.275,0.2701844053518143
110.0,60.0,3.3,0.26082011862131554
110.0,60.0,3.325,0.25176431072559324
110.0,60.0,3.35,0.24296922144789584
110.0,60.0,3.375,0.23439229405814932
110.0,60.0,3.4,0.2259952250773887
110.0,60.0,3.425,0.21774313290637093
110.0,60.0,3.45,0.20960384693115602
110.0,60.0,3.475,0.20154729519353987
110.0,60.0,3.5,0.19354496723126124
110.0,60.0,3.525,0.185569430351115
110.0,60.0,3.55,0.1775938803300321
110.0,60.0,3.575,0.16959172358925226
110.0,60.0,3.6,0.1615362975719848
110.0,60.0,3.625,0.1534012886057356
110.0,60.0,3.65,0.14516175958872699
110.0,60.0,3.675,0.13678937340672595
110.0,60.0,3.7,0.12824941132514298
110.0,60.0,3.725,0.11950774121510982
110.0,60.0,3.75,0.11052940185415035
110.0,60.0,3.775,0.10127607743227467
110.0,60.0,3.8,0.09170534744318823
110.0,65.0,2.4,-0.11390950550037886
110.0,65.0,2.425,-0.19029842184314044
110.0,65.0,2.45,-0.2943372740211201
110.0,65.0,2.475,-0.44515925589920824
110.0,65.0,2.5,-0.6851413406926425
110.0,65.0,2.525,-1.1183851359053567
110.0,65.0,2.55,-1.9250848574194295
110.0,65.0,2.575,0.6239360040284939
110.0,65.0,2.6,2.132833210485003
110.0,65.0,2.625,1.490356272544212
110.0,65.0,2.65,1.134211986848066
110.0,65.0,2.675,0.9278328867331354
110.0,65.0,2.7,0.7947128147440002
110.0,65.0,2.725,0.7016583824046319
110.0,65.0,2.75,0.6326637010328601
110.0,65.0,2.775,0.5791819062082302
110.0,65.0,2.8,0.5362647279421113
110.0,65.0,2.825,0.5008620111823893
110.0,65.0,2.85,0.47100445815542746
110.0,65.0,2.875,0.44538308887021627
110.0,65.0,2.9,0.4231039484681459
110.0,65.0,2.925,0.4034898807445578
110.0,65.0,2.95,0.3859485718275646
110.0,65.0,2.975,0.3700106702430888
110.0,65.0,3.0,0.35537351673272605
110.0,65.0,3.025,0.3418513256542097
110.0,65.0,3.05,0.32919347626644957
110.0,65.0,3.075,0.3173665727083848
110.0,65.0,3.1,0.3062318811182098
110.0,65.0,3.125,0.2956833207231764
110.0,65.0,3.15,0.28563715980823784
110.0,65.0,3.175,0.2760219565916927
110.0,65.0,3.2,0.2667760929891725
110.0,65.0,3.225,0.25784596062867016
110.0,65.0,3.25,0.2491844836791543
110.0,65.0,3.275,0.24074990875324248
110.0,65.0,3.3,0.2325048101623692
110.0,65.0,3.325,0.22441526606719828
110.0,65.0,3.35,0.216450168504559
110.0,65.0,3.375,0.20858063718779274
110.0,65.0,3.4,0.2007795127489125
110.0,65.0,3.425,0.1930209095494036
110.0,65.0,3.45,0.1852798113193195
110.0,65.0,3.475,0.1775316946452645
110.0,65.0,3.5,0.16975216572885213
110.0,65.0,3.525,0.16191659658392757
110.0,65.0,3.55,0.15399976337226629
110.0,65.0,3.575,0.14597561798355355
110.0,65.0,3.6,0.1378178288831334
110.0,65.0,3.625,0.12950076535983518
110.0,65.0,3.65,0.1209942863495239
110.0,65.0,3.675,0.11226133053964374
110.0,65.0,3.7,0.10326438506669654
110.0,65.0,3.725,0.09396390136098833
110.0,65.0,3.75,0.08431578844645811
110.0,65.0,3.775,0.07427037729128787
110.0,65.0,3.8,0.06377152288132863
110.0,70.0,2.4,-0.561934175007694
110.0,70.0,2.425,-0.9100703682264788
110.0,70.0,2.45,-1.6213987716386418
110.0,70.0,2.475,-1.7611210485301838
110.0,70.0,2.5,2.513905378072472
110.0,70.0,2.525,1.7046247795054617
110.0,70.0,2.55,1.2403650227838077
110.0,70.0,2.575,0.9902661455477408
110.0,70.0,2.6,0.836428946372505
110.0,70.0,2.625,0.7322118576118543
110.0,70.0,2.65,0.6566127876760721
110.0,70.0,2.675,0.5989421163749445
110.0,70.0,2.7,0.5532189657565388
110.0,70.0,2.725,0.5158487379273521
110.0,70.0,2.75,0.48454671161158497
110.0,70.0,2.775,0.45779806548644314
110.0,70.0,2.8,0.4345739134778046
110.0,70.0,2.825,0.4141669136506178
110.0,70.0,2.85,0.3960544892473606
110.0,70.0,2.875,0.3798003814879957
110.0,70.0,2.9,0.3650219053129518
110.0,70.0,2.925,0.3512023200366818
110.0,70.0,2.95,0.3383881184062583
110.0,70.0,2.975,0.3264082776873259
110.0,70.0,3.0,0.31514127178030554
110.0,70.0,3.025,0.3044869303313408
110.0,70.0,3.05,0.29435988503811267
110.0,70.0,3.075,0.2846869009401336
110.0,70.0,3.1,0.2754048301168044
110.0,70.0,3.125,0.26645885395046626
110.0,70.0,3.15,0.25780099296950515
110.0,70.0,3.175,0.24938886556288561
110.0,70.0,3.2,0.24118466207307984
110.0,70.0,3.225,0.23315429664853055
110.0,70.0,3.25,0.22526670177915423
110.0,70.0,3.275,0.21749323534423573
110.0,70.0,3.3,0.20980717512882588
110.0,70.0,3.325,0.20218328027665017
110.0,70.0,3.35,0.1945974027959776
110.0,70.0,3.375,0.18702613498881546
110.0,70.0,3.4,0.1794464805335287
110.0,70.0,3.425,0.1718355378396526
110.0,70.0,3.45,0.16417018399026082
110.0,70.0,3.475,0.15642674606061946
110.0,70.0,3.5,0.1485806475092358
110.0,70.0,3.525,0.14060605253499636
110.0,70.0,3.55,0.13247577792755993
110.0,70.0,3.575,0.12416237475078239
110.0,70.0,3.6,0.1156381710432464
110.0,70.0,3.625,0.10686781956382793
110.0,70.0,3.65,0.09780977452126235
110.0,70.0,3.675,0.08842153344180456
110.0,70.0,3.7,0.0786566876846948
110.0,70.0,3.725,0.06846261784585626
110.0,70.0,3.75,0.05777920214092061
110.0,70.0,3.775,0.046537419227259354
110.0,70.0,3.8,0.03465762525989687
110.0,75.0,2.4,1.2096784689466604
110.0,75.0,2.425,2.2482577426248334
110.0,75.0,2.45,1.4897398893166405
110.0,75.0,2.475,1.126267514995615
110.0,75.0,2.5,0.9224400579467074
110.0,75.0,2.525,0.7924497462659521
110.0,75.0,2.55,0.7019856754925446
110.0,75.0,2.575,0.635014358122257
110.0,75.0,2.6,0.5831063850936882
110.0,75.0,2.625,0.5414229035073642
110.0,75.0,2.65,0.5069932861186239
110.0,75.0,2.675,0.47789531699007637
110.0,75.0,2.7,0.45283226854047265
110.0,75.0,2.725,0.430914377983498
110.0,75.0,2.75,0.41151935501239173
110.0,75.0,2.775,0.394316196743065
110.0,75.0,2.8,0.37886399553696937
110.0,75.0,2.825,0.3645231972833451
110.0,75.0,2.85,0.35123206244298727
110.0,75.0,2.875,0.33883402603902013
110.0,75.0,2.9,0.3272051592774649
110.0,75.0,2.925,0.31624053247956213
110.0,75.0,2.95,0.3058494256595166
110.0,75.0,2.975,0.29595355027350345
110.0,75.0,3.0,0.2864854009129192
110.0,75.0,3.025,0.2773865786947248
110.0,75.0,3.05,0.2686062449899917
110.0,75.0,3.075,0.2600997824175892
110.0,75.0,3.1,0.25182766995217476
110.0,75.0,3.125,0.2437545489235933
110.0,75.0,3.15,0.23584844855717674
110.0,75.0,3.175,0.2280801406248828
110.0,75.0,3.2,0.22042259662624228
110.0,75.0,3.225,0.21285052519320322
110.0,75.0,3.25,0.20533997122794498
110.0,75.0,3.275,0.19786796139859403
110.0,75.0,3.3,0.19041218302612103
110.0,75.0,3.325,0.18295068513130014
110.0,75.0,3.35,0.17546159146534226
110.0,75.0,3.375,0.16792281560315417
110.0,75.0,3.4,0.16031176733245953
110.0,75.0,3.425,0.15260503722666893
110.0,75.0,3.45,0.14477804378303097
110.0,75.0,3.475,0.1368046425242871
110.0,75.0,3.5,0.12865684848457132
110.0,75.0,3.525,0.12030549601064291
110.0,75.0,3.55,0.11172197288376308
110.0,75.0,3.575,0.10287258829920114
110.0,75.0,3.6,0.09371302229477146
110.0,75.0,3.625,0.08419638159264216
110.0,75.0,3.65,0.07427278560509155
110.0,75.0,3.675,0.06388571613858658
110.0,75.0,3.7,0.05297008867769037
110.0,75.0,3.725,0.04145054273876386
110.0,75.0,3.75,0.02923921423036792
110.0,75.0,3.775,0.016233190099912247
110.0,75.0,3.8,0.0023108245849281853
110.0,80.0,2.4,1.086357036008759
110.0,80.0,2.425,0.8990621443455243
110.0,80.0,2.45,0.7780244632039705
110.0,80.0,2.475,0.6929250151277626
110.0,80.0,2.5,0.6294155066275466
110.0,80.0,2.525,0.5798671852251761
110.0,80.0,2.55,0.5398594717104941
110.0,80.0,2.575,0.5066566334026161
110.0,80.0,2.6,0.4784773122753935
110.0,80.0,2.625,0.4541179176432052
110.0,80.0,2.65,0.43274597774407875
110.0,80.0,2.675,0.4137963337919243
110.0,80.0,2.7,0.39710922951582656
110.0,80.0,2.725,0.3818636935419827
110.0,80.0,2.75,0.3677512697722438
110.0,80.0,2.775,0.3546404534967717
110.0,80.0,2.8,0.34239372292339443
110.0,80.0,2.825,0.330894755417691
110.0,80.0,2.85,0.3200421996841826
110.0,80.0,2.875,0.30974816105151315
110.0,80.0,2.9,0.2999369426420863
110.0,80.0,2.925,0.2905434010293316
110.0,80.0,2.95,0.28151124770731684
110.0,80.0,2.975,0.2727915108214481
110.0,80.0,3.0,0.2643412219339595
110.0,80.0,3.025,0.2561223220046971
110.0,80.0,3.05,0.24810075688021554
110.0,80.0,3.075,0.24024572854761198
110.0,80.0,3.1,0.2325290714020947
110.0,80.0,3.125,0.2249247275520481
110.0,80.0,3.15,0.2174082998050792
110.0,80.0,3.175,0.20995666484676145
110.0,80.0,3.2,0.20254763214651733
110.0,80.0,3.225,0.19515963637838268
110.0,80.0,3.25,0.1877714527332098
110.0,80.0,3.275,0.1803619254913881
110.0,80.0,3.3,0.17290970060744953
110.0,80.0,3.325,0.1653929526688542
110.0,80.0,3.35,0.15778909503726674
110.0,80.0,3.375,0.1500744587351116
110.0,80.0,3.4,0.14222392208232995
110.0,80.0,3.425,0.13421048864586876
110.0,80.0,3.45,0.12600497714281747
110.0,80.0,3.475,0.1175767502582697
110.0,80.0,3.5,0.10889599495978938
110.0,80.0,3.525,0.09992795213389513
110.0,80.0,3.55,0.09062500654633836
110.0,80.0,3.575,0.08093556230308147
110.0,80.0,3.6,0.07080522685994059
110.0,80.0,3.625,0.0601722198142217
110.0,80.0,3.65,0.04896485434984873
110.0,80.0,3.675,0.037099419077911554
110.0,80.0,3.7,0.024477542325020505
110.0,80.0,3.725,0.010982758031339366
110.0,80.0,3.75,-0.0035239664800905115
110.0,80.0,3.775,-0.019210066197782674
110.0,80.0,3.8,-0.036279013527932474
110.0,85.0,2.4,0.7002786871902446
110.0,85.0,2.425,0.6364451184067742
110.0,85.0,2.45,0.5867091801838873
110.0,85.0,2.475,0.5465782949910504
110.0,85.0,2.5,0.5132828130217753
110.0,85.0,2.525,0.48502360392721827
110.0,85.0,2.55,0.46058616287788334
110.0,85.0,2.575,0.4391481902521193
110.0,85.0,2.6,0.4202553403789734
110.0,85.0,2.625,0.4036086398465653
110.0,85.0,2.65,0.38828890996601634
110.0,85.0,2.675,0.3740820756649198
110.0,85.0,2.7,0.3608987199030108
110.0,85.0,2.725,0.3485936974864016
110.0,85.0,2.75,0.33704488683360756
110.0,85.0,2.775,0.3261479279053139
110.0,85.0,2.8,0.31581341376691924
110.0,85.0,2.825,0.3059650185303507
110.0,85.0,2.85,0.2965374280630739
110.0,85.0,2.875,0.28747441479536123
110.0,85.0,2.9,0.27872718887578996
110.0,85.0,2.925,0.2702530321817045
110.0,85.0,2.95,0.26201417919492265
110.0,85.0,2.975,0.25397690045931276
110.0,85.0,3.0,0.24611074788043438
110.0,85.0,3.025,0.23838792774212963
110.0,85.0,3.05,0.2307827738701028
110.0,85.0,3.075,0.22327129892044173
110.0,85.0,3.1,0.2158308061588162
110.0,85.0,3.125,0.2084395474275126
110.0,85.0,3.15,0.20107641543513238
110.0,85.0,3.175,0.19372066019380782
110.0,85.0,3.2,0.18635162047811388
110.0,85.0,3.225,0.1789484616334964
110.0,85.0,3.25,0.17148991089286764
110.0,85.0,3.275,0.16395398056752403
110.0,85.0,3.3,0.15631767185135992
110.0,85.0,3.325,0.14855654438472873
110.0,85.0,3.35,0.14064459496621373
110.0,85.0,3.375,0.13255338263034933
110.0,85.0,3.4,0.1242521268831254
110.0,85.0,3.425,0.11570882152328746
110.0,85.0,3.45,0.10689248784957833
110.0,85.0,3.475,0.09776466326162134
110.0,85.0,3.5,0.08827245461354848
110.0,85.0,3.525,0.07835960622102515
110.0,85.0,3.55,0.06796609602561418
110.0,85.0,3.575,0.057023062352386876
110.0,85.0,3.6,0.045449909235797094
110.0,85.0,3.625,0.033151683466721225
110.0,85.0,3.65,0.020015743540025787
110.0,85.0,3.675,0.005907360110146377
110.0,85.0,3.7,-0.009336113313716119
110.0,85.0,3.725,-0.02591301853189966
110.0,85.0,3.75,-0.044067878599052666
110.0,85.0,3.775,-0.06410568765412301
110.0,85.0,3.8,-0.08641153047751694
110.0,90.0,2.4,0.5608342110450807
110.0,90.0,2.425,0.5262256500302971
110.0,90.0,2.45,0.4969652365768161
110.0,90.0,2.475,0.4717471633371118
110.0,90.0,2.5,0.44972388156184173
110.0,90.0,2.525,0.4304706528513872
110.0,90.0,2.55,0.4135027470455172
110.0,90.0,2.575,0.3977567043122176
110.0,90.0,2.6,0.38319168274643517
110.0,90.0,2.625,0.3697116709417478
110.0,90.0,2.65,0.3571604083069226
110.0,90.0,2.675,0.34540098192496665
110.0,90.0,2.7,0.3343192681489476
110.0,90.0,2.725,0.3238201184026622
110.0,90.0,2.75,0.31382425983407847
110.0,90.0,2.775,0.3042641913261816
110.0,90.0,2.8,0.2950819926917133
110.0,90.0,2.825,0.28622757445838454
110.0,90.0,2.85,0.27765721905438306
110.0,90.0,2.875,0.2693323952872292
110.0,90.0,2.9,0.26121879561957045
110.0,90.0,2.925,0.25328554864273195
110.0,90.0,2.95,0.2455045680542404
110.0,90.0,2.975,0.2378500076521941
110.0,90.0,3.0,0.23029779842583964
110.0,90.0,3.025,0.2228252488627664
110.0,90.0,3.05,0.21541069339110488
110.0,90.0,3.075,0.20803317672140845
110.0,90.0,3.1,0.20067216421778464
110.0,90.0,3.125,0.19330727478907545
110.0,90.0,3.15,0.18591787290030695
110.0,90.0,3.175,0.1784833250370224
110.0,90.0,3.2,0.17098187485480762
110.0,90.0,3.225,0.16339104854269254
110.0,90.0,3.25,0.1556870469914672
110.0,90.0,3.275,0.14784440253210096
110.0,90.0,3.3,0.13983553313491467
110.0,90.0,3.325,0.13163027750795578
110.0,90.0,3.35,0.12319585370413066
110.0,90.0,3.375,0.11449863797726163
110.0,90.0,3.4,0.10550528128613793
110.0,90.0,3.425,0.09617130600589763
110.0,90.0,3.45,0.08643791703198228
110.0,90.0,3.475,0.07624320748071747
110.0,90.0,3.5,0.0655196930931988
110.0,90.0,3.525,0.05418896586808496
110.0,90.0,3.55,0.04215837583344654
110.0,90.0,3.575,0.02931766818471687
110.0,90.0,3.6,0.015534609165513
110.0,90.0,3.625,0.0006491303148457072
110.0,90.0,3.65,-0.015534561200337811
110.0,90.0,3.675,-0.033258724943741526
110.0,90.0,3.7,-0.0528269201305743
110.0,90.0,3.725,-0.07462481318340776
110.0,90.0,3.75,-0.09914983118428917
110.0,90.0,3.775,-0.12705398018359368
110.0,90.0,3.8,-0.15920762114112486
110.0,95.0,2.4,0.4875324078497244
110.0,95.0,2.425,0.4644117428199659
110.0,95.0,2.45,0.44439550829717284
110.0,95.0,2.475,0.4265876056089709
110.0,95.0,2.5,0.41013643880564077
110.0,95.0,2.525,0.394945695282517
110.0,95.0,2.55,0.3809569530486955
110.0,95.0,2.575,0.36797727862422586
110.0,95.0,2.6,0.35584638247885825
110.0,95.0,2.625,0.3444389490385609
110.0,95.0,2.65,0.3336522565746489
110.0,95.0,2.675,0.32340072718802493
110.0,95.0,2.7,0.3136119526751343
110.0,95.0,2.725,0.304224307228485
110.0,95.0,2.75,0.29518505932473216
110.0,95.0,2.775,0.28644829312180503
110.0,95.0,2.8,0.27797366798580114
110.0,95.0,2.825,0.26972540470934747
110.0,95.0,2.85,0.26167144073059245
110.0,95.0,2.875,0.2537827324552794
110.0,95.0,2.9,0.24603267413146307
110.0,95.0,2.925,0.23839660722088166
110.0,95.0,2.95,0.23085140023250714
110.0,95.0,2.975,0.22337509344158563
110.0,95.0,3.0,0.21594635467712417
110.0,95.0,3.025,0.20854490123209238
110.0,95.0,3.05,0.20115011519435974
110.0,95.0,3.075,0.19374161939146106
110.0,95.0,3.1,0.18629869407965757
110.0,95.0,3.125,0.17880003195397637
110.0,95.0,3.15,0.17122344456810382
110.0,95.0,3.175,0.16354553913972097
110.0,95.0,3.2,0.15574135249130233
110.0,95.0,3.225,0.14778392417962696
110.0,95.0,3.25,0.13964379945732336
110.0,95.0,3.275,0.1312885449723183
110.0,95.0,3.3,0.12268281342051382
110.0,95.0,3.325,0.11379020117076642
110.0,95.0,3.35,0.10457305001295514
110.0,95.0,3.375,0.09498033887033527
110.0,95.0,3.4,0.08494665761703536
110.0,95.0,3.425,0.07440222833103148
110.0,95.0,3.45,0.06326941713878478
110.0,95.0,3.475,0.051456964403197906
110.0,95.0,3.5,0.0388558761507457
110.0,95.0,3.525,0.025334915948220217
110.0,95.0,3.55,0.010734631733298564
110.0,95.0,3.575,-0.005140768026890903
110.0,95.0,3.6,-0.02253457783805239
110.0,95.0,3.625,-0.04175315180672753
110.0,95.0,3.65,-0.06318796504680584
110.0,95.0,3.675,-0.08734753521793012
110.0,95.0,3.7,-0.11490464621042694
110.0,95.0,3.725,-0.1467678605787263
110.0,95.0,3.75,-0.1841927142189906
110.0,95.0,3.775,-0.22896581965899096
110.0,95.0,3.8,-0.28372900719456084
110.0,100.0,2.4,0.4429569813274144
110.0,100.0,2.425,0.4254522025765963
110.0,100.0,2.45,0.4094114363851502
110.0,100.0,2.475,0.3946634545742831
110.0,100.0,2.5,0.38104528961963124
110.0,100.0,2.525,0.36837070200966565
110.0,100.0,2.55,0.3564893454493563
110.0,100.0,2.575,0.34528479853538097
110.0,100.0,2.6,0.3346623851188615
110.0,100.0,2.625,0.32454305814061246
110.0,100.0,2.65,0.3148597664989109
110.0,100.0,2.675,0.30555517029237017
110.0,100.0,2.7,0.29657953911805474
110.0,100.0,2.725,0.2878894868118057
110.0,100.0,2.75,0.27944687960575465
110.0,100.0,2.775,0.2712176706250141
110.0,100.0,2.8,0.2631711635095462
110.0,100.0,2.825,0.2552793931252149
110.0,100.0,2.85,0.24751617937684117
110.0,100.0,2.875,0.2398585115960481
110.0,100.0,2.9,0.2322827885875734
110.0,100.0,2.925,0.2247675085386141
110.0,100.0,2.95,0.21729163126360557
110.0,100.0,2.975,0.2098344716348292
110.0,100.0,3.0,0.2023754269792695
110.0,100.0,3.025,0.19489369749584096
110.0,100.0,3.05,0.18736800056658792
110.0,100.0,3.075,0.17977627082551695
110.0,100.0,3.1,0.17209533589813367
110.0,100.0,3.125,0.1643005553874083
110.0,100.0,3.15,0.15636540732402626
110.0,100.0,3.175,0.1482610035776071
110.0,100.0,3.2,0.13995552659278998
110.0,100.0,3.225,0.13141367171492546
110.0,100.0,3.25,0.12259658441194174
110.0,100.0,3.275,0.11346330046319338
110.0,100.0,3.3,0.10397018768303383
110.0,100.0,3.325,0.09405972609326117
110.0,100.0,3.35,0.08365830855997182
110.0,100.0,3.375,0.07268513510319975
110.0,100.0,3.4,0.0610488483788029
110.0,100.0,3.425,0.048640873024269386
110.0,100.0,3.45,0.03532993694370626
110.0,100.0,3.475,0.020955776898093376
110.0,100.0,3.5,0.005320660249869625
110.0,100.0,3.525,-0.011822372748292882
110.0,100.0,3.55,-0.03078605690586946
110.0,100.0,3.575,-0.051972618900155504
110.0,100.0,3.6,-0.07590832135039757
110.0,100.0,3.625,-0.10329593630243483
110.0,100.0,3.65,-0.13509441059870084
110.0,100.0,3.675,-0.17264704074329973
110.0,100.0,3.7,-0.21789196908080927
110.0,100.0,3.725,-0.27372385083891865
110.0,100.0,3.75,-0.3446566840343084
110.0,100.0,3.775,-0.4381068036279652
110.0,100.0,3.8,-0.5668646185445709
110.0,105.0,2.4,0.41100397282817713
110.0,105.0,2.425,0.3965012709783352
110.0,105.0,2.45,0.3830680016765739
110.0,105.0,2.475,0.3705385174548826
110.0,105.0,2.5,0.35876901126305866
110.0,105.0,2.525,0.34764817783439833
110.0,105.0,2.55,0.33708608048765726
110.0,105.0,2.575,0.32700755617816646
110.0,105.0,2.6,0.317348789886141
110.0,105.0,2.625,0.3080549414262408
110.0,105.0,2.65,0.2990783489168592
110.0,105.0,2.675,0.2903772516128853
110.0,105.0,2.7,0.2819145506238519
110.0,105.0,2.725,0.2736568030054339
110.0,105.0,2.75,0.265574599828471
110.0,105.0,2.775,0.25764013340583747
110.0,105.0,2.8,0.24982792218566954
110.0,105.0,2.825,0.24211411375247302
110.0,105.0,2.85,0.23447601787627237
110.0,105.0,2.875,0.22689178740397029
110.0,105.0,2.9,0.21934010315379668
110.0,105.0,2.925,0.21179987363667369
110.0,105.0,2.95,0.2042499417122378
110.0,105.0,2.975,0.19666878921572772
110.0,105.0,3.0,0.18903423022293436
110.0,105.0,3.025,0.18132308282441775
110.0,105.0,3.05,0.17351080776706734
110.0,105.0,3.075,0.1655710998454157
110.0,105.0,3.1,0.15747541440558002
110.0,105.0,3.125,0.14919240823686253
110.0,105.0,3.15,0.14068728166201647
110.0,105.0,3.175,0.13192107689012153
110.0,105.0,3.2,0.12285028548140686
110.0,105.0,3.225,0.11342757835207189
110.0,105.0,3.25,0.1036015486370977
110.0,105.0,3.275,0.09330737144790006
110.0,105.0,3.3,0.08246117702431749
110.0,105.0,3.325,0.07096726530320221
110.0,105.0,3.35,0.058715781399964126
110.0,105.0,3.375,0.04557470872734233
110.0,105.0,3.4,0.03138219139064048
110.0,105.0,3.425,0.01593756585629254
110.0,105.0,3.45,-0.001012197907546309
110.0,105.0,3.475,-0.01978778810966308
110.0,105.0,3.5,-0.04080592424084547
110.0,105.0,3.525,-0.06461606253206693
110.0,105.0,3.55,-0.09195845275185777
110.0,105.0,3.575,-0.12385475346713853
110.0,105.0,3.6,-0.1617548971039622
110.0,105.0,3.625,-0.2077848831485863
110.0,105.0,3.65,-0.2651844182688362
110.0,105.0,3.675,-0.33912093870648574
110.0,105.0,3.7,-0.43829291144977234
110.0,105.0,3.725,-0.5782898112227804
110.0,105.0,3.75,-0.7887198604370621
110.0,105.0,3.775,-1.1225867853834206
110.0,105.0,3.8,-1.550499810374419
110.0,110.0,2.4,0.3867563832504006
110.0,110.0,2.425,0.37423822484851443
110.0,110.0,2.45,0.3624667285285251
110.0,110.0,2.475,0.35133087339353514
110.0,110.0,2.5,0.34074256498356115
110.0,110.0,2.525,0.3306285829182866
110.0,110.0,2.55,0.3209266326762744
110.0,110.0,2.575,0.31158303948514826
110.0,110.0,2.6,0.3025510737800149
110.0,110.0,2.625,0.2937888590935992
110.0,110.0,2.65,0.2852620491567454
110.0,110.0,2.675,0.2769357138397103
110.0,110.0,2.7,0.2687805233791218
110.0,110.0,2.725,0.26076900961816063
110.0,110.0,2.75,0.2528756456017716
110.0,110.0,2.775,0.24507633820915953
110.0,110.0,2.8,0.23734806326050611
110.0,110.0,2.825,0.22966852391884354
110.0,110.0,2.85,0.2220158263467744
110.0,110.0,2.875,0.21436816710206621
110.0,110.0,2.9,0.20670352290886035
110.0,110.0,2.925,0.1989993328150607
110.0,110.0,2.95,0.19123216215881048
110.0,110.0,2.975,0.18337733661045294
110.0,110.0,3.0,0.17540853259965722
110.0,110.0,3.025,0.16729730744596363
110.0,110.0,3.05,0.15901254833022718
110.0,110.0,3.075,0.15051981472431314
110.0,110.0,3.1,0.14178055042650192
110.0,110.0,3.125,0.13275118018415963
110.0,110.0,3.15,0.12338229221168605
110.0,110.0,3.175,0.11361850497274056
110.0,110.0,3.2,0.10339828778476175
110.0,110.0,3.225,0.09264716326260991
110.0,110.0,3.25,0.08126859477694151
110.0,110.0,3.275,0.06914748462060344
110.0,110.0,3.3,0.056152664690914296
110.0,110.0,3.325,0.04210848586490623
110.0,110.0,3.35,0.026822533992448418
110.0,110.0,3.375,0.010032749318080963
110.0,110.0,3.4,-0.008592168424070443
110.0,110.0,3.425,-0.029484452236621755
110.0,110.0,3.45,-0.053219152921978166
110.0,110.0,3.475,-0.08057857964831895
110.0,110.0,3.5,-0.11265475655729629
110.0,110.0,3.525,-0.15101850424213525
110.0,110.0,3.55,-0.19801079782755573
110.0,110.0,3.575,-0.25727070178258377
110.0,110.0,3.6,-0.3347490008180093
110.0,110.0,3.625,-0.440782901878599
110.0,110.0,3.65,-0.5945962633470615
110.0,110.0,3.675,-0.8338757425055147
110.0,110.0,3.7,-1.22066864521494
110.0,110.0,3.725,-1.4844223360559896
110.0,110.0,3.75,1.0995381878705959
110.0,110.0,3.775,1.6684544522146068
110.0,110.0,3.8,1.2482521314797963
110.0,115.0,2.4,0.36743632406728394
110.0,115.0,2.425,0.3561997569519213
110.0,115.0,2.45,0.34551002164435624
110.0,115.0,2.475,0.33529391203720704
110.0,115.0,2.5,0.32548930974701284
110.0,115.0,2.525,0.31604123388556077
110.0,115.0,2.55,0.30690757929755724
110.0,115.0,2.575,0.29804253837618816
110.0,115.0,2.6,0.2894108245155894
110.0,115.0,2.625,0.2809793872365593
110.0,115.0,2.65,0.27271804196464355
110.0,115.0,2.675,0.2645989525920018
110.0,115.0,2.7,0.25659605003955943
110.0,115.0,2.725,0.24868467290232374
110.0,115.0,2.75,0.24084119155173264
110.0,115.0,2.775,0.23304258110774112
110.0,115.0,2.8,0.22526609394337102
110.0,115.0,2.825,0.21748893200482436
110.0,115.0,2.85,0.20968791194992667
110.0,115.0,2.875,0.20183911565894863
110.0,115.0,2.9,0.19391751446839856
110.0,115.0,2.925,0.18589655328666208
110.0,115.0,2.95,0.17774767804290012
110.0,115.0,2.975,0.16943978603178167
110.0,115.0,3.0,0.16093857329196445
110.0,115.0,3.025,0.15220574636634585
110.0,115.0,3.05,0.14319806082772688
110.0,115.0,3.075,0.13386616262691028
110.0,115.0,3.1,0.12415330329092736
110.0,115.0,3.125,0.11399425967782399
110.0,115.0,3.15,0.10331429592749952
110.0,115.0,3.175,0.09203231851628789
110.0,115.0,3.2,0.08001937008768152
110.0,115.0,3.225,0.0671473006061777
110.0,115.0,3.25,0.053245940449520385
110.0,115.0,3.275,0.0381070685741346
110.0,115.0,3.3,0.021467068697079927
110.0,115.0,3.325,0.00298566627905938
110.0,115.0,3.35,-0.01778437780249655
110.0,115.0,3.375,-0.04144299908939552
110.0,115.0,3.4,-0.06881413599970128
110.0,115.0,3.425,-0.10106078620764951
110.0,115.0,3.45,-0.13987817713295592
110.0,115.0,3.475,-0.18783351682637692
110.0,115.0,3.5,-0.24899699501989161
110.0,115.0,3.525,-0.3301901645232118
110.0,115.0,3.55,-0.4436345684621814
110.0,115.0,3.575,-0.612918756830056
110.0,115.0,3.6,-0.885590082580918
110.0,115.0,3.625,-1.3204287220502464
110.0,115.0,3.65,-0.9774855077185897
110.0,115.0,3.675,1.6795381339127498
110.0,115.0,3.7,1.4466410271028283
110.0,115.0,3.725,1.0752844178508756
110.0,115.0,3.75,0.8475141189071311
110.0,115.0,3.775,0.701490357839921
110.0,115.0,3.8,0.600661124870338
110.0,120.0,2.4,0.35130975432996187
110.0,120.0,2.425,0.3409292047698723
110.0,120.0,2.45,0.33096915976068947
110.0,120.0,2.475,0.32137131594854584
110.0,120.0,2.5,0.312088952927005
110.0,120.0,2.525,0.3030803812339169
110.0,120.0,2.55,0.2943081642374334
110.0,120.0,2.575,0.2857384891285091
110.0,120.0,2.6,0.27734047467485096
110.0,120.0,2.625,0.26908553848253236
110.0,120.0,2.65,0.2609468651433301
110.0,120.0,2.675,0.25289898726709953
110.0,120.0,2.7,0.24491730787263555
110.0,120.0,2.725,0.2369777854552647
110.0,120.0,2.75,0.22905658163799902
110.0,120.0,2.775,0.22112964617393643
110.0,120.0,2.8,0.2131723584459631
110.0,120.0,2.825,0.2051591400849992
110.0,120.0,2.85,0.19706302781890583
110.0,120.0,2.875,0.18885519284805646
110.0,120.0,2.9,0.18050438668875138
110.0,120.0,2.925,0.17197628773531018
110.0,120.0,2.95,0.16323271516832774
110.0,120.0,2.975,0.15423066618943293
110.0,120.0,3.0,0.14492111745134653
110.0,120.0,3.025,0.13524750099252508
110.0,120.0,3.05,0.12514343242250475
110.0,120.0,3.075,0.11453644691834133
110.0,120.0,3.1,0.10332981911664908
110.0,120.0,3.125,0.09141964915173963
110.0,120.0,3.15,0.07867046413478757
110.0,120.0,3.175,0.06491036464537715
110.0,120.0,3.2,0.04992659154701377
110.0,120.0,3.225,0.03345111595066447
110.0,120.0,3.25,0.01513696488597184
110.0,120.0,3.275,-0.005474802182361801
110.0,120.0,3.3,-0.029004489789369984
110.0,120.0,3.325,-0.05631146709693084
110.0,120.0,3.35,-0.08862121558632345
110.0,120.0,3.375,-0.12774203970422598
110.0,120.0,3.4,-0.17645351697266837
110.0,120.0,3.425,-0.2392447501602339
110.0,120.0,3.45,-0.3238166851369509
110.0,120.0,3.475,-0.44437921374363676
110.0,120.0,3.5,-0.6293344620145644
110.0,120.0,3.525,-0.9368247322227137
110.0,120.0,3.55,-1.3886716243647959
110.0,120.0,3.575,0.021486483292126227
110.0,120.0,3.6,1.68431889556442
110.0,120.0,3.625,1.2576071378287308
110.0,120.0,3.65,0.9476391207921974
110.0,120.0,3.675,0.7602645128133105
110.0,120.0,3.7,0.6378751279616969
110.0,120.0,3.725,0.5517580820287186
110.0,120.0,3.75,0.48751991082018575
110.0,120.0,3.775,0.4373485156165235
110.0,120.0,3.8,0.39668607583097604
110.0,125.0,2.4,0.33732733124237424
110.0,125.0,2.425,0.3275310592864646
110.0,125.0,2.45,0.31805956599786483
110.0,125.0,2.475,0.3088695750866331
110.0,125.0,2.5,0.2999223904519681
110.0,125.0,2.525,0.29118302655892264
110.0,125.0,2.55,0.2826194669535525
110.0,125.0,2.575,0.2742020385073523
110.0,125.0,2.6,0.2659028746401937
110.0,125.0,2.625,0.2576954021408675
110.0,125.0,2.65,0.24955389127415917
110.0,125.0,2.675,0.24145308174620228
110.0,125.0,2.7,0.23336772725374558
110.0,125.0,2.725,0.2252722556532916
110.0,125.0,2.75,0.21714036519577537
110.0,125.0,2.775,0.20894453290036694
110.0,125.0,2.8,0.20065553152101373
110.0,125.0,2.825,0.19224187059464046
110.0,125.0,2.85,0.18366913867365747
110.0,125.0,2.875,0.17489921521401275
110.0,125.0,2.9,0.16588930345472483
110.0,125.0,2.925,0.15659068897233935
110.0,125.0,2.95,0.14694667257415917
110.0,125.0,2.975,0.13689550858177194
110.0,125.0,3.0,0.1263573266883232
110.0,125.0,3.025,0.11524072001407185
110.0,125.0,3.05,0.10343742907520219
110.0,125.0,3.075,0.09081574008822706
110.0,125.0,3.1,0.07721020965344984
110.0,125.0,3.125,0.06240728028491317
110.0,125.0,3.15,0.04613471037820688
110.0,125.0,3.175,0.02804156582301002
110.0,125.0,3.2,0.007662726537264623
110.0,125.0,3.225,-0.015634136457889896
110.0,125.0,3.25,-0.04273147543191869
110.0,125.0,3.275,-0.07489862080368388
110.0,125.0,3.3,-0.11402817305963067
110.0,125.0,3.325,-0.16306671267234188
110.0,125.0,3.35,-0.2268498828499792
110.0,125.0,3.375,-0.3138455310892928
110.0,125.0,3.4,-0.44009708411183196
110.0,125.0,3.425,-0.6387128241815822
110.0,125.0,3.45,-0.977917885697254
110.0,125.0,3.475,-1.3901935393545644
110.0,125.0,3.5,0.9140157889846764
110.0,125.0,3.525,1.5502671331855347
110.0,125.0,3.55,1.120757836484968
110.0,125.0,3.575,0.8576781838085767
110.0,125.0,3.6,0.6977220901888967
110.0,125.0,3.625,0.5916376779613198
110.0,125.0,3.65,0.51597832248117
110.0,125.0,3.675,0.45886302363229353
110.0,125.0,3.7,0.41379512419222786
110.0,125.0,3.725,0.37695480623040406
110.0,125.0,3.75,0.3459445328049821
110.0,125.0,3.775,0.3191837569582525
110.0,125.0,3.8,0.2955873322593103
110.0,130.0,2.4,0.32480337176235136
110.0,130.0,2.425,0.31539464335803424
110.0,130.0,2.45,0.3062386445663374
110.0,130.0,2.475,0.2972987784538008
110.0,130.0,2.5,0.2885415337611308
110.0,130.0,2.525,0.27993581298502374
110.0,130.0,2.55,0.2714523479254267
110.0,130.0,2.575,0.26306318684308966
110.0,130.0,2.6,0.2547412306313926
110.0,130.0,2.625,0.24645975119237604
110.0,130.0,2.65,0.23819194102049332
110.0,130.0,2.675,0.22991050847904934
110.0,130.0,2.7,0.22158715571101376
110.0,130.0,2.725,0.21319212337348536
110.0,130.0,2.75,0.2046936255071531
110.0,130.0,2.775,0.1960571414074123
110.0,130.0,2.8,0.18724463336653355
110.0,130.0,2.825,0.17821356710443473
110.0,130.0,2.85,0.16891549628772254
110.0,130.0,2.875,0.15929277949843756
110.0,130.0,2.9,0.149291718602016
110.0,130.0,2.925,0.13882585595725103
110.0,130.0,2.95,0.12780814691777
110.0,130.0,2.975,0.11613043270014725
110.0,130.0,3.0,0.10366058086807092
110.0,130.0,3.025,0.09023602763567641
110.0,130.0,3.05,0.07565135953542275
110.0,130.0,3.075,0.05963828047908257
110.0,130.0,3.1,0.041845406786938565
110.0,130.0,3.125,0.021807812810012112
110.0,130.0,3.15,-0.0011074006352570322
110.0,130.0,3.175,-0.027787762759047197
110.0,130.0,3.2,-0.0595180702808631
110.0,130.0,3.225,-0.09822888912649003
110.0,130.0,3.25,-0.14695554708997285
110.0,130.0,3.275,-0.21074082554551618
110.0,130.0,3.3,-0.29855991424159384
110.0,130.0,3.325,-0.42779299160645645
110.0,130.0,3.35,-0.63534054988999
110.0,130.0,3.375,-0.9981938531542917
110.0,130.0,3.4,-1.3310035016811843
110.0,130.0,3.425,1.3538760167022923
110.0,130.0,3.45,1.4303379688658384
110.0,130.0,3.475,1.0293261022420241
110.0,130.0,3.5,0.7970865660145361
110.0,130.0,3.525,0.6549597986154339
110.0,130.0,3.55,0.5596902776553359
110.0,130.0,3.575,0.49109074477335907
110.0,130.0,3.6,0.4389294155534632
110.0,130.0,3.625,0.3975351878360679
110.0,130.0,3.65,0.3635032908036493
110.0,130.0,3.675,0.3347052740101507
110.0,130.0,3.7,0.30974371593411765
110.0,130.0,3.725,0.28765193503388736
110.0,130.0,3.75,0.2677372210707644
110.0,130.0,3.775,0.24948798112130954
110.0,130.0,3.8,0.23251544608459196
110.0,135.0,2.4,0.31325605871191314
110.0,135.0,2.425,0.30408471921868424
110.0,135.0,2.45,0.2951056295137878
110.0,135.0,2.475,0.28628593008210845
110.0,135.0,2.5,0.2775946758766033
110.0,135.0,2.525,0.26900226947630473
110.0,135.0,2.55,0.26047994029864424
110.0,135.0,2.575,0.2519992589771149
110.0,135.0,2.6,0.24353166468666826
110.0,135.0,2.625,0.23504792287013002
110.0,135.0,2.65,0.22651757692145208
110.0,135.0,2.675,0.2179084105408287
110.0,135.0,2.7,0.20918572312745964
110.0,135.0,2.725,0.20031158962829937
110.0,135.0,2.75,0.19124387048298455
110.0,135.0,2.775,0.18193457121644452
110.0,135.0,2.8,0.17232725452749295
110.0,135.0,2.825,0.16237068967087137
110.0,135.0,2.85,0.15197978678619314
110.0,135.0,2.875,0.14106934904852447
110.0,135.0,2.9,0.12953429861702048
110.0,135.0,2.925,0.11724551324822843
110.0,135.0,2.95,0.10404302313735901
110.0,135.0,2.975,0.08972631330483072
110.0,135.0,3.0,0.07403855725006789
110.0,135.0,3.025,0.05663986460350654
110.0,135.0,3.05,0.037074019975547545
110.0,135.0,3.075,0.01472026648726167
110.0,135.0,3.1,-0.011292130066290257
110.0,135.0,3.125,-0.042227691728861705
110.0,135.0,3.15,-0.07999491669914538
110.0,135.0,3.175,-0.12761152933781497
110.0,135.0,3.2,-0.19012982378081578
110.0,135.0,3.225,-0.27663619064668293
110.0,135.0,3.25,-0.40499798749217436
110.0,135.0,3.275,-0.6140721931138168
110.0,135.0,3.3,-0.9880453117908761
110.0,135.0,3.325,-1.2822627071035546
110.0,135.0,3.35,1.5046581377592438
110.0,135.0,3.375,1.357319270488501
110.0,135.0,3.4,0.9752145607455851
110.0,135.0,3.425,0.7599427277876508
110.0,135.0,3.45,0.6281445289010448
110.0,135.0,3.475,0.5394733494588143
110.0,135.0,3.5,0.47537173859369114
110.0,135.0,3.525,0.4264364528208046
110.0,135.0,3.55,0.38746103074502014
110.0,135.0,3.575,0.3553541724167171
110.0,135.0,3.6,0.3281456638589466
110.0,135.0,3.625,0.3045047527138899
110.0,135.0,3.65,0.28353423572690056
110.0,135.0,3.675,0.2645987179256054
110.0,135.0,3.7,0.24722617874356245
110.0,135.0,3.725,0.23105627261327535
110.0,135.0,3.75,0.21580679543506381
110.0,135.0,3.775,0.2012507792173773
110.0,135.0,3.8,0.1872005808240905
110.0,140.0,2.4,0.30232131229345255
110.0,140.0,2.425,0.2932615114720549
110.0,140.0,2.45,0.2843387550858014
110.0,140.0,2.475,0.2755215345566488
110.0,140.0,2.5,0.2667791947042111
110.0,140.0,2.525,0.25808138223977545
110.0,140.0,2.55,0.24939749917280057
110.0,140.0,2.575,0.24069615304217942
110.0,140.0,2.6,0.23194457594334253
110.0,140.0,2.625,0.22310788216922534
110.0,140.0,2.65,0.21414825090411968
110.0,140.0,2.675,0.20502402459929145
110.0,140.0,2.7,0.1956882041840554
110.0,140.0,2.725,0.18608553969156558
110.0,140.0,2.75,0.17616447863508924
110.0,140.0,2.775,0.16584856487137212
110.0,140.0,2.8,0.15505119747494336
110.0,140.0,2.825,0.14367236341327747
110.0,140.0,2.85,0.13158853907110554
110.0,140.0,2.875,0.118646368221996
110.0,140.0,2.9,0.10465289655169156
110.0,140.0,2.925,0.08936181951034744
110.0,140.0,2.95,0.07245215917051673
110.0,140.0,2.975,0.053492050961624425
110.0,140.0,3.0,0.03188796073078579
110.0,140.0,3.025,0.006807991114003714
110.0,140.0,3.05,-0.022953034282936824
110.0,140.0,3.075,-0.059215546973551615
110.0,140.0,3.1,-0.10486069568466642
110.0,140.0,3.125,-0.16472117183951174
110.0,140.0,3.15,-0.24751765794148417
110.0,140.0,3.175,-0.3705146696152894
110.0,140.0,3.2,-0.5718806597169748
110.0,140.0,3.225,-0.9396812381799869
110.0,140.0,3.25,-1.307998141463063
110.0,140.0,3.275,1.5234788687227327
110.0,140.0,3.3,1.3370711529794683
110.0,140.0,3.325,0.9535258175359554
110.0,140.0,3.35,0.742800695557212
110.0,140.0,3.375,0.6149455664953035
110.0,140.0,3.4,0.5292746609018425
110.0,140.0,3.425,0.4674631774853577
110.0,140.0,3.45,0.4203188300902232
110.0,140.0,3.475,0.3827768477147136
110.0,140.0,3.5,0.35183203493670695
110.0,140.0,3.525,0.3256000263091717
110.0,140.0,3.55,0.3028417023434033
110.0,140.0,3.575,0.28266841387494385
110.0,140.0,3.6,0.2644442881172008
110.0,140.0,3.625,0.24772228507465155
110.0,140.0,3.65,0.23216320629682172
110.0,140.0,3.675,0.21749993628811612
110.0,140.0,3.7,0.2035174010123646
110.0,140.0,3.725,0.19003809522658735
110.0,140.0,3.75,0.1769114701777223
110.0,140.0,3.775,0.16400447394939083
110.0,140.0,3.8,0.15120171260238813
110.0,145.0,2.4,0.2917017227707357
110.0,145.0,2.425,0.28263769922801174
110.0,145.0,2.45,0.27365555996263136
110.0,145.0,2.475,0.264722822465113
110.0,145.0,2.5,0.25580669671269457
110.0,145.0,2.525,0.24687344401559416
110.0,145.0,2.55,0.23788768322922046
110.0,145.0,2.575,0.22881163808786262
110.0,145.0,2.6,0.21960427119151393
110.0,145.0,2.625,0.21021994805598865
110.0,145.0,2.65,0.20060637940566234
110.0,145.0,2.675,0.19070478479670502
110.0,145.0,2.7,0.18045653601237213
110.0,145.0,2.725,0.16977227720424928
110.0,145.0,2.75,0.15855649968241084
110.0,145.0,2.775,0.14669341429974392
110.0,145.0,2.8,0.13403907206383195
110.0,145.0,2.825,0.12041247211057453
110.0,145.0,2.85,0.10558241322499641
110.0,145.0,2.875,0.08924855705456326
110.0,145.0,2.9,0.07101222275953617
110.0,145.0,2.925,0.05032590484238249
110.0,145.0,2.95,0.02641982159763069
110.0,145.0,2.975,-0.001818283498923433
110.0,145.0,3.0,-0.036058950545729045
110.0,145.0,3.025,-0.07893534346024406
110.0,145.0,3.05,-0.1348443679676146
110.0,145.0,3.075,-0.2116823646220603
110.0,145.0,3.1,-0.32502222817767884
110.0,145.0,3.125,-0.5094150931260156
110.0,145.0,3.15,-0.8494566370538779
110.0,145.0,3.175,-1.3550546520579219
110.0,145.0,3.2,1.3913311886544308
110.0,145.0,3.225,1.3758688045237588
110.0,145.0,3.25,0.9637909717225389
110.0,145.0,3.275,0.7445379974957338
110.0,145.0,3.3,0.6143237173335476
110.0,145.0,3.325,0.5282045238601738
110.0,145.0,3.35,0.466595852253095
110.0,145.0,3.375,0.4198810606010338
110.0,145.0,3.4,0.38283856977834896
110.0,145.0,3.425,0.3524009258032976
110.0,145.0,3.45,0.3266512210222854
110.0,145.0,3.475,0.3043356079140979
110.0,145.0,3.5,0.28461014966469295
110.0,145.0,3.525,0.2668542657214315
110.0,145.0,3.55,0.2505843701907295
110.0,145.0,3.575,0.23546219963100412
110.0,145.0,3.6,0.22123245782916148
110.0,145.0,3.625,0.20768853821007838
110.0,145.0,3.65,0.19466131800573785
110.0,145.0,3.675,0.18199903413076085
110.0,145.0,3.7,0.16958500471997834
110.0,145.0,3.725,0.15730345927102482
110.0,145.0,3.75,0.14505105582550146
110.0,145.0,3.775,0.13272914947247588
110.0,145.0,3.8,0.1202405330015663
110.0,150.0,2.4,0.28113204546112647
110.0,150.0,2.425,0.2719463958035209
110.0,150.0,2.45,0.26278221105975136
110.0,150.0,2.475,0.2536032685247565
110.0,150.0,2.5,0.24437150055184537
110.0,150.0,2.525,0.23504608305369143
110.0,150.0,2.55,0.2255823363781619
110.0,150.0,2.575,0.21593043718350055
110.0,150.0,2.6,0.20603392891376068
110.0,150.0,2.625,0.19582997470184316
110.0,150.0,2.65,0.18524822087977705
110.0,150.0,2.675,0.17419269355150913
110.0,150.0,2.7,0.16255456893532721
110.0,150.0,2.725,0.15020147003215187
110.0,150.0,2.75,0.13696725731876325
110.0,150.0,2.775,0.12264031430214274
110.0,150.0,2.8,0.10694637520446863
110.0,150.0,2.825,0.0895228748418799
110.0,150.0,2.85,0.0698799416631669
110.0,150.0,2.875,0.04733030014204463
110.0,150.0,2.9,0.020882391639512162
110.0,150.0,2.925,-0.0109397304356966
110.0,150.0,2.95,-0.05043875612839506
110.0,150.0,2.975,-0.10141756818583407
110.0,150.0,3.0,-0.1706158859373836
110.0,150.0,3.025,-0.27112196490903245
110.0,150.0,3.05,-0.43157914947864967
110.0,150.0,3.075,-0.7238850048394827
110.0,150.0,3.1,-1.2829383534373195
110.0,150.0,3.125,0.7540713790352492
110.0,150.0,3.15,1.489636883517768
110.0,150.0,3.175,1.011556949421495
110.0,150.0,3.2,0.7666762786445478
110.0,150.0,3.225,0.626603423391257
110.0,150.0,3.25,0.5361780135563292
110.0,150.0,3.275,0.4725320736013141
110.0,150.0,3.3,0.4248267659636434
110.0,150.0,3.325,0.3873228679121007
110.0,150.0,3.35,0.35671098305239396
110.0,150.0,3.375,0.3309514505468959
110.0,150.0,3.4,0.30871882262510336
110.0,150.0,3.425,0.2891175479917724
110.0,150.0,3.45,0.27153297707126994
110.0,150.0,3.475,0.2555110952904606
110.0,150.0,3.5,0.24066842806312785
110.0,150.0,3.525,0.22673160189017846
110.0,150.0,3.55,0.21349449202416115
110.0,150.0,3.575,0.20079983999849063
110.0,150.0,3.6,0.18850151120470277
110.0,150.0,3.625,0.1764785125380741
110.0,150.0,3.65,0.1646230748114531
110.0,150.0,3.675,0.15283685002665368
110.0,150.0,3.7,0.14102725175055986
110.0,150.0,3.725,0.12910436065431866
110.0,150.0,3.75,0.11697786758468146
110.0,150.0,3.775,0.10455425091323169
110.0,150.0,3.8,0.09173385567708638
110.0,155.0,2.4,0.27035191240046497
110.0,155.0,2.425,0.2609137184945336
110.0,155.0,2.45,0.25142475193191866
110.0,155.0,2.475,0.24184112991365295
110.0,155.0,2.5,0.23211468201860444
110.0,155.0,2.525,0.22219127280339307
110.0,155.0,2.55,0.21200919736405907
110.0,155.0,2.575,0.20150174970025517
110.0,155.0,2.6,0.19058842939636006
110.0,155.0,2.625,0.1791652077795271
110.0,155.0,2.65,0.16710992963729274
110.0,155.0,2.675,0.15427281651768554
110.0,155.0,2.7,0.1404642599270067
110.0,155.0,2.725,0.12544001151915188
110.0,155.0,2.75,0.1088784138837457
110.0,155.0,2.775,0.09034918442889893
110.0,155.0,2.8,0.06925807422002944
110.0,155.0,2.825,0.04475397920166622
110.0,155.0,2.85,0.015578003555409765
110.0,155.0,2.875,-0.02020259609569664
110.0,155.0,2.9,-0.06572386208568003
110.0,155.0,2.925,-0.1264282604704166
110.0,155.0,2.95,-0.21261039083971575
110.0,155.0,2.975,-0.34610646257856353
110.0,155.0,3.0,-0.5807141042898982
110.0,155.0,3.025,-1.0614874235859824
110.0,155.0,3.05,-0.8002047064714934
110.0,155.0,3.075,1.6973319759294776
110.0,155.0,3.1,1.1129024328573658
110.0,155.0,3.125,0.8146380360773016
110.0,155.0,3.15,0.6538878036693866
110.0,155.0,3.175,0.5540741239631577
110.0,155.0,3.2,0.48562620276927937
110.0,155.0,3.225,0.4352597826910938
110.0,155.0,3.25,0.39620405017771293
110.0,155.0,3.275,0.3646632058256418
110.0,155.0,3.3,0.33834793325254314
110.0,155.0,3.325,0.3157953578136906
110.0,155.0,3.35,0.29602603353718554
110.0,155.0,3.375,0.2783611783058484
110.0,155.0,3.4,0.2623265637636888
110.0,155.0,3.425,0.2475757603501643
110.0,155.0,3.45,0.23379377066730542
110.0,155.0,3.475,0.2207490423565279
110.0,155.0,3.5,0.2082743322412261
110.0,155.0,3.525,0.19623185609161609
110.0,155.0,3.55,0.18450190397552327
110.0,155.0,3.575,0.17297848421717715
110.0,155.0,3.6,0.16156732275711702
110.0,155.0,3.625,0.15017889778194266
110.0,155.0,3.65,0.13872888624141225
110.0,155.0,3.675,0.12713369628275362
110.0,155.0,3.7,0.11530820604020134
110.0,155.0,3.725,0.1031631198092162
110.0,155.0,3.75,0.090602075751691
110.0,155.0,3.775,0.07751889819173416
110.0,155.0,3.8,0.06379580394182799
110.0,160.0,2.4,0.25907957627703426
110.0,160.0,2.425,0.249229735802053
110.0,160.0,2.45,0.239235548459178
110.0,160.0,2.475,0.2290390324032391
110.0,160.0,2.5,0.21857349608774623
110.0,160.0,2.525,0.20776407046910236
110.0,160.0,2.55,0.196526878667781
110.0,160.0,2.575,0.18474746535608794
110.0,160.0,2.6,0.1722898531277737
110.0,160.0,2.625,0.15898722901943646
110.0,160.0,2.65,0.14462672455862643
110.0,160.0,2.675,0.1289291102498494
110.0,160.0,2.7,0.11152575172782703
110.0,160.0,2.725,0.09191253846729909
110.0,160.0,2.75,0.0693831166937262
110.0,160.0,2.775,0.042902056696719135
110.0,160.0,2.8,0.010901877989598704
110.0,160.0,2.825,-0.029098934522220656
110.0,160.0,2.85,-0.08128983237657347
110.0,160.0,2.875,-0.15332450290631683
110.0,160.0,2.9,-0.26072349065728423
110.0,160.0,2.925,-0.4397775554178154
110.0,160.0,2.95,-0.7918370580734853
110.0,160.0,2.975,-1.4702505955612852
110.0,160.0,3.0,1.775142247097039
110.0,160.0,3.025,1.3071049405688808
110.0,160.0,3.05,0.901331784726992
110.0,160.0,3.075,0.7011981956698893
110.0,160.0,3.1,0.5841715597327818
110.0,160.0,3.125,0.5070144039785902
110.0,160.0,3.15,0.4517727436619188
110.0,160.0,3.175,0.4097898272255664
110.0,160.0,3.2,0.3764045209924762
110.0,160.0,3.225,0.34889034865416685
110.0,160.0,3.25,0.3255466330251439
110.0,160.0,3.275,0.3052564462901319
110.0,160.0,3.3,0.2872545670170389
110.0,160.0,3.325,0.270999357531416
110.0,160.0,3.35,0.2561073919143632
110.0,160.0,3.375,0.24229838438045853
110.0,160.0,3.4,0.22931847071193504
110.0,160.0,3.425,0.2169559942664322
110.0,160.0,3.45,0.20506649663763477
110.0,160.0,3.475,0.1935322358363994
110.0,160.0,3.5,0.18224887436494638
110.0,160.0,3.525,0.17112238380927097
110.0,160.0,3.55,0.1600665127623173
110.0,160.0,3.575,0.14899996609808575
110.0,160.0,3.6,0.13784382397347314
110.0,160.0,3.625,0.12651910703181674
110.0,160.0,3.65,0.11494438757223455
110.0,160.0,3.675,0.10303330573677032
110.0,160.0,3.7,0.09069181776879906
110.0,160.0,3.725,0.07781496670560739
110.0,160.0,3.75,0.06428339239814
110.0,160.0,3.775,0.04995981616980425
110.0,160.0,3.8,0.03468063843884183
110.0,165.0,2.4,0.24698084198421769
110.0,165.0,2.425,0.23651085350443138
110.0,165.0,2.45,0.22576608769126388
110.0,165.0,2.475,0.2146640528469302
110.0,165.0,2.5,0.20311259067103166
110.0,165.0,2.525,0.1909953765668381
110.0,165.0,2.55,0.17816038993415229
110.0,165.0,2.575,0.16442392505193584
110.0,165.0,2.6,0.14954959687396424
110.0,165.0,2.625,0.13322752623212167
110.0,165.0,2.65,0.11503943315923668
110.0,165.0,2.675,0.09440917589248694
110.0,165.0,2.7,0.07051402699749769
110.0,165.0,2.725,0.042122502640501436
110.0,165.0,2.75,0.007330950823431634
110.0,165.0,2.775,-0.03696547179973586
110.0,165.0,2.8,-0.09621537577189677
110.0,165.0,2.825,-0.18089778028355688
110.0,165.0,2.85,-0.31385034859226485
110.0,165.0,2.875,-0.5543408938102674
110.0,165.0,2.9,-1.0861401487777806
110.0,165.0,2.925,-0.5805995214013068
110.0,165.0,2.95,1.6814407789443284
110.0,165.0,2.975,1.0576905265458996
110.0,165.0,3.0,0.7794661721794729
110.0,165.0,3.025,0.6312097695008108
110.0,165.0,3.05,0.5390588791590871
110.0,165.0,3.075,0.47565537449190176
110.0,165.0,3.1,0.4288263328620924
110.0,165.0,3.125,0.39238062285568037
110.0,165.0,3.15,0.3628468455314377
110.0,165.0,3.175,0.33812941801758306
110.0,165.0,3.2,0.3168877739016925
110.0,165.0,3.225,0.2982228521819384
110.0,165.0,3.25,0.28150744994888743
110.0,165.0,3.275,0.26629280832143526
110.0,165.0,3.3,0.2522495301080299
110.0,165.0,3.325,0.23914381209183858
110.0,165.0,3.35,0.226769961487875
110.0,165.0,3.375,0.21493309723797555
110.0,165.0,3.4,0.20349822395072636
110.0,165.0,3.425,0.19236171441525624
110.0,165.0,3.45,0.1814307588558128
110.0,165.0,3.475,0.17062007469668472
110.0,165.0,3.5,0.15985008692060249
110.0,165.0,3.525,0.14904475110776896
110.0,165.0,3.55,0.13812931127877778
110.0,165.0,3.575,0.1270280807018984
110.0,165.0,3.6,0.11566218701117376
110.0,165.0,3.625,0.10394716560813462
110.0,165.0,3.65,0.09179025053040114
110.0,165.0,3.675,0.07908716527450631
110.0,165.0,3.7,0.06571814097908707
110.0,165.0,3.725,0.05154304924331685
110.0,165.0,3.75,0.03639593360532738
110.0,165.0,3.775,0.02007535126940566
110.0,165.0,3.8,0.002332301081149828
110.0,170.0,2.4,0.23362540422505698
110.0,170.0,2.425,0.22224339202277202
110.0,170.0,2.45,0.21039529617841515
110.0,170.0,2.475,0.19796132170866504
110.0,170.0,2.5,0.18478215123539504
110.0,170.0,2.525,0.1706554850541492
110.0,170.0,2.55,0.15532406002231525
110.0,170.0,2.575,0.13844804990220086
110.0,170.0,2.6,0.11956494106411023
110.0,170.0,2.625,0.09803150111208558
110.0,170.0,2.65,0.07291319304120171
110.0,170.0,2.675,0.042781925033936095
110.0,170.0,2.7,0.005394291445456769
110.0,170.0,2.725,-0.04301321324347379
110.0,170.0,2.75,-0.1092874366739631
110.0,170.0,2.775,-0.20726065105550595
110.0,170.0,2.8,-0.36931330886349656
110.0,170.0,2.825,-0.6889428008899193
110.0,170.0,2.85,-1.4521448384745763
110.0,170.0,2.875,1.8147562622120141
110.0,170.0,2.9,1.36770642581806
110.0,170.0,2.925,0.9142198061521387
110.0,170.0,2.95,0.7050831657965216
110.0,170.0,2.975,0.586383292703422
110.0,170.0,3.0,0.5093560612770521
110.0,170.0,3.025,0.4547259486003745
110.0,170.0,3.05,0.4134564187653584
110.0,170.0,3.075,0.3807694538715887
110.0,170.0,3.1,0.35390566026963177
110.0,170.0,3.125,0.3311601519786836
110.0,170.0,3.15,0.31141887372983146
110.0,170.0,3.175,0.2939334261113478
110.0,170.0,3.2,0.27816126725790924
110.0,170.0,3.225,0.26371439533032676
110.0,170.0,3.25,0.25030471560318596
110.0,170.0,3.275,0.23772317931188583
110.0,170.0,3.3,0.2258025163806525
110.0,170.0,3.325,0.21436949126002533
110.0,170.0,3.35,0.2032882154292251
110.0,170.0,3.375,0.19246290084029438
110.0,170.0,3.4,0.18180968448177787
110.0,170.0,3.425,0.1712500283895198
110.0,170.0,3.45,0.1607093825757528
110.0,170.0,3.475,0.15011555340374805
110.0,170.0,3.5,0.13939676744741167
110.0,170.0,3.525,0.12847961794936744
110.0,170.0,3.55,0.11728689378178446
110.0,170.0,3.575,0.10573519844561408
110.0,170.0,3.6,0.09373221647440057
110.0,170.0,3.625,0.0811734359136758
110.0,170.0,3.65,0.06793806399119225
110.0,170.0,3.675,0.05388374931322848
110.0,170.0,3.7,0.03883963403613793
110.0,170.0,3.725,0.02259774626033067
110.0,170.0,3.75,0.0049003357799849686
110.0,170.0,3.775,-0.01457922211955769
110.0,170.0,3.8,-0.03626111772932851
110.0,175.0,2.4,0.21841815075176554
110.0,175.0,2.425,0.20569453893019746
110.0,175.0,2.45,0.1922077397965595
110.0,175.0,2.475,0.17774522118075442
110.0,175.0,2.5,0.16202678623275932
110.0,175.0,2.525,0.14468839992079768
110.0,175.0,2.55,0.1252302554493913
110.0,175.0,2.575,0.10295317007382672
110.0,175.0,2.6,0.07682216598743477
110.0,175.0,2.625,0.045231112331424704
110.0,175.0,2.65,0.005623506573942078
110.0,175.0,2.675,-0.04639696529958186
110.0,175.0,2.7,-0.11908454718280358
110.0,175.0,2.725,-0.22987085365238139
110.0,175.0,2.75,-0.42238701970562653
110.0,175.0,2.775,-0.8362898204043624
110.0,175.0,2.8,-1.7055184564959098
110.0,175.0,2.825,2.023150799635686
110.0,175.0,2.85,1.1761922708932966
110.0,175.0,2.875,0.8286333902055558
110.0,175.0,2.9,0.6584765676109878
110.0,175.0,2.925,0.5575412261705273
110.0,175.0,2.95,0.4900609624078005
110.0,175.0,2.975,0.44116893127665235
110.0,175.0,3.0,0.403632425089591
110.0,175.0,3.025,0.3735208127364202
110.0,175.0,3.05,0.3485157303905612
110.0,175.0,3.075,0.3271498174048192
110.0,175.0,3.1,0.308494767849718
110.0,175.0,3.125,0.29185487013350153
110.0,175.0,3.15,0.27676707277057866
110.0,175.0,3.175,0.26288364489114346
110.0,175.0,3.2,0.2499430922383818
110.0,175.0,3.225,0.23775059470573173
110.0,175.0,3.25,0.22616110667301453
110.0,175.0,3.275,0.21503146171932355
110.0,175.0,3.3,0.20422321906023597
110.0,175.0,3.325,0.19363981468938862
110.0,175.0,3.35,0.18320370694329388
110.0,175.0,3.375,0.17284184886155013
110.0,175.0,3.4,0.16248360488940514
110.0,175.0,3.425,0.1520596251588788
110.0,175.0,3.45,0.14150023004187284
110.0,175.0,3.475,0.13073350679715473
110.0,175.0,3.5,0.11968319363357997
110.0,175.0,3.525,0.10826629033573774
110.0,175.0,3.55,0.09639025953428605
110.0,175.0,3.575,0.08394962099276178
110.0,175.0,3.6,0.0708216638558007
110.0,175.0,3.625,0.056860884860948
110.0,175.0,3.65,0.04189156286875024
110.0,175.0,3.675,0.025697557345910955
110.0,175.0,3.7,0.008008511075499743
110.0,175.0,3.725,-0.011519187973739149
110.0,175.0,3.75,-0.0333326026491321
110.0,175.0,3.775,-0.05802560519725327
110.0,175.0,3.8,-0.08640499482117962
110.0,180.0,2.4,0.20048287198291867
110.0,180.0,2.425,0.18574205068410882
110.0,180.0,2.45,0.16971737498634049
110.0,180.0,2.475,0.15202393718724172
110.0,180.0,2.5,0.1321347387175464
110.0,180.0,2.525,0.1093114935420058
110.0,180.0,2.55,0.08243731555778613
110.0,180.0,2.575,0.04976560202678933
110.0,180.0,2.6,0.008487955973089248
110.0,180.0,2.625,-0.04632334470724317
110.0,180.0,2.65,-0.12415688314947593
110.0,180.0,2.675,-0.2457979232723178
110.0,180.0,2.7,-0.46635360234600653
110.0,180.0,2.725,-0.9793194092062287
110.0,180.0,2.75,-1.3399763153194506
110.0,180.0,2.775,1.807686238283943
110.0,180.0,2.8,1.0657612651193884
110.0,180.0,2.825,0.7772853947889635
110.0,180.0,2.85,0.6297703997217545
110.0,180.0,2.875,0.5396950257895882
110.0,180.0,2.9,0.4782708786596644
110.0,180.0,2.925,0.4331182206478075
110.0,180.0,2.95,0.39806435258489736
110.0,180.0,2.975,0.36969248274570066
110.0,180.0,3.0,0.3459465277740508
110.0,180.0,3.025,0.32556609746086157
110.0,180.0,3.05,0.30764929654839074
110.0,180.0,3.075,0.29160525915395247
110.0,180.0,3.1,0.2770027244653993
110.0,180.0,3.125,0.2635219004765735
110.0,180.0,3.15,0.2509199580298018
110.0,180.0,3.175,0.23901130571009846
110.0,180.0,3.2,0.22765807782602204
110.0,180.0,3.225,0.21674425495882357
110.0,180.0,3.25,0.20614107423365094
110.0,180.0,3.275,0.19574284800500769
110.0,180.0,3.3,0.1854736617069796
110.0,180.0,3.325,0.17526494215567667
110.0,180.0,3.35,0.16504930639929632
110.0,180.0,3.375,0.1547595656182808
110.0,180.0,3.4,0.1443274784451379
110.0,180.0,3.425,0.13368201955873224
110.0,180.0,3.45,0.12274731081681055
110.0,180.0,3.475,0.11144020228411106
110.0,180.0,3.5,0.09966737931160397
110.0,180.0,3.525,0.08732178948405811
110.0,180.0,3.55,0.07427809041195636
110.0,180.0,3.575,0.06038668736866267
110.0,180.0,3.6,0.045465725483038025
110.0,180.0,3.625,0.02929006233877839
110.0,180.0,3.65,0.01157562721009984
110.0,180.0,3.675,-0.008043132094715601
110.0,180.0,3.7,-0.030045145364897812
110.0,180.0,3.725,-0.05507309417723385
110.0,180.0,3.75,-0.08401320612650305
110.0,180.0,3.775,-0.11812250800526704
110.0,180.0,3.8,-0.15924533683712752
120.0,0.0,2.4,0.29663486725067206
120.0,0.0,2.425,0.2907287565567693
120.0,0.0,2.45,0.2848987064092957
120.0,0.0,2.475,0.2791389197719542
120.0,0.0,2.5,0.27344269245683517
120.0,0.0,2.525,0.267802624249888
120.0,0.0,2.55,0.26221134697368587
120.0,0.0,2.575,0.2566622214202048
120.0,0.0,2.6,0.25114958245192587
120.0,0.0,2.625,0.24566858951350729
120.0,0.0,2.65,0.24021473609615596
120.0,0.0,2.675,0.23478368076471845
120.0,0.0,2.7,0.22937090242304
120.0,0.0,2.725,0.22397123430242502
120.0,0.0,2.75,0.21857970659813514
120.0,0.0,2.775,0.21319123418727207
120.0,0.0,2.8,0.20780052530547022
120.0,0.0,2.825,0.20240209955828206
120.0,0.0,2.85,0.19699028464515483
120.0,0.0,2.875,0.19155919928014029
120.0,0.0,2.9,0.18610272788134577
120.0,0.0,2.925,0.18061448872979743
120.0,0.0,2.95,0.1750877961983808
120.0,0.0,2.975,0.16951561719069438
120.0,0.0,3.0,0.16389052170378746
120.0,0.0,3.025,0.15820462730482784
120.0,0.0,3.05,0.152449537231695
120.0,0.0,3.075,0.14661627175998046
120.0,0.0,3.1,0.14069519238519831
120.0,0.0,3.125,0.13467591810306864
120.0,0.0,3.15,0.1285472329676178
120.0,0.0,3.175,0.12229698368822464
120.0,0.0,3.2,0.11591196553512706
120.0,0.0,3.225,0.10937779423642457
120.0,0.0,3.25,0.10267876083525755
120.0,0.0,3.275,0.09579766565233343
120.0,0.0,3.3,0.08871562656460691
120.0,0.0,3.325,0.08141185575407456
120.0,0.0,3.35,0.07386339786338465
120.0,0.0,3.375,0.06604482105547893
120.0,0.0,3.4,0.05792785071850467
120.0,0.0,3.425,0.0494809333575495
120.0,0.0,3.45,0.040668715408813325
120.0,0.0,3.475,0.03145141809115806
120.0,0.0,3.5,0.021784084673525297
120.0,0.0,3.525,0.011615670014068696
120.0,0.0,3.55,0.0008879313349737484
120.0,0.0,3.575,-0.010465948138447355
120.0,0.0,3.6,-0.022523154510791312
120.0,0.0,3.625,-0.035373662430468945
120.0,0.0,3.65,-0.04912258296626965
120.0,0.0,3.675,-0.0638921085939181
120.0,0.0,3.7,-0.07982658376864014
120.0,0.0,3.725,-0.09709876067573717
120.0,0.0,3.75,-0.11591618434262897
120.0,0.0,3.775,-0.13652979856948355
120.0,0.0,3.8,-0.15924533575558694
120.0,5.0,2.4,0.28708620676727764
120.0,5.0,2.425,0.28112647396060475
120.0,5.0,2.45,0.2752282261804438
120.0,5.0,2.475,0.26938599603776714
120.0,5.0,2.5,0.2635942696547036
120.0,5.0,2.525,0.2578475024414863
120.0,5.0,2.55,0.2521401208085006
120.0,5.0,2.575,0.24646652542023556
120.0,5.0,2.6,0.2408210860726084
120.0,5.0,2.625,0.23519774330832777
120.0,5.0,2.65,0.22959179376503847
120.0,5.0,2.675,0.22399811896085786
120.0,5.0,2.7,0.21840951150505808
120.0,5.0,2.725,0.2128201604906851
120.0,5.0,2.75,0.20722409581159046
120.0,5.0,2.775,0.20161510461297633
120.0,5.0,2.8,0.19598674567713872
120.0,5.0,2.825,0.19033233483708253
120.0,5.0,2.85,0.1846449119242613
120.0,5.0,2.875,0.17891719909577275
120.0,5.0,2.9,0.17314155294019537
120.0,5.0,2.925,0.16730991003465348
120.0,5.0,2.95,0.16141372524273578
120.0,5.0,2.975,0.1554439018357726
120.0,5.0,3.0,0.1493907123933093
120.0,5.0,3.025,0.1432437093324341
120.0,5.0,3.05,0.13699162379451257
120.0,5.0,3.075,0.13062225145237474
120.0,5.0,3.1,0.12412232358579138
120.0,5.0,3.125,0.11747736132117871
120.0,5.0,3.15,0.11067151041630449
120.0,5.0,3.175,0.1036873533793018
120.0,5.0,3.2,0.09650569461117708
120.0,5.0,3.225,0.08910531304829201
120.0,5.0,3.25,0.0814626752334594
120.0,5.0,3.275,0.0735515998468583
120.0,5.0,3.3,0.06534286243742864
120.0,5.0,3.325,0.0568037263689365
120.0,5.0,3.35,0.04789738286209874
120.0,5.0,3.375,0.03858227980005219
120.0,5.0,3.4,0.028811315415886475
120.0,5.0,3.425,0.018530816500882733
120.0,5.0,3.45,0.007678338511191831
120.0,5.0,3.475,-0.003816523596273306
120.0,5.0,3.5,-0.016034402356362023
120.0,5.0,3.525,-0.029071651687098493
120.0,5.0,3.55,-0.04304038482567155
120.0,5.0,3.575,-0.05807332003807905
120.0,5.0,3.6,-0.07432931689846582
120.0,5.0,3.625,-0.09199825360969015
120.0,5.0,3.65,-0.111307661463867
120.0,5.0,3.675,-0.1325359447462515
120.0,5.0,3.7,-0.15602777832423909
120.0,5.0,3.725,-0.18221336985388198
120.0,5.0,3.75,-0.21163564959234185
120.0,5.0,3.775,-0.2449884730239204
120.0,5.0,3.8,-0.2831703084942325
120.0,10.0,2.4,0.27733629166022883
120.0,10.0,2.425,0.27128654860886353
120.0,10.0,2.45,0.26528789608758635
120.0,10.0,2.475,0.25933408430257854
120.0,10.0,2.5,0.25341888324394135
120.0,10.0,2.525,0.24753605744843524
120.0,10.0,2.55,0.2416793423621649
120.0,10.0,2.575,0.2358424578772625
120.0,10.0,2.6,0.23001915177096577
120.0,10.0,2.625,0.22420302108692655
120.0,10.0,2.65,0.2183873981928138
120.0,10.0,2.675,0.21256549319796564
120.0,10.0,2.7,0.20673033115369002
120.0,10.0,2.725,0.2008747225824859
120.0,10.0,2.75,0.19499123221736855
120.0,10.0,2.775,0.18907209181067236
120.0,10.0,2.8,0.18310914346889634
120.0,10.0,2.825,0.17709373494486344
120.0,10.0,2.85,0.1710164492740794
120.0,10.0,2.875,0.16486647542604496
120.0,10.0,2.9,0.15863374970570493
120.0,10.0,2.925,0.1523126446818339
120.0,10.0,2.95,0.14588915554426163
120.0,10.0,2.975,0.13934856848221622
120.0,10.0,3.0,0.13267707322072841
120.0,10.0,3.025,0.1258597490867627
120.0,10.0,3.05,0.11888016522589565
120.0,10.0,3.075,0.11172018650697503
120.0,10.0,3.1,0.10435974424405176
120.0,10.0,3.125,0.09677655549317736
120.0,10.0,3.15,0.08894578783584953
120.0,10.0,3.175,0.0808396627230818
120.0,10.0,3.2,0.07242698589435492
120.0,10.0,3.225,0.06367258898784627
120.0,10.0,3.25,0.054536661303373285
120.0,10.0,3.275,0.04497394424840793
120.0,10.0,3.3,0.03493275273697223
120.0,10.0,3.325,0.024353777022653143
120.0,10.0,3.35,0.013168604172894793
120.0,10.0,3.375,0.0012978792646082863
120.0,10.0,3.4,-0.011350999625441826
120.0,10.0,3.425,-0.024886794809241528
120.0,10.0,3.45,-0.03943814679809886
120.0,10.0,3.475,-0.055158387302884596
120.0,10.0,3.5,-0.07223195368125411
120.0,10.0,3.525,-0.09088336046339784
120.0,10.0,3.55,-0.11138936351179753
120.0,10.0,3.575,-0.13409185387034883
120.0,10.0,3.6,-0.15941501141639303
120.0,10.0,3.625,-0.1878973551146951
120.0,10.0,3.65,-0.2202346057994088
120.0,10.0,3.675,-0.2573374217410518
120.0,10.0,3.7,-0.300417205831513
120.0,10.0,3.725,-0.35111558911226076
120.0,10.0,3.75,-0.4117018765149633
120.0,10.0,3.775,-0.4853765573257829
120.0,10.0,3.8,-0.5767326155494032
120.0,15.0,2.4,0.26728148728773965
120.0,15.0,2.425,0.2610936075985482
120.0,15.0,2.45,0.25494247187077673
120.0,15.0,2.475,0.2488211007883976
120.0,15.0,2.5,0.2427224438008729
120.0,15.0,2.525,0.23663933533365947
120.0,15.0,2.55,0.23056446865707728
120.0,15.0,2.575,0.22449048692133383
120.0,15.0,2.6,0.21841002934888742
120.0,15.0,2.625,0.21231510227780323
120.0,15.0,2.65,0.20619684097728003
120.0,15.0,2.675,0.200045793957433
120.0,15.0,2.7,0.1938539838295867
120.0,15.0,2.725,0.18761651200750243
120.0,15.0,2.75,0.18132228706305195
120.0,15.0,2.775,0.17495824151988096
120.0,15.0,2.8,0.16851294831302446
120.0,15.0,2.825,0.16197469881200588
120.0,15.0,2.85,0.15533083940965506
120.0,15.0,2.875,0.14856761311310535
120.0,15.0,2.9,0.14167003190791458
120.0,15.0,2.925,0.13462171506456996
120.0,15.0,2.95,0.12740468819883072
120.0,15.0,2.975,0.11999914063321618
120.0,15.0,3.0,0.1123831358034726
120.0,15.0,3.025,0.10453226669630462
120.0,15.0,3.05,0.09641924563150142
120.0,15.0,3.075,0.0880134147716476
120.0,15.0,3.1,0.07928015974918157
120.0,15.0,3.125,0.07018020409739066
120.0,15.0,3.15,0.06066875590981791
120.0,15.0,3.175,0.05069446916503739
120.0,15.0,3.2,0.040198170425492834
120.0,15.0,3.225,0.02911128554276992
120.0,15.0,3.25,0.01735387896777466
120.0,15.0,3.275,0.00483218784439179
120.0,15.0,3.3,-0.008564509355674927
120.0,15.0,3.325,-0.022967909883454648
120.0,15.0,3.35,-0.03853589636232767
120.0,15.0,3.375,-0.05545937661082468
120.0,15.0,3.4,-0.07397140640762992
120.0,15.0,3.425,-0.09435965824421014
120.0,15.0,3.45,-0.11698411603645402
120.0,15.0,3.475,-0.1423025302169212
120.0,15.0,3.5,-0.1709029871442298
120.0,15.0,3.525,-0.20354399044115504
120.0,15.0,3.55,-0.24122464107354938
120.0,15.0,3.575,-0.2852976461115656
120.0,15.0,3.6,-0.3376310189314809
120.0,15.0,3.625,-0.4008578451593934
120.0,15.0,3.65,-0.47877391465903296
120.0,15.0,3.675,-0.5769617459170402
120.0,15.0,3.7,-0.703689715108443
120.0,15.0,3.725,-0.8707079305007419
120.0,15.0,3.75,-1.0906737431293867
120.0,15.0,3.775,-1.3498593882803416
120.0,15.0,3.8,-1.434610447600333
120.0,20.0,2.4,0.2566584786922752
120.0,20.0,2.425,0.2502646424246206
120.0,20.0,2.45,0.24388836474167264
120.0,20.0,2.475,0.2375213021359854
120.0,20.0,2.5,0.23115477745199473
120.0,20.0,2.525,0.2247797372330405
120.0,20.0,2.55,0.21838728509546002
120.0,20.0,2.575,0.21196956837188063
120.0,20.0,2.6,0.2055176061860207
120.0,20.0,2.625,0.19902098686729738
120.0,20.0,2.65,0.19246861101413246
120.0,20.0,2.675,0.1858476366272681
120.0,20.0,2.7,0.17914524428604595
120.0,20.0,2.725,0.17234827470851827
120.0,20.0,2.75,0.165442568621641
120.0,20.0,2.775,0.158412715536285
120.0,20.0,2.8,0.15124188321932364
120.0,20.0,2.825,0.14391162010296513
120.0,20.0,2.85,0.1364016136725728
120.0,20.0,2.875,0.12868939838226479
120.0,20.0,2.9,0.12075000464208993
120.0,20.0,2.925,0.11255553695040475
120.0,20.0,2.95,0.10407466531423439
120.0,20.0,2.975,0.09527200942010343
120.0,20.0,3.0,0.08610738926075344
120.0,20.0,3.025,0.07653490796549403
120.0,20.0,3.05,0.0665018221356641
120.0,20.0,3.075,0.05594714211542614
120.0,20.0,3.1,0.044799884988308274
120.0,20.0,3.125,0.03297687697571136
120.0,20.0,3.15,0.02037996508152971
120.0,20.0,3.175,0.006892445440688388
120.0,20.0,3.2,-0.0076255595516589066
120.0,20.0,3.225,-0.023343153228570383
120.0,20.0,3.25,-0.04046668682090613
120.0,20.0,3.275,-0.05925054062807442
120.0,20.0,3.3,-0.080011843486289
120.0,20.0,3.325,-0.10315096644318943
120.0,20.0,3.35,-0.12918084001362948
120.0,20.0,3.375,-0.15877045472150764
120.0,20.0,3.4,-0.19281067952585165
120.0,20.0,3.425,-0.23250726157333898
120.0,20.0,3.45,-0.2795066098188493
120.0,20.0,3.475,-0.3361113520291697
120.0,20.0,3.5,-0.4056555214366216
120.0,20.0,3.525,-0.4930870140035238
120.0,20.0,3.55,-0.605857137021538
120.0,20.0,3.575,-0.7550322827734816
120.0,20.0,3.6,-0.954830684483089
120.0,20.0,3.625,-1.2070322147728205
120.0,20.0,3.65,-1.3805556571851343
120.0,20.0,3.675,-0.6938516256651516
120.0,20.0,3.7,1.1300485817984698
120.0,20.0,3.725,1.6841668691034422
120.0,20.0,3.75,1.5035597793281257
120.0,20.0,3.775,1.2666231054731614
120.0,20.0,3.8,1.0791873283927935
120.0,25.0,2.4,0.24513445218266744
120.0,25.0,2.425,0.23844052171880636
120.0,25.0,2.45,0.23173651459884337
120.0,25.0,2.475,0.22501172462834576
120.0,25.0,2.5,0.21825617622473148
120.0,25.0,2.525,0.21146103254065884
120.0,25.0,2.55,0.2046141553853441
120.0,25.0,2.575,0.19770032389382178
120.0,25.0,2.6,0.1907048736048705
120.0,25.0,2.625,0.18361301626405405
120.0,25.0,2.65,0.17640865589912408
120.0,25.0,2.675,0.16907423290823984
120.0,25.0,2.7,0.1615905552386644
120.0,25.0,2.725,0.153936483986934
120.0,25.0,2.75,0.1460886002635155
120.0,25.0,2.775,0.13802083116798083
120.0,25.0,2.8,0.12970399906776625
120.0,25.0,2.825,0.12110527337564352
120.0,25.0,2.85,0.11218750246303565
120.0,25.0,2.875,0.10290839531805893
120.0,25.0,2.9,0.09321951318870374
120.0,25.0,2.925,0.08306501655104483
120.0,25.0,2.95,0.0723800966878387
120.0,25.0,2.975,0.061088997005786454
120.0,25.0,3.0,0.04910249402368734
120.0,25.0,3.025,0.03631465998872295
120.0,25.0,3.05,0.022598659644908425
120.0,25.0,3.075,0.007801232431149478
120.0,25.0,3.1,-0.008264638583384347
120.0,25.0,3.125,-0.0258295955866435
120.0,25.0,3.15,-0.045181383621853914
120.0,25.0,3.175,-0.06668354938735584
120.0,25.0,3.2,-0.0908018400783357
120.0,25.0,3.225,-0.11814221038974995
120.0,25.0,3.25,-0.14950680884732084
120.0,25.0,3.275,-0.1859788819420855
120.0,25.0,3.3,-0.22905672751205192
120.0,25.0,3.325,-0.2808744436585601
120.0,25.0,3.35,-0.3445653128505005
120.0,25.0,3.375,-0.424820767260258
120.0,25.0,3.4,-0.528783206416422
120.0,25.0,3.425,-0.6675032935747032
120.0,25.0,3.45,-0.857113293311643
120.0,25.0,3.475,-1.1106439083261113
120.0,25.0,3.5,-1.3466605946956691
120.0,25.0,3.525,-0.8174580730781881
120.0,25.0,3.55,1.2211642673313852
120.0,25.0,3.575,1.8047305062261274
120.0,25.0,3.6,1.5493792680898166
120.0,25.0,3.625,1.2736946058844416
120.0,25.0,3.65,1.0645956473601657
120.0,25.0,3.675,0.9040937146639264
120.0,25.0,3.7,0.7713220846869181
120.0,25.0,3.725,0.6537887448882622
120.0,25.0,3.75,0.5515739208584741
120.0,25.0,3.775,0.4752304341931218
120.0,25.0,3.8,0.4294701344905997
120.0,30.0,2.4,0.2322762113475086
120.0,30.0,2.425,0.2251460369058944
120.0,30.0,2.45,0.21796618558383773
120.0,30.0,2.475,0.2107243110511518
120.0,30.0,2.5,0.203404554361712
120.0,30.0,2.525,0.19598812271588947
120.0,30.0,2.55,0.18845597721334256
120.0,30.0,2.575,0.18078819126384957
120.0,30.0,2.6,0.17296297316084938
120.0,30.0,2.625,0.16495610769895785
120.0,30.0,2.65,0.15674050102804815
120.0,30.0,2.675,0.14828574326421795
120.0,30.0,2.7,0.13955751467653055
120.0,30.0,2.725,0.13051683505123537
120.0,30.0,2.75,0.12111913511324472
120.0,30.0,2.775,0.1113131165556784
120.0,30.0,2.8,0.10103931961536858
120.0,30.0,2.825,0.09022831146468421
120.0,30.0,2.85,0.07879837553811264
120.0,30.0,2.875,0.06665253321050593
120.0,30.0,2.9,0.05367466246982537
120.0,30.0,2.925,0.039724379503650785
120.0,30.0,2.95,0.024630202010008283
120.0,30.0,2.975,0.008180290143908102
120.0,30.0,3.0,-0.009890282794041368
120.0,30.0,3.025,-0.029917318230471175
120.0,30.0,3.05,-0.052332793523890024
120.0,30.0,3.075,-0.07770154929179944
120.0,30.0,3.1,-0.10677560446581813
120.0,30.0,3.125,-0.1405763755118012
120.0,30.0,3.15,-0.18052206398772375
120.0,30.0,3.175,-0.22862972644050758
120.0,30.0,3.2,-0.2878432516888422
120.0,30.0,3.225,-0.3625781986432438
120.0,30.0,3.25,-0.4596520435009242
120.0,30.0,3.275,-0.5898610393633907
120.0,30.0,3.3,-0.7694586251269001
120.0,30.0,3.325,-1.007985492289493
120.0,30.0,3.35,-1.1530055003409827
120.0,30.0,3.375,-0.07852215602480085
120.0,30.0,3.4,1.370682943668411
120.0,30.0,3.425,1.251375506629271
120.0,30.0,3.45,1.0035859911375375
120.0,30.0,3.475,0.8635121299161037
120.0,30.0,3.5,0.7788956114024917
120.0,30.0,3.525,0.7135102406083728
120.0,30.0,3.55,0.6569212080014081
120.0,30.0,3.575,0.6070671013889279
120.0,30.0,3.6,0.5632581378097062
120.0,30.0,3.625,0.5248034303239367
120.0,30.0,3.65,0.49095589058466965
120.0,30.0,3.675,0.4610016696053773
120.0,30.0,3.7,0.43430930897820286
120.0,30.0,3.725,0.4103417264713653
120.0,30.0,3.75,0.3886509014484821
120.0,30.0,3.775,0.3688710227216174
120.0,30.0,3.8,0.3507217015751815
120.0,35.0,2.4,0.2174887074033344
120.0,35.0,2.425,0.20972116187576392
120.0,35.0,2.45,0.20184035660193175
120.0,35.0,2.475,0.19382224757470132
120.0,35.0,2.5,0.18564119328761958
120.0,35.0,2.525,0.17726956737960092
120.0,35.0,2.55,0.16867654932323486
120.0,35.0,2.575,0.15982725025602898
120.0,35.0,2.6,0.1506818827948949
120.0,35.0,2.625,0.1411947517104551
120.0,35.0,2.65,0.13131298780326947
120.0,35.0,2.675,0.12097494507126416
120.0,35.0,2.7,0.11010812769576109
120.0,35.0,2.725,0.09862650666918284
120.0,35.0,2.75,0.0864269865249966
120.0,35.0,2.775,0.07338472009772472
120.0,35.0,2.8,0.05934680537817593
120.0,35.0,2.825,0.04412368741942703
120.0,35.0,2.85,0.027477274750672975
120.0,35.0,2.875,0.009104308810840992
120.0,35.0,2.9,-0.011387147850222693
120.0,35.0,2.925,-0.0345111170077256
120.0,35.0,2.95,-0.06095085095776611
120.0,35.0,2.975,-0.09162309890090638
120.0,35.0,3.0,-0.12775603064457586
120.0,35.0,3.025,-0.1709447601607984
120.0,35.0,3.05,-0.22301775491561626
120.0,35.0,3.075,-0.28507454935242665
120.0,35.0,3.1,-0.3538067960323837
120.0,35.0,3.125,-0.414484141470659
120.0,35.0,3.15,-0.4561064341986625
120.0,35.0,3.175,-0.5247851514616984
120.0,35.0,3.2,-0.6591670422370364
120.0,35.0,3.225,-0.7453807258247344
120.0,35.0,3.25,-0.2615908329967192
120.0,35.0,3.275,0.8107150661786278
120.0,35.0,3.3,1.1550542130186672
120.0,35.0,3.325,1.0705091496585077
120.0,35.0,3.35,0.93222510292479
120.0,35.0,3.375,0.814421982730394
120.0,35.0,3.4,0.7217193586805571
120.0,35.0,3.425,0.6487427288229607
120.0,35.0,3.45,0.5902637652036982
120.0,35.0,3.475,0.5424186498460205
120.0,35.0,3.5,0.5024881147167551
120.0,35.0,3.525,0.4685575892081448
120.0,35.0,3.55,0.4392587848232413
120.0,35.0,3.575,0.4135949869958042
120.0,35.0,3.6,0.39082574747490406
120.0,35.0,3.625,0.3703904842735763
120.0,35.0,3.65,0.35185713525153384
120.0,35.0,3.675,0.3348870423300775
120.0,35.0,3.7,0.3192106206187661
120.0,35.0,3.725,0.3046111500894333
120.0,35.0,3.75,0.29091748140611456
120.0,35.0,3.775,0.2779949251602079
120.0,35.0,3.8,0.26570563923803653
120.0,40.0,2.4,0.1999138432156519
120.0,40.0,2.425,0.19118344606500154
120.0,40.0,2.45,0.1822261227380482
120.0,40.0,2.475,0.1730028307245877
120.0,40.0,2.5,0.16346907178660935
120.0,40.0,2.525,0.15357330573396916
120.0,40.0,2.55,0.1432552385097095
120.0,40.0,2.575,0.13244365428560445
120.0,40.0,2.6,0.12105354960055856
120.0,40.0,2.625,0.1089822941881617
120.0,40.0,2.65,0.09610443328155935
120.0,40.0,2.675,0.08226458961545544
120.0,40.0,2.7,0.06726774225283841
120.0,40.0,2.725,0.05086607908187987
120.0,40.0,2.75,0.032741936799924154
120.0,40.0,2.775,0.01248842947765029
120.0,40.0,2.8,-0.010402313893680681
120.0,40.0,2.825,-0.03650344837070387
120.0,40.0,2.85,-0.06622722140068087
120.0,40.0,2.875,-0.098967140422756
120.0,40.0,2.9,-0.1310258835887582
120.0,40.0,2.925,-0.15711918314549636
120.0,40.0,2.95,-0.18921502624812472
120.0,40.0,2.975,-0.251416002556242
120.0,40.0,3.0,-0.3497192667975233
120.0,40.0,3.025,-0.4896292660830366
120.0,40.0,3.05,-0.6878074753531517
120.0,40.0,3.075,-0.951595471785432
120.0,40.0,3.1,-1.0534517873241906
120.0,40.0,3.125,0.16350206924500046
120.0,40.0,3.15,1.2944466254825477
120.0,40.0,3.175,1.2499124543736795
120.0,40.0,3.2,1.0498382695648245
120.0,40.0,3.225,0.8898839850098546
120.0,40.0,3.25,0.7722481940908641
120.0,40.0,3.275,0.6841458721986066
120.0,40.0,3.3,0.6161272236016642
120.0,40.0,3.325,0.5620680619400528
120.0,40.0,3.35,0.5179864738428485
120.0,40.0,3.375,0.481230248343111
120.0,40.0,3.4,0.4499837357658367
120.0,40.0,3.425,0.422970170107607
120.0,40.0,3.45,0.3992689633212077
120.0,40.0,3.475,0.37820096324994207
120.0,40.0,3.5,0.3592545932395435
120.0,40.0,3.525,0.34203713193409463
120.0,40.0,3.55,0.3262418195588296
120.0,40.0,3.575,0.311624977912187
120.0,40.0,3.6,0.29799084718040153
120.0,40.0,3.625,0.28517856795326063
120.0,40.0,3.65,0.27305519900901914
120.0,40.0,3.675,0.2615089546358699
120.0,40.0,3.7,0.2504453305674086
120.0,40.0,3.725,0.2397865075325969
120.0,40.0,3.75,0.229467145200142
120.0,40.0,3.775,0.2194158213428688
120.0,40.0,3.8,0.20956861427357806
120.0,45.0,2.4,0.1782601451388757
120.0,45.0,2.425,0.16803291142686472
120.0,45.0,2.45,0.1573778677173767
120.0,45.0,2.475,0.1462187762642371
120.0,45.0,2.5,0.13446362185375238
120.0,45.0,2.525,0.12199973028023153
120.0,45.0,2.55,0.10868703754256621
120.0,45.0,2.575,0.09434903525931894
120.0,45.0,2.6,0.07876165761079176
120.0,45.0,2.625,0.06164374719929343
120.0,45.0,2.65,0.04266579117587288
120.0,45.0,2.675,0.021541408702231563
120.0,45.0,2.7,-0.0015862306404820538
120.0,45.0,2.725,-0.025192699433265065
120.0,45.0,2.75,-0.04768152608814299
120.0,45.0,2.775,-0.07638240410270926
120.0,45.0,2.8,-0.11998254455069945
120.0,45.0,2.825,-0.17889460758578984
120.0,45.0,2.85,-0.2556519013586493
120.0,45.0,2.875,-0.3583184428261525
120.0,45.0,2.9,-0.5023479623453013
120.0,45.0,2.925,-0.7149894092955372
120.0,45.0,2.95,-1.0268453824352992
120.0,45.0,2.975,-1.2190627622243366
120.0,45.0,3.0,0.3663866581683002
120.0,45.0,3.025,1.4828211604693948
120.0,45.0,3.05,1.2865782222960476
120.0,45.0,3.075,1.0445875756861724
120.0,45.0,3.1,0.8739406789828523
120.0,45.0,3.125,0.7546895301684392
120.0,45.0,3.15,0.668058897862984
120.0,45.0,3.175,0.6023538077940275
120.0,45.0,3.2,0.5505192069916492
120.0,45.0,3.225,0.5083370469638456
120.0,45.0,3.25,0.4731817548742055
120.0,45.0,3.275,0.44330243862963997
120.0,45.0,3.3,0.4174755484181595
120.0,45.0,3.325,0.39481806334779895
120.0,45.0,3.35,0.37467824931188004
120.0,45.0,3.375,0.35656550662487757
120.0,45.0,3.4,0.3401038181073363
120.0,45.0,3.425,0.3250001311463633
120.0,45.0,3.45,0.31102246178006643
120.0,45.0,3.475,0.2979844550272192
120.0,45.0,3.5,0.2857343087622196
120.0,45.0,3.525,0.27414669601809244
120.0,45.0,3.55,0.26311677973396874
120.0,45.0,3.575,0.2525557079566122
120.0,45.0,3.6,0.24238716886890851
120.0,45.0,3.625,0.23254471647010475
120.0,45.0,3.65,0.22296970666514332
120.0,45.0,3.675,0.21361000755620954
120.0,45.0,3.7,0.20442038891703676
120.0,45.0,3.725,0.1953614625127691
120.0,45.0,3.75,0.18638883137596013
120.0,45.0,3.775,0.1774586883879626
120.0,45.0,3.8,0.16853444784071453
120.0,50.0,2.4,0.1506694860418156
120.0,50.0,2.425,0.13807884038314622
120.0,50.0,2.45,0.12467070042243261
120.0,50.0,2.475,0.11026070235440179
120.0,50.0,2.5,0.09460250912888402
120.0,50.0,2.525,0.07736577837594959
120.0,50.0,2.55,0.05812969101945776
120.0,50.0,2.575,0.03647098780209989
120.0,50.0,2.6,0.012082817590368592
120.0,50.0,2.625,-0.01618333233837677
120.0,50.0,2.65,-0.05046938901319003
120.0,50.0,2.675,-0.0926681571872335
120.0,50.0,2.7,-0.14546005672890358
120.0,50.0,2.725,-0.21336115936813194
120.0,50.0,2.75,-0.3041270711680103
120.0,50.0,2.775,-0.43173829339141506
120.0,50.0,2.8,-0.6227537112966319
120.0,50.0,2.825,-0.9255896446609034
120.0,50.0,2.85,-1.3340586855398968
120.0,50.0,2.875,-0.4089356821033666
120.0,50.0,2.9,1.6098155184053697
120.0,50.0,2.925,1.4145062414897316
120.0,50.0,2.95,1.1116203111011003
120.0,50.0,2.975,0.9109878667549849
120.0,50.0,3.0,0.7767754701285519
120.0,50.0,3.025,0.6819148873080279
120.0,50.0,3.05,0.6114776498035497
120.0,50.0,3.075,0.5570880808289912
120.0,50.0,3.1,0.5137239041827752
120.0,50.0,3.125,0.47810957252478636
120.0,50.0,3.15,0.4480648265881964
120.0,50.0,3.175,0.422187375504594
120.0,50.0,3.2,0.39954672328942475
120.0,50.0,3.225,0.3794771968278716
120.0,50.0,3.25,0.361478493317359
120.0,50.0,3.275,0.34516561559978
120.0,50.0,3.3,0.3302379310488686
120.0,50.0,3.325,0.3164576670546634
120.0,50.0,3.35,0.3036343929831216
120.0,50.0,3.375,0.291613680198174
120.0,50.0,3.4,0.28026874135619784
120.0,50.0,3.425,0.2694942054313577
120.0,50.0,3.45,0.2592014314230843
120.0,50.0,3.475,0.24931493827225745
120.0,50.0,3.5,0.23976965097716213
120.0,50.0,3.525,0.2305087480863077
120.0,50.0,3.55,0.22148195472394944
120.0,50.0,3.575,0.212644166203768
120.0,50.0,3.6,0.2039543181686955
120.0,50.0,3.625,0.19537446297061548
120.0,50.0,3.65,0.18686918311736797
120.0,50.0,3.675,0.17840603843988273
120.0,50.0,3.7,0.16995638336250213
120.0,50.0,3.725,0.16148280897121453
120.0,50.0,3.75,0.15295693792765166
120.0,50.0,3.775,0.1443418541422999
120.0,50.0,3.8,0.1356061381077812
120.0,55.0,2.4,0.1141237230609649
120.0,55.0,2.425,0.09621332352330023
120.0,55.0,2.45,0.07361463449897691
120.0,55.0,2.475,0.045062283295454336
120.0,55.0,2.5,0.01631551546712264
120.0,55.0,2.525,-0.013146475615504053
120.0,55.0,2.55,-0.048139111524765944
120.0,55.0,2.575,-0.09173914476728731
120.0,55.0,2.6,-0.14735007274200518
120.0,55.0,2.625,-0.22046489527373223
120.0,55.0,2.65,-0.32083573194077664
120.0,55.0,2.675,-0.46702944758269094
120.0,55.0,2.7,-0.6970545487180616
120.0,55.0,2.725,-1.085674133330744
120.0,55.0,2.75,-1.5164598082278773
120.0,55.0,2.775,0.9164185708023298
120.0,55.0,2.8,1.717538035352304
120.0,55.0,2.825,1.300788135245243
120.0,55.0,2.85,1.0216127062761404
120.0,55.0,2.875,0.8474694215324678
120.0,55.0,2.9,0.7309396710317628
120.0,55.0,2.925,0.6477227911664694
120.0,55.0,2.95,0.5851716683719018
120.0,55.0,2.975,0.5362441247408766
120.0,55.0,3.0,0.4967721457915833
120.0,55.0,3.025,0.46415317301810227
120.0,55.0,3.05,0.43663261910346357
120.0,55.0,3.075,0.4129158177199472
120.0,55.0,3.1,0.3920674067999211
120.0,55.0,3.125,0.37346417243927277
120.0,55.0,3.15,0.35667841462377364
120.0,55.0,3.175,0.3413886656261375
120.0,55.0,3.2,0.32734036967694635
120.0,55.0,3.225,0.31432823697346113
120.0,55.0,3.25,0.3021852766102275
120.0,55.0,3.275,0.2907745580388373
120.0,55.0,3.3,0.2799827810646435
120.0,55.0,3.325,0.26971526866274226
120.0,55.0,3.35,0.2598920876243362
120.0,55.0,3.375,0.25044507085924184
120.0,55.0,3.4,0.24131574925145732
120.0,55.0,3.425,0.23245187689968655
120.0,55.0,3.45,0.223800930012465
120.0,55.0,3.475,0.215336467175265
120.0,55.0,3.5,0.20701327088310897
120.0,55.0,3.525,0.19879789142310955
120.0,55.0,3.55,0.19065861599193903
120.0,55.0,3.575,0.1825652702398665
120.0,55.0,3.6,0.17448874329574068
120.0,55.0,3.625,0.16640062612147266
120.0,55.0,3.65,0.15827350830610498
120.0,55.0,3.675,0.15008178590055754
120.0,55.0,3.7,0.14179706606464115
120.0,55.0,3.725,0.1333860355950591
120.0,55.0,3.75,0.12481665136607487
120.0,55.0,3.775,0.11605646084944929
120.0,55.0,3.8,0.10707055145658474
120.0,60.0,2.4,0.02946888024367536
120.0,60.0,2.425,0.0020751392337194333
120.0,60.0,2.45,-0.03179727788117064
120.0,60.0,2.475,-0.07468628808288638
120.0,60.0,2.5,-0.12987294890479506
120.0,60.0,2.525,-0.20298713448918337
120.0,60.0,2.55,-0.30430874868960384
120.0,60.0,2.575,-0.45402192254116125
120.0,60.0,2.6,-0.6956815569385502
120.0,60.0,2.625,-1.1267780506142173
120.0,60.0,2.65,-1.6703616744575152
120.0,60.0,2.675,1.3954849859986291
120.0,60.0,2.7,1.7575773830688273
120.0,60.0,2.725,1.2804466057584918
120.0,60.0,2.75,1.0015752405719511
120.0,60.0,2.775,0.8322805564348645
120.0,60.0,2.8,0.7198816637801589
120.0,60.0,2.825,0.6397897607751141
120.0,60.0,2.85,0.5795850830502001
120.0,60.0,2.875,0.532428619364175
120.0,60.0,2.9,0.49427755687012903
120.0,60.0,2.925,0.4626088994549043
120.0,60.0,2.95,0.4357857676379399
120.0,60.0,2.975,0.4126995462257377
120.0,60.0,3.0,0.3925205601040217
120.0,60.0,3.025,0.37457378538642105
120.0,60.0,3.05,0.3583605606650767
120.0,60.0,3.075,0.3435503867911901
120.0,60.0,3.1,0.3299099216627137
120.0,60.0,3.125,0.31725534108219283
120.0,60.0,3.15,0.30543511563757464
120.0,60.0,3.175,0.29432472755004246
120.0,60.0,3.2,0.28380112790661943
120.0,60.0,3.225,0.27379029559857654
120.0,60.0,3.25,0.2642223454635483
120.0,60.0,3.275,0.2550225142102325
120.0,60.0,3.3,0.24613531220947069
120.0,60.0,3.325,0.23751186334871305
120.0,60.0,3.35,0.22910890388084598
120.0,60.0,3.375,0.22088775943136274
120.0,60.0,3.4,0.21281345533941767
120.0,60.0,3.425,0.2048539632265005
120.0,60.0,3.45,0.19697956007926268
120.0,60.0,3.475,0.18916227491477947
120.0,60.0,3.5,0.1813754007375318
120.0,60.0,3.525,0.17359305172939427
120.0,60.0,3.55,0.16578974743495217
120.0,60.0,3.575,0.15794001642923147
120.0,60.0,3.6,0.15001809624914178
120.0,60.0,3.625,0.14199819600861666
120.0,60.0,3.65,0.13385545310887614
120.0,60.0,3.675,0.12556224189095072
120.0,60.0,3.7,0.11708497853132419
120.0,60.0,3.725,0.10838973941179808
120.0,60.0,3.75,0.09944142525100913
120.0,60.0,3.775,0.09020154452075861
120.0,60.0,3.8,0.08062742031300113
120.0,65.0,2.4,-0.09652657689920205
120.0,65.0,2.425,-0.16416260622282072
120.0,65.0,2.45,-0.25723987341874355
120.0,65.0,2.475,-0.3935306072830949
120.0,65.0,2.5,-0.6117666044645947
120.0,65.0,2.525,-1.006706958031132
120.0,65.0,2.55,-1.726716550973246
120.0,65.0,2.575,0.765805342200354
120.0,65.0,2.6,1.9515132317436188
120.0,65.0,2.625,1.365514287756632
120.0,65.0,2.65,1.0442401614031196
120.0,65.0,2.675,0.8579770978293937
120.0,65.0,2.7,0.7376748972149304
120.0,65.0,2.725,0.6534576948691228
120.0,65.0,2.75,0.5909160758714562
120.0,65.0,2.775,0.542351809967553
120.0,65.0,2.8,0.5033056572655121
120.0,65.0,2.825,0.47102657225954536
120.0,65.0,2.85,0.4437342172545123
120.0,65.0,2.875,0.42023879356545185
120.0,65.0,2.9,0.39972737820714543
120.0,65.0,2.925,0.3816068291566016
120.0,65.0,2.95,0.3653753487059492
120.0,65.0,2.975,0.3506117051293929
120.0,65.0,3.0,0.337041582157057
120.0,65.0,3.025,0.32440370978133093
120.0,65.0,3.05,0.31259027545452595
120.0,65.0,3.075,0.3015099689962697
120.0,65.0,3.1,0.2910402281006373
120.0,65.0,3.125,0.2810915741273454
120.0,65.0,3.15,0.2715884794499976
120.0,65.0,3.175,0.2624662042204158
120.0,65.0,3.2,0.25366878429634176
120.0,65.0,3.225,0.24514741115610483
120.0,65.0,3.25,0.2368591024363852
120.0,65.0,3.275,0.22876561066079565
120.0,65.0,3.3,0.22083252443039073
120.0,65.0,3.325,0.21302852223771435
120.0,65.0,3.35,0.20532474564689582
120.0,65.0,3.375,0.19769426473063628
120.0,65.0,3.4,0.19011161378904526
120.0,65.0,3.425,0.18255237933521656
120.0,65.0,3.45,0.17499282508339253
120.0,65.0,3.475,0.16740954013013257
120.0,65.0,3.5,0.1597790965365983
120.0,65.0,3.525,0.1520777021311294
120.0,65.0,3.55,0.14428084591707693
120.0,65.0,3.575,0.13636304225027485
120.0,65.0,3.6,0.12829825748345974
120.0,65.0,3.625,0.12006091983282763
120.0,65.0,3.65,0.11162145267298641
120.0,65.0,3.675,0.10294358608532388
120.0,65.0,3.7,0.09398997532101472
120.0,65.0,3.725,0.08472101409451849
120.0,65.0,3.75,0.07509254529566804
120.0,65.0,3.775,0.06505480418592859
120.0,65.0,3.8,0.0545514870621244
120.0,70.0,2.4,-0.47501235028461536
120.0,70.0,2.425,-0.7745778098255675
120.0,70.0,2.45,-1.3782130269584594
120.0,70.0,2.475,-1.7433797707658307
120.0,70.0,2.5,2.3419266504476286
120.0,70.0,2.525,1.612279156351972
120.0,70.0,2.55,1.1676692532682085
120.0,70.0,2.575,0.9309521386720062
120.0,70.0,2.6,0.7866156248973639
120.0,70.0,2.625,0.689382832005069
120.0,70.0,2.65,0.6190988367511787
120.0,70.0,2.675,0.5655954680805656
120.0,70.0,2.7,0.523222476758358
120.0,70.0,2.725,0.48860143979740556
120.0,70.0,2.75,0.45959289602739434
120.0,70.0,2.775,0.4347803615142311
120.0,70.0,2.8,0.41319793029170165
120.0,70.0,2.825,0.3941754851729399
120.0,70.0,2.85,0.3772292477219128
120.0,70.0,2.875,0.3621346563587329
120.0,70.0,2.9,0.34818206366633353
120.0,70.0,2.925,0.3352642369615738
120.0,70.0,2.95,0.32323206910702634
120.0,70.0,2.975,0.31195082374556093
120.0,70.0,3.0,0.3013136296117495
120.0,70.0,3.025,0.2912297530718096
120.0,70.0,3.05,0.2816212521130955
120.0,70.0,3.075,0.2724210294309014
120.0,70.0,3.1,0.263571102885038
120.0,70.0,3.125,0.25502104562732925
120.0,70.0,3.15,0.2467266384437736
120.0,70.0,3.175,0.23864873755277405
120.0,70.0,3.2,0.2307523347489306
120.0,70.0,3.225,0.22300577830711707
120.0,70.0,3.25,0.2153801235598991
120.0,70.0,3.275,0.2078485858240959
120.0,70.0,3.3,0.2003860727540281
120.0,70.0,3.325,0.19296877721192182
120.0,70.0,3.35,0.18557381503284215
120.0,70.0,3.375,0.17817889454428576
120.0,70.0,3.4,0.17076200634551728
120.0,70.0,3.425,0.16330112254161439
120.0,70.0,3.45,0.15577389406030367
120.0,70.0,3.475,0.1481573325979518
120.0,70.0,3.5,0.14042746324397906
120.0,70.0,3.525,0.13255896670022885
120.0,70.0,3.55,0.12452508453675612
120.0,70.0,3.575,0.11629873134387135
120.0,70.0,3.6,0.10785249614013605
120.0,70.0,3.625,0.0991513708520029
120.0,70.0,3.65,0.09015443498298353
120.0,70.0,3.675,0.08081948792765255
120.0,70.0,3.7,0.07110026471846531
120.0,70.0,3.725,0.06094430405805581
120.0,70.0,3.75,0.050291662780369555
120.0,70.0,3.775,0.03907350950634654
120.0,70.0,3.8,0.027210399766070315
120.0,75.0,2.4,-0.09397564423931046
120.0,75.0,2.425,2.2182795304348066
120.0,75.0,2.45,1.446470364541267
120.0,75.0,2.475,1.0803931595494727
120.0,75.0,2.5,0.8801415441378095
120.0,75.0,2.525,0.7544948877388736
120.0,75.0,2.55,0.667983097543635
120.0,75.0,2.575,0.6043957470454255
120.0,75.0,2.6,0.5553492903928422
120.0,75.0,2.625,0.5160906539943698
120.0,75.0,2.65,0.483729794527559
120.0,75.0,2.675,0.456410401025711
120.0,75.0,2.7,0.43288592330507514
120.0,75.0,2.725,0.41229431241782355
120.0,75.0,2.75,0.39401985709518184
120.0,75.0,2.775,0.37787997223577435
120.0,75.0,2.8,0.3632215673890153
120.0,75.0,2.825,0.34971900215745033
120.0,75.0,2.85,0.3371789691831753
120.0,75.0,2.875,0.32545580324613865
120.0,75.0,2.9,0.3144373786800783
120.0,75.0,2.925,0.304027618210577
120.0,75.0,2.95,0.2941427626074357
120.0,75.0,2.975,0.2847102354259397
120.0,75.0,3.0,0.27566733899602897
120.0,75.0,3.025,0.26695977823031836
120.0,75.0,3.05,0.2585402474590158
120.0,75.0,3.075,0.250367189407062
120.0,75.0,3.1,0.2424037468436884
120.0,75.0,3.125,0.23461689021889287
120.0,75.0,3.15,0.22697669362748535
120.0,75.0,3.175,0.2194557310946891
120.0,75.0,3.2,0.212028568361944
120.0,75.0,3.225,0.20467132921761322
120.0,75.0,3.25,0.19736131894595185
120.0,75.0,3.275,0.19007669036748615
120.0,75.0,3.3,0.18279614017860107
120.0,75.0,3.325,0.17549862488275053
120.0,75.0,3.35,0.16816308650930392
120.0,75.0,3.375,0.16076817837262408
120.0,75.0,3.4,0.15329197993492222
120.0,75.0,3.425,0.1457116868355673
120.0,75.0,3.45,0.1380032588620089
120.0,75.0,3.475,0.13014102779983272
120.0,75.0,3.5,0.12209746519000764
120.0,75.0,3.525,0.11384411847409186
120.0,75.0,3.55,0.10535322768190845
120.0,75.0,3.575,0.09659064842845222
120.0,75.0,3.6,0.0875123427203688
120.0,75.0,3.625,0.07807236935128116
120.0,75.0,3.65,0.06822133556168836
120.0,75.0,3.675,0.05790311096255463
120.0,75.0,3.7,0.04705305844742089
120.0,75.0,3.725,0.03559625838781765
120.0,75.0,3.75,0.023445707919587437
120.0,75.0,3.775,0.01049896317778579
120.0,75.0,3.8,-0.003364675936436513
120.0,80.0,2.4,1.0583119812096577
120.0,80.0,2.425,0.8682173107483092
120.0,80.0,2.45,0.7481713321526826
120.0,80.0,2.475,0.665042212613993
120.0,80.0,2.5,0.6036455843675731
120.0,80.0,2.525,0.5560934159676911
120.0,80.0,2.55,0.5178940083299418
120.0,80.0,2.575,0.4863050012472998
120.0,80.0,2.6,0.4595589108111846
120.0,80.0,2.625,0.4364677135066346
120.0,80.0,2.65,0.4162028257145304
120.0,80.0,2.675,0.39824785155430203
120.0,80.0,2.7,0.3823793932185623
120.0,80.0,2.725,0.3678975399900179
120.0,80.0,2.75,0.35452065563837587
120.0,80.0,2.775,0.3420738878684224
120.0,80.0,2.8,0.33042957717894744
120.0,80.0,2.825,0.3194802215775411
120.0,80.0,2.85,0.3091310111628037
120.0,80.0,2.875,0.2992993225363254
120.0,80.0,2.9,0.2899139262957309
120.0,80.0,2.925,0.28091354079268394
120.0,80.0,2.95,0.2722452413642123
120.0,80.0,2.975,0.263862998115519
120.0,80.0,3.0,0.2557264239812629
120.0,80.0,3.025,0.24779973231319447
120.0,80.0,3.05,0.24005087624939558
120.0,80.0,3.075,0.23245083730451405
120.0,80.0,3.1,0.2249730333873087
120.0,80.0,3.125,0.21759282110990624
120.0,80.0,3.15,0.21028707177141878
120.0,80.0,3.175,0.2030338041659973
120.0,80.0,3.2,0.19581186029150086
120.0,80.0,3.225,0.1886006121952299
120.0,80.0,3.25,0.18137968968669493
120.0,80.0,3.275,0.17412871952766748
120.0,80.0,3.3,0.16682706692898647
120.0,80.0,3.325,0.15945356950840214
120.0,80.0,3.35,0.15198625176768416
120.0,80.0,3.375,0.14440200402131378
120.0,80.0,3.4,0.13667620640874276
120.0,80.0,3.425,0.12878230983401848
120.0,80.0,3.45,0.12069166394405309
120.0,80.0,3.475,0.11237488897786566
120.0,80.0,3.5,0.10380378009938583
120.0,80.0,3.525,0.09494188702223753
120.0,80.0,3.55,0.08574141559859953
120.0,80.0,3.575,0.07615246552429038
120.0,80.0,3.6,0.06612152908380385
120.0,80.0,3.625,0.055587403472319774
120.0,80.0,3.65,0.044479037960270564
120.0,80.0,3.675,0.032713470751410643
120.0,80.0,3.7,0.020193206679723557
120.0,80.0,3.725,0.006802805844542044
120.0,80.0,3.75,-0.007595552226964564
120.0,80.0,3.775,-0.023167852583262084
120.0,80.0,3.8,-0.04011580716001995
120.0,85.0,2.4,0.6771562033355275
120.0,85.0,2.425,0.6143922143436962
120.0,85.0,2.45,0.5659680465247906
120.0,85.0,2.475,0.5271713065602508
120.0,85.0,2.5,0.4951470335010412
120.0,85.0,2.525,0.46806515753757644
120.0,85.0,2.55,0.44469923065232103
120.0,85.0,2.575,0.4242156223184957
120.0,85.0,2.6,0.40618732438933386
120.0,85.0,2.625,0.39027558579850885
120.0,85.0,2.65,0.3756416202180984
120.0,85.0,2.675,0.3620976556477184
120.0,85.0,2.7,0.3495173453148518
120.0,85.0,2.725,0.3377645711297303
120.0,85.0,2.75,0.32672371804061784
120.0,85.0,2.775,0.31629510447226633
120.0,85.0,2.8,0.3063933363054119
120.0,85.0,2.825,0.2969456690605011
120.0,85.0,2.85,0.28788998983017594
120.0,85.0,2.875,0.2791729223965523
120.0,85.0,2.9,0.27074821132678983
120.0,85.0,2.925,0.2625753908497469
120.0,85.0,2.95,0.2546186996965026
120.0,85.0,2.975,0.246846195928556
120.0,85.0,3.0,0.2392290303507008
120.0,85.0,3.025,0.2317408443092836
120.0,85.0,3.05,0.22435726451429241
120.0,85.0,3.075,0.21705547318236174
120.0,85.0,3.1,0.20981383620942776
120.0,85.0,3.125,0.20261157539455113
120.0,85.0,3.15,0.19542847313361922
120.0,85.0,3.175,0.18824459963756646
120.0,85.0,3.2,0.18104005370348797
120.0,85.0,3.225,0.17379470840685912
120.0,85.0,3.25,0.16648795272867636
120.0,85.0,3.275,0.1590984191973302
120.0,85.0,3.3,0.15160370117730312
120.0,85.0,3.325,0.14397985948369843
120.0,85.0,3.35,0.13620137842159458
120.0,85.0,3.375,0.12824030130787226
120.0,85.0,3.4,0.12006662525845105
120.0,85.0,3.425,0.11165042205876695
120.0,85.0,3.45,0.1029621390098746
120.0,85.0,3.475,0.09396017082015716
120.0,85.0,3.5,0.08459187086870334
120.0,85.0,3.525,0.07480330929670162
120.0,85.0,3.55,0.06453552534058085
120.0,85.0,3.575,0.053720327317649294
120.0,85.0,3.6,0.04227784564021662
120.0,85.0,3.625,0.03011396644493646
120.0,85.0,3.65,0.017117000727770528
120.0,85.0,3.675,0.0031532883558157607
120.0,85.0,3.7,-0.011938621790859243
120.0,85.0,3.725,-0.028355737118164474
120.0,85.0,3.75,-0.046341089413162194
120.0,85.0,3.775,-0.06619798238244437
120.0,85.0,3.8,-0.08830945609660958
120.0,90.0,2.4,0.5434893365729208
120.0,90.0,2.425,0.5098506979982245
120.0,90.0,2.45,0.48155221753592403
120.0,90.0,2.475,0.4572458253130857
120.0,90.0,2.5,0.4360549271439628
120.0,90.0,2.525,0.4175890792457523
120.0,90.0,2.55,0.401286163564772
120.0,90.0,2.575,0.3861530717998183
120.0,90.0,2.6,0.3721952843363158
120.0,90.0,2.625,0.3592782516538781
120.0,90.0,2.65,0.34724641218311575
120.0,90.0,2.675,0.33596734220930474
120.0,90.0,2.7,0.32533082092229665
120.0,90.0,2.725,0.3152451107655736
120.0,90.0,2.75,0.30563389697448556
120.0,90.0,2.775,0.2964324025570479
120.0,90.0,2.8,0.2875851942228606
120.0,90.0,2.825,0.27904442898165766
120.0,90.0,2.85,0.27076841081312597
120.0,90.0,2.875,0.26272042647607324
120.0,90.0,2.9,0.2548678050313082
120.0,90.0,2.925,0.24718115157235349
120.0,90.0,2.95,0.23963371573942419
120.0,90.0,2.975,0.23220086432195527
120.0,90.0,3.0,0.2248596340620471
120.0,90.0,3.025,0.21758834591700854
120.0,90.0,3.05,0.21036626587877957
120.0,90.0,3.075,0.20317330032906816
120.0,90.0,3.1,0.1959897165867392
120.0,90.0,3.125,0.18879589630184224
120.0,90.0,3.15,0.18157190012864632
120.0,90.0,3.175,0.17429770044760762
120.0,90.0,3.2,0.16695226042268638
120.0,90.0,3.225,0.15951367755970497
120.0,90.0,3.25,0.1519587200939066
120.0,90.0,3.275,0.1442624515709975
120.0,90.0,3.3,0.1363977882205754
120.0,90.0,3.325,0.12833513277333727
120.0,90.0,3.35,0.12004286219237045
120.0,90.0,3.375,0.11148986972758589
120.0,90.0,3.4,0.10264310859966257
120.0,90.0,3.425,0.09345458550119766
120.0,90.0,3.45,0.08386675100453993
120.0,90.0,3.475,0.0738200800033352
120.0,90.0,3.5,0.06324810237693279
120.0,90.0,3.525,0.0520730722413272
120.0,90.0,3.55,0.040203031942503735
120.0,90.0,3.575,0.02752847152102799
120.0,90.0,3.6,0.013917917986169825
120.0,90.0,3.625,-0.0007879708807038327
120.0,90.0,3.65,-0.016784369364893165
120.0,90.0,3.675,-0.03431314224065291
120.0,90.0,3.7,-0.05367786634567202
120.0,90.0,3.725,-0.075264941548297
120.0,90.0,3.75,-0.0995737167716381
120.0,90.0,3.775,-0.1272602203364915
120.0,90.0,3.8,-0.15920564163972514
120.0,95.0,2.4,0.4741517254232584
120.0,95.0,2.425,0.4517772263700827
120.0,95.0,2.45,0.43248075572937406
120.0,95.0,2.475,0.4152686792460973
120.0,95.0,2.5,0.399353130800158
120.0,95.0,2.525,0.38473333042334007
120.0,95.0,2.55,0.3712824646346579
120.0,95.0,2.575,0.35880077823882695
120.0,95.0,2.6,0.3471327657173537
120.0,95.0,2.625,0.3361562804201065
120.0,95.0,2.65,0.32577137900630615
120.0,95.0,2.675,0.31589509214624195
120.0,95.0,2.7,0.3064574658188155
120.0,95.0,2.725,0.2973991288530667
120.0,95.0,2.75,0.28866935514456266
120.0,95.0,2.775,0.2802240700798101
120.0,95.0,2.8,0.27202461442455644
120.0,95.0,2.825,0.26403673922380333
120.0,95.0,2.85,0.25622977521135937
120.0,95.0,2.875,0.24857594992461796
120.0,95.0,2.9,0.24104982069889455
120.0,95.0,2.925,0.2336277972206922
120.0,95.0,2.95,0.22628773437071656
120.0,95.0,2.975,0.21900861051039605
120.0,95.0,3.0,0.21176988992034648
120.0,95.0,3.025,0.20455207440052442
120.0,95.0,3.05,0.19733536264928614
120.0,95.0,3.075,0.19010006151698475
120.0,95.0,3.1,0.1828261280212422
120.0,95.0,3.125,0.17549290538926404
120.0,95.0,3.15,0.1680788321891455
120.0,95.0,3.175,0.16056112093560068
120.0,95.0,3.2,0.15291539163439796
120.0,95.0,3.225,0.14511524425760247
120.0,95.0,3.25,0.13713177918135316
120.0,95.0,3.275,0.1289332431414215
120.0,95.0,3.3,0.12048560386699318
120.0,95.0,3.325,0.11175472521517357
120.0,95.0,3.35,0.10270265350855845
120.0,95.0,3.375,0.09327559151508764
120.0,95.0,3.4,0.08340964685066199
120.0,95.0,3.425,0.0730371470031037
120.0,95.0,3.45,0.062081352013709255
120.0,95.0,3.475,0.05045154786484286
120.0,95.0,3.5,0.038039219703236045
120.0,95.0,3.525,0.02471350782385697
120.0,95.0,3.55,0.010315120317515846
120.0,95.0,3.575,-0.005351961893536858
120.0,95.0,3.6,-0.02253191203847984
120.0,95.0,3.625,-0.04153303466206845
120.0,95.0,3.65,-0.06275051334603625
120.0,95.0,3.675,-0.08669947280504824
120.0,95.0,3.7,-0.11406413246521886
120.0,95.0,3.725,-0.1457726730039362
120.0,95.0,3.75,-0.18311620657333658
120.0,95.0,3.775,-0.22794159770399308
120.0,95.0,3.8,-0.283001832734841
120.0,100.0,2.4,0.43232531271476254
120.0,100.0,2.425,0.4153369234654527
120.0,100.0,2.45,0.3998213862952832
120.0,100.0,2.475,0.3855917038568041
120.0,100.0,2.5,0.37245992130477307
120.0,100.0,2.525,0.36023774360619715
120.0,100.0,2.55,0.3487790990465744
120.0,100.0,2.575,0.3379703468654204
120.0,100.0,2.6,0.32771904187783774
120.0,100.0,2.625,0.31794820008813773
120.0,100.0,2.65,0.3085927440379103
120.0,100.0,2.675,0.29959717496036653
120.0,100.0,2.7,0.29091349468430433
120.0,100.0,2.725,0.2824999104013401
120.0,100.0,2.75,0.27431972687352757
120.0,100.0,2.775,0.26634022871550955
120.0,100.0,2.8,0.25853194938580876
120.0,100.0,2.825,0.2508680640634646
120.0,100.0,2.85,0.24332353333786022
120.0,100.0,2.875,0.23587601530230676
120.0,100.0,2.9,0.22850311047800828
120.0,100.0,2.925,0.22118409382639143
120.0,100.0,2.95,0.2138987186213521
120.0,100.0,2.975,0.2066270596730235
120.0,100.0,3.0,0.1993492402966476
120.0,100.0,3.025,0.19204515817035459
120.0,100.0,3.05,0.18469420497926883
120.0,100.0,3.075,0.17727497114034854
120.0,100.0,3.1,0.1697649252398327
120.0,100.0,3.125,0.16214005546404495
120.0,100.0,3.15,0.154374457290381
120.0,100.0,3.175,0.14643985159709233
120.0,100.0,3.2,0.13830504139824024
120.0,100.0,3.225,0.1299354589206468
120.0,100.0,3.25,0.12129344675663027
120.0,100.0,3.275,0.1123398259863321
120.0,100.0,3.3,0.10303094524020649
120.0,100.0,3.325,0.09330740853211301
120.0,100.0,3.35,0.08309673731702556
120.0,100.0,3.375,0.07231984697028297
120.0,100.0,3.4,0.060886083279123704
120.0,100.0,3.425,0.04868713599774705
120.0,100.0,3.45,0.035591729616920094
120.0,100.0,3.475,0.021439191166921005
120.0,100.0,3.5,0.006030700770833326
120.0,100.0,3.525,-0.010882889518330207
120.0,100.0,3.55,-0.029618277446655388
120.0,100.0,3.575,-0.05058452839289794
120.0,100.0,3.6,-0.07431945879813386
120.0,100.0,3.625,-0.1015452089461168
120.0,100.0,3.65,-0.13325355687991397
120.0,100.0,3.675,-0.17084409513047394
120.0,100.0,3.7,-0.2163538708329383
120.0,100.0,3.725,-0.2728574270739834
120.0,100.0,3.75,-0.34521121019783935
120.0,100.0,3.775,-0.44149407803338037
120.0,100.0,3.8,-0.5758380707412853
120.0,105.0,2.4,0.402410534197337
120.0,105.0,2.425,0.3883810745507953
120.0,105.0,2.45,0.37539571191806487
120.0,105.0,2.475,0.3632858733777113
120.0,105.0,2.5,0.35191052006866597
120.0,105.0,2.525,0.3411606037897713
120.0,105.0,2.55,0.3309480157021462
120.0,105.0,2.575,0.32119931355601955
120.0,105.0,2.6,0.31185232940703844
120.0,105.0,2.625,0.3028537890912661
120.0,105.0,2.65,0.29415751516868305
120.0,105.0,2.675,0.28572313117768
120.0,105.0,2.7,0.277514847593797
120.0,105.0,2.725,0.26950006865372333
120.0,105.0,2.75,0.2616516001501491
120.0,105.0,2.775,0.2539415208232854
120.0,105.0,2.8,0.2463457641465023
120.0,105.0,2.825,0.2388413743767592
120.0,105.0,2.85,0.2314065240063268
120.0,105.0,2.875,0.22402018525265993
120.0,105.0,2.9,0.2166618204531344
120.0,105.0,2.925,0.20931108799314974
120.0,105.0,2.95,0.20194755492166694
120.0,105.0,2.975,0.19455040712715246
120.0,105.0,3.0,0.1870981476618717
120.0,105.0,3.025,0.17956827298590253
120.0,105.0,3.05,0.17193691534476424
120.0,105.0,3.075,0.16417843701499388
120.0,105.0,3.1,0.15626495893667958
120.0,105.0,3.125,0.14816580487507927
120.0,105.0,3.15,0.1398468571564551
120.0,105.0,3.175,0.13126991360533297
120.0,105.0,3.2,0.1223924705802546
120.0,105.0,3.225,0.11316853912909995
120.0,105.0,3.25,0.10354716596567849
120.0,105.0,3.275,0.09346253616645728
120.0,105.0,3.3,0.08283133701087497
120.0,105.0,3.325,0.07155905420571188
120.0,105.0,3.35,0.059536189516668496
120.0,105.0,3.375,0.04663046573858075
120.0,105.0,3.4,0.032679173264083546
120.0,105.0,3.425,0.017481037178401944
120.0,105.0,3.45,0.000775643316328107
120.0,105.0,3.475,-0.017759349237017687
120.0,105.0,3.5,-0.03855199503744265
120.0,105.0,3.525,-0.062168172721774946
120.0,105.0,3.55,-0.08937568295958342
120.0,105.0,3.575,-0.12124288045739132
120.0,105.0,3.6,-0.15930047474809708
120.0,105.0,3.625,-0.2058182237333932
120.0,105.0,3.65,-0.26430118052029916
120.0,105.0,3.675,-0.34042865210352835
120.0,105.0,3.7,-0.4439360128136295
120.0,105.0,3.725,-0.5925912054342274
120.0,105.0,3.75,-0.8201895079916097
120.0,105.0,3.775,-1.1782274427622963
120.0,105.0,3.8,-1.4346396914999324
120.0,110.0,2.4,0.3798596874043256
120.0,110.0,2.425,0.367737422524551
120.0,110.0,2.45,0.3563399022137029
120.0,110.0,2.475,0.3455576725143249
120.0,110.0,2.5,0.3353040632449982
120.0,110.0,2.525,0.3255072888441308
120.0,110.0,2.55,0.3161064787370684
120.0,110.0,2.575,0.30704933977142707
120.0,110.0,2.6,0.29829037535765596
120.0,110.0,2.625,0.2897897786605473
120.0,110.0,2.65,0.2815124975006028
120.0,110.0,2.675,0.2734263765501418
120.0,110.0,2.7,0.26550266012559015
120.0,110.0,2.725,0.25771486311694813
120.0,110.0,2.75,0.25003838670312023
120.0,110.0,2.775,0.24245002341932279
120.0,110.0,2.8,0.23492759492364734
120.0,110.0,2.825,0.2274496152769373
120.0,110.0,2.85,0.21999497248179778
120.0,110.0,2.875,0.21254262172542163
120.0,110.0,2.9,0.20507128074288375
120.0,110.0,2.925,0.19755911723203767
120.0,110.0,2.95,0.1899834176679905
120.0,110.0,2.975,0.18232022567984826
120.0,110.0,3.0,0.1745439361555119
120.0,110.0,3.025,0.1666268282318692
120.0,110.0,3.05,0.15853851628985138
120.0,110.0,3.075,0.1502452943370396
120.0,110.0,3.1,0.14170935371681528
120.0,110.0,3.125,0.13288790197791137
120.0,110.0,3.15,0.12373240768003235
120.0,110.0,3.175,0.11418849505426588
120.0,110.0,3.2,0.10419527816227812
120.0,110.0,3.225,0.09367806668512804
120.0,110.0,3.25,0.08254056147020078
120.0,110.0,3.275,0.07066872368012903
120.0,110.0,3.3,0.057925846854363305
120.0,110.0,3.325,0.04414755503317395
120.0,110.0,3.35,0.02912775535179851
120.0,110.0,3.375,0.012603665062050963
120.0,110.0,3.4,-0.005763341880109338
120.0,110.0,3.425,-0.026417899725202157
120.0,110.0,3.45,-0.04995586413038325
120.0,110.0,3.475,-0.07719465393628987
120.0,110.0,3.5,-0.10928645735473853
120.0,110.0,3.525,-0.1479076785989422
120.0,110.0,3.55,-0.19559067381303308
120.0,110.0,3.575,-0.25633596405072606
120.0,110.0,3.6,-0.33681158069673955
120.0,110.0,3.625,-0.44885491236657893
120.0,110.0,3.65,-0.6149154091100572
120.0,110.0,3.675,-0.8783197995702016
120.0,110.0,3.7,-1.2787549964355251
120.0,110.0,3.725,-0.898209519656261
120.0,110.0,3.75,1.5557441340358182
120.0,110.0,3.775,1.4045384676887622
120.0,110.0,3.8,1.0548771420596166
120.0,115.0,2.4,0.3619437297130998
120.0,115.0,2.425,0.35104913012110767
120.0,115.0,2.45,0.3406844365773178
120.0,115.0,2.475,0.3307775585570421
120.0,115.0,2.5,0.32126740731916054
120.0,115.0,2.525,0.31210229132133416
120.0,115.0,2.55,0.303236658494909
120.0,115.0,2.575,0.29462993096357853
120.0,115.0,2.6,0.2862467429717812
120.0,115.0,2.625,0.27805507896034015
120.0,115.0,2.65,0.2700257606859545
120.0,115.0,2.675,0.26213191017094994
120.0,115.0,2.7,0.25434838352604733
120.0,115.0,2.725,0.24665140346934164
120.0,115.0,2.75,0.2390181843351747
120.0,115.0,2.775,0.23142652176485953
120.0,115.0,2.8,0.2238544688756486
120.0,115.0,2.825,0.21628001333261448
120.0,115.0,2.85,0.20868074781164808
120.0,115.0,2.875,0.20103352568777816
120.0,115.0,2.9,0.19331409009159117
120.0,115.0,2.925,0.18549666233148132
120.0,115.0,2.95,0.17755347292389845
120.0,115.0,2.975,0.16945421451744805
120.0,115.0,3.0,0.1611653905378272
120.0,115.0,3.025,0.15264952673384308
120.0,115.0,3.05,0.14386420849335096
120.0,115.0,3.075,0.13476092165109427
120.0,115.0,3.1,0.12528376393104662
120.0,115.0,3.125,0.1153682795625623
120.0,115.0,3.15,0.10493949787378538
120.0,115.0,3.175,0.09391753538372279
120.0,115.0,3.2,0.08217606452719863
120.0,115.0,3.225,0.06958285467690256
120.0,115.0,3.25,0.055967534086475916
120.0,115.0,3.275,0.04111952940254506
120.0,115.0,3.3,0.02477053416003379
120.0,115.0,3.325,0.006572033441381139
120.0,115.0,3.35,-0.013937312358631382
120.0,115.0,3.375,-0.03738142135975613
120.0,115.0,3.4,-0.06462529400962391
120.0,115.0,3.425,-0.09690342329642114
120.0,115.0,3.45,-0.13603881102605292
120.0,115.0,3.475,-0.1848352540850859
120.0,115.0,3.5,-0.24782121907750784
120.0,115.0,3.525,-0.33275517681527744
120.0,115.0,3.55,-0.45388312380020457
120.0,115.0,3.575,-0.6392168317805925
120.0,115.0,3.6,-0.9421399750356125
120.0,115.0,3.625,-1.3274052619144512
120.0,115.0,3.65,0.25667716138722857
120.0,115.0,3.675,1.5689066258796933
120.0,115.0,3.7,1.190117224301368
120.0,115.0,3.725,0.9061657950850511
120.0,115.0,3.75,0.7301461577179587
120.0,115.0,3.775,0.61352244045011
120.0,115.0,3.8,0.5306982168312048
120.0,120.0,2.4,0.34702418692227854
120.0,120.0,2.425,0.3369465365356871
120.0,120.0,2.45,0.32728063507362926
120.0,120.0,2.475,0.3179618758495313
120.0,120.0,2.5,0.30894770513276226
120.0,120.0,2.525,0.3001973552304979
120.0,120.0,2.55,0.2916744500915996
120.0,120.0,2.575,0.28334620714094527
120.0,120.0,2.6,0.2751827359129925
120.0,120.0,2.625,0.2671564078640409
120.0,120.0,2.65,0.2592413288134308
120.0,120.0,2.675,0.2514129214987251
120.0,120.0,2.7,0.24364746331887818
120.0,120.0,2.725,0.23592176611338223
120.0,120.0,2.75,0.22821282614829785
120.0,120.0,2.775,0.22049742351527488
120.0,120.0,2.8,0.2127517675662523
120.0,120.0,2.825,0.20495111427344753
120.0,120.0,2.85,0.1970693440683043
120.0,120.0,2.875,0.18907848572984276
120.0,120.0,2.9,0.18094816585141577
120.0,120.0,2.925,0.17264495760388474
120.0,120.0,2.95,0.1641315945142585
120.0,120.0,2.975,0.15536600317633115
120.0,120.0,3.0,0.1463000873887188
120.0,120.0,3.025,0.13687809649318214
120.0,120.0,3.05,0.12703457290192338
120.0,120.0,3.075,0.11669855000904879
120.0,120.0,3.1,0.10577328225649617
120.0,120.0,3.125,0.09415493204611526
120.0,120.0,3.15,0.08170824804794777
120.0,120.0,3.175,0.06826060953089466
120.0,120.0,3.2,0.05359670765000416
120.0,120.0,3.225,0.03744376523848993
120.0,120.0,3.25,0.019446449141368623
120.0,120.0,3.275,-0.0008687932762152609
120.0,120.0,3.3,-0.024147657700215215
120.0,120.0,3.325,-0.051293859848484946
120.0,120.0,3.35,-0.08361162373101969
120.0,120.0,3.375,-0.12305290996487757
120.0,120.0,3.4,-0.1726694146703641
120.0,120.0,3.425,-0.23749121678721458
120.0,120.0,3.45,-0.32635875696311223
120.0,120.0,3.475,-0.4560217346798952
120.0,120.0,3.5,-0.6604555961163026
120.0,120.0,3.525,-1.0006306301620802
120.0,120.0,3.55,-1.2295978810660848
120.0,120.0,3.575,1.1549234820748782
120.0,120.0,3.6,1.4023644778079498
120.0,120.0,3.625,1.0319592102405057
120.0,120.0,3.65,0.8007128984344446
120.0,120.0,3.675,0.6562314600712974
120.0,120.0,3.7,0.5585298561481485
120.0,120.0,3.725,0.48784609008306173
120.0,120.0,3.75,0.43392685639436057
120.0,120.0,3.775,0.39102260662478666
120.0,120.0,3.8,0.3556866676632047
120.0,125.0,2.4,0.33411472423942423
120.0,125.0,2.425,0.3245981368105528
120.0,125.0,2.45,0.31539603801232563
120.0,125.0,2.475,0.30646621735426877
120.0,125.0,2.5,0.2977710312301717
120.0,125.0,2.525,0.2892765186806664
120.0,125.0,2.55,0.28095165834829744
120.0,125.0,2.575,0.2727677440779609
120.0,125.0,2.6,0.26469785081006836
120.0,125.0,2.625,0.25671632658014687
120.0,125.0,2.65,0.24879834789513103
120.0,125.0,2.675,0.24091954938144658
120.0,125.0,2.7,0.23305558308087376
120.0,125.0,2.725,0.22518177529859273
120.0,125.0,2.75,0.21727272640384157
120.0,125.0,2.775,0.20930183262765287
120.0,125.0,2.8,0.2012408073995073
120.0,125.0,2.825,0.1930591269144932
120.0,125.0,2.85,0.18472337596905725
120.0,125.0,2.875,0.1761964599937611
120.0,125.0,2.9,0.16743662446803773
120.0,125.0,2.925,0.15839608628755938
120.0,125.0,2.95,0.14901797293665714
120.0,125.0,2.975,0.13924738024530087
120.0,125.0,3.0,0.1289981022017454
120.0,125.0,3.025,0.11818346729615375
120.0,125.0,3.05,0.10669507557446838
120.0,125.0,3.075,0.09440122996179073
120.0,125.0,3.1,0.08113638730054361
120.0,125.0,3.125,0.06668579629520248
120.0,125.0,3.15,0.05077307116828297
120.0,125.0,3.175,0.03303945199540003
120.0,125.0,3.2,0.013006006144762296
120.0,125.0,3.225,-0.009984211925728034
120.0,125.0,3.25,-0.03685776515561699
120.0,125.0,3.275,-0.06896416472908705
120.0,125.0,3.3,-0.1083456458881403
120.0,125.0,3.325,-0.15823896938865556
120.0,125.0,3.35,-0.22407174238494687
120.0,125.0,3.375,-0.3155948052187153
120.0,125.0,3.4,-0.4517984276706082
120.0,125.0,3.425,-0.672249646316498
120.0,125.0,3.45,-1.040933020588335
120.0,125.0,3.475,-0.9440451736983041
120.0,125.0,3.5,1.45333212304394
120.0,125.0,3.525,1.2515748697464546
120.0,125.0,3.55,0.9239114017655481
120.0,125.0,3.575,0.7284269500379934
120.0,125.0,3.6,0.6046998878099883
120.0,125.0,3.625,0.5197659665092216
120.0,125.0,3.65,0.4575350938273802
120.0,125.0,3.675,0.4095297265663082
120.0,125.0,3.7,0.3709593564566029
120.0,125.0,3.725,0.3389330326770256
120.0,125.0,3.75,0.3115966582476162
120.0,125.0,3.775,0.2877053709225969
120.0,125.0,3.8,0.2663907500810718
120.0,130.0,2.4,0.32257147789868434
120.0,130.0,2.425,0.31342660263073047
120.0,130.0,2.45,0.3045268945325309
120.0,130.0,2.475,0.29583679220583203
120.0,130.0,2.5,0.2873237987454485
120.0,130.0,2.525,0.2789578117088575
120.0,130.0,2.55,0.27071054196693417
120.0,130.0,2.575,0.2625550052504165
120.0,130.0,2.6,0.25446506357883697
120.0,130.0,2.625,0.24641494998032532
120.0,130.0,2.65,0.2383788242074531
120.0,130.0,2.675,0.23033037420212243
120.0,130.0,2.7,0.22224230941106757
120.0,130.0,2.725,0.2140859040022257
120.0,130.0,2.75,0.20583043641992874
120.0,130.0,2.775,0.1974424929856958
120.0,130.0,2.8,0.18888518206019797
120.0,130.0,2.825,0.18011710052976082
120.0,130.0,2.85,0.17109016374894742
120.0,130.0,2.875,0.1617536623904065
120.0,130.0,2.9,0.1520452784896209
120.0,130.0,2.925,0.14188692813653894
120.0,130.0,2.95,0.1311915414757326
120.0,130.0,2.975,0.11985186338399129
120.0,130.0,3.0,0.10773646568026359
120.0,130.0,3.025,0.09468275981149797
120.0,130.0,3.05,0.08048481060529933
120.0,130.0,3.075,0.0648725571340428
120.0,130.0,3.1,0.04748868178535344
120.0,130.0,3.125,0.027856345582476474
120.0,130.0,3.15,0.005320967113547937
120.0,130.0,3.175,-0.02104499411358617
120.0,130.0,3.2,-0.05260118821159758
120.0,130.0,3.225,-0.09142160473237514
120.0,130.0,3.25,-0.1408261633968255
120.0,130.0,3.275,-0.20645367903794085
120.0,130.0,3.3,-0.2986068550769216
120.0,130.0,3.325,-0.4378072179694719
120.0,130.0,3.35,-0.6679281840295868
120.0,130.0,3.375,-1.054164233809721
120.0,130.0,3.4,-0.610398425466696
120.0,130.0,3.425,1.4885997737475405
120.0,130.0,3.45,1.1487583635584795
120.0,130.0,3.475,0.8542710856758678
120.0,130.0,3.5,0.6810879530381929
120.0,130.0,3.525,0.5705475359813514
120.0,130.0,3.55,0.4939286885500904
120.0,130.0,3.575,0.43730845140898567
120.0,130.0,3.6,0.3933484033940003
120.0,130.0,3.625,0.3578489395172337
120.0,130.0,3.65,0.3282199235781548
120.0,130.0,3.675,0.3028088422722514
120.0,130.0,3.7,0.28051236738578594
120.0,130.0,3.725,0.26055556951202397
120.0,130.0,3.75,0.24237538368837944
120.0,130.0,3.775,0.2255504621452801
120.0,130.0,3.8,0.20975643194362548
120.0,135.0,2.4,0.3119450238835234
120.0,135.0,2.425,0.3030296379948211
120.0,135.0,2.45,0.29430154789719953
120.0,135.0,2.475,0.2857289312177571
120.0,135.0,2.5,0.27728187315545655
120.0,135.0,2.525,0.2689318044275218
120.0,135.0,2.55,0.26065098645633433
120.0,135.0,2.575,0.25241203295828313
120.0,135.0,2.6,0.2441874457984849
120.0,135.0,2.625,0.23594908036788978
120.0,135.0,2.65,0.227667604362753
120.0,135.0,2.675,0.21931196981383788
120.0,135.0,2.7,0.2108487033295489
120.0,135.0,2.725,0.20224115154252262
120.0,135.0,2.75,0.1934483898178408
120.0,135.0,2.775,0.18442251687656394
120.0,135.0,2.8,0.17511600676091868
120.0,135.0,2.825,0.16546796589006843
120.0,135.0,2.85,0.15540150711334244
120.0,135.0,2.875,0.14483257500201774
120.0,135.0,2.9,0.13365749332389149
120.0,135.0,2.925,0.12174868526767377
120.0,135.0,2.95,0.10894731343785448
120.0,135.0,2.975,0.09505308634435554
120.0,135.0,3.0,0.0798084190597048
120.0,135.0,3.025,0.0628710281150379
120.0,135.0,3.05,0.0437767989900151
120.0,135.0,3.075,0.02188796063410906
120.0,135.0,3.1,-0.003698737941578814
120.0,135.0,3.125,-0.034310978277160745
120.0,135.0,3.15,-0.0719818038814059
120.0,135.0,3.175,-0.11998350223120942
120.0,135.0,3.2,-0.18391436026899063
120.0,135.0,3.225,-0.2741097990434445
120.0,135.0,3.25,-0.4114873013604189
120.0,135.0,3.275,-0.6419940748262098
120.0,135.0,3.3,-1.0373467187429384
120.0,135.0,3.325,-0.44839919257802313
120.0,135.0,3.35,1.4735023533591878
120.0,135.0,3.375,1.092426140387085
120.0,135.0,3.4,0.8147499987138168
120.0,135.0,3.425,0.6532954026031624
120.0,135.0,3.45,0.5501652555184444
120.0,135.0,3.475,0.4784925377879001
120.0,135.0,3.5,0.4253698960166403
120.0,135.0,3.525,0.3839951285534751
120.0,135.0,3.55,0.35048445608003564
120.0,135.0,3.575,0.3224769485953253
120.0,135.0,3.6,0.2984338480229953
120.0,135.0,3.625,0.27729703719207466
120.0,135.0,3.65,0.25834524516055024
120.0,135.0,3.675,0.24106060513900948
120.0,135.0,3.7,0.22505352739345819
120.0,135.0,3.725,0.2100229738668219
120.0,135.0,3.75,0.1957302435578592
120.0,135.0,3.775,0.18198082509717675
120.0,135.0,3.8,0.16861163302246251
120.0,140.0,2.4,0.3018968589185198
120.0,140.0,2.425,0.29309245690508695
120.0,140.0,2.45,0.2844228161907916
120.0,140.0,2.475,0.275857531034249
120.0,140.0,2.5,0.26736706449343584
120.0,140.0,2.525,0.2589222049250344
120.0,140.0,2.55,0.25049352868036473
120.0,140.0,2.575,0.24205086178243687
120.0,140.0,2.6,0.23356271320684305
120.0,140.0,2.625,0.2249955383010553
120.0,140.0,2.65,0.2163129147504627
120.0,140.0,2.675,0.207474578450357
120.0,140.0,2.7,0.19843435604360152
120.0,140.0,2.725,0.1891412613126764
120.0,140.0,2.75,0.17954626534603133
120.0,140.0,2.775,0.16956942372976302
120.0,140.0,2.8,0.15913059505322658
120.0,140.0,2.825,0.14813139890432425
120.0,140.0,2.85,0.1364505778111505
120.0,140.0,2.875,0.12393704836180555
120.0,140.0,2.9,0.11039974503047525
120.0,140.0,2.925,0.09559327522637355
120.0,140.0,2.95,0.07919620202867544
120.0,140.0,2.975,0.06077399408861511
120.0,140.0,3.0,0.03972296131402569
120.0,140.0,3.025,0.01518944416683286
120.0,140.0,3.05,-0.014079457837815734
120.0,140.0,3.075,-0.050000052234268885
120.0,140.0,3.1,-0.09565697359763026
120.0,140.0,3.125,-0.15633181175298042
120.0,140.0,3.15,-0.24179909681620196
120.0,140.0,3.175,-0.371980829920348
120.0,140.0,3.2,-0.5917142988744313
120.0,140.0,3.225,-0.9851698815870488
120.0,140.0,3.25,-0.5767124657162831
120.0,140.0,3.275,1.4761429032236508
120.0,140.0,3.3,1.0793503168687397
120.0,140.0,3.325,0.8009240681192694
120.0,140.0,3.35,0.6420125308013933
120.0,140.0,3.375,0.5414047178263847
120.0,140.0,3.4,0.4718189775062929
120.0,140.0,3.425,0.420385668743865
120.0,140.0,3.45,0.380392296341265
120.0,140.0,3.475,0.3480272337171225
120.0,140.0,3.5,0.3209755191855662
120.0,140.0,3.525,0.2977608892063012
120.0,140.0,3.55,0.27739570559055216
120.0,140.0,3.575,0.2591542256993944
120.0,140.0,3.6,0.24251770549169982
120.0,140.0,3.625,0.22711717818045585
120.0,140.0,3.65,0.21266844566836485
120.0,140.0,3.675,0.19894517832821154
120.0,140.0,3.7,0.18576301677928428
120.0,140.0,3.725,0.17296787795254767
120.0,140.0,3.75,0.16042734161663336
120.0,140.0,3.775,0.14802241553419665
120.0,140.0,3.8,0.135648419197366
120.0,145.0,2.4,0.2921517819680277
120.0,145.0,2.425,0.2833500252570525
120.0,145.0,2.45,0.2746308308300741
120.0,145.0,2.475,0.2659629730215042
120.0,145.0,2.5,0.25731496813780425
120.0,145.0,2.525,0.2486544453188841
120.0,145.0,2.55,0.23994746464252778
120.0,145.0,2.575,0.23115777761252174
120.0,145.0,2.6,0.22224596514199416
120.0,145.0,2.625,0.21316794667669267
120.0,145.0,2.65,0.203872634377748
120.0,145.0,2.675,0.19430932098902393
120.0,145.0,2.7,0.1844137856442167
120.0,145.0,2.725,0.17410187965339707
120.0,145.0,2.75,0.16328200932924758
120.0,145.0,2.775,0.15184113542911148
120.0,145.0,2.8,0.13963854483422838
120.0,145.0,2.825,0.126496607683494
120.0,145.0,2.85,0.11218726670101245
120.0,145.0,2.875,0.09641245083777637
120.0,145.0,2.9,0.07877449448613923
120.0,145.0,2.925,0.05872325538790219
120.0,145.0,2.95,0.03547875069989838
120.0,145.0,2.975,0.007900036485220096
120.0,145.0,3.0,-0.025746701316289162
120.0,145.0,3.025,-0.06823585826520945
120.0,145.0,3.05,-0.12428816784756855
120.0,145.0,3.075,-0.20258244954622465
120.0,145.0,3.1,-0.32072597791282575
120.0,145.0,3.125,-0.5187978612734331
120.0,145.0,3.15,-0.8874158712091005
120.0,145.0,3.175,-0.9352579282373104
120.0,145.0,3.2,1.495826517848526
120.0,145.0,3.225,1.1121609853391803
120.0,145.0,3.25,0.8122208942073054
120.0,145.0,3.275,0.6462384955387152
120.0,145.0,3.3,0.5433082786583144
120.0,145.0,3.325,0.4730594638678009
120.0,145.0,3.35,0.42160400111683677
120.0,145.0,3.375,0.38185131605615025
120.0,145.0,3.4,0.3498359553644536
120.0,145.0,3.425,0.3231745257887781
120.0,145.0,3.45,0.3003507162531866
120.0,145.0,3.475,0.2803610546376103
120.0,145.0,3.5,0.26252323017068696
120.0,145.0,3.525,0.2463155065007312
120.0,145.0,3.55,0.2313362059324127
120.0,145.0,3.575,0.2173052203071322
120.0,145.0,3.6,0.20400566438681617
120.0,145.0,3.625,0.1912600709158727
120.0,145.0,3.65,0.1789171744358569
120.0,145.0,3.675,0.16685617007753334
120.0,145.0,3.7,0.15496072299878882
120.0,145.0,3.725,0.14313068237784576
120.0,145.0,3.75,0.13127137129594268
120.0,145.0,3.775,0.11929115505242203
120.0,145.0,3.8,0.1070984034079546
120.0,150.0,2.4,0.28246562834459665
120.0,150.0,2.425,0.27355731379757137
120.0,150.0,2.45,0.26467468773397795
120.0,150.0,2.475,0.255783067553984
120.0,150.0,2.5,0.24684602494538474
120.0,150.0,2.525,0.2378244795261916
120.0,150.0,2.55,0.22867557441185998
120.0,150.0,2.575,0.21935138438567572
120.0,150.0,2.6,0.2097982420692572
120.0,150.0,2.625,0.19995905319852908
120.0,150.0,2.65,0.18976126084001854
120.0,150.0,2.675,0.17911352354914978
120.0,150.0,2.7,0.16791184967266085
120.0,150.0,2.725,0.15602779243047113
120.0,150.0,2.75,0.14329974833771245
120.0,150.0,2.775,0.12952106792874712
120.0,150.0,2.8,0.11442259955324362
120.0,150.0,2.825,0.09764630647677795
120.0,150.0,2.85,0.07870578174017562
120.0,150.0,2.875,0.05691457224444028
120.0,150.0,2.9,0.03127107168919433
120.0,150.0,2.925,0.00026749836828051374
120.0,150.0,2.95,-0.03847854122664562
120.0,150.0,2.975,-0.08896662533721643
120.0,150.0,3.0,-0.15843344598545234
120.0,150.0,3.025,-0.26130153020280517
120.0,150.0,3.05,-0.43006562206603716
120.0,150.0,3.075,-0.7458666582253336
120.0,150.0,3.1,-1.184913616603988
120.0,150.0,3.125,1.3930356532274566
120.0,150.0,3.15,1.2037107213181364
120.0,150.0,3.175,0.8527980025723673
120.0,150.0,3.2,0.6671715734606146
120.0,150.0,3.225,0.5561165701652879
120.0,150.0,3.25,0.4821055389296377
120.0,150.0,3.275,0.42877990815761874
120.0,150.0,3.3,0.3880728165494395
120.0,150.0,3.325,0.3555856256546957
120.0,150.0,3.35,0.32872468913857633
120.0,150.0,3.375,0.30586308542918694
120.0,150.0,3.4,0.2859287436500523
120.0,150.0,3.425,0.26819173789731293
120.0,150.0,3.45,0.252149782260205
120.0,150.0,3.475,0.23741140832999483
120.0,150.0,3.5,0.22364986292019468
120.0,150.0,3.525,0.2106422157603158
120.0,150.0,3.55,0.19820386318318187
120.0,150.0,3.575,0.18620446270614202
120.0,150.0,3.6,0.17451424430849685
120.0,150.0,3.625,0.1630253273364151
120.0,150.0,3.65,0.15164080516235123
120.0,150.0,3.675,0.14027112679048825
120.0,150.0,3.7,0.12883088106140178
120.0,150.0,3.725,0.11723604334919932
120.0,150.0,3.75,0.1054011952376871
120.0,150.0,3.775,0.0932368641937781
120.0,150.0,3.8,0.08064739566831917
120.0,155.0,2.4,0.27260002610428885
120.0,155.0,2.425,0.2634640597528432
120.0,155.0,2.45,0.25428609349368964
120.0,155.0,2.475,0.24502425697110417
120.0,155.0,2.5,0.2356325282439968
120.0,155.0,2.525,0.22605901190385805
120.0,155.0,2.55,0.21624539400197382
120.0,155.0,2.575,0.2061305105323026
120.0,155.0,2.6,0.1956337347028919
120.0,155.0,2.625,0.18465572787486412
120.0,155.0,2.65,0.17308007618799578
120.0,155.0,2.675,0.16076249498613554
120.0,155.0,2.7,0.14751964760484568
120.0,155.0,2.725,0.13311474539198082
120.0,155.0,2.75,0.1172331226750005
120.0,155.0,2.775,0.09945356718485689
120.0,155.0,2.8,0.07918986110576717
120.0,155.0,2.825,0.055597268504708065
120.0,155.0,2.85,0.027411543642713147
120.0,155.0,2.875,-0.0073293497075215515
120.0,155.0,2.9,-0.051851402000151856
120.0,155.0,2.925,-0.11185131309675715
120.0,155.0,2.95,-0.19834643232865776
120.0,155.0,2.975,-0.33535929852289353
120.0,155.0,3.0,-0.5834705313327188
120.0,155.0,3.025,-1.0769639300415286
120.0,155.0,3.05,0.43631649708747783
120.0,155.0,3.075,1.3815083945473334
120.0,155.0,3.1,0.934776420203581
120.0,155.0,3.125,0.7091551079646411
120.0,155.0,3.15,0.5815850114856684
120.0,155.0,3.175,0.4997042525168793
120.0,155.0,3.2,0.4422115239976673
120.0,155.0,3.225,0.3991348179311909
120.0,155.0,3.25,0.365238296204688
120.0,155.0,3.275,0.33752112875777207
120.0,155.0,3.3,0.31414221841349393
120.0,155.0,3.325,0.29390877938170007
120.0,155.0,3.35,0.27601335614224665
120.0,155.0,3.375,0.2598934970148739
120.0,155.0,3.4,0.2451575391354904
120.0,155.0,3.425,0.23150721321690418
120.0,155.0,3.45,0.2186520691054957
120.0,155.0,3.475,0.20641439049493263
120.0,155.0,3.5,0.19464575065538298
120.0,155.0,3.525,0.18322446422586045
120.0,155.0,3.55,0.172044085543386
120.0,155.0,3.575,0.16100982344303177
120.0,155.0,3.6,0.15003534291808016
120.0,155.0,3.625,0.13903939110248628
120.0,155.0,3.65,0.12794340208905836
120.0,155.0,3.675,0.11666889128274993
120.0,155.0,3.7,0.10513508982885465
120.0,155.0,3.725,0.09325646366444053
120.0,155.0,3.75,0.0809399836926209
120.0,155.0,3.775,0.06808284513465723
120.0,155.0,3.8,0.05456977929249927
120.0,160.0,2.4,0.2622983867576937
120.0,160.0,2.425,0.2527882924750561
120.0,160.0,2.45,0.24314881306631592
120.0,160.0,2.475,0.23332472339646093
120.0,160.0,2.5,0.223252640749986
120.0,160.0,2.525,0.2128636870158703
120.0,160.0,2.55,0.20207652899434292
120.0,160.0,2.575,0.19078077924834014
120.0,160.0,2.6,0.178847741289827
120.0,160.0,2.625,0.16611779625817652
120.0,160.0,2.65,0.15238605259014848
120.0,160.0,2.675,0.13738472224715154
120.0,160.0,2.7,0.12075544453086921
120.0,160.0,2.725,0.10200797424846038
120.0,160.0,2.75,0.08045195840493297
120.0,160.0,2.775,0.05506769879859908
120.0,160.0,2.8,0.024293235135332658
120.0,160.0,2.825,-0.014368548596351546
120.0,160.0,2.85,-0.06519069313052953
120.0,160.0,2.875,-0.1361197838207085
120.0,160.0,2.9,-0.24364482135588145
120.0,160.0,2.925,-0.42739771150645567
120.0,160.0,2.95,-0.7979624156457773
120.0,160.0,2.975,-1.1785828829128315
120.0,160.0,3.0,1.6269172357839814
120.0,160.0,3.025,1.0877082468040216
120.0,160.0,3.05,0.7824393586311944
120.0,160.0,3.075,0.6239068594272433
120.0,160.0,3.1,0.5278190392055057
120.0,160.0,3.125,0.4628965446454816
120.0,160.0,3.15,0.4155631049797225
120.0,160.0,3.175,0.3790676163351629
120.0,160.0,3.2,0.3496931929284443
120.0,160.0,3.225,0.32522880175347674
120.0,160.0,3.25,0.304276841566412
120.0,160.0,3.275,0.28590936904824393
120.0,160.0,3.3,0.269484962783725
120.0,160.0,3.325,0.25454528558569944
120.0,160.0,3.35,0.24077754187620262
120.0,160.0,3.375,0.22792875933754964
120.0,160.0,3.4,0.21577113563611022
120.0,160.0,3.425,0.20412792684414738
120.0,160.0,3.45,0.19287484644204614
120.0,160.0,3.475,0.1819068459006729
120.0,160.0,3.5,0.17113019807886135
120.0,160.0,3.525,0.16045984812439967
120.0,160.0,3.55,0.14981701363775904
120.0,160.0,3.575,0.13912665272389266
120.0,160.0,3.6,0.12831513258316624
120.0,160.0,3.625,0.11730800820288644
120.0,160.0,3.65,0.1060278079705076
120.0,160.0,3.675,0.09439169316007745
120.0,160.0,3.7,0.08230882562673206
120.0,160.0,3.725,0.06967725757443992
120.0,160.0,3.75,0.0563806680760703
120.0,160.0,3.775,0.042284538030266265
120.0,160.0,3.8,0.027228085767193072
120.0,165.0,2.4,0.25125779727664066
120.0,165.0,2.425,0.24118233844688636
120.0,165.0,2.45,0.23085606940550862
120.0,165.0,2.475,0.22020162262150242
120.0,165.0,2.5,0.2091332924837321
120.0,165.0,2.525,0.19753843437777865
120.0,165.0,2.55,0.18527340226658512
120.0,165.0,2.575,0.1721638991396832
120.0,165.0,2.6,0.15798460779875495
120.0,165.0,2.625,0.14243904168019358
120.0,165.0,2.65,0.12512545171213718
120.0,165.0,2.675,0.10548812929142207
120.0,165.0,2.7,0.08273144052832244
120.0,165.0,2.725,0.0556528839935942
120.0,165.0,2.75,0.022374343360500752
120.0,165.0,2.775,-0.020193871869511135
120.0,165.0,2.8,-0.07754637743864479
120.0,165.0,2.825,-0.16043691348091577
120.0,165.0,2.85,-0.29284085949400346
120.0,165.0,2.875,-0.5385424961500628
120.0,165.0,2.9,-1.0797822119295202
120.0,165.0,2.925,0.5843160469941783
120.0,165.0,2.95,1.3827004454895355
120.0,165.0,2.975,0.9112256083916696
120.0,165.0,3.0,0.692145192629208
120.0,165.0,3.025,0.5705268858762489
120.0,165.0,3.05,0.4929156016227794
120.0,165.0,3.075,0.43851201588666766
120.0,165.0,3.1,0.3977491434825907
120.0,165.0,3.125,0.3656480684887314
120.0,165.0,3.15,0.3393697479811686
120.0,165.0,3.175,0.3171780559942533
120.0,165.0,3.2,0.2979507863361966
120.0,165.0,3.225,0.28092800632952436
120.0,165.0,3.25,0.26557929503887473
120.0,165.0,3.275,0.25151722238382
120.0,165.0,3.3,0.23846440443677483
120.0,165.0,3.325,0.2262180867681149
120.0,165.0,3.35,0.2145877339570142
120.0,165.0,3.375,0.20340507905652316
120.0,165.0,3.4,0.1925547795738595
120.0,165.0,3.425,0.18194388440879664
120.0,165.0,3.45,0.17148827030105096
120.0,165.0,3.475,0.16111020213562002
120.0,165.0,3.5,0.15073654474734288
120.0,165.0,3.525,0.14029673805119025
120.0,165.0,3.55,0.12972074147742454
120.0,165.0,3.575,0.11893698508342046
120.0,165.0,3.6,0.10787025958278108
120.0,165.0,3.625,0.09643943282189169
120.0,165.0,3.65,0.08455484792838594
120.0,165.0,3.675,0.0721152111431441
120.0,165.0,3.7,0.059003704717787875
120.0,165.0,3.725,0.04508325196799112
120.0,165.0,3.75,0.030191037162800045
120.0,165.0,3.775,0.01412895435024148
120.0,165.0,3.8,-0.0033480322253181655
120.0,170.0,2.4,0.23908988204016465
120.0,170.0,2.425,0.22818250148575303
120.0,170.0,2.45,0.21684814373134123
120.0,170.0,2.475,0.20497424180912585
120.0,170.0,2.5,0.19240922343979858
120.0,170.0,2.525,0.17896338968358344
120.0,170.0,2.55,0.16439264567294468
120.0,170.0,2.575,0.14837483081355923
120.0,170.0,2.6,0.1304695885129389
120.0,170.0,2.625,0.11006307680764368
120.0,170.0,2.65,0.08626226112536171
120.0,170.0,2.675,0.05768451956918739
120.0,170.0,2.7,0.02214392175358206
120.0,170.0,2.725,-0.024055518822119898
120.0,170.0,2.75,-0.08772200957152226
120.0,170.0,2.775,-0.1828349535435127
120.0,170.0,2.8,-0.3428209886439135
120.0,170.0,2.825,-0.6660050351163045
120.0,170.0,2.85,-1.3543794274184306
120.0,170.0,2.875,1.7618077625467243
120.0,170.0,2.9,1.1601951204633614
120.0,170.0,2.925,0.8072229363523189
120.0,170.0,2.95,0.6362979448674679
120.0,170.0,2.975,0.5363348232721783
120.0,170.0,3.0,0.47017360345843917
120.0,170.0,3.025,0.42256384648572015
120.0,170.0,3.05,0.38617827038814184
120.0,170.0,3.075,0.3570755152073382
120.0,170.0,3.1,0.332950205290778
120.0,170.0,3.125,0.31236367790825614
120.0,170.0,3.15,0.29436650526204156
120.0,170.0,3.175,0.278323915371962
120.0,170.0,3.2,0.2637615934620501
120.0,170.0,3.225,0.2503465324986396
120.0,170.0,3.25,0.23782970474592094
120.0,170.0,3.275,0.226030587511938
120.0,170.0,3.3,0.2147957830224286
120.0,170.0,3.325,0.20396908169869743
120.0,170.0,3.35,0.19343371685620606
120.0,170.0,3.375,0.18310395109451047
120.0,170.0,3.4,0.1729032234733964
120.0,170.0,3.425,0.16275947724216364
120.0,170.0,3.45,0.15260383442163172
120.0,170.0,3.475,0.14236902018179495
120.0,170.0,3.5,0.13198755726137482
120.0,170.0,3.525,0.12138984907115163
120.0,170.0,3.55,0.11050213086872014
120.0,170.0,3.575,0.0992441951294896
120.0,170.0,3.6,0.0875267520829377
120.0,170.0,3.625,0.07524823850944747
120.0,170.0,3.65,0.06229081600751735
120.0,170.0,3.675,0.04851517538656624
120.0,170.0,3.7,0.0337536792819486
120.0,170.0,3.725,0.017801818555946355
120.0,170.0,3.75,0.00040559585230284817
120.0,170.0,3.775,-0.018757311367676256
120.0,170.0,3.8,-0.040102268701476505
120.0,175.0,2.4,0.22525999589060092
120.0,175.0,2.425,0.21313074667834078
120.0,175.0,2.45,0.20030138958125987
120.0,175.0,2.475,0.18656909634415955
120.0,175.0,2.5,0.17167414902656505
120.0,175.0,2.525,0.15527301614796146
120.0,175.0,2.55,0.13689425692276422
120.0,175.0,2.575,0.1158790051993694
120.0,175.0,2.6,0.09124951378004582
120.0,175.0,2.625,0.06146519005509158
120.0,175.0,2.65,0.024070643071209066
120.0,175.0,2.675,-0.025187902589007112
120.0,175.0,2.7,-0.09438394604258225
120.0,175.0,2.725,-0.20080866110282014
120.0,175.0,2.75,-0.3885395104697401
120.0,175.0,2.775,-0.7999177891879208
120.0,175.0,2.8,-1.2975550361225647
120.0,175.0,2.825,1.6993715067430397
120.0,175.0,2.85,1.0261192234789402
120.0,175.0,2.875,0.7445462734841102
120.0,175.0,2.9,0.60147787021212
120.0,175.0,2.925,0.5147227933869468
120.0,175.0,2.95,0.4558443841216018
120.0,175.0,2.975,0.41269187947894265
120.0,175.0,3.0,0.37924623734562585
120.0,175.0,3.025,0.3521944082996855
120.0,175.0,3.05,0.32956314123072816
120.0,175.0,3.075,0.31010230660697985
120.0,175.0,3.1,0.2929897511010229
120.0,175.0,3.125,0.2776420685909488
120.0,175.0,3.15,0.2636495338718568
120.0,175.0,3.175,0.2507078508605179
120.0,175.0,3.2,0.2385873564210266
120.0,175.0,3.225,0.22711841260148474
120.0,175.0,3.25,0.2161710349615271
120.0,175.0,3.275,0.20561297814064533
120.0,175.0,3.3,0.19532201429601062
120.0,175.0,3.325,0.18521207675940846
120.0,175.0,3.35,0.17521206082434634
120.0,175.0,3.375,0.16525457432233567
120.0,175.0,3.4,0.15527407219885409
120.0,175.0,3.425,0.14520570481218256
120.0,175.0,3.45,0.13498378100310934
120.0,175.0,3.475,0.12453997340568163
120.0,175.0,3.5,0.11380130680086338
120.0,175.0,3.525,0.10268786152125137
120.0,175.0,3.55,0.09111005693950222
120.0,175.0,3.575,0.07896531993763234
120.0,175.0,3.6,0.06613386549102639
120.0,175.0,3.625,0.052473198504056635
120.0,175.0,3.65,0.03781074646392609
120.0,175.0,3.675,0.021933704937594306
120.0,175.0,3.7,0.0045752480521939354
120.0,175.0,3.725,-0.014604563892291863
120.0,175.0,3.75,-0.03604901803541893
120.0,175.0,3.775,-0.060348471931981264
120.0,175.0,3.8,-0.08830726711473726
120.0,180.0,2.4,0.20898432673224374
120.0,180.0,2.425,0.19502005147647508
120.0,180.0,2.45,0.1798759391084463
120.0,180.0,2.475,0.1631922565613232
120.0,180.0,2.5,0.1444767100531148
120.0,180.0,2.525,0.12304402709873219
120.0,180.0,2.55,0.09784824202133402
120.0,180.0,2.575,0.06723267771169092
120.0,180.0,2.6,0.028541459920367985
120.0,180.0,2.625,-0.022917691582281376
120.0,180.0,2.65,-0.09625687094686798
120.0,180.0,2.675,-0.21165654662777597
120.0,180.0,2.7,-0.42337101290089
120.0,180.0,2.725,-0.9215077474248394
120.0,180.0,2.75,-0.557800704750017
120.0,180.0,2.775,1.541676708660376
120.0,180.0,2.8,0.948963418057177
120.0,180.0,2.825,0.7075341115194167
120.0,180.0,2.85,0.580709864193048
120.0,180.0,2.875,0.50200370759496
120.0,180.0,2.9,0.4477116563424833
120.0,180.0,2.925,0.4074358250757355
120.0,180.0,2.95,0.3759236764927296
120.0,180.0,2.975,0.3502401280232369
120.0,180.0,3.0,0.3286143041747479
120.0,180.0,3.025,0.3099323898773324
120.0,180.0,3.05,0.29342188830389576
120.0,180.0,3.075,0.27856027594641164
120.0,180.0,3.1,0.26496743494359687
120.0,180.0,3.125,0.2523607438906544
120.0,180.0,3.15,0.24052504539715738
120.0,180.0,3.175,0.22929592579390545
120.0,180.0,3.2,0.21855078071003942
120.0,180.0,3.225,0.2081832200635447
120.0,180.0,3.25,0.1980765225374067
120.0,180.0,3.275,0.18813583815410637
120.0,180.0,3.3,0.17829134405700972
120.0,180.0,3.325,0.16847946303452638
120.0,180.0,3.35,0.15863745268923132
120.0,180.0,3.375,0.14870231720365037
120.0,180.0,3.4,0.13860958232444448
120.0,180.0,3.425,0.1282916473220195
120.0,180.0,3.45,0.11767580611932252
120.0,180.0,3.475,0.10668191004640225
120.0,180.0,3.5,0.0952195464228866
120.0,180.0,3.525,0.08318452734942527
120.0,180.0,3.55,0.0704543895002582
120.0,180.0,3.575,0.056882471415312136
120.0,180.0,3.6,0.04228992641384292
120.0,180.0,3.625,0.02645468337512085
120.0,180.0,3.65,0.009095734149371475
120.0,180.0,3.675,-0.010149625250120073
120.0,180.0,3.7,-0.03175815010738029
120.0,180.0,3.725,-0.0563718269845309
120.0,180.0,3.75,-0.08487946960567501
120.0,180.0,3.775,-0.11854770731780936
120.0,180.0,3.8,-0.15924533683545952
